-2.18556201763436,-2.18556201763436,-2.18556201763436,-2.18556201763436,-2.18556201763436,-2.18556201763436,-2.18556201763436,-2.18556201763436,-2.18556201763436,-2.18556201763436,-2.18556201763436,-2.18556201763436,-2.18556201763436,-2.18556201763436,-2.18556201763436,-2.18556201763436,-2.18556201763436,-2.18556201763436,-2.18556201763436,-2.18556201763436,-2.18556201763436,-2.18556201763436,-2.18556201763436,-2.18556201763436,-2.18556201763436,-2.18556201763436,-2.18556201763436,-2.18556201763436,-2.18556201763436,-2.18556201763436,-2.18556201763436,-2.18556201763436,-2.18556201763436,-2.18556201763436,-2.18556201763436,-2.18556201763436,-2.18556201763436,-2.18556201763436,-2.18556201763436,-2.18556201763436,-2.18556201763436,-2.18556201763436,-2.18556201763436,-2.18556201763436,-2.18556201763436,-2.18556201763436,-2.18556201763436,-2.18556201763436,-2.18556201763436,-2.18556201763436,-2.18556201763436,-2.18556201763436,-2.18556201763436,-2.18556201763436,-2.18556201763436,-2.18556201763436,-2.18556201763436,-2.18556201763436,-2.18556201763436,-2.18556201763436,-2.18556201763436,-2.18556201763436,-2.18556201763436,-2.18556201763436,-2.18556201763436,-2.18556201763436,-2.18556201763436,-2.18556201763436,-2.18556201763436,-2.18556201763436,-2.18556201763436,-2.18556201763436,-2.18556201763436,-2.18556201763436,-2.18556201763436,-2.18556201763436,-2.18556201763436,-2.18556201763436,-2.18556201763436,-2.18556201763436,-2.18556201763436,-2.18556201763436,-2.18556201763436,-2.18556201763436,-2.18556201763436,-2.18556201763436,-2.18556201763436,-2.18556201763436,-2.18556201763436,-2.18556201763436,-2.18556201763436,-2.18556201763436,-2.18556201763436,-2.18556201763436,-2.18556201763436,-2.18556201763436,-2.18556201763436,-2.18556201763436,-2.18556201763436,-2.18556201763436,-2.18556201763436,-2.18556201763436,-2.18556201763436,-2.18556201763436,-2.18556201763436,-2.18556201763436,-2.18556201763436,-2.18556201763436,-2.18556201763436,-2.18556201763436,-2.18556201763436,-2.18556201763436,-2.18556201763436,-2.18556201763436,-2.18556201763436,-2.18556201763436,-2.18556201763436,-2.18556201763436,-2.18556201763436,-2.18556201763436,-2.18556201763436,-2.18556201763436,-2.18556201763436,-2.18556201763436,-2.18556201763436,-2.18556201763436,-2.18556201763436,-2.18556201763436,-2.18556201763436,-2.18556201763436,-2.18556201763436,-2.18556201763436,-2.18556201763436,-2.18556201763436,-2.18556201763436,-2.18556201763436,-2.18556201763436,-2.18556201763436,-2.18556201763436,-2.18556201763436,-2.18556201763436,-2.18556201763436,-2.18556201763436,-2.18556201763436,-2.18556201763436,-2.18556201763436,-2.18556201763436,-2.18556201763436,-2.18556201763436,-2.18556201763436,-2.18556201763436,-2.18556201763436,-2.18556201763436,-2.18556201763436,-2.18556201763436,-2.18556201763436,-2.18556201763436,-2.18556201763436,-2.18556201763436,-2.18556201763436,-2.18556201763436,-2.18556201763436,-2.18556201763436,-2.18556201763436,-2.18556201763436,-2.18556201763436,-2.18556201763436,-2.18556201763436,-2.18556201763436,-2.18556201763436,-2.18556201763436,-2.18556201763436,-2.18556201763436,-2.18556201763436,-2.18556201763436,-2.18556201763436,-2.18556201763436,-2.18556201763436,-2.18556201763436,-2.18556201763436
-2.21049972645173,-2.2065344195005,-2.20255410242147,-2.19856450089045,-2.19457124968616,-2.19057988441989,-2.18659583401376,-2.18262441390965,-2.17867081998481,-2.17474012315003,-2.17083726460198,-2.16696705170169,-2.16313415444787,-2.15934310251463,-2.15559828282202,-2.15190393760656,-2.14826416296095,-2.14468290781072,-2.14116397329633,-2.13771101253147,-2.1343275307061,-2.13101688550659,-2.12778228782497,-2.12462604800278,-2.12155009098001,-2.11855716578845,-2.1156498923208,-2.11283075931714,-2.1101021263639,-2.10746622597632,-2.10492516574581,-2.10248093053566,-2.10013538470884,-2.09789027437348,-2.09574722963267,-2.09370776682682,-2.09177329075848,-2.08994509688849,-2.08822437349699,-2.0866122038001,-2.08510956801748,-2.0837173453843,-2.08243631610328,-2.0812671632335,-2.08021047451252,-2.07926674411033,-2.07843614315406,-2.07771640129977,-2.07710697217964,-2.07660794273947,-2.07621933143347,-2.07594108980963,-2.0757731039395,-2.07571519569303,-2.07576712385851,-2.07592858510886,-2.07619921481667,-2.07657858771923,-2.07706621843692,-2.07766156184693,-2.07836401331651,-2.07917290879884,-2.08008752479472,-2.08110707818522,-2.08223072593838,-2.08345756469477,-2.08478663023663,-2.08621689684427,-2.0877472765459,-2.08937661826388,-2.09110370686419,-2.09292726211238,-2.0948459375424,-2.09685831924237,-2.09896292456348,-2.10115820075662,-2.10344252354227,-2.10581419561948,-2.10827144511992,-2.11081242401143,-2.11343520645952,-2.11613778715058,-2.11891807958581,-2.121773914351,-2.12470303737079,-2.12770310815466,-2.13077169804331,-2.13390628846424,-2.1371042692063,-2.14036293672426,-2.14367949248325,-2.14705104135711,-2.15047459009293,-2.15394704585615,-2.15746521487287,-2.16102580118468,-2.16462540553683,-2.16826052441709,-2.1719275492687,-2.17562276589958,-2.17934235411253,-2.18308238758357,-2.18683883401584,-2.19060755559912,-2.19438430980662,-2.19816475056221,-2.20194442981154,-2.20571879953426,-2.20948321423248,-2.21323293393399,-2.21696312774775,-2.22066887800922,-2.2243451850537,-2.22798697265345,-2.23158909415406,-2.23514633934238,-2.23865344207662,-2.24210508870331,-2.2454959272848,-2.24882057765139,-2.25207364228897,-2.25524971806545,-2.25834340878881,-2.26134933858401,-2.264262678642,-2.2670792734198,-2.26979389393401,-2.27240128484423,-2.2748962667744,-2.27727385321,-2.2795291849805,-2.28165754806025,-2.28365439220575,-2.28551534968136,-2.28723625393644,-2.28881315808838,-2.29024235305944,-2.29152038521215,-2.29264407332662,-2.29361052476172,-2.29441715064695,-2.29506167995649,-2.29554217232402,-2.29585702946887,-2.29600500511409,-2.29598521329389,-2.29579713496241,-2.29544062283391,-2.29491613802671,-2.29422680480753,-2.29337421123082,-2.2923595985195,-2.2911845611913,-2.28985104161546,-2.28836132292152,-2.28671802033607,-2.28492407103961,-2.28298272264567,-2.28089752041652,-2.27867229333888,-2.27631113918768,-2.27381840871321,-2.27119868908758,-2.26845678674804,-2.26559770977335,-2.26262664992757,-2.25954896449951,-2.25637015806338,-2.25309586427728,-2.24973182782954,-2.24628388663558,-2.24275795437717,-2.23916002460216,-2.23549622402336,-2.23177262185744,-2.22799528366062,-2.22417027079716,-2.2203036263898,-2.21640136200955,-2.21246944512703
-2.21690763509183,-2.20859392767717,-2.20030477838312,-2.19205214042935,-2.18384750782589,-2.17570251708339,-2.16762784884268,-2.15963346565008,-2.15172883477137,-2.14392293701709,-2.13622427675737,-2.1286408929253,-2.12118037082692,-2.11384985459697,-2.1066560601547,-2.09960528853305,-2.09270343946708,-2.08595602514286,-2.07936818401927,-2.07294469464657,-2.0666899894154,-2.06060816817821,-2.05470301169383,-2.04897799485074,-2.04343629963322,-2.03808049528932,-2.03290814184988,-2.02791986576575,-2.02311778601817,-2.0185038235883,-2.01407971233201,-2.00984700928606,-2.00580710439945,-2.00196122968467,-1.9983104677887,-1.99485575998476,-1.99159791359067,-1.98853760881993,-1.98567540507713,-1.98301174671069,-1.98054696823829,-1.97828129906378,-1.97621486770655,-1.97434770556642,-1.9726797502493,-1.97121084848131,-1.96994075863928,-1.96886915292863,-1.96799561923879,-1.9673196536686,-1.96683292865844,-1.9665279653527,-1.96640398059083,-1.96646018359099,-1.96669577664538,-1.96710995536353,-1.96770190848816,-1.96847081730953,-1.96941585470144,-1.97053618380191,-1.97183095636133,-1.9732993107779,-1.97494036983946,-1.97675323819201,-1.97873699954934,-1.98089071366206,-1.98321341305994,-1.98570409958139,-1.98836174070432,-1.99118526568941,-1.99417356154799,-1.99732546884496,-2.00063977734683,-2.00411522152274,-2.00775047590804,-2.01154415033534,-2.01549478503962,-2.01960084564088,-2.02386071800644,-2.02827270299325,-2.03283501106927,-2.03754575680803,-2.04240295325192,-2.0474045061337,-2.05254820794499,-2.05783173183708,-2.06325262533679,-2.06880830385693,-2.07449604397956,-2.08031297648624,-2.08625607910865,-2.09232216897073,-2.09850789469224,-2.1048097281223,-2.11122395567326,-2.11774666922202,-2.12437375655251,-2.13110089130992,-2.13792352244403,-2.14483686312292,-2.15183587910179,-2.1589152765416,-2.1660694892789,-2.17329266555809,-2.18057865425148,-2.18792099060396,-2.19531288155785,-2.20274719072972,-2.21021642313545,-2.21771270978101,-2.22522779226599,-2.2327530075768,-2.24027927328054,-2.24779707336844,-2.25529644503897,-2.26276678213262,-2.27019651541275,-2.27757425189561,-2.28488818743149,-2.29212603602275,-2.29927503072326,-2.30632249436502,-2.3132599260051,-2.32007433954144,-2.32675100834185,-2.33327477531458,-2.3396300912335,-2.34580106175091,-2.35177150366374,-2.357525010876,-2.36304503033349,-2.36831494799731,-2.37331818466526,-2.37803830116005,-2.38245911207073,-2.38656480688807,-2.39034007701674,-2.39377024680318,-2.39684140640941,-2.3995405441078,-2.40185567539323,-2.40377596622933,-2.40529184776601,-2.40639512000476,-2.40707904213096,-2.4073418868076,-2.40719021977203,-2.4066224977394,-2.40563808904111,-2.4042379546571,-2.40242463586504,-2.4002022250258,-2.39757632068553,-2.39455396845309,-2.39114358931614,-2.38735489719206,-2.3831988075752,-2.37868733915109,-2.37383351021091,-2.36865123162059,-2.36315519799492,-2.35736077859832,-2.35128390934955,-2.344940987156,-2.33834876764131,-2.33152426717138,-2.32448466992162,-2.31724724057434,-2.30982924308481,-2.30224786581714,-2.29452015322045,-2.28666294410187,-2.27869281644864,-2.27062603866653,-2.26247852702381,-2.25426580903536,-2.24600299247036,-2.23770473963672,-2.22938524657097,-2.2210582267502
-2.2023806746431,-2.18969094159739,-2.17712702395255,-2.1647043827338,-2.15243737742858,-2.14033931874889,-2.12842252071943,-2.11669835177857,-2.1051784672311,-2.09387367569946,-2.08279284470685,-2.07194407395359,-2.06133473804954,-2.0509715274842,-2.04086048784617,-2.03100705732102,-2.02141610251048,-2.01209195262657,-2.00303843211778,-1.99425889179116,-1.9857562384923,-1.97753296340545,-1.96959116903457,-1.96193259491979,-1.95455864214134,-1.9474703966563,-1.94066627927809,-1.93413479424773,-1.9278745064373,-1.9218854854105,-1.91616766378424,-1.91072085374146,-1.90554476215799,-1.9006390043467,-1.89600311642415,-1.89163656630352,-1.88753876332332,-1.88370906652174,-1.88014679157757,-1.87685121644166,-1.87382158569459,-1.87105711367629,-1.86855698644281,-1.86632036261925,-1.86434637322786,-1.86263412058234,-1.86118267634968,-1.85999107889066,-1.85905832999545,-1.8583833911393,-1.85796517938224,-1.85779138408239,-1.85783969275722,-1.85810836866502,-1.85859626478326,-1.85930232675983,-1.86022558803805,-1.86136516461651,-1.86272024950664,-1.86429010693815,-1.86607406635121,-1.86807151620107,-1.87028189759211,-1.87270469774994,-1.87533944333273,-1.87818569358007,-1.88124303329581,-1.88451106566132,-1.88798940487888,-1.89167766864888,-1.89557547049035,-1.89968241192114,-1.90399807452041,-1.90852201190307,-1.9132537416426,-1.91819273718099,-1.92333841977195,-1.92869015050006,-1.93424722242214,-1.94000885287039,-1.94597417595474,-1.95214223529147,-1.95851197697733,-1.96508224281563,-1.97185176378798,-1.97881915375015,-1.98598290331581,-1.99334137387421,-2.00089279167177,-2.00863524187143,-2.0165666624854,-2.02468483806374,-2.03298739300245,-2.04147178432428,-2.05013529376916,-2.0589750190216,-2.06798786388942,-2.07717052724025,-2.08651949049218,-2.0960310034494,-2.10570106826373,-2.11552542130209,-2.1254995126901,-2.13561848330186,-2.14587713895982,-2.15626992160798,-2.16679087721834,-2.17743362019053,-2.18819129400526,-2.19905652789409,-2.21002138929468,-2.22107733186894,-2.23221412098696,-2.24342058037561,-2.25468603503056,-2.2659989539304,-2.27734686909284,-2.28871629336692,-2.3000926333099,-2.31146009750769,-2.3228018098029,-2.33410942111519,-2.34536841719179,-2.35655698108762,-2.36765152931715,-2.37862662085624,-2.389450148156,-2.40007146743646,-2.41045954285173,-2.42058433942104,-2.43041374958054,-2.43991364546819,-2.44904799168428,-2.45777903012393,-2.466067547754,-2.47387323611647,-2.48115514754888,-2.48787224742065,-2.49398405417902,-2.4994513501792,-2.50423693709536,-2.50830640159011,-2.51162885145146,-2.51417758105683,-2.515943941177,-2.51693009140776,-2.51712438379164,-2.51652040149549,-2.51511707365557,-2.51291850967763,-2.50993373045941,-2.50617632335059,-2.50166404576673,-2.49641839827073,-2.49046418301739,-2.48382905885195,-2.47654310075598,-2.46863836895931,-2.46014849176418,-2.45110826563596,-2.44155327601925,-2.43151954232555,-2.42104319038799,-2.41016015528664,-2.39890591681415,-2.38731526902936,-2.37542212443294,-2.36325935238167,-2.3508586505209,-2.33825252132827,-2.32549410506938,-2.31262068401549,-2.29966195680849,-2.28664615140094,-2.2736000208312,-2.26054885315587,-2.24751649299406,-2.23452537238367,-2.22159654891678,-2.208749749384
-2.16582397685095,-2.14912459429333,-2.13269807568478,-2.11655860642504,-2.10071890350189,-2.08519032996541,-2.06998300005816,-2.05510587578808,-2.0405668556963,-2.02637331321777,-2.01253444013384,-1.99905607183612,-1.98594265260407,-1.97319789205175,-1.96082481973417,-1.94882583587628,-1.93720275860458,-1.92595686802641,-1.91508894747694,-1.90459932222762,-1.89448789592665,-1.88475418501827,-1.87539735136422,-1.866416233266,-1.85780937506021,-1.84957505543024,-1.84171046756224,-1.83419395071625,-1.82701496208381,-1.82017103081808,-1.81365968242198,-1.80747845987695,-1.8016249429883,-1.79609676584702,-1.79089163229129,-1.7860073292366,-1.78144173774001,-1.77719284166762,-1.77325873384699,-1.76963761960746,-1.76632781764484,-1.76332775818454,-1.7606359784682,-1.75825111564048,-1.75617189717366,-1.75439712902768,-1.75292568180352,-1.75175647520485,-1.75088846117161,-1.75032060609138,-1.75005187251943,-1.75008062978187,-1.75036970160395,-1.75089643645826,-1.75165982019469,-1.75265903023452,-1.75389342136091,-1.75536251226003,-1.75706597293636,-1.75900361304838,-1.76117537113547,-1.76358130463721,-1.76622158055158,-1.76909646653058,-1.77220632218852,-1.77555159038404,-1.77913278824628,-1.78295049773718,-1.78700535557935,-1.79129804242826,-1.7958292712223,-1.80059977470758,-1.80561029219399,-1.81086155565888,-1.81635427536731,-1.82208912522224,-1.8280667280907,-1.83428764137522,-1.8407523431071,-1.84746121883555,-1.85441454957133,-1.86161250101663,-1.86905511427695,-1.87674229820771,-1.88467382349845,-1.8928493185434,-1.90126826709232,-1.90993000761986,-1.91883373429531,-1.92797849938542,-1.93736321687159,-1.94698666702245,-1.95684750162136,-1.96694424951872,-1.97727532214869,-1.98783901863021,-1.99863353005399,-2.00965694254403,-2.02090723867452,-2.03238229681393,-2.04407988796512,-2.0559976696647,-2.06813317650136,-2.0804838068051,-2.09304680505202,-2.10581923951632,-2.11879797275463,-2.1319783347796,-2.14535607869246,-2.15892793065753,-2.17268967218121,-2.1866339509404,-2.200755466822,-2.21504882066853,-2.22950785844206,-2.24412556446607,-2.2588939415686,-2.27380387646201,-2.28884498837503,-2.303982594324,-2.31915261461009,-2.33436410591086,-2.34960959883282,-2.36487517303462,-2.38014422250377,-2.39539705546324,-2.41061146714833,-2.42576251509968,-2.44081921686064,-2.45574533117173,-2.47049866148672,-2.4850302554308,-2.49928355324562,-2.5131935247428,-2.52668586764684,-2.53967638861844,-2.55207075213734,-2.56376485501069,-2.57464614481727,-2.58459620788821,-2.59349484663087,-2.60122559213157,-2.60768215913202,-2.61278495393196,-2.61650892049317,-2.61881497170407,-2.61968327771129,-2.61911563901998,-2.61713154012606,-2.61376394312223,-2.60905569756022,-2.60305695930361,-2.59582358451921,-2.5874162199741,-2.57789974790508,-2.56734280092309,-2.55581717043893,-2.5433970408238,-2.53015806432807,-2.51617634043951,-2.50152738098749,-2.4862851373479,-2.47052114819774,-2.45430384364918,-2.4376980200232,-2.42076448220334,-2.40355983856553,-2.38613642665696,-2.368542345135,-2.35082156777648,-2.3330141175178,-2.31515628158398,-2.29728085216632,-2.27941738040069,-2.26159243434711,-2.24382985417451,-2.22615228422279,-2.20863411940217,-2.19132573571181,-2.17424751018132
-2.10775141935899,-2.08774899831058,-2.06817794070566,-2.04904993303055,-2.03037252514521,-2.01215201822458,-1.99439357786445,-1.97710133555763,-1.96027848016507,-1.943927340692,-1.92805070020301,-1.91265431893683,-1.89773894437169,-1.8833041965498,-1.86934911837395,-1.85587222301535,-1.8428715374808,-1.8303446427696,-1.81828871104772,-1.80670054026604,-1.7955765866512,-1.78491299550122,-1.77470563070819,-1.76495010341816,-1.75564180020887,-1.74677591112673,-1.73834709177572,-1.73032309702148,-1.72268180691637,-1.71541799258602,-1.70852658451021,-1.70200270161224,-1.6958416793976,-1.69003909674192,-1.68459080083458,-1.6794929297019,-1.67474193167533,-1.67033458113364,-1.66626798984302,-1.66253961324849,-1.65914725113177,-1.65608904215602,-1.65336345195483,-1.65096925460014,-1.64890550748851,-1.64717151991691,-1.64576681586386,-1.64469109173976,-1.64394417010976,-1.64352595060122,-1.64343635938033,-1.64367529869485,-1.64422274768187,-1.64501292920525,-1.64604050045873,-1.64730550944167,-1.64880820761507,-1.65054902428143,-1.65252854667572,-1.6547475056807,-1.65720676672604,-1.65990732511453,-1.66285030475934,-1.66603695913128,-1.66946867311572,-1.67314696446888,-1.67707348364055,-1.68125001088441,-1.68567844979556,-1.69036081667769,-1.69529922543103,-1.7004958665301,-1.70595233015415,-1.71167081112679,-1.71765415509412,-1.72390502979249,-1.73042588886577,-1.73721893655845,-1.74428609436868,-1.75162897069614,-1.75924883443019,-1.76714659329947,-1.77532277765366,-1.783778354268,-1.79251456417401,-1.80153174931543,-1.81082999347081,-1.82040913117213,-1.83026876123875,-1.84040826500859,-1.85082682871606,-1.86152346937559,-1.87249706346372,-1.8837463776458,-1.89527010076715,-1.90706687632116,-1.91913301836739,-1.93145615118847,-1.94403522001119,-1.95687095075626,-1.96996413552565,-1.98331564099291,-1.99692641272698,-2.01079747497184,-2.0249299254367,-2.03932492467203,-2.05398367962273,-2.06890742095685,-2.08409737376895,-2.09955434308985,-2.11527468627589,-2.13125804764662,-2.14750535532837,-2.16401730021862,-2.18079425652121,-2.19780830199972,-2.21495236159538,-2.23222184837744,-2.2496233505482,-2.26716304029426,-2.28485382675584,-2.30273312459893,-2.32080799199016,-2.33907993221056,-2.3575485334271,-2.37621110721557,-2.39506227003278,-2.41409344976964,-2.43329229187982,-2.45264192817061,-2.47212005397944,-2.49169773245829,-2.51133780184475,-2.530992692345,-2.5506013457554,-2.57008474422013,-2.58934016417026,-2.60824166362011,-2.62660628976872,-2.64417494903033,-2.66058649620083,-2.67535294893753,-2.68787899299906,-2.69764107030645,-2.70435314707933,-2.70806874124781,-2.70909540359373,-2.70777183580702,-2.70434613638681,-2.69896498709145,-2.69170787185452,-2.6826254333628,-2.67176872026737,-2.65920724631485,-2.6450369673603,-2.62938029872933,-2.6123807840401,-2.59419508746305,-2.57498456409636,-2.55490792710218,-2.5341157476418,-2.51274690724729,-2.49092675152127,-2.46876654135956,-2.4463637899322,-2.42380313848872,-2.40115751128183,-2.37848937200278,-2.35585196999253,-2.33329051239949,-2.31084323083766,-2.28854233163871,-2.26641483096102,-2.24448328261104,-2.22276640948415,-2.20127965044876,-2.18003563419647,-2.15904459065308,-2.13831470934057,-2.11785245280982
-2.02934246398506,-2.00741430866399,-1.9858353330023,-1.96461069239019,-1.94390224654859,-1.92377016859937,-1.90421644492934,-1.88524212515923,-1.86684738362417,-1.84903157689552,-1.83179334157379,-1.81513617733949,-1.79906128065714,-1.78356530253917,-1.76864426159831,-1.75429357861451,-1.74050810771032,-1.72728216441586,-1.7146095510381,-1.70248357988454,-1.69089709502968,-1.67984249343354,-1.66931174632112,-1.65929642179727,-1.64978770969291,-1.64077644961255,-1.63225280944223,-1.62416926715183,-1.61649033063085,-1.60920593276282,-1.60230616738157,-1.59578134688487,-1.58962206341701,-1.58382297874618,-1.57838778427314,-1.57331157971393,-1.56858933988939,-1.56421666276086,-1.56018980616209,-1.55650571577302,-1.55316204217943,-1.55015714499704,-1.54749008228704,-1.54516058386778,-1.5431690076339,-1.54151627862799,-1.54020381135719,-1.53923341668097,-1.53860719547286,-1.53832742212781,-1.53839642177579,-1.53881644570211,-1.53958416709296,-1.54060988171397,-1.541862365729,-1.54334336325054,-1.54505466944409,-1.54699808608025,-1.54917539850136,-1.55158268361073,-1.55420988719161,-1.55706104223401,-1.56014076053022,-1.56345369342194,-1.56700456855819,-1.5707982236713,-1.57483963289774,-1.57913392194279,-1.58368636937204,-1.58850239241733,-1.59358751681464,-1.59894733126308,-1.60458742804024,-1.61051333208065,-1.61673042139403,-1.62324384206029,-1.63005842119506,-1.63717858125443,-1.64460825886523,-1.65235083106201,-1.660409051412,-1.66878499804846,-1.67748003513826,-1.68649478880223,-1.69582913800973,-1.70548222049878,-1.71545245333837,-1.72573756736716,-1.73633465441197,-1.74724022592291,-1.758450281456,-1.7699581722078,-1.78173647230966,-1.79377648768827,-1.80607592772166,-1.81863311721316,-1.83146064417332,-1.84456464019245,-1.85794598544621,-1.87160579494913,-1.88554546048132,-1.89976668661498,-1.91427152032625,-1.92906237377367,-1.94414203989641,-1.95951370052812,-1.97518092673907,-1.99114767111412,-2.00741825165548,-2.0239938699708,-2.04087365686058,-2.05806293556208,-2.07556554846836,-2.09324821461604,-2.11103695352173,-2.1289481427968,-2.14699894098849,-2.16520711922018,-2.18359087815356,-2.20216865064696,-2.22097030199885,-2.2400607304877,-2.25946213409297,-2.2791906563746,-2.29926119877585,-2.31968714999074,-2.34048010123037,-2.36164954391901,-2.38320254394254,-2.40514338300036,-2.4274731522391,-2.45018927506951,-2.47328492282746,-2.49674826468728,-2.5205614534952,-2.54469917287458,-2.56912641149184,-2.59379476297585,-2.61863560151516,-2.64354568085151,-2.66835095061298,-2.69269717324873,-2.71562231728043,-2.73388724357033,-2.74353727856236,-2.74811376467127,-2.75050593364025,-2.75120927693057,-2.75001684622634,-2.74649271342025,-2.74014198229738,-2.73054832459178,-2.71750474011072,-2.70108914083728,-2.68164206193391,-2.65966526227075,-2.63570453509701,-2.61026635287974,-2.58377913959168,-2.55658636398255,-2.52895539190502,-2.50109134137759,-2.47315067392934,-2.44525262192524,-2.41748814897548,-2.38992674375642,-2.36262149432351,-2.33561286106023,-2.30893148706878,-2.28260030376003,-2.25663612190057,-2.23105084659594,-2.20585241648825,-2.18104553978125,-2.15663227981039,-2.13261252859575,-2.10898439651883,-2.08574453881258,-2.06288843411282,-2.04041062632016
-1.93238675817381,-1.9095657530461,-1.88713567175761,-1.86508459079777,-1.84340071955031,-1.82211158807102,-1.80145555078082,-1.78147328850273,-1.76216206898362,-1.74351836539177,-1.72553791754867,-1.70821967979475,-1.6915669265954,-1.67557394808261,-1.66023411043915,-1.64554021960158,-1.63148454743813,-1.61805885049233,-1.6052543816471,-1.59306189549549,-1.58147164865807,-1.57047339673305,-1.56005638997569,-1.55020937014243,-1.5409205711697,-1.5321777264549,-1.5239672951623,-1.51622299261146,-1.50889897076251,-1.50198142987825,-1.49545668530054,-1.48931125555774,-1.48353196442786,-1.47810605535317,-1.47302131579489,-1.46826620837033,-1.46383000493021,-1.45970291913514,-1.45587623257671,-1.4523457575569,-1.44913334848691,-1.44624345709067,-1.44367625580958,-1.44143324361384,-1.43951719692601,-1.43793207854609,-1.43668290282585,-1.43577555747206,-1.4352165849338,-1.43501292922732,-1.4351716570572,-1.43569966492725,-1.43660338625629,-1.43780355626137,-1.43918422414026,-1.44074354642606,-1.44248977472814,-1.44443056865908,-1.44657295848524,-1.44892337353947,-1.45148772971951,-1.45427156479593,-1.45728020675559,-1.46051895835652,-1.46399328060957,-1.46770895898809,-1.47167223855896,-1.47588991757456,-1.48036939294196,-1.48511865496694,-1.49014623249171,-1.49546109272471,-1.50107250252459,-1.50698985958062,-1.51322250284151,-1.51977951177126,-1.52666950367163,-1.5339004375439,-1.54147943190615,-1.54941260274818,-1.55770492649993,-1.56636013157655,-1.57538062080624,-1.58476742586409,-1.59452019376518,-1.60463720450972,-1.61511541813904,-1.62595054875314,-1.63713329335883,-1.64862071649291,-1.6603994378012,-1.67246519957877,-1.68481327040809,-1.69743858549019,-1.71033588795719,-1.7234998680356,-1.73692529736168,-1.75060715623102,-1.76454075206533,-1.77872182786901,-1.79314665989235,-1.80782319586303,-1.82278138960326,-1.83802526230495,-1.85355785010323,-1.8693829181182,-1.88550497013635,-1.9019292477866,-1.91866151919648,-1.93570015787042,-1.95304829819181,-1.97057378854561,-1.98811036191085,-2.00567874930802,-2.02330214029154,-2.04100523989446,-2.05881405239951,-2.07675563649097,-2.09485783053044,-2.11314894686724,-2.13167137246573,-2.15051692766437,-2.16972022660484,-2.18930647551444,-2.20929893150531,-2.22971838034478,-2.25058255855846,-2.27190550321076,-2.29369680337601,-2.315960713543,-2.33869506906685,-2.36188991461982,-2.38552571489032,-2.40957095869005,-2.43397889105857,-2.45868301940115,-2.48359097279029,-2.50857635462689,-2.53346869249262,-2.55804304299261,-2.58201415801095,-2.60504562758113,-2.62683860772034,-2.64722540674562,-2.66606722624016,-2.68341734060796,-2.69940703855688,-2.71413980707936,-2.72751649504952,-2.73891856501366,-2.74645577827435,-2.74562443070593,-2.73134170087375,-2.70581975382714,-2.67487169912097,-2.64177620504522,-2.60791577150411,-2.57390214382482,-2.54003738462125,-2.50648601143279,-2.47334460931742,-2.44067293118995,-2.40850910463837,-2.37687766163292,-2.34579406236734,-2.3152673880002,-2.28530202129946,-2.25589874060236,-2.22705545999648,-2.19876774928576,-2.17102921355529,-2.14383178181724,-2.11716593643312,-2.09102090418523,-2.06537771369834,-2.04019996974166,-2.01547556005758,-1.99119403330564,-1.96734439869613,-1.94391524480443
-1.81966881725189,-1.79694482272056,-1.77460831290862,-1.75264267522106,-1.7310313447132,-1.70975800146521,-1.68880912127286,-1.66842960811929,-1.64878811980404,-1.62987947102211,-1.61169876005431,-1.59424215289222,-1.57751443704362,-1.56150891588213,-1.54621683955082,-1.53162899537807,-1.51773589102215,-1.50452760122098,-1.49199344638617,-1.48012236958941,-1.4689029083844,-1.45832314519181,-1.44837064797298,-1.43903240683116,-1.43029824717191,-1.42215603577867,-1.41459018292041,-1.40752191546003,-1.40089460620966,-1.3946858159983,-1.38887337787355,-1.38343554983222,-1.37835064340791,-1.37359665966223,-1.36915225814773,-1.36491691573878,-1.36084599681233,-1.35695020787117,-1.35324095325131,-1.34973044989833,-1.34643182742413,-1.3433592027958,-1.34052771778037,-1.33795999835208,-1.33571933411278,-1.33383643519142,-1.33233414636667,-1.33123358286677,-1.3305506175589,-1.33030431750628,-1.33048314642138,-1.331069468646,-1.33208067855336,-1.33346366130776,-1.33505330666125,-1.33684068482959,-1.33882339190796,-1.34099476280337,-1.34334396847651,-1.34585631689398,-1.34851373533571,-1.35129539546122,-1.3541786194372,-1.35722276883221,-1.36049158410867,-1.36398973442283,-1.36772330992151,-1.37170007672063,-1.37592958856718,-1.38042315762896,-1.38519369716425,-1.39025545624224,-1.39562367109465,-1.40133204729448,-1.40743953842736,-1.41394825095676,-1.42085731664062,-1.4281660994951,-1.43587392535694,-1.44397985456324,-1.45248250357199,-1.46137991869967,-1.47066950291809,-1.48034799477224,-1.49041149690654,-1.50085555035022,-1.51166677909858,-1.52278723222356,-1.53420624580376,-1.54592333231972,-1.5579385002776,-1.57025244670527,-1.58286674690267,-1.59578403457292,-1.60900816624273,-1.62254436490384,-1.63639795691997,-1.65052179851232,-1.6648829007637,-1.67947274725686,-1.69428368130446,-1.70930901581961,-1.72454312422522,-1.73998151460752,-1.75562106670099,-1.77149887933122,-1.78764732126311,-1.80407162185139,-1.82077689637904,-1.83773661680421,-1.85464940872405,-1.87143555647674,-1.88812033560735,-1.90473161614232,-1.92129966088942,-1.93785688245161,-1.95443755371103,-1.97107746674116,-1.9878135355372,-2.00468333860054,-2.02173887726267,-2.03910055757096,-2.05681700998346,-2.07492097796903,-2.09344210627049,-2.11240609093747,-2.13183376109655,-2.15174008959825,-2.1721331275694,-2.19301285566184,-2.21436994346183,-2.23618441012899,-2.25844181806381,-2.28113153571476,-2.3041846121572,-2.32751427018084,-2.35103381960475,-2.37463700406275,-2.39817885953741,-2.42150511798289,-2.44445742239804,-2.46687026407752,-2.48871183595528,-2.50995494638117,-2.53048917097367,-2.55021714316254,-2.56903065881629,-2.5867906799876,-2.6031016927677,-2.6170254351959,-2.62640078822293,-2.62698563713684,-2.61466511466836,-2.59119097763939,-2.5615962277799,-2.52921921790512,-2.49565615947515,-2.46167453064408,-2.42768118037534,-2.39391280767317,-2.36051967947688,-2.32760441651604,-2.2952413864582,-2.26347858179706,-2.23232534703195,-2.2017635422193,-2.17178405481393,-2.14239219073535,-2.11358896137012,-2.08537181130953,-2.05772457091426,-2.03059842862445,-2.00398313431741,-1.97787111905638,-1.95225308255643,-1.92711818171627,-1.90245420972795,-1.8782477726542,-1.85448446784883,-1.83114906662104
-1.69444200057638,-1.67265341704781,-1.65121420849797,-1.63010448497623,-1.60930685456656,-1.58880268029347,-1.56857258381933,-1.5485983616101,-1.52913715954733,-1.51045928104293,-1.49255532585713,-1.47541747534566,-1.45905130341872,-1.44344957770791,-1.42860170960287,-1.41449704335814,-1.40112480282005,-1.38847428433005,-1.37653987927523,-1.36532272966922,-1.35480958832645,-1.34499629131187,-1.335895087006,-1.32748530226157,-1.31974390515054,-1.31264698586618,-1.30616402385884,-1.30017076406644,-1.29460448891609,-1.28943770214935,-1.28449259889633,-1.27962972655713,-1.27486159207736,-1.27019963083665,-1.26565672954014,-1.26128274205039,-1.2570949397917,-1.25309167492419,-1.24927701432538,-1.24567117887868,-1.24227353971613,-1.23909231270507,-1.23613373752432,-1.23340286607156,-1.23090555320204,-1.22865447785041,-1.22668408782395,-1.22506777741943,-1.22378323338629,-1.222871521537,-1.2223841130275,-1.22237466439287,-1.22289732727323,-1.22396503671101,-1.2253921203036,-1.22716432540799,-1.22929924087822,-1.23181294556144,-1.23465216187042,-1.23775573024449,-1.24108460669845,-1.24458061699828,-1.24820371308235,-1.25191290121952,-1.25566761855993,-1.25942917861009,-1.26316187024059,-1.26685266725795,-1.27081472724147,-1.27517340298324,-1.27992072171192,-1.28505271539737,-1.29056524725439,-1.29641263599302,-1.30260424374639,-1.3091538151489,-1.31607532494058,-1.32338234171596,-1.33108747055872,-1.33920189996392,-1.34773505488284,-1.35669435443919,-1.36608507062991,-1.37591028272219,-1.38617089444292,-1.39681576412408,-1.407797479308,-1.41909939357147,-1.43071109980613,-1.44262295566185,-1.45482426961146,-1.46730106301083,-1.48003477077431,-1.49301106757269,-1.50621611128708,-1.51963671881679,-1.53326065961228,-1.54710712478255,-1.5612341301003,-1.57565482284776,-1.59038353544198,-1.6054369495197,-1.62080762187308,-1.63635261611332,-1.65204166638361,-1.66786948121213,-1.68383241479762,-1.69993584498367,-1.71619913666227,-1.73222342550333,-1.74793746308714,-1.7633680293833,-1.77854553303926,-1.79350386636695,-1.8082802148082,-1.82291480934228,-1.83745060996823,-1.85193290861647,-1.86640884069124,-1.88092679597778,-1.89554807262794,-1.9104249765474,-1.92562720372101,-1.94119810349511,-1.95717709065528,-1.97359844058347,-1.9904900185767,-2.00792707279994,-2.02597678033597,-2.04462587274558,-2.06389739254689,-2.08378920767851,-2.10426080990383,-2.12525510107949,-2.1466714753935,-2.1683947184299,-2.19029518085089,-2.21222926340428,-2.23404018725877,-2.25555885989084,-2.27660443024011,-2.29700374951667,-2.31676321380397,-2.33571929102288,-2.35360307299993,-2.37009451832333,-2.38479684305265,-2.39720608733906,-2.40672205192486,-2.41264618783613,-2.41416964450589,-2.4106058300628,-2.40161423882262,-2.38738856734423,-2.36858534514808,-2.3461000027852,-2.32084364691537,-2.29361324914372,-2.26505261534851,-2.23566299613488,-2.20583036876071,-2.17585313389617,-2.14594908020144,-2.1162619325792,-2.08689855419932,-2.05796944438306,-2.0295618903345,-2.00173209571518,-1.97447348176217,-1.94780816823537,-1.9216355979656,-1.89589593207749,-1.87059253611435,-1.84572400555771,-1.82128510098872,-1.79726895081805,-1.77368656533696,-1.75053298630858,-1.72779019286652,-1.70544247851774
-1.56022320677213,-1.5399530201323,-1.51999201246459,-1.50033617846839,-1.48097559145164,-1.46188713370587,-1.44300147594553,-1.42428632286979,-1.40571641669552,-1.38765987281664,-1.37040339431203,-1.35394008255695,-1.33827462444174,-1.32339279818676,-1.30928422662311,-1.29595930439126,-1.28341274822785,-1.27163127195806,-1.26064170232943,-1.25045833168339,-1.24106149814288,-1.23243178661961,-1.22455004276419,-1.21740083716357,-1.21095979690337,-1.20520124319729,-1.20007576667872,-1.19512098461969,-1.19016422721998,-1.18522628948676,-1.18041701496074,-1.17577017837925,-1.17129190686108,-1.16705532456757,-1.16312654012715,-1.15949060035009,-1.15609827688735,-1.15290331678966,-1.14986559067706,-1.14695266467733,-1.14413075324779,-1.14137676050429,-1.13867448722746,-1.13602154562641,-1.1334266675942,-1.13087487809837,-1.12831040346651,-1.12577963887791,-1.12335378626589,-1.12118378692473,-1.11936872495828,-1.11799796934718,-1.11716261316663,-1.11694442769981,-1.11719478624557,-1.11787557962662,-1.11904649877237,-1.12072524685709,-1.12293111470273,-1.12568173412896,-1.12898552451483,-1.1328186401593,-1.1370528614907,-1.14157965003571,-1.14642037172892,-1.15163849275076,-1.15710251384188,-1.16269638995591,-1.16820494037327,-1.17354797393549,-1.17867498868102,-1.18378632753246,-1.18918412010725,-1.19489661759128,-1.20093717327671,-1.20732128608114,-1.21406544072578,-1.22118615594683,-1.22869923222315,-1.23661918432903,-1.24495884235061,-1.25372910579717,-1.2629400283733,-1.27260273483689,-1.28264590419714,-1.29304234942856,-1.30380464419441,-1.31491309850744,-1.32634208709867,-1.33809085029934,-1.35015932446871,-1.36254872439517,-1.37526209721682,-1.38830027331416,-1.40160566684381,-1.41515543949657,-1.42892311045399,-1.44285538497889,-1.45691876471943,-1.47109673918188,-1.48537831272414,-1.49975487653717,-1.51428992606046,-1.52911970823245,-1.54427323393822,-1.55977938766986,-1.57550700789206,-1.5912395548747,-1.60647440569665,-1.62106563087945,-1.63512091939026,-1.64870151629537,-1.66184222903606,-1.67458243470155,-1.68696600094921,-1.69904113877259,-1.71086016427941,-1.72247914616988,-1.73395741614136,-1.74535692127761,-1.75675004931268,-1.76832365735573,-1.78018013800513,-1.79240658712002,-1.80519487879888,-1.81859889697612,-1.83271740331612,-1.8476336759565,-1.86338041888262,-1.87997081424899,-1.89735360722119,-1.91546201335779,-1.9342128409613,-1.95350592138428,-1.9732473324659,-1.99334964723359,-2.01365156256787,-2.03397362790024,-2.0541210199179,-2.07388393528234,-2.09303756065886,-2.11139047875822,-2.12894732597969,-2.14546833583098,-2.16065063613887,-2.17416437419125,-2.18564426366397,-2.19466516283265,-2.20083928886692,-2.203832543785,-2.20342902711817,-2.19943052327622,-2.19176991271833,-2.18053717859818,-2.1659707157774,-2.1484234422428,-2.12831612449291,-2.10610894074587,-2.08226130505155,-2.05716384645476,-2.0311648846187,-2.00456904381258,-1.977639788716,-1.95060095455252,-1.92364700822988,-1.89692058120791,-1.87049453709531,-1.84445900347345,-1.81887000463129,-1.79377132258122,-1.76920756165077,-1.74524230636341,-1.72192321947958,-1.69924219553586,-1.67695492536971,-1.65501174036025,-1.63340126660643,-1.61210820445865,-1.59112454120009,-1.57043506099198
-1.42061816077653,-1.40276078486374,-1.38504463482218,-1.36742647783737,-1.34986773032138,-1.33243100639633,-1.31512341380273,-1.29792488332045,-1.28082424036776,-1.26384444698528,-1.2474674654739,-1.23187942583206,-1.21710761466192,-1.20317511712883,-1.19006936480594,-1.17779015355833,-1.16640173217391,-1.15589135948484,-1.1462294963594,-1.1374054032811,-1.12939972191248,-1.12220592286371,-1.11579813886516,-1.11014979871913,-1.10513158174058,-1.10025290754628,-1.09543739388964,-1.09069840881058,-1.08606780913351,-1.08169199555375,-1.0777923953336,-1.07436203646473,-1.07132494855022,-1.06864601766594,-1.06626839347034,-1.06411843019458,-1.06213825289753,-1.06023168792194,-1.05817223059393,-1.05594588531437,-1.05355686497555,-1.05101083072833,-1.04831821652628,-1.04547098229356,-1.04237374828445,-1.03903482439955,-1.03550880512182,-1.03186082008661,-1.02817380644716,-1.02454784932839,-1.02112353552525,-1.01812020413888,-1.01567320173148,-1.01390638400527,-1.01280446398361,-1.01226374060797,-1.01235058238223,-1.01316232119431,-1.01472132790426,-1.01694280990545,-1.01974363300519,-1.0233336869593,-1.02800438543544,-1.03370376913897,-1.04018285072544,-1.04714159132025,-1.05439553047104,-1.06174659742342,-1.06902853168536,-1.07597659779606,-1.08250158489553,-1.08859022905086,-1.09423037119301,-1.09954817844769,-1.10506753714498,-1.11088437327989,-1.11704155734611,-1.12358321165989,-1.13055760794009,-1.13800215806628,-1.14594346961383,-1.15439713395908,-1.16336658353421,-1.17275410707146,-1.18249343405967,-1.19258664670028,-1.20302395394706,-1.21378965383788,-1.22486442426546,-1.23623116353165,-1.24789408734732,-1.25983961101915,-1.27205215947807,-1.28452615810905,-1.29726139318934,-1.31026569476162,-1.32355206766442,-1.33712912637248,-1.35090041356127,-1.3648417553487,-1.37896181496427,-1.39316585825013,-1.40737374881347,-1.42157790212066,-1.43577422478919,-1.45001241022213,-1.46452930293531,-1.47887657801758,-1.49274988717203,-1.50580921132431,-1.51799232704548,-1.52935087302739,-1.54003755164976,-1.55010970869063,-1.55961681667437,-1.56861444385078,-1.57716426483193,-1.5853339252396,-1.59319671748945,-1.6008310243502,-1.6083329084795,-1.6161033702667,-1.62434743764714,-1.63322694520839,-1.64291080614524,-1.65347942255657,-1.66504174329003,-1.67760102382173,-1.69114369510344,-1.70563999797082,-1.72111864748668,-1.73755876517503,-1.75485355128914,-1.77287413498949,-1.79146968177581,-1.81046810836994,-1.82967732665321,-1.84888689224018,-1.86786990340365,-1.88638499039904,-1.90417826149811,-1.92110530517048,-1.93718005240257,-1.95209934443767,-1.96551286313024,-1.9771402499535,-1.98670559548344,-1.99394313488756,-1.99860804625446,-2.00048999966569,-1.99947217700038,-1.99556682902538,-1.9887596762543,-1.97915556918073,-1.96693592556086,-1.95228788464382,-1.93544118564394,-1.91664834494834,-1.89619694570212,-1.8743772505645,-1.85147096426179,-1.82774464498343,-1.80344606502352,-1.77878313958056,-1.75385936835923,-1.72887379872547,-1.70401107693986,-1.6794279880791,-1.65526700382383,-1.63165677933115,-1.60862775382546,-1.5862167242646,-1.56450498559013,-1.54351761745897,-1.52321992837727,-1.50365339805572,-1.48472949556269,-1.4661023998244,-1.44773027497866,-1.42958730423779
-1.27736785362415,-1.26263485200653,-1.2479238364946,-1.23317096155231,-1.21831485667853,-1.20329858402944,-1.18807035823568,-1.17265248237517,-1.15710809054408,-1.14145954053339,-1.12590303944879,-1.11123181910725,-1.09756929833773,-1.08479324516915,-1.07293169471763,-1.06201095661439,-1.05202868752394,-1.042970659846,-1.03482571319131,-1.02756723991733,-1.02117265693069,-1.01542337248287,-1.01019201825799,-1.00488800958956,-0.999601894424134,-0.994579211383773,-0.989924819357797,-0.98588809926348,-0.982532542790692,-0.979879545624613,-0.977873563077924,-0.976439853475529,-0.975509097324675,-0.974594344564532,-0.973535903504987,-0.972295053483793,-0.970852032107199,-0.969188643854178,-0.967287727849944,-0.965133577869268,-0.96271245037695,-0.960021484888939,-0.957016055607286,-0.953571594597609,-0.949683330493541,-0.945373629756034,-0.940681582492316,-0.935667500826619,-0.930435398701231,-0.925127117347177,-0.919922547205307,-0.915033419300417,-0.910787572112882,-0.907628975851085,-0.905751263467452,-0.904901021384542,-0.905106910543027,-0.906273965400104,-0.908435442056344,-0.911681871609307,-0.916305996476664,-0.92215673324012,-0.928604157883663,-0.935252225055636,-0.942068493259741,-0.949014465058463,-0.956183750751471,-0.963587569020626,-0.971210048902706,-0.978696961404576,-0.985864289356798,-0.99256348086662,-0.998766301278854,-1.00444372342665,-1.00953082834586,-1.01433007211915,-1.01947931538966,-1.02506418369287,-1.03114271351151,-1.0377616238927,-1.04498330576108,-1.05285833470753,-1.0613438424701,-1.07032358731209,-1.07981106141805,-1.08979987066099,-1.10027159125528,-1.11119936931386,-1.12254936122505,-1.13428239821248,-1.14634562328313,-1.1585424765194,-1.17074509956946,-1.1830169698736,-1.19539260658247,-1.20783507162852,-1.22037509023676,-1.23297512474646,-1.24578470803693,-1.25885067685131,-1.2721783369089,-1.28562856776193,-1.29920255987542,-1.31292637736027,-1.32666107492784,-1.34028668018025,-1.35346334194643,-1.36557439822962,-1.3769009873505,-1.38762334255643,-1.39773751231591,-1.40681880618214,-1.41481024948021,-1.42187174981955,-1.42812661583495,-1.43363558604934,-1.43846814024086,-1.44270283634167,-1.44646405035052,-1.45009903928494,-1.45375612716109,-1.45786604123284,-1.46267509620529,-1.46833680743796,-1.47501584165568,-1.48276140744898,-1.49161988355953,-1.50175560129031,-1.5132198734196,-1.5259822342414,-1.539987143925,-1.55515108835503,-1.57136067225471,-1.58847190189988,-1.60631075087417,-1.62467498347367,-1.64333709353351,-1.66204812090559,-1.68054205042718,-1.69854048987355,-1.71575311434207,-1.73202653249002,-1.74730197877577,-1.76131095111769,-1.77379241792971,-1.78449742400963,-1.79319407958531,-1.79967324017044,-1.80375483827692,-1.8052916357746,-1.8042279293117,-1.80069641498583,-1.79476536005407,-1.78643827619914,-1.77580198099722,-1.76299230263968,-1.74818114783772,-1.73156788998158,-1.71337047953498,-1.69381713177799,-1.67313918418299,-1.65157188559449,-1.62928079140274,-1.60640372503116,-1.58314347971402,-1.55969174594396,-1.53622897342616,-1.51292456580682,-1.48993718824494,-1.46741501820691,-1.44549582939082,-1.42431622841353,-1.40391583846503,-1.38428940289385,-1.36552236114374,-1.34767863271293,-1.33081138086353,-1.31481974767064,-1.2996285140684,-1.2847410735513
-1.13764212611834,-1.12666660577152,-1.11554602024583,-1.10420269971629,-1.09256568572649,-1.08056634638862,-1.06813866023264,-1.05521950842424,-1.04175390536898,-1.02785047667405,-1.01357788734694,-0.999472945227494,-0.986266612121141,-0.974110258286307,-0.963036125004322,-0.952965160012791,-0.943871124917247,-0.935642173216186,-0.928094435561276,-0.921296193607326,-0.915267594816708,-0.909521401982469,-0.903641141083499,-0.897924495408104,-0.892580070611911,-0.888271983937733,-0.885114198076274,-0.882900676694189,-0.881615705047192,-0.881147397547865,-0.880792851584437,-0.88038612030417,-0.879914410522178,-0.879354958792477,-0.878659443939313,-0.877891078106606,-0.877101275908965,-0.87617216014034,-0.87503510594221,-0.873628072798165,-0.871890155630207,-0.869626435290226,-0.866698788953323,-0.863066190999595,-0.858699980297176,-0.853603109439705,-0.84779207305434,-0.841281974985788,-0.834134732981379,-0.826490923278689,-0.8187659272572,-0.811463873672669,-0.804968188729936,-0.799732061922326,-0.796214978008378,-0.794271807153531,-0.794233774738935,-0.796223942188205,-0.800438407886686,-0.806915390748206,-0.814910126208115,-0.823623809333593,-0.83246545904459,-0.84126125295327,-0.849637993567198,-0.857221253252267,-0.86417434415568,-0.870648382103009,-0.876680560006629,-0.882760112968992,-0.889083806135223,-0.895444835475629,-0.901531270224038,-0.906993177109596,-0.911846171070299,-0.916128461169747,-0.919931298270576,-0.924094115474639,-0.928919608778219,-0.934464678757425,-0.9407709633196,-0.947842168051139,-0.955533376030757,-0.96381629680642,-0.972686362703483,-0.982194712450892,-0.992338573765392,-1.00315395820475,-1.0146305263304,-1.02657493175391,-1.03891293031006,-1.0515761352839,-1.06449226232746,-1.07759637950087,-1.09083126502783,-1.10407030268536,-1.1169517894314,-1.12966906247809,-1.14228834553946,-1.15478307334534,-1.16704437212338,-1.17930533566058,-1.19178579616609,-1.204377637428,-1.21706899325739,-1.22978316621681,-1.24157394656842,-1.25203422898817,-1.2611617588659,-1.2689675226193,-1.2758809346713,-1.28211768565172,-1.28742228384067,-1.29137477415617,-1.29411033327785,-1.29582527355532,-1.29661300453432,-1.29685873643147,-1.2967597811777,-1.29665590219425,-1.29672998208043,-1.29724611721955,-1.29862839154129,-1.30098409054828,-1.30448868316511,-1.30940619640126,-1.31580780694503,-1.32374462826251,-1.33324738582983,-1.34431916199874,-1.3569286649812,-1.37100469873627,-1.38643246163897,-1.40305215539095,-1.4206601557355,-1.4390127151846,-1.45783188099078,-1.47681307082202,-1.49563179023696,-1.51383666692541,-1.53104544892528,-1.54732429826629,-1.56256727833656,-1.57649517439611,-1.58884902852287,-1.59939379820944,-1.60792163928515,-1.61424576928003,-1.61832917412843,-1.62014643049243,-1.61955996630377,-1.61652664737823,-1.61121003554619,-1.60369201185719,-1.59405449380816,-1.5824124421719,-1.56890917642463,-1.55371094060307,-1.53700115550328,-1.51900916919609,-1.4999591372706,-1.47989496738431,-1.45897219997237,-1.43738928375086,-1.41533980593217,-1.39301162562473,-1.37058656167926,-1.34824038116456,-1.32614281212351,-1.30458145832868,-1.28381774045595,-1.26398209565568,-1.24520912143572,-1.22758175308381,-1.2109998005799,-1.19544530903514,-1.18088869437358,-1.16734736678546,-1.15483080039824,-1.14317962700688
-0.999773201439043,-0.991661611567928,-0.984184592658517,-0.976558880292329,-0.968504728501974,-0.959941355936097,-0.950776770324371,-0.940951543723086,-0.930457937148541,-0.919225435147411,-0.9072132737032,-0.89482240790038,-0.883193828798493,-0.872567284528223,-0.862853389885174,-0.85371608855986,-0.845133082444895,-0.836894374347607,-0.828982961142857,-0.821365285837013,-0.813503952754309,-0.805442878106071,-0.797740621854598,-0.791333867045429,-0.786787643386826,-0.783844450598132,-0.782440478923425,-0.782007250648636,-0.781766835686558,-0.781654447293153,-0.781644624507343,-0.781784289585808,-0.782268625932131,-0.782973943716797,-0.783785907022334,-0.784597928733577,-0.785285325302969,-0.785759746141532,-0.785927521788655,-0.785677575622189,-0.78475891619445,-0.783018346705951,-0.780387642576865,-0.776794410672077,-0.772162146025226,-0.766413206141711,-0.759485456234695,-0.751374354511264,-0.742370155371236,-0.732574502480244,-0.722163504275291,-0.711421365692048,-0.70082383314783,-0.691278693417048,-0.68399261957227,-0.679839973878193,-0.679342330367172,-0.683507605599563,-0.692077811439341,-0.703366760726328,-0.716020598434376,-0.728912727383197,-0.740924113671286,-0.752021950354837,-0.761681960109559,-0.769658688128305,-0.776306194549166,-0.781829462843801,-0.786224419155271,-0.789717718911142,-0.792772472183593,-0.796320798115392,-0.800578484992834,-0.805159303544833,-0.809587816096755,-0.813642612733693,-0.817321242576042,-0.820621001512933,-0.824369860513106,-0.829078168875059,-0.834770970399973,-0.841345874234009,-0.848665084276398,-0.856714625704398,-0.865464465664904,-0.87487037857072,-0.884877401664159,-0.895410832646384,-0.906486536356563,-0.91808453486528,-0.930272555818533,-0.943034467144297,-0.956065241938451,-0.969222785781038,-0.98243812974603,-0.995669175228902,-1.00889505350711,-1.02211548027721,-1.03531242914978,-1.04805739606299,-1.06054564227429,-1.07282873247339,-1.08485010566655,-1.09679076971209,-1.10867244413909,-1.11961556303735,-1.12928151471171,-1.13780186277175,-1.14498694036873,-1.15056151709161,-1.15453228234595,-1.15712972124512,-1.15888970765593,-1.15971891270229,-1.15896322201403,-1.15689197393035,-1.15405172585864,-1.15070480783549,-1.14716617725888,-1.14351107247828,-1.13997814842136,-1.13692396341291,-1.1348061960603,-1.13395595411978,-1.13449808924622,-1.13656365328928,-1.140284329087,-1.14578205257646,-1.15315679013182,-1.16247340004172,-1.17374885702896,-1.18694131166477,-1.20194242495416,-1.21857413974096,-1.23659055044312,-1.2556848785352,-1.27550085822828,-1.29559236157943,-1.31538042642025,-1.33445714874385,-1.35249076193643,-1.36960639571638,-1.38559222551914,-1.40014858951709,-1.41301081928584,-1.423944577051,-1.43282316879956,-1.43966536568331,-1.44426805527164,-1.44651765657493,-1.44635694766437,-1.44376470336175,-1.43886436720837,-1.43185245671595,-1.42281508543289,-1.41186484493971,-1.399137708277,-1.38482798786994,-1.36915886781151,-1.35227210795598,-1.33416062646399,-1.31498202431128,-1.29493584438674,-1.27420403435859,-1.25298036792409,-1.23170842196641,-1.21062030235314,-1.18986679322714,-1.16967092980703,-1.15008653458304,-1.13103512762677,-1.11267537044811,-1.09517882417074,-1.07873706807442,-1.06350406185547,-1.0494596494833,-1.03649662772217,-1.02463096147617,-1.01386672326091,-1.00419380837862
-0.866178182328926,-0.859997093464514,-0.854844503113553,-0.850586856583293,-0.846336396567376,-0.841430411995889,-0.835792327389717,-0.829414848889808,-0.822210858333365,-0.814098174224154,-0.805190403126135,-0.79553575819432,-0.785577724510884,-0.77593092113019,-0.766598998999899,-0.757632071795372,-0.749056900422779,-0.74090615413826,-0.73300585278736,-0.724675271089909,-0.71568495368091,-0.706575841857034,-0.698666510546216,-0.69224214093085,-0.687559591866324,-0.684564987603474,-0.682744846801243,-0.68195567923615,-0.681955294351159,-0.682877054777713,-0.684694878819012,-0.687080238798344,-0.689770670705656,-0.692579288929241,-0.695366683854493,-0.698035666046995,-0.700486048972584,-0.702599845107149,-0.704260300813624,-0.705201217148371,-0.705208529511525,-0.704209500014261,-0.702129293579848,-0.698876000046203,-0.694333570480674,-0.688411132988775,-0.681307599835931,-0.672842716580313,-0.662743074966189,-0.650484313418866,-0.635873811198053,-0.619154938622346,-0.601076934055046,-0.583601081684486,-0.569309400741122,-0.560800843038,-0.560839644261049,-0.569461192120848,-0.584232255996878,-0.602729687401135,-0.622247447284251,-0.640757055495801,-0.656687300660495,-0.669411868047672,-0.678930186351191,-0.685581834238523,-0.689949408372277,-0.692716030455779,-0.694539608448391,-0.695932823434693,-0.696869333360441,-0.697751450765136,-0.699172264230856,-0.702071929750729,-0.706075326345235,-0.710439247616142,-0.714582261742687,-0.718551326569285,-0.722284723258312,-0.726708587899908,-0.73235377650731,-0.738994243417921,-0.746543914067311,-0.754960279176619,-0.764181398235776,-0.774124975705625,-0.784688881747164,-0.795753224948058,-0.807183988437295,-0.818836863588903,-0.830645813028793,-0.842626415905529,-0.854859075171838,-0.867386001421243,-0.879997493053035,-0.892367535354277,-0.904495387119324,-0.916420048864949,-0.928210549597441,-0.939958198860131,-0.951851024656457,-0.963554958078418,-0.975162476620013,-0.986829104589697,-0.998352899924519,-1.00864476168162,-1.0171831095947,-1.02383922070032,-1.02867124402153,-1.03199949639233,-1.03354080271892,-1.03320596803333,-1.03111771698744,-1.02797456950753,-1.02418575065728,-1.01914037114971,-1.01325208055401,-1.00684169915639,-0.99996054470221,-0.99289410130056,-0.985954733859726,-0.979623161478714,-0.974302943709523,-0.970167160423883,-0.967402014940399,-0.966221617973319,-0.966857533755492,-0.969543084872355,-0.974492903974388,-0.981879269711815,-0.991807755629157,-1.0042953555129,-1.0192543216373,-1.03648443202935,-1.05567538295661,-1.07641959847353,-1.09810435175706,-1.12004686340364,-1.14172082370072,-1.16261145340272,-1.18237171282309,-1.20112049287935,-1.21853996772794,-1.23430854665342,-1.24814194348072,-1.26004604471967,-1.26986527780391,-1.27740222933384,-1.28255361440984,-1.28525296759025,-1.28546877524155,-1.28320285274935,-1.27852840069236,-1.2717295259005,-1.26293754104211,-1.25228803041856,-1.24003236561794,-1.22635831958155,-1.21138263819432,-1.19505288652708,-1.17750410949889,-1.15898373290989,-1.14007367695649,-1.12095136891447,-1.10176353449066,-1.08247983394157,-1.06290936187594,-1.04325951234459,-1.02372451779691,-1.00449025791596,-0.985771312869271,-0.96780282665071,-0.950824888030881,-0.935082830784314,-0.920737621554946,-0.907896811083719,-0.896523271866946,-0.886387828555419,-0.877449457352638,-0.869654894739207
-0.738334992997886,-0.734112361351568,-0.73084881630498,-0.728548001204567,-0.727228302024975,-0.726212094609114,-0.724497131073724,-0.721882461103674,-0.718269985123316,-0.713749886987915,-0.70802615467473,-0.700576106494983,-0.691564068003973,-0.682440913676317,-0.673484659414288,-0.664572539098025,-0.655731030822694,-0.64705313316961,-0.638332151255273,-0.628989436994589,-0.619697755671661,-0.611833267676021,-0.605666830669678,-0.601242780209799,-0.597480339416475,-0.593955919621291,-0.590870912793839,-0.589047066090334,-0.588980134218598,-0.591206750107617,-0.595296678330072,-0.600189544358127,-0.605433146555859,-0.610711701351096,-0.615727091199025,-0.620370663560325,-0.624564227076268,-0.628257243273251,-0.631214362035064,-0.633196746103015,-0.634169313110097,-0.634045984061931,-0.632758893514992,-0.630252371402358,-0.626838476809384,-0.622498653064351,-0.616922727824355,-0.609374243056201,-0.599112190974151,-0.585478221615543,-0.567587684166384,-0.544605659825042,-0.516924320292671,-0.486708852066738,-0.458729874205293,-0.440958546073855,-0.438829010454279,-0.452806981060843,-0.47809312190743,-0.508272785462191,-0.537840466197257,-0.563118137700506,-0.582202703397543,-0.594802357883891,-0.601779407323682,-0.604661442803436,-0.605066506879929,-0.604140946675539,-0.602767658525794,-0.601677805449187,-0.60115397112773,-0.600976877506983,-0.601324215545364,-0.602615374322785,-0.605818256082612,-0.610850971764379,-0.616690624018182,-0.622388630232874,-0.627700732266068,-0.632586241472553,-0.638243703510066,-0.644901267737799,-0.652556253705484,-0.661180752538552,-0.670673659327066,-0.680966206556267,-0.69196068884975,-0.703491725314049,-0.715372458765659,-0.727433665577181,-0.73948375355698,-0.751325803340493,-0.762910046221912,-0.774276369366123,-0.785589428169071,-0.796893559829039,-0.807987581570271,-0.818540938774396,-0.828642874262069,-0.838417456215094,-0.848000517241702,-0.857647081048457,-0.867712789497316,-0.87761560063231,-0.886848820825352,-0.894749076343274,-0.901722062854226,-0.907511186787305,-0.911413531538133,-0.913105857455798,-0.912516419529218,-0.909577931057501,-0.904538973881703,-0.898044131321057,-0.891085400528055,-0.883983293210714,-0.875792910718452,-0.86659693656841,-0.856850858695494,-0.84708620361686,-0.837472071483611,-0.828134103101128,-0.819500980137422,-0.811800795973676,-0.805315278827778,-0.800375821759621,-0.797353965174352,-0.796651611477939,-0.798668055796917,-0.803757811077962,-0.812184263393926,-0.824076095196128,-0.839393585136627,-0.857910581755367,-0.879216023444642,-0.902560392594264,-0.927092482061373,-0.95207827124966,-0.97677823064212,-1.00049805516474,-1.02289443813533,-1.0440028677907,-1.06342265279411,-1.08082343100821,-1.09624370065448,-1.10942927544184,-1.1202088844572,-1.12847565391828,-1.13416090192815,-1.13723041415766,-1.13768201750751,-1.13554387791661,-1.13089320823072,-1.1240796558385,-1.11537021567185,-1.10499171765137,-1.09308616576487,-1.0797782955409,-1.06499709213409,-1.04932440756762,-1.03316764387196,-1.01664532403691,-0.999569172341079,-0.981685114639795,-0.963133977269475,-0.944098894265271,-0.92476670264373,-0.905288046404787,-0.885837239365834,-0.866628057248026,-0.847909411857691,-0.829989562371176,-0.813175725433779,-0.797745459223888,-0.783937801353507,-0.771944697487093,-0.761862907122294,-0.753538436466359,-0.746577802353509,-0.740810537909618
-0.617208562186162,-0.614952583599786,-0.613458194923951,-0.61286528509273,-0.613314672584578,-0.614970237710547,-0.617341881161834,-0.61893250449798,-0.619297907162587,-0.617859587142243,-0.614476621935206,-0.609063153983872,-0.601533979928037,-0.592623840750575,-0.583539571848818,-0.574313637789393,-0.565117185685639,-0.556148311555339,-0.546687863306455,-0.537975740865911,-0.531168634498211,-0.526143656949029,-0.522430232088153,-0.518515775730363,-0.514105795595399,-0.509930845416557,-0.506613805188432,-0.505338742928584,-0.507683975366919,-0.512632794265362,-0.518362025719967,-0.52467799889206,-0.531792540558422,-0.538861514249162,-0.545621446020429,-0.55196272199198,-0.557684034653805,-0.562603726455948,-0.566467822621845,-0.569286309636642,-0.571024127439456,-0.571682224776849,-0.571448877668159,-0.570766644870849,-0.569565835500824,-0.567605303157569,-0.564156456807727,-0.558888110348799,-0.551267446468166,-0.540236235922774,-0.524201690681969,-0.501499676030899,-0.468451353918617,-0.421318129296867,-0.364026527397195,-0.317655668203542,-0.308784196460873,-0.339765291880809,-0.387854980292011,-0.435724734833671,-0.476419274706037,-0.505891278467074,-0.522872454213916,-0.529713196976418,-0.52989829640336,-0.526382519744223,-0.521218444515623,-0.515745419882341,-0.511089555710637,-0.507928096097376,-0.50655998501912,-0.506965831375931,-0.508630811001604,-0.510743444314772,-0.513538673730707,-0.517794010337602,-0.523840423603376,-0.530472679549848,-0.536678732056031,-0.542359687602482,-0.547569829976414,-0.553645425363438,-0.560839773937791,-0.569168705568846,-0.578539914059326,-0.588894613409693,-0.600127694256824,-0.612081604951121,-0.624551199968797,-0.637288935623123,-0.650012273793272,-0.662416975687858,-0.674199730423991,-0.68512134320163,-0.695250341453984,-0.704791526877466,-0.714011793229284,-0.723081406129188,-0.731697480182851,-0.739878635768609,-0.747857165122033,-0.755776615155447,-0.763797961761077,-0.772058539888148,-0.779045100763715,-0.783815033138126,-0.787005042982531,-0.789233491830117,-0.790440277036576,-0.790202486278548,-0.788585539712529,-0.784895150626828,-0.77875122395669,-0.770457507544542,-0.761234762168371,-0.751948645234874,-0.742071196212672,-0.730981283314385,-0.719555138440367,-0.707906114736902,-0.696012925206937,-0.683939200256024,-0.672122086017625,-0.660846584134359,-0.65041393490901,-0.641244578223429,-0.633875710990339,-0.628938169083084,-0.627175153133309,-0.629295141031851,-0.635829593450257,-0.647105317162529,-0.663183407306917,-0.683813410529226,-0.70825803736736,-0.735449254640491,-0.764359793472611,-0.793875401589589,-0.822914429799656,-0.850524709690972,-0.876407277621445,-0.900442663574206,-0.922217915636544,-0.941771763348683,-0.958836225994809,-0.973260122800935,-0.98494927581201,-0.993842174732146,-0.999906960760885,-1.0031694919348,-1.00373518708198,-1.00166185807842,-0.997021374477009,-0.990130737524138,-0.981427091379673,-0.971047052987631,-0.95919920992287,-0.946498759705683,-0.933165461623311,-0.919181711075907,-0.904055110027482,-0.887885354191541,-0.870831905931613,-0.853029530649695,-0.834647012439636,-0.815836921883069,-0.796681403524465,-0.777295887316563,-0.75779852293851,-0.738363134337574,-0.71923284327554,-0.700760117760583,-0.683350940785007,-0.667462477240308,-0.653572926171775,-0.642065262320358,-0.633119708350741,-0.626641582332492,-0.622040847950082,-0.618603747770189
-0.503926064946368,-0.503315272998093,-0.503078782642018,-0.503847464980755,-0.506049995767647,-0.509802332046478,-0.514956864754842,-0.520254232949489,-0.523888508253012,-0.52540047369793,-0.524615323965558,-0.521282663524747,-0.515247047693694,-0.506726551506737,-0.49747094433184,-0.488213851060869,-0.479736138623646,-0.471121149888238,-0.462800544352097,-0.456619483235952,-0.452964602886345,-0.450746670569906,-0.448127874014855,-0.444914387831601,-0.441848379677381,-0.438974786250611,-0.435819999071801,-0.43260712958319,-0.439030065371201,-0.448111418583927,-0.456663077796162,-0.46452741443784,-0.471679198901858,-0.478586599579753,-0.486028707093054,-0.493170125030898,-0.499714961034461,-0.505275585821639,-0.509652179856494,-0.51286554418338,-0.514995801099571,-0.51661584370414,-0.518029003589385,-0.51921908791846,-0.519864057791891,-0.519571828085179,-0.518447071246262,-0.516552435736964,-0.513703298868594,-0.509739162039252,-0.505120055880263,-0.497998992046748,-0.482955347440707,-0.445542701610169,-0.352975710854317,-0.19204694091121,-0.227135025769741,-0.284340150510712,-0.344651750537111,-0.401730697534435,-0.450572593571327,-0.481091257512446,-0.486611559749276,-0.475981739673488,-0.46018493497108,-0.444882745486561,-0.432698779458973,-0.424029337757681,-0.418459418004009,-0.415318583905424,-0.414200521499458,-0.414917912442991,-0.417156384438969,-0.420353809607344,-0.423883507311093,-0.427981203943947,-0.433343544501696,-0.440353285422141,-0.447384604273787,-0.453594827442029,-0.458759784132315,-0.463813448235899,-0.470116996321661,-0.477787007551827,-0.486849825062344,-0.497256041790747,-0.508882262956568,-0.521527825653876,-0.534933377567478,-0.548779191714579,-0.562678984231752,-0.576181675248476,-0.588796262020103,-0.600049987872706,-0.609576630572506,-0.617440822244627,-0.624062643935262,-0.630082088381681,-0.63591563892861,-0.641662380589094,-0.647192106423617,-0.65285773271013,-0.658918747105416,-0.66481047640682,-0.669507358432598,-0.673034582316913,-0.674394003597915,-0.6739679699903,-0.672105533890732,-0.668848091044835,-0.663961924508453,-0.658322130587586,-0.652195506717255,-0.645271624850438,-0.635929497804332,-0.62483786873029,-0.61385075576653,-0.602560060774116,-0.590385112495458,-0.577513235695137,-0.563908550933289,-0.549529125507076,-0.534737387946536,-0.519836416740023,-0.505132778067875,-0.491136826462398,-0.478591477624652,-0.468466173194747,-0.461892507356672,-0.460030582519619,-0.463887734001527,-0.474248007028606,-0.491386596798494,-0.514733001170527,-0.54318221456988,-0.575502121575894,-0.610099899858063,-0.645245018752749,-0.67933425389945,-0.711026878937138,-0.740144846324841,-0.766505432333605,-0.79021633977344,-0.811136319916516,-0.829204797934246,-0.844393935086086,-0.856695369286146,-0.866182061269798,-0.872921972684813,-0.876915859798892,-0.878178266865182,-0.87673835950264,-0.8727135070113,-0.866381188389472,-0.858157377984298,-0.848958461514986,-0.838918059304729,-0.827752653214361,-0.815041568731968,-0.800999038927121,-0.785834146981578,-0.769731776815275,-0.752837556864404,-0.735308102483796,-0.71727857575121,-0.698877930603481,-0.680160472204668,-0.661101822410983,-0.641629973166803,-0.621761816932638,-0.601687422696095,-0.581755583262508,-0.562534540877451,-0.544854652517459,-0.529681862268373,-0.517900527276018,-0.5100321379478,-0.50594319137769,-0.504616923846715,-0.504182874077985
-0.400017044199839,-0.399184740036204,-0.398885084141991,-0.400757535037422,-0.405116075546174,-0.411331597086415,-0.418097484817361,-0.425198445352334,-0.432108898164363,-0.436886353178696,-0.438685424185733,-0.43732607578926,-0.432920889584174,-0.425705318512148,-0.417587705161701,-0.409756648812614,-0.402421081998763,-0.394887486629216,-0.389183767509885,-0.386109660512741,-0.38528829914712,-0.38486594729789,-0.384091365424354,-0.383550802641819,-0.383352449851149,-0.383584423646776,-0.384380459318694,-0.386885330624783,-0.392312040815693,-0.40003194001296,-0.408597725536389,-0.417030474898533,-0.424907301622703,-0.432070269570037,-0.438449983788681,-0.444635785669301,-0.450895704769603,-0.456153373243829,-0.460351529341916,-0.463543375237505,-0.466343971048839,-0.468958788781849,-0.471427723035179,-0.473325532249115,-0.474315003916987,-0.474686076423348,-0.474797523281909,-0.474953040734904,-0.475892074915813,-0.479584313604314,-0.487316057530978,-0.500526431771777,-0.521758732805884,-0.55521418055788,-0.579601703880013,-0.407368498316348,-0.32698085001686,-0.315226948158646,-0.338607200306447,-0.381849728479199,-0.437770457677276,-0.487643155340341,-0.449058325588447,-0.410079112043545,-0.378938838212429,-0.355289552638507,-0.338075729445785,-0.326376951929635,-0.319649477462619,-0.316993446791848,-0.317309954940164,-0.319762328184682,-0.323817096378006,-0.329060119727852,-0.334578524291844,-0.339702220863219,-0.344720982867223,-0.350512975230785,-0.35742885900515,-0.363633710995109,-0.368456893881719,-0.372307419965389,-0.377428178190041,-0.384495709758312,-0.393566741092629,-0.404519890374962,-0.417109921390904,-0.431033108780572,-0.445956447377021,-0.461479716398694,-0.477168693721899,-0.492486511520236,-0.506706420782234,-0.518960044663856,-0.528494082488118,-0.534914515422148,-0.53842590408983,-0.540068799843213,-0.541170136124015,-0.542714714078849,-0.545223077985763,-0.54840237276278,-0.55242723648651,-0.555897380495726,-0.558214907360703,-0.559564484228031,-0.559930015846378,-0.558233494652215,-0.554659237231426,-0.54965082630364,-0.544072140095918,-0.537480920316099,-0.530231585918131,-0.522467824347193,-0.513679591227047,-0.503936464108145,-0.49347133401389,-0.482925888692359,-0.471156178893961,-0.458027728813088,-0.443632156774052,-0.427785998350188,-0.410659483037717,-0.39249160038275,-0.373468704431954,-0.354075050682387,-0.335202911043738,-0.318170508005588,-0.304371144753738,-0.295865756803918,-0.294613441683113,-0.301951368980855,-0.318396439165437,-0.343650361227984,-0.3769231827,-0.41618806950798,-0.458643949954202,-0.501232887958094,-0.541438776623898,-0.577705796149583,-0.610037035284657,-0.638751444326151,-0.664004371046389,-0.685908348715874,-0.704581218423352,-0.720205769547075,-0.732887777611349,-0.74266369147584,-0.749568212460958,-0.753642339138145,-0.754939623993463,-0.753584303046378,-0.749831102343139,-0.744531933558262,-0.738772419798254,-0.73216406305545,-0.723657325350045,-0.713478830079932,-0.701824103376214,-0.688661198304563,-0.674141980157067,-0.658445347574487,-0.642206442446523,-0.625827877277445,-0.609377320977467,-0.592799486604211,-0.575886978202686,-0.558259505809023,-0.539508818309717,-0.519383297042605,-0.497985373389388,-0.47551345578686,-0.452677686610336,-0.430835683710133,-0.411916004130555,-0.398013876299975,-0.390679004380682,-0.390483809670129,-0.395656699013576,-0.399631979337137
-0.304347196133752,-0.29745804912164,-0.296825666989872,-0.301700437504121,-0.309626295242747,-0.318408560415084,-0.327373100368756,-0.336382244521244,-0.345228429907463,-0.352774328007312,-0.35730157922828,-0.358495651098618,-0.356892097125493,-0.352511264384418,-0.346213274585774,-0.340186937427564,-0.33381131415679,-0.328824980601183,-0.326855149927789,-0.327357922820701,-0.328194470797053,-0.329012457649834,-0.330826767257275,-0.33324410731878,-0.336244152172434,-0.339826338916708,-0.343995311991274,-0.349198674326461,-0.355707108871562,-0.36336277605243,-0.37169506521132,-0.380182822928825,-0.388266484383011,-0.395681512300702,-0.402289198291018,-0.407788842593702,-0.411858081245502,-0.415607213713819,-0.418962298937574,-0.422158873350912,-0.425302801781501,-0.42823765081014,-0.430421255904725,-0.43139428567308,-0.431385905725725,-0.430690638189931,-0.429647227893412,-0.428969215284937,-0.430409988256423,-0.43533082028074,-0.44446487397545,-0.457735247722179,-0.472136460303999,-0.479396618090188,-0.456763166488203,-0.395366808893472,-0.334302113324112,-0.300443468971378,-0.294510466788147,-0.308740121360083,-0.332044468284445,-0.344026533955535,-0.327324576350927,-0.298132793664443,-0.270281506140444,-0.247748630153765,-0.231130067575799,-0.219974119153011,-0.213845913818791,-0.212140339503341,-0.214316563980183,-0.219302068593599,-0.226088891343088,-0.233643599239375,-0.241344500300295,-0.247905637308799,-0.253222502136725,-0.25788864109338,-0.263016535523836,-0.268314406403227,-0.272121051736583,-0.274781646061629,-0.278197929325859,-0.284460595099809,-0.293656527418754,-0.305480926701329,-0.319488111213687,-0.33528307918146,-0.352555630930457,-0.371002432622187,-0.390182259924559,-0.40932611634602,-0.42716448822078,-0.441992119077787,-0.452001731717051,-0.456431013461431,-0.455677866035615,-0.451548914536239,-0.446531658024246,-0.442642765560022,-0.440975973431073,-0.441875162822472,-0.444096172332517,-0.445693274423313,-0.446376077328303,-0.446082372982915,-0.444892329150707,-0.442672470684085,-0.438244344124504,-0.432548474968303,-0.426511630434594,-0.420957533545937,-0.414892838741321,-0.407922676907379,-0.400009725691698,-0.390891985821803,-0.381669260283558,-0.37323865621658,-0.363413989393745,-0.351421440169903,-0.337489072453923,-0.321504398332452,-0.303337642436052,-0.283035888259346,-0.259861066714433,-0.233678315147633,-0.205364876190559,-0.176703721073303,-0.150780540094963,-0.131974117611919,-0.12400942928314,-0.128612982430598,-0.145578752239906,-0.174384728101557,-0.215094588325664,-0.265490091631725,-0.320087300410156,-0.373251001904645,-0.421029061793033,-0.461681699902833,-0.49626685714592,-0.526031668101711,-0.551683773030716,-0.573780779720765,-0.592648910293335,-0.608413931979914,-0.621144796278413,-0.630884972287378,-0.637670278898933,-0.641539939988966,-0.642565682628951,-0.641246602262923,-0.638841922902158,-0.63535418890021,-0.62991097576149,-0.622405715446595,-0.612994034527431,-0.601963140480968,-0.589645472321781,-0.576409947787327,-0.562642255421985,-0.548725925865382,-0.53509573242444,-0.521805613496765,-0.508413930634423,-0.494810913470541,-0.481177415241888,-0.466859725667368,-0.451026417458939,-0.432813389927123,-0.4113724450858,-0.386223336054514,-0.357706190428032,-0.327761964372465,-0.300065432168166,-0.279635567980934,-0.271590348130109,-0.277889623652652,-0.303228702022578,-0.308310772797502
-0.180812904466628,-0.181185387587103,-0.192031312638161,-0.206026155802143,-0.219950396474006,-0.232973976628316,-0.244901962344412,-0.25592157202286,-0.26588545033339,-0.275027945307227,-0.282820535009257,-0.287725072569315,-0.289388717257357,-0.287853171052571,-0.283797606606897,-0.279633169209081,-0.275597873079911,-0.274410017218574,-0.276231845733013,-0.278839812366777,-0.280861094931812,-0.283652269191718,-0.287710516123868,-0.292769173599709,-0.298590561053948,-0.305021121779396,-0.311784643747347,-0.319042479803564,-0.326873946525139,-0.335198362419567,-0.343800480790281,-0.352411538909025,-0.360665912174427,-0.368175452781502,-0.374702215571638,-0.37971018236289,-0.383086927138526,-0.385121865068495,-0.386916430236427,-0.389591468754774,-0.392111424945751,-0.394064654407904,-0.39454544822442,-0.393475973162969,-0.39104774742774,-0.387418189076616,-0.382975790837737,-0.379114608444037,-0.376937190855873,-0.376732985767205,-0.377080196795624,-0.375522528024646,-0.368947825121247,-0.353852158570965,-0.325318418378845,-0.285667352858721,-0.24468028568324,-0.212295245842321,-0.192979105676717,-0.185722251893162,-0.18483021747468,-0.182011647637337,-0.171570231685496,-0.155419835381382,-0.138176864688847,-0.123340577636828,-0.112486028817568,-0.105803472732883,-0.102847208891654,-0.1032868377986,-0.106817937749564,-0.113225796016981,-0.12204000646005,-0.131858641389791,-0.141734192799175,-0.151245823555863,-0.158145794229763,-0.162873664883039,-0.166392218555811,-0.169895240213163,-0.17198740670392,-0.172601986520753,-0.173572551153538,-0.178576758390959,-0.187958842963967,-0.200630951410205,-0.215635185736324,-0.232539644507066,-0.251295900216284,-0.272028203697772,-0.294721374319379,-0.319024811116703,-0.343514914484414,-0.364868407002903,-0.378559588879398,-0.381362616424578,-0.37430671634219,-0.362055368084199,-0.349505930851889,-0.33977244597827,-0.334142528794807,-0.332769168568739,-0.333738289998067,-0.33439566769882,-0.334341263043459,-0.33325998597185,-0.331058329196045,-0.327756647466142,-0.323916650619695,-0.318724063925052,-0.313247683735021,-0.308121370846294,-0.303476862124463,-0.298859670044874,-0.294060527523629,-0.288639108864972,-0.281886306383671,-0.274415552767915,-0.267401135535093,-0.258475372925578,-0.247024797102898,-0.232110275251774,-0.213070543815207,-0.189794330020267,-0.161771528579494,-0.129243614515255,-0.0924370742678562,-0.0523892411586346,-0.0122641527287111,0.0207667668180916,0.0371101506661606,0.0327483010453314,0.0134481696635112,-0.0163362456714179,-0.0651206285909586,-0.134186656563804,-0.205040598313823,-0.270279772355882,-0.324973518091188,-0.366598595234314,-0.400062985470562,-0.428588132994494,-0.453457210076779,-0.475068618434428,-0.493574016947854,-0.509036629442948,-0.521484370906818,-0.530932428198375,-0.537394994258556,-0.540893081913308,-0.542443878622158,-0.54309463129016,-0.541702111447718,-0.537635912182581,-0.531207127637881,-0.522528208294318,-0.511854879787137,-0.499513154419069,-0.485908225543153,-0.471526075957358,-0.456920006127682,-0.442782532982885,-0.429852147863317,-0.418654978151211,-0.40935219082912,-0.401639796259445,-0.394764719503473,-0.386892575381521,-0.376464310483392,-0.362718324261773,-0.34379620320144,-0.317834260386669,-0.283593245379259,-0.241690753135086,-0.196474965829719,-0.157312313725733,-0.137058234722668,-0.148844645135853,-0.206563132622058,-0.189046942899222
-0.0140722873450062,-0.0615540014728066,-0.0955684535610661,-0.12163217492858,-0.142443712759769,-0.159432498177051,-0.17371445934768,-0.186153464417209,-0.197442540851645,-0.208061163134999,-0.21797702777036,-0.226068378647036,-0.230754009071303,-0.232107282801272,-0.231311908210178,-0.229499805878591,-0.228941513738848,-0.231548401898942,-0.235796186555717,-0.239379899210648,-0.243397945915836,-0.248230036551464,-0.254232206062542,-0.261624100634693,-0.269831131854438,-0.278427118350331,-0.287286094702199,-0.29637382928192,-0.30557641487027,-0.314829046458198,-0.323998084955174,-0.332910144190808,-0.341369969462554,-0.348974236825211,-0.355120331127559,-0.359454393885913,-0.362265931519621,-0.36442109591545,-0.365893587485444,-0.366529984686842,-0.367446690156657,-0.366876020124184,-0.364540657478042,-0.360504633863919,-0.354511930580125,-0.346599752560377,-0.337890080618998,-0.329075459591369,-0.32056631173116,-0.31056128456398,-0.297921940613189,-0.279710056652881,-0.256784071559801,-0.228382155307521,-0.194506017928776,-0.156765009166734,-0.119063962260224,-0.0858553636132519,-0.0609933693785638,-0.0443263591511756,-0.0328638362578154,-0.0239954399418911,-0.015238948169293,-0.00614710040824527,0.00213035458612851,0.00851534411230561,0.0124769845030251,0.013704967813243,0.0122723940442516,0.00828822581878296,0.00185071128891793,-0.00663390812580672,-0.016888310930032,-0.0287912574908694,-0.0414135590220829,-0.0532341530224779,-0.0636016867063371,-0.0698498730956161,-0.073326190770544,-0.0748232911794476,-0.0746182903231169,-0.0714880203891872,-0.0679927637463271,-0.0716133136167434,-0.082476996172445,-0.0960313424799565,-0.110859577165353,-0.126895162033249,-0.144541204905129,-0.164495403534731,-0.187732390081847,-0.215166994938368,-0.247200877210771,-0.280987264963344,-0.304885826593134,-0.305415578543472,-0.287273907600355,-0.264599963779025,-0.244964806637895,-0.23090913475903,-0.223171504935728,-0.220915391591611,-0.221264345376323,-0.222285622672927,-0.222537347421116,-0.221579055490249,-0.219097880452754,-0.215729903620089,-0.21222569286467,-0.208989571974854,-0.204984428487077,-0.200652208767151,-0.197348883223313,-0.195556398398204,-0.194328341719379,-0.193411997693709,-0.191632212768827,-0.18856600859648,-0.184827808555832,-0.177623316107307,-0.166868301063694,-0.152582074233126,-0.134807003233843,-0.113541335266096,-0.0876432674134346,-0.0553888871855697,-0.0147991132646262,0.0352117223689142,0.0936063760164347,0.15231107350989,0.182476255841883,0.162224120292528,0.127194620075702,0.0935668695895596,0.0411000224249809,-0.0455495037964824,-0.122696742767207,-0.19423741746756,-0.256352588100186,-0.288487869741547,-0.317800382796018,-0.344352119258603,-0.36801676773033,-0.388774966303093,-0.406620774065437,-0.421538952838096,-0.433510551207104,-0.442517506792565,-0.448622626794661,-0.453245916113402,-0.456795732952322,-0.457521196435762,-0.455463850357701,-0.450613851327284,-0.44298785772977,-0.432951588610288,-0.420747950469563,-0.406712957120299,-0.391302630794804,-0.375119372675101,-0.358958439728805,-0.343974978428119,-0.331326570980904,-0.321910723489161,-0.316101075534523,-0.31365079484347,-0.31362324302002,-0.314529290221185,-0.314477870149802,-0.31101750617065,-0.300184167617465,-0.278623976496034,-0.242421197102743,-0.187502898380248,-0.114552510187895,-0.0373734125565383,0.0163192565630995,0.0493535238845593,0.0912709513503725,0.0181155357168107
0.0529630912654949,0.00499045042022816,-0.033030358907679,-0.062133505016208,-0.0846433338527345,-0.102368941503507,-0.117313656148409,-0.130718386087105,-0.142873443857921,-0.154020958708692,-0.164427672890187,-0.173970024486614,-0.181679868319607,-0.186620091619967,-0.189541527715914,-0.190428925333842,-0.193601773752411,-0.198943731967026,-0.204198127978298,-0.209440347089295,-0.215426689202689,-0.222233367734087,-0.230044368940549,-0.239321363951396,-0.249656994217345,-0.260125761328362,-0.270621391358584,-0.281173638851896,-0.291732030762089,-0.302029377228276,-0.311930105828246,-0.321299756269848,-0.329993334304401,-0.337603723543309,-0.343273668600493,-0.347187602801403,-0.350271238617909,-0.352501442804992,-0.353803641989934,-0.354084842204581,-0.351994604589318,-0.34784759422049,-0.342012113322602,-0.333955813929846,-0.323610909621669,-0.311440297883442,-0.297800881695551,-0.282946166197292,-0.265262740819529,-0.244203675226909,-0.217347397885226,-0.184935132399767,-0.149432975467418,-0.110591601222353,-0.0687768684479783,-0.0256788411018682,0.0148545184926452,0.0508194435549778,0.0810231246655902,0.104291441093695,0.121039973888529,0.132118340328046,0.138375518744234,0.141456050390163,0.142555508718966,0.141680972755633,0.13863482999497,0.133326405502343,0.125843065529812,0.116470246469224,0.105939492500934,0.094448759741987,0.0819364741826826,0.0685708342959368,0.0549606892775269,0.0410978236632915,0.0280461515257112,0.0176479591546173,0.0123062340658545,0.0106440268187261,0.0117901443850672,0.0171657066040784,0.0274107545901408,0.024246986438214,0.0120585315481398,0.000293920952513273,-0.0113079641854458,-0.0232099403361153,-0.0360377286313482,-0.0506631675035638,-0.0681463191957855,-0.0908999660127125,-0.123516411637216,-0.173972756371222,-0.233229579939464,-0.218907681658274,-0.173794515584274,-0.141498827925935,-0.123005279721715,-0.113091029822836,-0.108717773809487,-0.108594567690341,-0.110228638912071,-0.112824823348197,-0.114637598289554,-0.114710734997144,-0.113027979376782,-0.110537184431379,-0.10825737405657,-0.106564004842944,-0.104562733908264,-0.102101620690225,-0.10046103512484,-0.100551767164972,-0.10273727074527,-0.106036290619436,-0.108613394779187,-0.108387933197853,-0.106440491413219,-0.102416169890746,-0.0955377136806871,-0.0859625310892283,-0.0748086416998606,-0.0610951092927611,-0.0425777413803792,-0.0173120889887152,0.0174774335931467,0.0653402098433204,0.129700324909171,0.209933279805321,0.253067034121657,0.207864184178472,0.159527775021842,0.112609022416029,0.0583386968442422,-0.00512930046475543,-0.0697292485723175,-0.129438812841685,-0.178611944795286,-0.215701129135654,-0.245468365662615,-0.271191445715511,-0.293940220593577,-0.31388489989199,-0.331025525918643,-0.345319466894497,-0.356741710477952,-0.365525161473749,-0.373239074750504,-0.379389907980705,-0.382460159725646,-0.38272292299781,-0.38017167189543,-0.374405642447552,-0.365609522117974,-0.354196818897271,-0.340356650813743,-0.324380596668629,-0.306710594983542,-0.288003558406368,-0.26937418738749,-0.252465250802308,-0.239048170688181,-0.23075006108243,-0.228650781484324,-0.232696141934414,-0.241561980031567,-0.253160119423897,-0.265076910068742,-0.274681331159979,-0.278959585897302,-0.273549514813997,-0.250583954552047,-0.196914548367334,-0.101358998118896,0.0344067807551435,0.104477088075904,0.113427182527537,0.11489893758745,0.0786529951346958
0.0414758450900052,0.0153018314833241,-0.0101262907663117,-0.0316152248385092,-0.0493921185610248,-0.0646858449228355,-0.0786697478445803,-0.091317751851891,-0.102745146395089,-0.113214108712338,-0.123211913757691,-0.133438200641941,-0.143176544372859,-0.151524899218661,-0.157858822391326,-0.162028970716216,-0.168388313024683,-0.175465607030403,-0.181802550991346,-0.188815708518725,-0.196599497022308,-0.20522243230533,-0.214767965723149,-0.225623364433456,-0.237807585042327,-0.249968583013617,-0.261957214453984,-0.273768333087001,-0.285368886297472,-0.296688898639972,-0.307432333401415,-0.31738152702939,-0.32638783440282,-0.333814374520864,-0.339298887447626,-0.343774277468965,-0.347235512940894,-0.349564569064342,-0.350686137676867,-0.349928062911017,-0.345966872667901,-0.338651414287071,-0.328342023730854,-0.315900600527473,-0.300995739366586,-0.284484379388275,-0.265377228797506,-0.242477945486254,-0.215392336786609,-0.183046706739103,-0.143228770974487,-0.100204031795996,-0.0540376325054212,-0.00471323338120985,0.0461950551847625,0.0959476986615891,0.143258547682987,0.186867995568272,0.224402696400234,0.254016653573431,0.274282621238013,0.285195709529666,0.28825634061778,0.285346215488157,0.278649761703844,0.269329205148229,0.257891153234393,0.244777386547833,0.23052090502877,0.215968317240477,0.201372515693455,0.186250201840431,0.170583381279539,0.154685748960292,0.138750683505613,0.123105826198488,0.107684088182252,0.0933714962908826,0.0835435382182702,0.0792373253700297,0.0788696862164275,0.0811545308849742,0.0854056775433466,0.0872687785927802,0.0843671597114063,0.0796712061092418,0.0747753483529311,0.0700317432340185,0.0653702012237297,0.0608087136522197,0.0559503287597783,0.0503224171770827,0.0431701859337515,0.0308831161460363,-0.0205353924324078,-0.0331496623406056,4.59856522453256e-05,0.016601498135419,0.0159376449250413,0.0118573539269768,0.00616599042245893,0.000372490151158283,-0.00434064229856904,-0.00878164587123285,-0.0127291547990525,-0.0144676809606603,-0.0146544799836349,-0.0139257872372464,-0.0133499144577292,-0.0130560384173522,-0.0133301218947408,-0.0136372426497216,-0.0142141985011908,-0.0164207540450144,-0.0204373645068745,-0.0248959066446533,-0.0282989186893317,-0.0305053633731358,-0.0326051139553959,-0.0354627207992397,-0.0368507725572928,-0.0357535618430715,-0.0318791677555215,-0.0266371110094046,-0.0202888312048099,-0.0104291625971707,0.00550921226624174,0.031292450292928,0.0711046928354882,0.120703948565932,0.150829681324922,0.145620463905953,0.122600296699426,0.09059377798556,0.0510428690700329,0.00562737232800252,-0.0418711231199054,-0.0871666757987639,-0.126891085084186,-0.160661813904073,-0.189112566459371,-0.213581211797707,-0.234859637784455,-0.253365943281608,-0.269129812874004,-0.282107738884247,-0.292810915700571,-0.302884341168538,-0.310861725612604,-0.315999370660859,-0.318686447248893,-0.318691847825218,-0.315674351508673,-0.309151726760335,-0.299405798384825,-0.286830628608684,-0.271520770760747,-0.25365484557139,-0.23355338105633,-0.211804594803251,-0.189744734037021,-0.169289284521675,-0.152964810589104,-0.144036266481509,-0.145349572075435,-0.157289007231788,-0.177299834405507,-0.201775391534492,-0.227538458389061,-0.252332169409169,-0.274558299663095,-0.292532950565649,-0.302437960765337,-0.288186104851409,-0.205191390105438,-0.0790703689971063,0.0114820132641437,0.0522655877647913,0.0635158907546451,0.0524138701664193
0.00572030048001607,-0.00146160563016222,-0.0126917418042637,-0.0242765990309275,-0.0354035313970587,-0.0464611191862877,-0.0572454999028181,-0.0672962542911609,-0.0766402507247168,-0.0859047148701116,-0.0953898177325778,-0.105273177414748,-0.115777614640953,-0.12649159054461,-0.135804297721854,-0.14398902753138,-0.152784232139007,-0.160729825590411,-0.168585847317118,-0.177191630647733,-0.186604296400238,-0.196881647861672,-0.208080580943508,-0.220399977948846,-0.234084016782623,-0.247807931249215,-0.261193934300127,-0.274211113777859,-0.28680636191328,-0.298903307195594,-0.310404195160743,-0.321044641054814,-0.330305310673064,-0.337682314661513,-0.344070994319923,-0.34932575866618,-0.35329021919576,-0.355800106673549,-0.356736376851175,-0.354455840792765,-0.348601231743774,-0.338962877102742,-0.325336267369447,-0.307951756134029,-0.288984044398733,-0.266933816327198,-0.240611870925015,-0.209738216970336,-0.173682762586263,-0.130700072456201,-0.0820400674578608,-0.0299369110382598,0.0259572609523488,0.0840296980191335,0.14329828038314,0.203364941802211,0.261734481107018,0.316248059781471,0.363937065680945,0.40090641227124,0.424968539508505,0.435217562648955,0.432672939191125,0.420375741158419,0.402699914646655,0.383025828744994,0.36280961492115,0.342317538892969,0.321916916995916,0.301554706943799,0.281283522767772,0.261380946182526,0.242142477555636,0.223409237487413,0.205154029426419,0.187730926461622,0.171029901852748,0.155002860341011,0.140696859123285,0.132446844715987,0.129740896851287,0.129510324810399,0.132263012126055,0.137119209990061,0.141111669684756,0.144236050689914,0.147283166447638,0.1508068217655,0.155360402986064,0.161390805010229,0.169435812930164,0.180674607285903,0.197104030065576,0.219809526641611,0.215880467353781,0.183074781928657,0.17504188080453,0.166744529682431,0.150272345471168,0.134180794990253,0.118632207895975,0.105597500135618,0.0952701378481092,0.0876602735299822,0.0819174799365348,0.0776356133609935,0.0750696513943817,0.0733351978288404,0.0721387044561433,0.0708497941348215,0.0683923156470378,0.0649778132434068,0.0623561281185654,0.0610683516032303,0.0589441220248592,0.0543298422275895,0.0468993857193613,0.0386569896250381,0.0301360428878392,0.0203635001866725,0.0118854765013004,0.00529776163420803,0.000245947838303978,-0.00455598119820264,-0.010752769837667,-0.0196408189626708,-0.0303687966082693,-0.0404116026544706,-0.0410032571405905,-0.0142678434268198,0.0260755419348885,0.0514115429989472,0.0565195321526682,0.045814741338212,0.0239789068374333,-0.00511735798376267,-0.0379495488520391,-0.070909321326296,-0.101784309943621,-0.130110365186833,-0.155109859622139,-0.176913551058717,-0.195969207110627,-0.212414433006804,-0.226338854080297,-0.238288580971329,-0.249770162540543,-0.25866395812832,-0.264571279204522,-0.26794536971856,-0.26880032682732,-0.267153134482741,-0.262562981086512,-0.25494460604288,-0.244585132511831,-0.231333251531988,-0.215084818587119,-0.195859924096941,-0.173756762050529,-0.149195369482813,-0.123297390000722,-0.0975312845697699,-0.0748418066056842,-0.061231024990884,-0.0648132297164458,-0.0874398726015854,-0.121759840304828,-0.160304548240303,-0.199021844785901,-0.236332946064083,-0.272012607537497,-0.306692944247767,-0.341607990139229,-0.374504602931341,-0.309160926915131,-0.185992120379187,-0.0925094154222422,-0.0335810069085421,-0.0037414017389092,0.00606578578148735
-0.0334613772150499,-0.0271801003432961,-0.0272199871594291,-0.0313457299820386,-0.0375643145851809,-0.044417786799078,-0.05084551326038,-0.0573398534933866,-0.0645033309846291,-0.0722296484390047,-0.0805236639385752,-0.0894586413094098,-0.0993404725637238,-0.111283199290421,-0.123236248119042,-0.13534723937757,-0.145822997256318,-0.154977580958326,-0.164228106165469,-0.174260065631423,-0.185146814456896,-0.196934598306534,-0.209666597534749,-0.223418191067378,-0.238305523465692,-0.253494275838471,-0.268214442885641,-0.282409892433943,-0.296008741967718,-0.308919048001579,-0.321030368774409,-0.332194903768535,-0.341689668651868,-0.350121342217846,-0.357703111059521,-0.363927240591285,-0.368574458414007,-0.371520469475179,-0.371841925925385,-0.368170966491944,-0.360463769060113,-0.348470591184855,-0.331930902099343,-0.311441118693483,-0.287030638055676,-0.257922459195655,-0.224324566350086,-0.18601937246898,-0.142869153591427,-0.0925721485145055,-0.0370887939977287,0.0221103189848293,0.0839614471474659,0.149514875873996,0.219113240562958,0.291270048988578,0.363768372219662,0.432860301361417,0.493628447517029,0.541480067673775,0.571846725270328,0.579693596363806,0.565153690747184,0.53795372191645,0.506969205798906,0.476496829516492,0.447235126355032,0.41901090383644,0.391857008457444,0.365672434372148,0.340534481707048,0.316954326186601,0.294722351343034,0.273645113067558,0.253685245019988,0.235118577150459,0.217808121059225,0.201451373062602,0.18621640174402,0.174205202722681,0.168597555273487,0.168132243224078,0.170978843049203,0.178395345544275,0.187745987378452,0.197414890684145,0.207788855155985,0.21931037231543,0.232459194801962,0.247505273981521,0.264212454941418,0.282493811057187,0.301498311309992,0.316439821818358,0.318543554102827,0.308577049284547,0.296091485055907,0.282162388935331,0.264918446347959,0.245188485330113,0.22474289235283,0.207010072396089,0.191511599456413,0.179085148375381,0.170008927989837,0.162773091918267,0.157148074286708,0.15295127874364,0.15000945487364,0.146650390316412,0.142482146515748,0.139269241326359,0.138316685023167,0.13767795779071,0.133583918585884,0.125431038492349,0.11324016058939,0.0985016010230228,0.0843969957514775,0.0695119224671251,0.0545750407498186,0.0406130275186238,0.0273423994875968,0.0131428254486081,-0.00400943294503175,-0.0263131483285188,-0.0571627451874437,-0.0997826517203038,-0.156565411155879,-0.136956517670562,-0.0713154118063185,-0.029046223140826,-0.00797042675688375,-0.00380442791599744,-0.0120530559029808,-0.0287522218361793,-0.0502897470490408,-0.0734183916789312,-0.0967497004806563,-0.119593828397817,-0.140727774682986,-0.15944310745217,-0.175806558573662,-0.189916145682884,-0.202482292936541,-0.215080477401399,-0.225011054649883,-0.23173220859541,-0.235853117773037,-0.237487954384712,-0.236657928839742,-0.23305342036156,-0.226251234983985,-0.216314657856865,-0.203617159788728,-0.18869091495662,-0.17163513340656,-0.152119629008364,-0.129304850057075,-0.10350963795538,-0.0751259241387773,-0.0443723892691061,-0.0124012662215883,0.0150299060386531,0.0131528042861436,-0.0293759572943426,-0.0818700783543741,-0.133013332187887,-0.180467334212759,-0.223890916807804,-0.263321398258801,-0.298094276113413,-0.324398591962683,-0.329026002776537,-0.291333074411924,-0.221733309260942,-0.152034930213833,-0.0981767793041781,-0.061581852752154,-0.0398552164330449
-0.0674583193396198,-0.0537711140659339,-0.0478063608400353,-0.0470581481331573,-0.0491566606641704,-0.0526123462811137,-0.0565336533157677,-0.0608427517443864,-0.0655482286880033,-0.0712667998873692,-0.0778005706619141,-0.085026786842165,-0.0938731322606871,-0.105948144380415,-0.120147583452606,-0.135353659635018,-0.147256573790888,-0.15784474845206,-0.168404970150974,-0.179715521908784,-0.191940225086929,-0.205114517406361,-0.219269645035153,-0.234426910240586,-0.250371587494016,-0.266864058794904,-0.282879386093455,-0.298246109992684,-0.312874126890113,-0.326654033490156,-0.339458512046592,-0.350923317407045,-0.361359612922294,-0.371292007592278,-0.380238068194859,-0.387657201954913,-0.393191140786537,-0.396685353546632,-0.39618858528061,-0.391042101066974,-0.381243242999204,-0.366788993226495,-0.34765051072869,-0.324102158959405,-0.29420042701449,-0.25820306410889,-0.218032126397989,-0.174554465443441,-0.125914280138309,-0.0707651435876378,-0.0114054824422408,0.0502300659859621,0.11663765506162,0.188889351513835,0.267341210958413,0.352077689606325,0.440822743660182,0.528022276054899,0.606361539540024,0.666382132556543,0.704280431300606,0.7102050947339,0.671567936008851,0.625592216822299,0.581788439124504,0.54084516304601,0.503242796609835,0.46894867155363,0.43674951561119,0.406259587516786,0.378047478998879,0.352252962637602,0.328529383425551,0.306504310263567,0.285861060231725,0.266807513069529,0.249307498442143,0.233051451660803,0.217969595589514,0.205067968352956,0.197402635373535,0.196174126803375,0.200696903967446,0.210504099482142,0.224366927081375,0.239508476948251,0.256129962119745,0.274870695258263,0.295274072204848,0.316458921526326,0.338222202713411,0.359856563915715,0.379490445496387,0.393918722264488,0.40041797077044,0.398765136066169,0.391080229255888,0.378838670767792,0.36257228162092,0.342861374315853,0.322367099203696,0.302947990480129,0.284292502696298,0.267340093517394,0.252544437188855,0.240388445452841,0.231025253310373,0.224569453038952,0.219638595651935,0.216543518493123,0.215416380990583,0.214536762262114,0.212087245477962,0.20832350200572,0.200994803787902,0.188966731510452,0.173235424291118,0.154509864909823,0.135025616540155,0.114897204397167,0.0937865451580678,0.0734520057340786,0.0535517120157934,0.0329494312670279,0.00896821245007201,-0.0205031739580878,-0.0574006090363017,-0.100986922457169,-0.140241406687388,-0.140024693086057,-0.107024761995309,-0.0750854057047049,-0.0545441628636826,-0.0460979746226758,-0.0480037357895188,-0.0574690746656543,-0.0713153257646862,-0.0869816968845243,-0.103972520922762,-0.121489668861684,-0.138345469802529,-0.153714360412498,-0.167088924443968,-0.17948602013764,-0.192486107805435,-0.203254088700311,-0.211426366911081,-0.217098753877983,-0.220383647000517,-0.221237812570607,-0.219547261254791,-0.214739808250486,-0.206662699475472,-0.195202579623951,-0.180711654957795,-0.163930204296367,-0.145066819252107,-0.124191906752838,-0.101442587402362,-0.0771756117317008,-0.0502127161269129,-0.0201281729050317,0.0133546190649911,0.0496839948726796,0.0535423577191077,-0.0102429500580417,-0.0717361519381225,-0.127074968909819,-0.1759312403244,-0.21844842555254,-0.254425970631553,-0.282366317104646,-0.298460789808118,-0.296455821011653,-0.272076013114558,-0.23033018446818,-0.183299693686097,-0.139635221198956,-0.103982715786109,-0.0774800832179076
-0.0951222963157137,-0.0787082657050939,-0.0696083127149676,-0.0662131075697932,-0.0656419928595064,-0.0671931050244216,-0.0702898686469665,-0.0741435894448879,-0.0781954854665654,-0.0819018676571115,-0.0860996070578949,-0.0913729214210565,-0.0990842930493741,-0.110598480879952,-0.126327057936996,-0.143393269617925,-0.15711498324307,-0.168992812810067,-0.180792004699871,-0.193254628888557,-0.206700608929072,-0.221156595180037,-0.236644496618491,-0.253140389095006,-0.270103962712061,-0.287735041233079,-0.305025320333252,-0.32157392229443,-0.337272995464504,-0.351994408835534,-0.365580381822171,-0.378001381445846,-0.390046219538797,-0.401505287958986,-0.412085019474528,-0.421033866792131,-0.427693150405097,-0.431157275512867,-0.429579877110869,-0.422892308712599,-0.411113453589811,-0.394296275544951,-0.372465533475319,-0.344245845750669,-0.309262469790506,-0.268402265939514,-0.224154867399733,-0.177335244403873,-0.124372462608781,-0.0673250752366365,-0.00851608012395871,0.0543296404995876,0.122557680266048,0.197548654096093,0.281494448895679,0.375772282993272,0.480138265290038,0.590778182064635,0.690524724868899,0.754662586300507,0.777375976515239,0.769437444541903,0.718163342757598,0.66399519240867,0.614120370813866,0.568622004579462,0.527705128525264,0.490718864975447,0.456258802507489,0.424316536198545,0.395174612041201,0.3687072435018,0.344656954949749,0.322473438957485,0.301787603409072,0.282745364269804,0.265485855383858,0.249741173614015,0.235282308470789,0.223081391959534,0.215531121616757,0.213905171534128,0.219422357814718,0.232304755230911,0.250234725557545,0.270141223556483,0.292618357972036,0.316709911390539,0.342047879536153,0.368240916112587,0.394376611882519,0.419216525356442,0.441502464172543,0.459249473371288,0.47056801251461,0.474743602707192,0.472076858351127,0.463202583824452,0.448734629166699,0.429595150484535,0.409465855516791,0.389898140251219,0.370949704327334,0.350946498253446,0.330436447181096,0.311314763059307,0.296475115757124,0.288047916508353,0.285484911663751,0.286316598982659,0.286315582586778,0.284150507640498,0.278977835588543,0.271467307359938,0.261495276006083,0.247863030411688,0.230422293378554,0.209352198572071,0.185721695283081,0.160945519085387,0.134329681764826,0.108222313529663,0.0826144773954534,0.0562414140006719,0.0270852790496295,-0.0060039873122304,-0.0414505125265228,-0.0764716160987255,-0.103245632778952,-0.113796526874353,-0.10729830266024,-0.0940682527717391,-0.0826936020195676,-0.076648064667498,-0.0763916250068657,-0.0810554051838193,-0.0890054824660015,-0.0988658646845012,-0.110852689453283,-0.124102445570789,-0.137493217129598,-0.150098992045472,-0.162009253645063,-0.174701923251411,-0.185655927982629,-0.194479316612159,-0.201405042496321,-0.206547851387503,-0.20973047956987,-0.210755180151977,-0.209235807798338,-0.204548537859833,-0.196649759074532,-0.185615590400108,-0.17174488503076,-0.155413559483915,-0.136782605706543,-0.11599355884463,-0.093640620738323,-0.0710683738655485,-0.0487551681464095,-0.0269559107889346,-0.00657918151520568,0.0054696918671584,-0.00639360635504175,-0.0463501039455379,-0.0965600055911456,-0.144821218653409,-0.187187310267305,-0.222839102990005,-0.251393469755975,-0.27168804755395,-0.281524254574824,-0.278466130864328,-0.261862393302528,-0.234648985942974,-0.200985604716433,-0.165852642951356,-0.133437857669639,-0.106143621442155
-0.118579082138842,-0.102612246116866,-0.0923515570907633,-0.086528595895055,-0.0849383374878913,-0.0861478533390334,-0.0890841564287517,-0.0930617062717363,-0.0972464612708891,-0.1010565716845,-0.104318123195631,-0.107906001031673,-0.114540225958637,-0.12559180142712,-0.141694537404544,-0.159377966767065,-0.174877716970866,-0.188089954958841,-0.201069344062868,-0.214577503506092,-0.229145740483187,-0.244794967185575,-0.261541070496626,-0.279274845696301,-0.297267840586255,-0.315904509957966,-0.334529357406236,-0.352572473010542,-0.36986198724715,-0.386186067690734,-0.401461019947331,-0.416303827885112,-0.430573019870583,-0.443984333306076,-0.456198956210776,-0.466544801320739,-0.47414013037323,-0.477187589741703,-0.474616370935081,-0.466428068559393,-0.452664836014857,-0.432917250704567,-0.406456821078759,-0.373191092635637,-0.333165102084748,-0.289626448277691,-0.243613410930808,-0.193735374092215,-0.140007565452004,-0.0838923164900471,-0.0260317635352284,0.0350283397008388,0.100747252492728,0.17357698877069,0.256262245166489,0.351499547324088,0.463623648370759,0.59421020426469,0.717848306449926,0.772272849533998,0.755227032856915,0.729189988876027,0.690721352596489,0.646271613038882,0.601921044393782,0.559863914767576,0.520992319418334,0.485472294962959,0.452630677295754,0.421994016595542,0.393578810461604,0.367460867430818,0.343579933743198,0.321700458007769,0.301564080758418,0.283027893752362,0.266418557754778,0.25155858170268,0.238241776968857,0.227426399147646,0.220516505325605,0.220347466515976,0.226844346392109,0.241953956845521,0.264272584430137,0.289088249641964,0.315509987470571,0.343799744278161,0.37354630925553,0.404113969371797,0.435149301594791,0.465067841247033,0.492296198552925,0.515017780133127,0.531718896995509,0.541397408015214,0.54361686625108,0.538396199569774,0.526082579439209,0.508323051157945,0.488920976658297,0.468958505955927,0.448946906504316,0.426925405550843,0.402035273733279,0.375391348837159,0.354909695875418,0.346255242139702,0.345291390374218,0.345792598004823,0.344570608216556,0.340569002385933,0.333123608883126,0.323152354390421,0.312404834668449,0.298128949640606,0.279791215961731,0.257579302210323,0.232180068165953,0.204750104124032,0.175146401705494,0.145392188980251,0.114255379954217,0.0820350345474596,0.0485489475815674,0.0134093471948701,-0.0212159331289843,-0.052154886373759,-0.0769852495082622,-0.0916679879130576,-0.0973141355555454,-0.096597829753462,-0.0932821770261063,-0.0909319928179761,-0.0911893516373603,-0.0943009145444007,-0.0995769613556522,-0.106760304675097,-0.116196013312754,-0.127024618138477,-0.138275836740315,-0.149771047770306,-0.16278140056641,-0.173915160462619,-0.182919231577353,-0.19046750085166,-0.196389233775479,-0.200904420351543,-0.203985402233429,-0.205171578641777,-0.203743281973948,-0.199475257733277,-0.192356442327321,-0.1824051506016,-0.169991846528511,-0.155669324049707,-0.139560244637293,-0.121866834889065,-0.10344228327821,-0.0853573016010276,-0.0685174777046764,-0.0549630250796483,-0.0480451632785191,-0.0514405627018847,-0.0694462914869154,-0.101717102969693,-0.140515295282022,-0.177172650490694,-0.208093043503143,-0.233262941840378,-0.252775468774004,-0.265874533205424,-0.271304277045492,-0.268051670728585,-0.256255034590785,-0.23651397251445,-0.21040416478529,-0.181470888278425,-0.153060554590114,-0.128684176492032
-0.136658111579184,-0.122840193667853,-0.113881762443656,-0.10937878619582,-0.107451461664759,-0.108393116558617,-0.111841744494788,-0.116104755811063,-0.120547415930032,-0.124776551895786,-0.128670029845931,-0.132704535171995,-0.13901514727551,-0.150346348939281,-0.166290536166386,-0.183736340917148,-0.200359107780958,-0.214815775050029,-0.228912899071308,-0.24338960691584,-0.258995379432427,-0.275761956724486,-0.293703142328367,-0.312703433501065,-0.332261436892145,-0.35267236384133,-0.373591559968957,-0.393853883267757,-0.413230344883185,-0.431571751331653,-0.449514560940009,-0.46682298797529,-0.483101098729715,-0.497848972500439,-0.510688428893501,-0.521372579947224,-0.529231333427538,-0.531563752811793,-0.527911551160357,-0.518288303442955,-0.502371943124543,-0.478259418002721,-0.447283541661502,-0.409573867367099,-0.367174569944394,-0.322144413059379,-0.274841370212117,-0.224775649743944,-0.171373262782284,-0.11547726154932,-0.0596604700425984,-0.00294218189497344,0.0568361480721819,0.122256073826826,0.195404480973395,0.280626705915121,0.380006505118046,0.489279905603823,0.584217807958996,0.634239724368375,0.646842993526724,0.637989205467447,0.616965597491014,0.588359976029402,0.556169165364589,0.523593797933605,0.491803039826703,0.461189917955157,0.432431119446969,0.404786160367755,0.378246576792854,0.353200562818103,0.329853006241747,0.308165375510553,0.288106931513595,0.26988579047437,0.25384084901917,0.239771999530985,0.227583966821477,0.217885839715806,0.212058556965156,0.213297898297058,0.222269208267756,0.239148406356343,0.264838293289282,0.293717875921856,0.324188585521658,0.35623539133598,0.39052346100968,0.42662272011849,0.463365393472204,0.499395342705682,0.532752993315296,0.561710973201561,0.58470295934543,0.600370870232469,0.607735150752857,0.606324141161005,0.596238705145247,0.580428401001362,0.561969658760047,0.541747175812695,0.518782354688754,0.491649662194765,0.459674798722179,0.428126445082991,0.403009168810365,0.392604309106672,0.391230785760587,0.391164603776709,0.388643011692447,0.383072110553563,0.375127520846645,0.364201863501916,0.352570297598844,0.337950627099428,0.319092259284501,0.296161234684219,0.269665399545379,0.241007599499551,0.207767122697249,0.172763155248826,0.137147423175789,0.101498907445221,0.0661589415043569,0.0315303308343711,-0.00176368165216101,-0.031082799004012,-0.053703230515332,-0.0698611340187391,-0.0792353439309297,-0.0851777300724919,-0.0896820891739795,-0.0932802052770599,-0.0971568578137146,-0.101605023303324,-0.106512978696173,-0.112812582275616,-0.121376517899084,-0.131315547199388,-0.142240904870509,-0.155554048953435,-0.167778246071955,-0.177895762863967,-0.186072020545149,-0.192727409393864,-0.197928136350836,-0.202018656378476,-0.20501179565759,-0.206384795789248,-0.205210171003418,-0.201408493799972,-0.195000634991443,-0.186119115532472,-0.175274588958914,-0.163110026570058,-0.149836257908494,-0.135924030877568,-0.122503961084192,-0.110273495628592,-0.100225217253869,-0.0940569604842914,-0.0941051093834458,-0.104012553153385,-0.126050909026105,-0.157540270371573,-0.191532945271583,-0.216705797203401,-0.233538558841708,-0.246873312727221,-0.257354630935975,-0.264083576330596,-0.265989696271218,-0.262409939695064,-0.252731599897213,-0.235952793372058,-0.213850473232129,-0.189106498066877,-0.165581308410547,-0.145260317944794
-0.150991948947928,-0.139726204150909,-0.133576111284368,-0.131468946775056,-0.131636696900557,-0.133639730996086,-0.136764767286376,-0.142153550798826,-0.147488377112643,-0.152416848496905,-0.157155953227795,-0.162567059378381,-0.170565784073646,-0.183020469414353,-0.19898937948451,-0.21621527257304,-0.23352996209365,-0.249032920414243,-0.263998502164782,-0.279403288785148,-0.295981528970311,-0.31421916126985,-0.334273459702666,-0.355609855670311,-0.377448429529201,-0.399948039240568,-0.423154567886061,-0.44556735091743,-0.466529040805898,-0.486720070262186,-0.506200070110715,-0.524670842673337,-0.541581442292439,-0.556683222882242,-0.569789466687151,-0.580727090251654,-0.588226755291232,-0.589937418672686,-0.585268069258924,-0.573913254098465,-0.553367113793978,-0.524312392985667,-0.488234305032849,-0.447394057896875,-0.402843034059405,-0.356220076138937,-0.309832973819417,-0.260121851474141,-0.20778552081268,-0.15403323879845,-0.10175200015433,-0.0507326446956858,0.000638655648952796,0.0536303777367943,0.111404677901672,0.176339412394626,0.248511235722232,0.32674727728237,0.40234384858272,0.461417624686107,0.498152151608564,0.514871605069622,0.51609578197439,0.50612119100779,0.489844200711622,0.469986867940733,0.447548193739977,0.423958497304123,0.400621683648478,0.377160110341666,0.353426513446974,0.330165336405595,0.307880551774387,0.286740710938237,0.266881857298761,0.248597200079204,0.232698963905489,0.21916242466999,0.20756452620247,0.198476276650882,0.193641681106005,0.19531679966825,0.205655315234605,0.224498211035546,0.251422460176002,0.283451588551319,0.318012768723999,0.355311804407681,0.395048709257883,0.437002237821287,0.47988944584943,0.522388925180286,0.562846123409292,0.599241535308767,0.629671792224936,0.652271383347817,0.665409552653848,0.6680561092196,0.660389339309489,0.645506701947694,0.625314919890598,0.601238465972618,0.573451107699315,0.543017858226888,0.511389579971547,0.476062708389424,0.437312149448248,0.433435178175342,0.428953661741318,0.425068998378016,0.420877697623232,0.415123584553304,0.406949175911736,0.395335856389644,0.382557245603493,0.367700001739419,0.348526118923166,0.325141531277804,0.29781445116588,0.266143162698281,0.228790688811906,0.188974468680468,0.149341129459585,0.110839996086913,0.0744786217397334,0.0412475523311882,0.0116830403659624,-0.0130965720288284,-0.0320592309139197,-0.0450059421919714,-0.057051435419043,-0.0676635675336961,-0.0774891403703348,-0.0873649545523509,-0.0958866223663183,-0.103611912515693,-0.110621948836608,-0.118380198717121,-0.127852964403921,-0.138639907997001,-0.152280717405152,-0.165559447314444,-0.177154435691183,-0.187145204235003,-0.195114842512122,-0.201068485140063,-0.205665930816284,-0.209247671193659,-0.211809308305673,-0.21278137856631,-0.211639065765476,-0.208280586753175,-0.202802270494802,-0.195320931538027,-0.186348661540895,-0.176574258467571,-0.1660447678222,-0.155463674196235,-0.146104935041872,-0.138579975926684,-0.133672454303781,-0.132959942500623,-0.137943534690267,-0.15049076728105,-0.172141434655922,-0.204085646961123,-0.242981861163898,-0.253234060906182,-0.255032168369464,-0.258451173356525,-0.261883496769177,-0.263867402291566,-0.26329579761441,-0.259206363738704,-0.249259103172701,-0.233659304546184,-0.214026895808618,-0.193769589653591,-0.174789311666787,-0.158121732682152
-0.163557054779719,-0.156054028803203,-0.153111636181564,-0.153479569321714,-0.155995448586319,-0.159949858481336,-0.164718915460151,-0.169643855814106,-0.17619453279776,-0.183188964991586,-0.189387990181071,-0.196447129348186,-0.206611527946329,-0.221869454696885,-0.238858448486039,-0.255874590674429,-0.27367714359643,-0.290644603360363,-0.306075606405913,-0.322935616333357,-0.34169498203664,-0.36239914796988,-0.384953666088446,-0.40858450223918,-0.432654796855215,-0.456736724616144,-0.480756146655446,-0.503320394200256,-0.52479594135612,-0.546088652095869,-0.566566550725774,-0.585639490752404,-0.603076001460787,-0.618507136438829,-0.631619625053179,-0.642261066885297,-0.648348713431992,-0.648113430580215,-0.641393562648082,-0.625487647949726,-0.599172256726725,-0.564885181507146,-0.52537587274671,-0.481744806469633,-0.434954412882283,-0.388650099763396,-0.341672013675606,-0.291821697522176,-0.240703316742644,-0.190329191525432,-0.142966593327311,-0.0982900861771123,-0.0567528571073305,-0.0173789465836711,0.0218682202228536,0.0598768567219893,0.0995179122353674,0.149170802070834,0.21404621309526,0.284922618551824,0.344323143060456,0.384899531740763,0.407675899357709,0.416591796983642,0.415919857011413,0.408427943484604,0.395558761341675,0.379514354990591,0.361740513677825,0.342600917240945,0.321835456914659,0.300446043373778,0.279252984694066,0.258652690441424,0.238965791759185,0.2206045724746,0.204503922119535,0.190967086005854,0.180064570637332,0.171901525679235,0.16830487115413,0.170584808965006,0.18107126248533,0.200690495857808,0.229515422569018,0.263812839199935,0.302569808457341,0.344796512211605,0.3897985649996,0.436855638036509,0.485773220338821,0.535009536501441,0.582961072015389,0.627937741465731,0.667483567389913,0.698888677238481,0.719360289734844,0.725332706254248,0.717083676108565,0.69967902053379,0.676194823444298,0.648266614279019,0.619874125800029,0.592148377272578,0.561579042706762,0.527903611274369,0.497571863096758,0.477779928791107,0.463417479437937,0.452846008488472,0.445757423357393,0.439148951338918,0.4303039418091,0.418142596578477,0.403982780724513,0.388777659790194,0.369345060747545,0.345181005429264,0.314464372240301,0.278774664283457,0.238133888107012,0.19430480908887,0.151559841564533,0.111944272334658,0.0765877788527346,0.0464361797393474,0.0216221861697708,0.0008766371047777,-0.0158565804166132,-0.0280331937561613,-0.0374198065579101,-0.0480722439794212,-0.0599911752824487,-0.0736160875574199,-0.0879700737815412,-0.100639976577051,-0.111597181265803,-0.12298742810477,-0.135352530007775,-0.150435747188111,-0.165421601557687,-0.178723263528918,-0.190477643949,-0.200418473341018,-0.208211376177234,-0.213654919786709,-0.217647664439419,-0.220746668459192,-0.222730948767346,-0.223068788531263,-0.221806182391452,-0.218708623960088,-0.213867651512771,-0.207547259557998,-0.199981917029021,-0.191863172726688,-0.183582292292622,-0.176108863758245,-0.170183645026095,-0.166430760705491,-0.165392757843692,-0.167746477385233,-0.174437525895011,-0.186673128887042,-0.20507897340171,-0.229156410855651,-0.253703060180138,-0.263588946704021,-0.263927319281718,-0.263566219908007,-0.263432035200221,-0.262850654791913,-0.260995156677302,-0.255218479981749,-0.244478107347333,-0.229565150940085,-0.213319869185179,-0.197266235228734,-0.182252358449331,-0.169053979198805
-0.176123518103201,-0.172727447463197,-0.173212631134435,-0.176418090509694,-0.18123419040058,-0.187130093280334,-0.193733476558869,-0.200648259458598,-0.207408738798409,-0.21468485655281,-0.223649191315086,-0.233754741912055,-0.246713941981502,-0.264664222905084,-0.283923425911333,-0.302415914121833,-0.320189603015025,-0.338614904103045,-0.356591293568416,-0.37597897260717,-0.397189738588326,-0.420253892056507,-0.444973288990353,-0.469690817562123,-0.493612038582895,-0.51673130868606,-0.539749717824585,-0.561831365101515,-0.5841154702867,-0.605635920997648,-0.625741389217485,-0.644284470979353,-0.661075334845977,-0.675878318653242,-0.688405711489332,-0.698391360771061,-0.703117890099137,-0.701283081041689,-0.690874959039449,-0.669742368377398,-0.638186260579913,-0.600693826548804,-0.5583603517387,-0.511801571076879,-0.46458233748016,-0.417076944661259,-0.368337047895585,-0.31793641789279,-0.267532850608062,-0.219996987743051,-0.177058951961675,-0.138240278521476,-0.104923353503698,-0.0765847507002854,-0.0559295065444592,-0.0444378574580997,-0.0417060985007925,-0.0336962267148739,0.0300268859748605,0.125108192031295,0.206606300543755,0.266691448453523,0.306831776549367,0.331073743144303,0.34324311554221,0.346099744497305,0.341970477874372,0.332900065819477,0.320334367590988,0.305206439194421,0.287289698836257,0.267632033944575,0.247369462684362,0.227230177937421,0.207659827130716,0.189013977794001,0.172413393923538,0.158388991779537,0.147259348117048,0.139579879247076,0.13669283594298,0.138639507384964,0.148154513655859,0.168160460058962,0.199295198156325,0.237829349371059,0.280973019064876,0.328069292779656,0.378467854976992,0.431804613516246,0.487337610640702,0.544539059513478,0.601856938624958,0.657390046713541,0.708364036782396,0.749635026282982,0.7757593626313,0.782558545688938,0.772335786336552,0.751487704732669,0.725282348999367,0.69910858984987,0.672624819631552,0.644842169849443,0.614534368073077,0.582310999171643,0.551776076236097,0.525088161728496,0.502917357560076,0.484321910591075,0.470141594298245,0.459531021291489,0.448648239082434,0.435069175044059,0.419062793698671,0.403045458926745,0.382900305418823,0.355288652322078,0.320730004668213,0.281071637983799,0.23742164078269,0.191717526413459,0.147782961981686,0.108839836820509,0.0763220474247894,0.0495160145593345,0.0276545067320484,0.00909774892093795,-0.00645207221024363,-0.0178391407547368,-0.0258698130961414,-0.033533970784839,-0.0443711718556317,-0.0577254980292766,-0.0741423049212342,-0.0920663779990086,-0.108184914172242,-0.124474054158145,-0.142892028366366,-0.161461327161234,-0.178110960664596,-0.192760970327924,-0.205581486908334,-0.216190228247183,-0.224247232908874,-0.229689904265436,-0.233145296218338,-0.235602432637881,-0.236639156653271,-0.236217344320994,-0.234561992155197,-0.231717661327097,-0.227083187080636,-0.220605311927644,-0.213255942243795,-0.205943559752291,-0.199012415487566,-0.193544789288965,-0.190426053367173,-0.189975000318078,-0.192428231698236,-0.197673960393071,-0.205012567112636,-0.214105581212094,-0.22531716393166,-0.238777276690587,-0.25170571704287,-0.259833248281667,-0.262381330606862,-0.262294781497491,-0.2613930215339,-0.260172407646832,-0.25684052812565,-0.249372174315015,-0.23809281872204,-0.225452728706505,-0.21264067364248,-0.200209250669127,-0.188731917054007,-0.179425303852655
-0.189772074018304,-0.190415466206066,-0.194300476128212,-0.200181863151899,-0.207519840952691,-0.215734239401596,-0.224474457338761,-0.233386268002976,-0.242114897673314,-0.250485051953486,-0.259024625756573,-0.272104560338682,-0.28954684134385,-0.310999799673797,-0.332685324296296,-0.353589685686502,-0.374444061095481,-0.395219618622977,-0.415686104378604,-0.436945852016098,-0.460557536545164,-0.484551255809862,-0.508331716908368,-0.531256194401022,-0.553311345911144,-0.57440456438718,-0.595297675935193,-0.616687426093508,-0.638022152368256,-0.658301006496301,-0.677425923113021,-0.695235957788122,-0.711503490443503,-0.725941383448637,-0.73819987999809,-0.747641550741087,-0.751322748411897,-0.746969592172481,-0.731682392036549,-0.705263489670252,-0.670965661535382,-0.631422726789227,-0.586678721883198,-0.539200399888581,-0.489969462339799,-0.440204295395931,-0.38888263226353,-0.336991153977159,-0.28633183033384,-0.240417381793674,-0.200221811605197,-0.166611635251418,-0.138118324170943,-0.117762676216921,-0.10889299531527,-0.113483966583843,-0.136829261158952,-0.181227639690572,-0.103860350380507,0.0107065678426799,0.10239474810337,0.172282166053134,0.222504222818741,0.256752217892928,0.277747505810718,0.28806526781764,0.290772136465892,0.287347769223837,0.279073459165718,0.267152530290859,0.251727322803705,0.233735544990897,0.214528145636376,0.194763943602036,0.17497118598686,0.155777079344436,0.138455554056382,0.123715638649873,0.111994844178503,0.103948455923668,0.100378530513556,0.100720516924247,0.108699442338071,0.12914617363656,0.162693767083166,0.205076347566887,0.25410933258034,0.309040384844308,0.3682872423633,0.431187627542128,0.496134104344685,0.561902618661175,0.627514514025308,0.691057140661253,0.748292609345211,0.795841364772131,0.827072789271026,0.833921850665879,0.819215835574941,0.794625144267261,0.769251952183734,0.742475075955295,0.714223883905831,0.685356071406735,0.655177133086657,0.62367202036742,0.59299999031287,0.565221932308263,0.540190720747956,0.518896944275465,0.500147214066786,0.48507554997703,0.471205149256003,0.454831823237905,0.435624572998652,0.416612881679333,0.391076036138953,0.357705111665565,0.318282483182662,0.275035544922826,0.23034920136133,0.184999545104726,0.142964115346693,0.106050442029228,0.0750361238743281,0.0489373155514669,0.0276489603410874,0.0104240878348413,-0.00351965157316769,-0.0140842202667047,-0.0218317567841552,-0.0281948215579273,-0.035835975499097,-0.0474330971675781,-0.0619210376728613,-0.0792729891622935,-0.100046450453505,-0.122955966928193,-0.146439014531255,-0.168028577109042,-0.187806234524073,-0.205488004492633,-0.220345571530405,-0.232376082156571,-0.241579757884873,-0.247676271574122,-0.251112839395729,-0.252887575789141,-0.252879914394374,-0.251684057356976,-0.24957381262249,-0.245817860312633,-0.240140593242748,-0.232880631139552,-0.225125202472099,-0.21731061768645,-0.2102808474951,-0.205578847639879,-0.204139586134064,-0.206458301075164,-0.212364985147961,-0.220797881761966,-0.229474467481657,-0.235782727155968,-0.239595997945977,-0.242867731973265,-0.246711094276808,-0.250639064741828,-0.254309575024552,-0.255896827562627,-0.256311060481083,-0.255142987309516,-0.250181552774822,-0.241761091393984,-0.23212399771862,-0.222314726140552,-0.212632916047553,-0.203474422364266,-0.195903586704623,-0.190968143954837
-0.207197212452051,-0.211132879033195,-0.217436524302808,-0.225563406623181,-0.23534641186531,-0.245990896043066,-0.257067558731243,-0.268261475403439,-0.279190879392303,-0.289702802525313,-0.300186360551932,-0.31282105903694,-0.333189007235973,-0.358905619362412,-0.385145239602093,-0.410041503149548,-0.434163703582493,-0.45780477001375,-0.480471037450878,-0.501957168288186,-0.524451980445985,-0.546973331042085,-0.568216942216395,-0.587876513810046,-0.606585741707166,-0.624529448875929,-0.643314176881002,-0.663656175063727,-0.683460233838575,-0.702541034366283,-0.720799868860311,-0.738053566509296,-0.754034736381524,-0.768398479913211,-0.780783959009697,-0.789825293802423,-0.792085240101246,-0.783624129480387,-0.763671756620756,-0.733970390405366,-0.697901173035691,-0.656455495991124,-0.611036594493684,-0.561234801920652,-0.509591319574758,-0.457908271175759,-0.404569162248744,-0.351618579886587,-0.301008855419426,-0.255334320342135,-0.216034561777254,-0.183309317740546,-0.156888276434388,-0.138643831225278,-0.13090211245038,-0.136825334465744,-0.153213018930596,-0.159916170325057,-0.115707492386103,-0.0364615122425772,0.0415040679338907,0.107069360378011,0.158337204676585,0.196381510988026,0.22212161137464,0.237333445530968,0.244668898963786,0.245342070776506,0.240256561239389,0.23087804379966,0.217614316099966,0.200864511877132,0.182034817033274,0.162023882421738,0.141602719367715,0.121516655809472,0.103160339811424,0.0874040724188403,0.0747901469328042,0.0655039406058443,0.0591668182949953,0.0574740222568157,0.0648634091918679,0.0864373610494468,0.124776839832382,0.174903463816541,0.232768230428269,0.297297717006483,0.365464711610111,0.434511104404336,0.504887462119995,0.575697022034086,0.643907045300104,0.708411279464948,0.768618330031603,0.823744440918154,0.868309057269086,0.880000208195142,0.857837759010948,0.830039582480756,0.800915449696861,0.770713502865247,0.740343864804105,0.709798273528372,0.679354739287575,0.648933830980845,0.619980218102352,0.592710707184474,0.56693534973182,0.544341106712519,0.52455570732496,0.506215342183969,0.490335822431741,0.473860748539865,0.453965821264751,0.429969759577772,0.399338764029621,0.360435748100442,0.316326943015999,0.269393258047908,0.222430928908436,0.178012421596239,0.138244518199859,0.101699868668169,0.0702802607289151,0.0443575407510978,0.02320493696499,0.00643101782844027,-0.00731330457302559,-0.0178349474687899,-0.0252828861366075,-0.0308965352263799,-0.0361718095953661,-0.0440539786953874,-0.0559692260357583,-0.0702238713278615,-0.0901086134030288,-0.116846221835556,-0.144038942961851,-0.169572955490054,-0.193365828017078,-0.214777071657298,-0.233167509027275,-0.247988258380118,-0.258910483522916,-0.266359128813627,-0.270649148770912,-0.271858167728969,-0.271199686261164,-0.268757646822646,-0.264909674376903,-0.259581539415452,-0.252531083968811,-0.243744640934653,-0.234051774988606,-0.224533927213159,-0.216572774293959,-0.211690859909652,-0.21083808952125,-0.214616722321347,-0.223251351528495,-0.235843371540743,-0.248039429530659,-0.251603940652498,-0.247636715150181,-0.243215606624288,-0.240524444798007,-0.24022847678176,-0.242804363067001,-0.247718990622956,-0.251062406106325,-0.250375934096509,-0.245588092470385,-0.238889287170337,-0.23183919949879,-0.22470388701891,-0.217710448502397,-0.211859257352594,-0.208037179917363,-0.206636438512945
-0.23377521507491,-0.240195005252399,-0.248230659249359,-0.257756540817485,-0.268728932051978,-0.280472103892051,-0.29284889164307,-0.305685610948377,-0.318785590081197,-0.331566161741393,-0.344414246150715,-0.359354007076566,-0.379911828034545,-0.407352817399936,-0.438103178745822,-0.467712183444317,-0.495537626318626,-0.521419507936918,-0.544657937556247,-0.563666217413349,-0.581925698196404,-0.601095209681504,-0.619376829703366,-0.635886236885135,-0.65105032010452,-0.66604014083383,-0.68322996244343,-0.701788463913245,-0.720032966876625,-0.737952791515838,-0.755450030437254,-0.772323838886667,-0.788266939610454,-0.802870936369808,-0.81572303975718,-0.824310264376873,-0.823322211320234,-0.810974886591518,-0.788391530469478,-0.757086023355084,-0.7196031795454,-0.67793936513481,-0.631822998440489,-0.581358815795545,-0.529111651249462,-0.475665280983624,-0.419264953002688,-0.362724499286513,-0.308358613341309,-0.259108964397585,-0.217116988337539,-0.181298383214756,-0.153425083211803,-0.133828599072449,-0.123102875196375,-0.122761741339217,-0.126033666828877,-0.118876974401782,-0.0874133603237472,-0.035912434846182,0.0214564312011869,0.074032508463662,0.118940491064433,0.154889201356115,0.181034062196331,0.198132465491645,0.207740890269388,0.210980071679791,0.208131575054188,0.200087263332679,0.187471256435848,0.170291954156905,0.150616550250199,0.129784587548545,0.108239309471839,0.0868372122356156,0.0670747305446845,0.0499569844384583,0.0359411508085962,0.0237271700414391,0.0145738898658813,0.0124996578006432,0.0231087585086809,0.0501327124257125,0.0956735638112368,0.154222935915615,0.218800159470071,0.287825176837171,0.360962356960416,0.435158839145648,0.509530506651812,0.580592017815208,0.647384460572404,0.710536156019107,0.771181892724086,0.829465810944176,0.886158307629185,0.91031164587982,0.876507684493002,0.844246109879773,0.812190621120524,0.78052819900613,0.74912733216054,0.718046325383498,0.688904674002861,0.660719093557693,0.633374498015088,0.607193809831709,0.582032568181318,0.559229205095255,0.539447943886573,0.521284706396927,0.50299158065124,0.486594301353671,0.464464445251607,0.437009820988012,0.403118887007945,0.36197785193966,0.316319913850994,0.268137573306862,0.221579999156226,0.176072912903653,0.133666189714836,0.0958359752726416,0.0632245550384955,0.0363880652299913,0.0141919585851492,-0.00338549051020992,-0.0169375277431335,-0.0274949110111816,-0.0351933999875488,-0.0405106168788674,-0.0446114334594082,-0.0484088537135561,-0.0554407735098439,-0.0669188624117908,-0.0852626347131343,-0.108833473216099,-0.136293900640725,-0.166015160737642,-0.194326834758119,-0.220280297865367,-0.242949375763331,-0.261637656126948,-0.275942959388715,-0.285464693998323,-0.291155537658089,-0.292566353860034,-0.289797792424618,-0.28487089445384,-0.279764354802135,-0.27285286735137,-0.263666565821614,-0.252009049157389,-0.239581403694242,-0.227661435832479,-0.217818268969159,-0.211500563334632,-0.209686338387414,-0.213139901458357,-0.222631783726743,-0.238938166156998,-0.260794140387531,-0.261977329221243,-0.24949014197958,-0.241088947978906,-0.236383975994218,-0.234623771116868,-0.235949132156665,-0.241124020230312,-0.247071755626796,-0.248022897862992,-0.246250500522265,-0.243455230829411,-0.239689266738584,-0.235361326814748,-0.231761185800977,-0.229777307680315,-0.229572558724535,-0.231597175554191
-0.269060402969629,-0.277726442253901,-0.287517456602973,-0.298514898685584,-0.310750202329175,-0.323370956104717,-0.336316093460329,-0.349722732415843,-0.363416218953592,-0.377324000012822,-0.392314901383943,-0.410353195046039,-0.435569637769025,-0.465335184191959,-0.496237891359542,-0.528999847557318,-0.559299715065092,-0.584613139061955,-0.604776981861487,-0.620953927574883,-0.635176443634113,-0.649239883241089,-0.663191243296247,-0.675729989565783,-0.687115624535342,-0.699421832221111,-0.714195959008935,-0.730683883994967,-0.747313269033767,-0.764078738925266,-0.78089483549072,-0.797552017287305,-0.813706056436118,-0.828879830805503,-0.842408029882158,-0.848682308645999,-0.844479775863275,-0.83016017613809,-0.806922510856092,-0.776115643903973,-0.741744872878095,-0.702452842954167,-0.657461276142603,-0.605904335622196,-0.550021583759312,-0.490837877243071,-0.428022604499403,-0.365098463818478,-0.30448828742691,-0.250360736608723,-0.203521842114794,-0.164007718183705,-0.13272954326209,-0.110386363859517,-0.0980896241548858,-0.0913566144966369,-0.086462223032446,-0.0748425086267694,-0.0502634920586673,-0.0146060298440494,0.0265732550153356,0.066933731083356,0.10280899733075,0.132390835333842,0.15535197251357,0.171986148630353,0.182406162548964,0.186596671382116,0.184711044673173,0.176911531221998,0.163947664731765,0.14587855005379,0.124368555822388,0.100686579669258,0.0759588163555194,0.0523109148149045,0.0311849730570945,0.0135362961822689,-0.00247625001160679,-0.0170831919485485,-0.0252328695685968,-0.0233503777275808,-0.00815184248619693,0.0240468414141364,0.0729397909772975,0.133036020595669,0.200818135589667,0.2747554575789,0.353037469929623,0.432445563716269,0.50629704744589,0.576033988371813,0.641663894461386,0.702825145405634,0.759267744256748,0.811527980902885,0.856902236522663,0.87670433874617,0.863905243023647,0.838330955398849,0.808497162274969,0.777141577761674,0.744776673216236,0.71419522288021,0.686609137533368,0.660708906255729,0.635938998687711,0.611861633645421,0.587948704701099,0.565346897102583,0.545714816614007,0.528810829565971,0.511837747577713,0.491872866865428,0.467981321197208,0.43769042765265,0.40231557362721,0.359974845339157,0.313429569290177,0.266650906441135,0.221179520383922,0.175826229228564,0.132451747420378,0.0924398035760947,0.0562634450102947,0.0259062145193855,0.00171581134289925,-0.0176396463292771,-0.0318956509240561,-0.0426425172114409,-0.0503359975900261,-0.0549933925292515,-0.0579003442049478,-0.0598210087447702,-0.0619663565171696,-0.0698236962257792,-0.0839186638016792,-0.103616286021818,-0.129288299819937,-0.158716843587278,-0.190819704279055,-0.221636918740084,-0.249375657196871,-0.272846510908937,-0.291378130766262,-0.305163359202718,-0.312944082199111,-0.31369262508501,-0.308775864947688,-0.300919862851889,-0.294558866110124,-0.284971617429834,-0.272452180790048,-0.257584650262005,-0.241940016903191,-0.226739844229347,-0.213861456101159,-0.204817720676191,-0.201183580471326,-0.203656093809297,-0.212593639852318,-0.227760038002332,-0.245710541183699,-0.248759817450136,-0.240474146391353,-0.234383033894315,-0.231786045686878,-0.232144621207441,-0.234931505978996,-0.239032338711665,-0.24342879173984,-0.249167814066567,-0.252497906165702,-0.254142671102161,-0.254489045819831,-0.254504712282441,-0.255219079716775,-0.256987447379194,-0.260338095944675,-0.265525769232243
-0.31158814826333,-0.322163023275269,-0.333451969849002,-0.346269057968195,-0.360778240613794,-0.375976637115708,-0.391600132151857,-0.407334329329968,-0.422943283929559,-0.437939653323696,-0.453546344834548,-0.472933599715113,-0.500196080861946,-0.532748928730556,-0.564869524778503,-0.59421383205829,-0.622333052390088,-0.646325937616924,-0.664818171609664,-0.677913619638407,-0.688232819653277,-0.698607202974651,-0.707257910949964,-0.714951169938048,-0.722451271756492,-0.731039746155661,-0.741028656692939,-0.753104422897996,-0.766290454966517,-0.780745598629063,-0.79657726164604,-0.813148603577442,-0.829747295959294,-0.845793823295997,-0.858341639596503,-0.861923645380261,-0.85666897584138,-0.845073296245444,-0.826370449945139,-0.801437031310612,-0.770481897257398,-0.731574496943758,-0.684375903707114,-0.629233893451558,-0.568321595856392,-0.501994256210476,-0.430636716267953,-0.358453658182647,-0.289109085132008,-0.227795703252308,-0.174910142050291,-0.131862125335551,-0.0980071925449477,-0.0750727206443691,-0.0610861835634625,-0.0522079727026322,-0.0426477841163482,-0.0294129053803352,-0.00982026529330891,0.0157298109366953,0.0447893239572869,0.0748542559825687,0.102815595447864,0.126162969063507,0.144491117037818,0.159086057445552,0.168780825376517,0.172695043598269,0.170323409672003,0.161573745194635,0.147180818356217,0.127307075723356,0.10352759617897,0.0775140397081437,0.0514075529749956,0.0256753342726726,0.00126113380746273,-0.0199947992118478,-0.0369385575744024,-0.0487775519774397,-0.0531333159827057,-0.0471334393098106,-0.032129156623852,-0.00373183157432666,0.0450801926181846,0.108402348166411,0.180703362269591,0.25990793854346,0.341516641176241,0.421019537645588,0.496731922828152,0.565284907646891,0.628344419728254,0.685861889162251,0.738398130408167,0.785835613476136,0.821235590719565,0.83913803960091,0.83660065458183,0.819743440967952,0.795232042398094,0.766298879808035,0.736550530281804,0.707794781185658,0.681247015381448,0.655976931399439,0.631128110383769,0.607231643226805,0.584421491093508,0.563513610999156,0.546267019533405,0.531792227719463,0.514544018665702,0.491440299616939,0.465321801309258,0.436088577970738,0.401081013954676,0.357351720368374,0.310379182669777,0.262016398357767,0.214877373444404,0.169095886882036,0.127484816718216,0.0890706489000968,0.0515110599969429,0.017019330515614,-0.0123047047727076,-0.0349522641154582,-0.0505283506264276,-0.0616834892647278,-0.0692046673543298,-0.0731321368350403,-0.0744808262795998,-0.0748202990828597,-0.0763265617801454,-0.0781302085209367,-0.0865225691404186,-0.102539232793755,-0.125199262547688,-0.153496574156032,-0.184941839067067,-0.219143897031639,-0.252186713682555,-0.281343536738326,-0.30576721658991,-0.323787477747358,-0.333718396808676,-0.335132869961357,-0.329680931270979,-0.320692937070701,-0.309535278758563,-0.295338323757674,-0.278546102547911,-0.259858666570647,-0.240524008925656,-0.222082990654903,-0.206900449461669,-0.196233917594992,-0.190830562505179,-0.190994585982461,-0.196623351390759,-0.206519575346002,-0.216911889914875,-0.222139622617022,-0.222637634556855,-0.223370719369918,-0.226197261654048,-0.231290025574139,-0.237550539804534,-0.241926977388296,-0.246505332676781,-0.25431427084398,-0.263926291444758,-0.27026893164114,-0.275579923439365,-0.280874332456567,-0.286225729155407,-0.292192986131661,-0.298924570008577,-0.306810425979599
-0.360277908257369,-0.374651257750071,-0.390194550116194,-0.406999010312274,-0.42516001852552,-0.443609418031795,-0.461819464760396,-0.479251489107328,-0.49527498212651,-0.510438889027218,-0.527146236446111,-0.547358894141541,-0.575014222046252,-0.607331454262195,-0.637348920574119,-0.663467677461363,-0.685104768989308,-0.70485908289165,-0.721778246820383,-0.733352708923263,-0.740190726232274,-0.746485753937786,-0.751251970024365,-0.754557718690499,-0.758230572587013,-0.762948333779001,-0.768535764998913,-0.7757503099224,-0.784353123355345,-0.794602124261083,-0.806675017699651,-0.820591176853459,-0.836160791669213,-0.851583498591284,-0.862981829076658,-0.868506724679565,-0.869373171831726,-0.864339117430731,-0.85074751413627,-0.828221388958204,-0.797986542560982,-0.758814916387127,-0.710123685660911,-0.651802305294073,-0.585441455565253,-0.510659465667293,-0.428122795204016,-0.34275985330235,-0.261434055305272,-0.190371967814974,-0.132190092230224,-0.0862140615540587,-0.0529793972319744,-0.0310884346772427,-0.0172310201061689,-0.00747425838126055,0.00287936245740458,0.0163472630635548,0.0324811628231116,0.0510232034690292,0.0711383404272941,0.0929583237324218,0.114280740018032,0.132602844939086,0.146909345519929,0.157407887101059,0.164535711746535,0.167200055990981,0.164144151230206,0.154308832022432,0.137608024120938,0.11556710356887,0.0907680631316219,0.0638274528230767,0.0354327232747424,0.00676833418606694,-0.0189712741784916,-0.0405174035993225,-0.0574723251356622,-0.066595689391457,-0.0706810913136548,-0.0700528827965094,-0.0597796568929146,-0.0338850527630518,0.0148095877915462,0.0806037314699767,0.156860222255388,0.23837670311187,0.319962924791553,0.399301154877114,0.474628458058848,0.543914361627739,0.605012339887753,0.662228997685674,0.714439792147833,0.755875799527751,0.78549141112742,0.801720050755551,0.802635904729316,0.790686384462183,0.770640920401556,0.746278946165294,0.720144273867965,0.694059798837635,0.669568792037206,0.646181446530289,0.622695379598873,0.5994282194056,0.576845353317243,0.555767993609997,0.539324621176136,0.52609102388252,0.509068424889835,0.48654005761126,0.460372362211964,0.434995171305058,0.400741695383294,0.353897426732612,0.303642542510992,0.253183896875762,0.204835628400316,0.158361874783395,0.115710901755198,0.076869413738591,0.0418482697032851,0.00895298039925732,-0.0234693842655441,-0.0511771922498173,-0.070840333651053,-0.0826213649357472,-0.0896553377120732,-0.0931447999330768,-0.0935112956222588,-0.0938410333663173,-0.0927858072338099,-0.0912736587163862,-0.0946226674275223,-0.105851961704743,-0.124865458939399,-0.150832177497884,-0.181672038073697,-0.215281795937391,-0.251837314124586,-0.287678112859605,-0.317832265737698,-0.339732722058167,-0.352296979457324,-0.355422397342855,-0.34985598180613,-0.338276019586887,-0.322385281486245,-0.303167711782731,-0.281431043318103,-0.258911027686482,-0.237494474676482,-0.217955591572059,-0.201360427866136,-0.188663737175626,-0.180477205513876,-0.177184366703365,-0.178558541455558,-0.183620819864227,-0.190427510439335,-0.196998771110398,-0.203276801320573,-0.210858837593509,-0.220651161502079,-0.232026776504342,-0.241703823612865,-0.249925299570531,-0.258168296937352,-0.267212278347725,-0.278878421260368,-0.291655538298159,-0.302223899597154,-0.31243739887929,-0.32270326337186,-0.332798317557014,-0.342711332296967,-0.353752761214577
-0.421594341869848,-0.440999264683708,-0.460555591225578,-0.480593169725841,-0.501321485862486,-0.521685391320277,-0.541002327819315,-0.558825030284049,-0.57564230612192,-0.592394411115399,-0.610358506891666,-0.631392538998189,-0.658705088274603,-0.687917060104968,-0.712471631040461,-0.732723354087985,-0.749307892856305,-0.76264784168031,-0.77378516267509,-0.783325057159505,-0.788409954597741,-0.790652889251542,-0.791973903357557,-0.792990407865044,-0.793764893834635,-0.794157839397907,-0.795278130130809,-0.79811801490482,-0.801916693538637,-0.807710253499602,-0.815831011882019,-0.826790832379891,-0.839922077672521,-0.853065742037149,-0.865888456259876,-0.876888879974473,-0.883354764207652,-0.881811644597822,-0.870689349728148,-0.850637531024664,-0.821940578960318,-0.783551927119141,-0.734807064686142,-0.674873145790669,-0.60381090672692,-0.519582514796198,-0.422343400878883,-0.318116186929926,-0.220169008353355,-0.13858320350341,-0.0764689808936174,-0.0310466489395517,-0.000650436775095509,0.0189106414531167,0.0313806600335208,0.0409570569480684,0.0501328865762573,0.0616587386203079,0.0753235332159442,0.0891226108691556,0.102977203743333,0.118857908164677,0.134822010086284,0.148746616770762,0.159952471758697,0.16729207647755,0.170198171439897,0.169261751598629,0.163827683666409,0.153172279959528,0.137319072098401,0.115385164557218,0.0878552338977352,0.0571443243758866,0.0254714847840509,-0.00255487195405218,-0.0257907197592627,-0.0441827143020242,-0.0585647242334837,-0.0737136680115053,-0.0873495088402175,-0.0934500256323172,-0.0888108313233488,-0.0689253573039338,-0.0236660024438905,0.0438098903517562,0.123005585369197,0.206520106086307,0.289904958539795,0.370599486244088,0.447217204362296,0.51878284721351,0.585779842272827,0.644020470232424,0.692541337288943,0.72966356680202,0.756527406117451,0.770671858999585,0.771679087687752,0.762546319889207,0.745738218865201,0.7242857900972,0.700410530399086,0.675942911729927,0.652347760783753,0.629769455428442,0.606988854341656,0.584705780984145,0.563357251757694,0.543600200822166,0.52776596838947,0.511606814506198,0.492423000899273,0.472511191016807,0.450815006157271,0.430814891997774,0.399293946992175,0.345601039865226,0.292430844238953,0.240307227842152,0.190858269202155,0.14333162333124,0.0997421654615939,0.0601549255584745,0.0244580033573289,-0.00728391840576179,-0.0356649067010329,-0.0640622848079694,-0.0870196104604167,-0.102252333409148,-0.110816258108999,-0.113867528951892,-0.114812953033146,-0.11367620684724,-0.110167061618912,-0.107165500265926,-0.107617617078061,-0.11410177105268,-0.12872440709564,-0.151122767025618,-0.180425171303562,-0.214390803929201,-0.251466052615925,-0.290504062631686,-0.325827108935832,-0.352378902097363,-0.368725814623114,-0.373774486684085,-0.367758900234608,-0.352607499527201,-0.331692153846769,-0.307902413921311,-0.283347365468094,-0.25910243411815,-0.236224890090572,-0.215340274672104,-0.197261674110126,-0.182571912111573,-0.171493166153262,-0.164409047152683,-0.161474716815829,-0.162515194603945,-0.167097951450833,-0.174850916088141,-0.185700486496402,-0.199774226386031,-0.216578324767457,-0.233156687838235,-0.248222106773165,-0.262705069802336,-0.275891437822405,-0.287647391072833,-0.30013994821295,-0.316142090384382,-0.332478783143647,-0.346942490484578,-0.361616169797238,-0.377438047207539,-0.394112888512771,-0.411963570839475
-0.49244107173092,-0.516232700542027,-0.53882403793061,-0.560985265898852,-0.583320434135278,-0.60447452661012,-0.624153691528447,-0.642875053724893,-0.661476738736312,-0.679679903838289,-0.698657095846335,-0.719425252076446,-0.743456608931186,-0.767388467228474,-0.785901386452507,-0.799816703680529,-0.810005674232423,-0.817144110880241,-0.82165819473482,-0.824213468838692,-0.82617329389523,-0.825235372749646,-0.823819370491557,-0.822954821337685,-0.822424773872753,-0.820962177991723,-0.818468787161476,-0.817571067174442,-0.817522956180526,-0.819406939670343,-0.824867669007388,-0.834423833145968,-0.846724416214364,-0.861148883901986,-0.876589552010712,-0.88717889169134,-0.892065500521917,-0.89148277541466,-0.88374191429468,-0.867223097862579,-0.840642363156903,-0.804183723329288,-0.757641703433031,-0.699203304106052,-0.626445543129188,-0.533678209506125,-0.417324030453349,-0.28577181699175,-0.163479281286479,-0.0723666356947117,-0.0106639051791354,0.0296079928267717,0.0555849079293239,0.0719438661248198,0.0830844872931598,0.0916119029701566,0.0992383160136067,0.10722282405748,0.117695172884639,0.128776310962396,0.139123889927402,0.15054208662201,0.16228853887521,0.172736793887283,0.181181629523151,0.186174565442865,0.186299509916327,0.181581677278248,0.174148166091761,0.162960366871816,0.145153737587806,0.120351547805479,0.0898783483670842,0.0572642217709129,0.0278881127204868,0.00330620603461437,-0.0166978491678951,-0.0363801305438101,-0.0574460535123176,-0.0784400531313008,-0.097506153264932,-0.113186750170471,-0.120597770394321,-0.109924570452957,-0.0679703189619492,0.0015201060599247,0.0854347248886896,0.174195093147493,0.262002183969244,0.346041800567811,0.425537639837487,0.502676533725775,0.573037766577236,0.631725020914019,0.677049669533386,0.71169120706688,0.736312214125942,0.748563743001276,0.749888857062078,0.741830992530913,0.726327088277835,0.705885649521625,0.682850334632093,0.658893476168498,0.635497683903409,0.613257564757813,0.590918383549305,0.568851083993956,0.547714100809537,0.527863581631404,0.508292007910633,0.487913637594276,0.467166835027444,0.447685814102767,0.427788155677142,0.406237199016202,0.375234557145723,0.33021081276598,0.279181636688836,0.227273651249405,0.176906064146427,0.128087798316144,0.0830391112516506,0.041971470811482,0.00497013274205652,-0.027700054624447,-0.055511439334991,-0.0791562007624066,-0.0992879619456677,-0.116828556021466,-0.128601475418305,-0.135207116103184,-0.136060740958684,-0.132690515139793,-0.127886760091271,-0.124300992693828,-0.123634219563243,-0.126784117967719,-0.136792497390835,-0.155110915815535,-0.181864954100746,-0.215547301361561,-0.252915813894072,-0.29103910945415,-0.329089699275849,-0.361539608923399,-0.382879411625094,-0.389901410658739,-0.381838431607232,-0.363015146903939,-0.339023671036562,-0.313002441743889,-0.286612566790836,-0.26086649823926,-0.236622224841091,-0.214493488947919,-0.194931396431735,-0.178386831183049,-0.16486845870239,-0.154364876392422,-0.147356472467747,-0.144485130861319,-0.146865618460127,-0.1554854443545,-0.170273867185572,-0.190187805510068,-0.212294296189161,-0.234255156863613,-0.256822424584328,-0.278276893541761,-0.297077430301109,-0.313317847271499,-0.32827140169712,-0.344530495190862,-0.364735920643301,-0.386593334476697,-0.408423036404505,-0.431728847958988,-0.455798798741726,-0.480185906866325
-0.566349800407624,-0.593888033997962,-0.619127320311721,-0.642361768816323,-0.664484898256853,-0.685334417550585,-0.705520394989006,-0.726115672225991,-0.746462199966233,-0.76613188547441,-0.785234182583297,-0.803079252726163,-0.822228430873307,-0.840206420401739,-0.852064256308084,-0.859232909643833,-0.862905940474418,-0.863903161208547,-0.862698613190315,-0.859332576647247,-0.853450926002964,-0.847181488287229,-0.843505458575895,-0.840660721610194,-0.838348334421871,-0.8359209867583,-0.832462169626648,-0.829245963386971,-0.827604425483064,-0.828193720519779,-0.834066224088184,-0.843926404630326,-0.856912092668565,-0.872432756962452,-0.887123895484952,-0.89566776382453,-0.897985168169379,-0.896560490855477,-0.890629786928263,-0.876327801292245,-0.850696629143591,-0.817220773857931,-0.77607458961915,-0.724120885617843,-0.655873167904545,-0.559878079329507,-0.423635875059469,-0.250788940797634,-0.0885023126292268,0.00553577628042353,0.0576006192905522,0.0905553266030269,0.111802014891196,0.125818492336211,0.135661518501669,0.142970770985046,0.148969135199247,0.154572852436432,0.160688013486681,0.169202358788367,0.178038862188387,0.186374559690179,0.194853922991001,0.202589353155157,0.208969241855344,0.212553450634644,0.213443441985615,0.209910086213884,0.199367745109243,0.182156118222472,0.158820396593383,0.129045374982089,0.0967625022770126,0.0676484819967057,0.0443058048079236,0.0228043262727855,-0.00359493386820172,-0.032223242111137,-0.0583789351765631,-0.0807975939388223,-0.10143955071383,-0.121642903746639,-0.138161288636219,-0.142472410978756,-0.113539247692007,-0.0403272052011523,0.0538991427729327,0.150380512714449,0.242928916505789,0.331503914493941,0.416695255241782,0.495060756613333,0.56496929545098,0.624403448027348,0.669559236470157,0.702498286489297,0.724990547420008,0.737148257057318,0.738564392138742,0.729827546456545,0.713861221260715,0.69288391974618,0.669062996435184,0.644394934652992,0.620591035989283,0.598589728283264,0.576389674461599,0.554444824068242,0.533332662854033,0.511111324610424,0.486314959090097,0.462520174787973,0.440171922437142,0.418216056457455,0.3973846551382,0.372779111924044,0.343758460409632,0.308073711143263,0.2645604493519,0.21527152921416,0.164900551431296,0.115587165560695,0.0697656934894015,0.0277070624947127,-0.0101878345053212,-0.0432768298737943,-0.0713423622691242,-0.0950721311185719,-0.113691426260117,-0.126645048266554,-0.140111325957751,-0.150542503577031,-0.15398754866348,-0.150843397162645,-0.145243442638447,-0.141274177576653,-0.140333161646906,-0.142533743486656,-0.148782970362575,-0.163067614067457,-0.186620489721131,-0.217987717629098,-0.253128549609632,-0.291207083926386,-0.329275583496174,-0.366471421564978,-0.39442012147223,-0.402807233383057,-0.392570073805202,-0.371463535846693,-0.345953629175055,-0.318264704292394,-0.290297900330871,-0.263479714967411,-0.23830457685737,-0.215179793363063,-0.194402714721558,-0.176170490928765,-0.160383496478162,-0.146910286966801,-0.135920092288448,-0.12860735735382,-0.127390664111593,-0.135842080661467,-0.154661265887491,-0.180136389402398,-0.207588635730562,-0.237031784208208,-0.26723127717756,-0.296450245551534,-0.322627176482164,-0.343999444710976,-0.361807046869444,-0.380773588963841,-0.404482229579925,-0.432542361638974,-0.461781902547266,-0.490992518663109,-0.521254794071272,-0.551630871237202
-0.63786428381236,-0.668468592929015,-0.694421760841004,-0.717348618047139,-0.738522314719646,-0.758591417656895,-0.77957622765519,-0.801277673564642,-0.822891533664593,-0.842873499990419,-0.859659054223412,-0.873503368474557,-0.887487421481283,-0.898586737587366,-0.902903311871726,-0.902792832580248,-0.899706950325543,-0.894503678812022,-0.88772963958406,-0.879636336273767,-0.869387431292248,-0.855005274978033,-0.843457670035095,-0.838810337231522,-0.83529578037548,-0.832373378363514,-0.830762269613657,-0.830068115128923,-0.830111413437091,-0.834326467808313,-0.841204907382397,-0.849360461230407,-0.860399906238889,-0.875069762912158,-0.890608655147012,-0.898619641413526,-0.895532451278668,-0.892352599215771,-0.890889215556193,-0.880267278482474,-0.848189448462369,-0.817061673177105,-0.784967027045419,-0.745540619740788,-0.690786757024566,-0.604307577808864,-0.461192156375078,-0.241120529324854,0.0110422628791875,0.073139762698473,0.115837686867811,0.145401656441851,0.164821386954998,0.178144085116671,0.187365180731692,0.193847688148798,0.198594603587692,0.202787909796159,0.206877125537367,0.210941223712784,0.217959176736505,0.224690457415518,0.230722984230256,0.236646065015756,0.243221938820838,0.249984944308319,0.253511315776114,0.249926343015443,0.236568121570131,0.212580510888676,0.180018900295026,0.145524335834635,0.113963755397852,0.0888891149605042,0.0648217606212027,0.035434758899121,0.00299869843788577,-0.0286072942327749,-0.0548986109478854,-0.0721235764095348,-0.0885854050047876,-0.110810447037193,-0.132966430311873,-0.15002626675956,-0.153235767905267,-0.0651672358371645,0.0404900722926161,0.141701048017803,0.238970300120943,0.331369413141611,0.417185667083861,0.495185844479692,0.564025975530276,0.622460155859509,0.668936757850552,0.703195542718285,0.725237049694659,0.736572220939456,0.736750406977409,0.726958943329882,0.709050156138992,0.686049890778328,0.660202872151277,0.633870366665204,0.608902909922492,0.586129418234685,0.563763341836203,0.541644644142094,0.519582885512681,0.492942832966604,0.464560287900854,0.439525241203712,0.415451015527625,0.39279460726125,0.369620365144249,0.342871747444081,0.312754232473757,0.278603694908446,0.241581902340453,0.200198352837487,0.154674812123795,0.106237161875177,0.0603244176556667,0.0182839492815678,-0.0191455753154035,-0.0517526490547049,-0.0795826923763514,-0.103015172003353,-0.12178917113736,-0.135567426841705,-0.143499876243459,-0.151546452578705,-0.158551433464921,-0.160354926266186,-0.158163635579422,-0.154682944995352,-0.153891948775045,-0.156251836817791,-0.162324946726756,-0.173339440230689,-0.19216671655648,-0.218375088881139,-0.250887627807276,-0.286510189266904,-0.325091694448293,-0.364294803642208,-0.400575059664478,-0.413274324464281,-0.398199459331679,-0.374422550457758,-0.347814777084062,-0.320128668746668,-0.291657162661595,-0.264407159906059,-0.239030532134272,-0.215643304879423,-0.194160081576592,-0.17492853948994,-0.157611324136579,-0.1418885719132,-0.127406349282916,-0.114842446009145,-0.107724011638326,-0.115162378178092,-0.139813044640376,-0.171108541273567,-0.205365029784668,-0.241219935656052,-0.278297700635478,-0.316228417632608,-0.350963103303461,-0.37842059320283,-0.400783863644059,-0.422916918067701,-0.448262462757711,-0.479550075125783,-0.514148446600588,-0.549666468601736,-0.585186307218138,-0.620892217972786
-0.701782972810137,-0.732703472573368,-0.756576662920121,-0.777553306362233,-0.798026568593547,-0.818977379946858,-0.841033951788098,-0.8642525188265,-0.886683629433375,-0.905201822041348,-0.91921233096697,-0.929805533913906,-0.938936211589769,-0.941670973404809,-0.93749498750943,-0.92982736136573,-0.919878183205185,-0.908284802347249,-0.895487224535192,-0.881903311380707,-0.868654953357755,-0.848227117609054,-0.829227312205231,-0.816408989073863,-0.811149730803861,-0.809400427028757,-0.809797383581585,-0.81412330482569,-0.821562818445924,-0.829457277168033,-0.834336608573688,-0.8401564167062,-0.848573706700072,-0.861275611010641,-0.876271997701212,-0.882010734277929,-0.874357874277397,-0.868065364939027,-0.864116286434095,-0.85322977815255,-0.828069147955012,-0.802860615060636,-0.779231120870162,-0.754098753726614,-0.719797675277732,-0.658939464874853,-0.534938322200041,-0.32131689408312,-0.0515555385026092,0.0905587487564411,0.155643011330524,0.1910578681329,0.21295990874046,0.227439140246495,0.237144630400253,0.243605362516317,0.248215932488766,0.251671382200495,0.254302605223988,0.256385471498808,0.258954769343878,0.263618404523375,0.268882540325797,0.276768121202718,0.286976090624311,0.295899613822162,0.300900334944088,0.298763915173766,0.285049387741853,0.255798533777191,0.216219257437048,0.17474988491122,0.138227518815538,0.104956396110406,0.0736092659891376,0.043245722550015,0.012127154984165,-0.0198652125671281,-0.0456116741977375,-0.0455342366431182,-0.0481788909505615,-0.0731995415017509,-0.0986434261910243,-0.105996902382382,-0.0854514757425438,-0.0272211279055456,0.0613641832397597,0.155726990297804,0.251164363256188,0.342149236934144,0.426752927267032,0.503506766807207,0.571006755053986,0.628100270475413,0.676097270687139,0.713499337391745,0.737040910455388,0.746402585311175,0.744268569465517,0.732211304215726,0.712009732534297,0.685865887531383,0.657233150270311,0.628388803617971,0.60097118907524,0.576400928241297,0.553045876464847,0.530337937019961,0.504746806450435,0.474730921140114,0.445402113196027,0.419571266966714,0.395513087666892,0.372047199725504,0.346929691574713,0.319392985577808,0.288573285797613,0.253507137529954,0.215934259985404,0.177303306334589,0.137995326929717,0.0967982426147418,0.0551953397997969,0.0147509744545916,-0.0213523821360457,-0.0529249726587965,-0.0800423669332054,-0.102841802456565,-0.121480001966698,-0.13560121558714,-0.143445078355439,-0.145372193618792,-0.148165761153585,-0.153366019017468,-0.157204677497937,-0.158539804569427,-0.159003410984077,-0.162205177161831,-0.169477727627209,-0.180194939250355,-0.193725811728691,-0.213977432088435,-0.242045774826797,-0.27424815219974,-0.309237141781428,-0.348832848087127,-0.391492477638551,-0.408209477650936,-0.388792925648372,-0.366203631947668,-0.341564834784436,-0.315709769940607,-0.289102986861038,-0.262647454607691,-0.237913614393432,-0.215217903598165,-0.194133682675223,-0.174667953367662,-0.156564767691534,-0.139223311392198,-0.122236600076764,-0.105297001956235,-0.0890816962126454,-0.0920364871053427,-0.126899298134843,-0.164544165184249,-0.202940080904463,-0.242338830113183,-0.284821140744426,-0.334186227672251,-0.385010571556778,-0.416596905953054,-0.439373243292338,-0.463446618102052,-0.490962625029986,-0.523719780645377,-0.562023780067502,-0.602756739801288,-0.643379591840513,-0.683247709477075
-0.751759691341633,-0.780337871058881,-0.800946593135061,-0.820862702255516,-0.842604642979443,-0.865908443767885,-0.890232543197617,-0.91462672135207,-0.936192107659218,-0.952548740949035,-0.96386536816654,-0.971299407962554,-0.97597318768436,-0.967797484732735,-0.955488965023529,-0.940816989561905,-0.92436057080254,-0.906449454011563,-0.88723253858797,-0.867582592134943,-0.846135912607956,-0.824256366893519,-0.802822268932251,-0.785503495592509,-0.774345808108457,-0.770301964255057,-0.774061848683772,-0.784898057787928,-0.796406419748804,-0.803002149674068,-0.80752851630448,-0.810037423013444,-0.814024099434623,-0.822768466141795,-0.834913887365051,-0.838424040891849,-0.827370084249518,-0.819545107230031,-0.812551496465052,-0.802772328503778,-0.787725096066889,-0.771171513873352,-0.755823867115802,-0.741950245797668,-0.719890392980039,-0.660823633979848,-0.540615938544209,-0.357430267157103,-0.0580675464876054,0.111726264165523,0.189379402470428,0.230712143538568,0.256446817183508,0.273478419306353,0.284854347997854,0.292642064825766,0.297802535080261,0.300975833973862,0.302421640952138,0.302934859433279,0.303402166304128,0.305011381778106,0.312389597360405,0.323505714846239,0.334586404382291,0.344944032439723,0.352772844292464,0.354704204322422,0.34485279836232,0.317441368525378,0.268961662930732,0.211573281928166,0.154130486141011,0.106790219122136,0.0762747774335734,0.0548776567453522,0.0295156074289509,0.00304439432222891,-0.0245665941624065,0.0150068071425089,0.037616743502556,0.000959295814786335,-0.04147811378345,-0.0617951497178658,-0.00379953283361351,0.0454455205148544,0.114053350393868,0.192993003378385,0.27688258155481,0.362795234298061,0.444893679181312,0.519833649550404,0.58657902056507,0.644321943254958,0.693508046408726,0.732446955979925,0.75719432654512,0.766129236046938,0.760950291863688,0.745327974178873,0.721687292667166,0.692639313565457,0.660478095571756,0.627946781772691,0.59713084016862,0.56972027325048,0.54437358908865,0.519052056598727,0.489505208698976,0.458786853185509,0.429476842350276,0.403848117099899,0.380424054372476,0.356191740245819,0.330100879566876,0.301851929038173,0.270543387317634,0.235252081337971,0.19579221441941,0.156665115681488,0.118532253354635,0.0821814106283828,0.0481639030528008,0.0153691139466801,-0.0167302500844445,-0.0466196927701406,-0.0725527773176467,-0.0945917014800264,-0.112248728775142,-0.124734107313453,-0.132208425646493,-0.135164086288885,-0.133331306579699,-0.133042491339366,-0.139431428801664,-0.14676264836706,-0.153196379914612,-0.159234252780395,-0.167005771142298,-0.176543913718582,-0.187937144937394,-0.202375377726989,-0.22262296438354,-0.24941907221416,-0.280283363823173,-0.313397606248593,-0.3446560461806,-0.359175584976301,-0.354853505695503,-0.340848939490769,-0.321970925693401,-0.300497326709696,-0.277377139326946,-0.253887972728899,-0.230780985664925,-0.209592765053376,-0.189826254744728,-0.170963280853227,-0.152892157899087,-0.135638188703596,-0.118851717763733,-0.102609959264613,-0.08864008331665,-0.0930593532653682,-0.125060488118211,-0.161904581732707,-0.199797863248989,-0.241001420105441,-0.287605747014955,-0.342457901844308,-0.42613012763575,-0.446203571715351,-0.469731541016665,-0.497069599328773,-0.527822870865652,-0.561733354022802,-0.600461362480352,-0.642500067201502,-0.686627066462465,-0.730795264171245
-0.775991941420886,-0.804666702375936,-0.825930207948815,-0.84840954891054,-0.872791141961454,-0.898871418812588,-0.925598466243444,-0.949860819275775,-0.969616875972176,-0.984092110795869,-0.991609059634463,-0.991930241387454,-0.985469698409956,-0.973077626509245,-0.955490071238502,-0.935225146957358,-0.913083166010659,-0.889351174614474,-0.864869861485405,-0.840157477136403,-0.814114557084086,-0.789495363322363,-0.766501948188767,-0.745801747975561,-0.732247748217757,-0.72761303126213,-0.731440475884061,-0.740621168782846,-0.749181571506143,-0.755523097901226,-0.758055115129361,-0.758570572757047,-0.757976364715387,-0.758345028072396,-0.760574324237406,-0.757221291263178,-0.749784700357181,-0.746119572556647,-0.742480822516518,-0.737498084263225,-0.729256528163533,-0.718355539560255,-0.706551772293596,-0.694917686118276,-0.677494553625376,-0.598527686209742,-0.439929066854009,-0.183229332480458,0.0754198739227087,0.164836601507729,0.224424371223061,0.266851788860245,0.296477338562076,0.317097806237643,0.331542979301697,0.34135174696889,0.347394723780192,0.350391771541816,0.350857303735976,0.350293198167278,0.351736771159233,0.355414944661126,0.360209350233693,0.369943164614289,0.381432958986231,0.392810987336454,0.403531242406257,0.412091701111552,0.415477142446798,0.395278437334604,0.330604767566557,0.243679191927653,0.158393000928056,0.0930456401899935,0.0678144039241498,0.0669239799657277,0.0517819811685492,0.0440564909150035,0.0556997057563398,0.113273299595214,0.17390670133774,0.101152047901867,0.044496508521123,0.0229795176087084,0.0609018936406762,0.115105954721925,0.176383390706723,0.245637301624985,0.318875739704285,0.394090173376139,0.470311666108488,0.544776117385502,0.612694009968616,0.671800508146933,0.721670782502494,0.759784956621969,0.784275233779144,0.792921293532024,0.786005919822308,0.766161624369223,0.73819810845609,0.705084834167829,0.669065014548017,0.632230010360432,0.59724674789725,0.566213399079692,0.537840197316905,0.507308885192943,0.475950208010148,0.445785279296488,0.416753645998842,0.392806261965502,0.369815630734892,0.345717559492335,0.319139828612973,0.289623101483161,0.258185807463016,0.222531553672866,0.182065955514617,0.141270595760594,0.103789917227271,0.0698802231716651,0.0406719097682715,0.014972873558175,-0.00980974345676277,-0.0340932495351459,-0.0570315568967863,-0.077475487720355,-0.0927648893358862,-0.103408847566997,-0.109998055203486,-0.113527818407911,-0.11295986169356,-0.109855425205433,-0.109757385643705,-0.118644688679388,-0.131663630882545,-0.144006170025183,-0.153556437546306,-0.162070100974218,-0.171872606739992,-0.182807984310057,-0.196271788370854,-0.216602505925526,-0.241400545298265,-0.266918245354455,-0.288408285258716,-0.301282592653819,-0.304391860191028,-0.300099421554651,-0.288925902563127,-0.273637378803687,-0.255559914333421,-0.236351981844552,-0.21670813169984,-0.197519626667573,-0.179514059127159,-0.162467534024985,-0.14614074502565,-0.130713014799719,-0.116760271897205,-0.105318989269418,-0.100230438409139,-0.108054205403382,-0.130495730777173,-0.161421712546679,-0.199391514587387,-0.242647304267407,-0.290000900636908,-0.340474366228821,-0.40574454417874,-0.452661190133558,-0.486047753637681,-0.517757175516402,-0.550533106804142,-0.585536328702196,-0.623756630908271,-0.666307682453201,-0.710445398263686,-0.755215491234596
-0.776484733378787,-0.8071568473565,-0.833395065090964,-0.860259315246236,-0.888387884443671,-0.916813406553479,-0.943817170225172,-0.966967038222804,-0.985437115544603,-0.99873518731605,-1.00221149556198,-0.989762403200975,-0.975229582538417,-0.959103659089607,-0.937796163505022,-0.91324737128511,-0.88637828021447,-0.858063935522967,-0.830073001500264,-0.801351859298035,-0.773212963858352,-0.746802782157924,-0.721626857643808,-0.699490375131987,-0.686292174039722,-0.683254320635765,-0.683293506113507,-0.683174398554661,-0.68513246380942,-0.687312615430639,-0.688311616813934,-0.686696910697867,-0.681965381891916,-0.67352747429647,-0.659477506235486,-0.646426185241571,-0.649335843236879,-0.654154355994404,-0.655490618132701,-0.654504483914563,-0.649812643284486,-0.641287499979136,-0.62888876415642,-0.610563395273265,-0.576164793515238,-0.494470622428847,-0.344733431663869,-0.128996794569931,0.0767414848866149,0.183010961229627,0.249703506751767,0.298989000529712,0.334681661207689,0.360222516310483,0.378012018970048,0.389574127501471,0.396063811591849,0.398461658724337,0.398302681134012,0.399753243555778,0.40299492249295,0.405493359268823,0.407512217909124,0.411704426779857,0.4209068947319,0.431942235037001,0.442624354206178,0.45783093936942,0.478377457282939,0.480610980447783,0.376554941260832,0.264615296446055,0.154215296230497,0.0597112373487501,0.0401960752978081,0.0587633742840473,0.071086825765217,0.0831785225590867,0.105801053066873,0.151059763664486,0.178023042358327,0.155475573554078,0.127550566929515,0.120032820947867,0.144085187335801,0.18853540792353,0.242834461307255,0.304323522864389,0.370305114113427,0.438479777140761,0.50819803749135,0.579557840117728,0.64810015540801,0.709164775621326,0.75958447287815,0.796162021585088,0.818073396203669,0.82522471949889,0.816498539276935,0.79395065799023,0.760956636680226,0.722325187251998,0.681262126476297,0.640123466249669,0.600933589720041,0.565547781399854,0.5320684490285,0.4972739881463,0.464959156232612,0.434918711345236,0.407999508075328,0.38547202682517,0.363947389608136,0.340744629084832,0.313422486484561,0.282953317464631,0.250892490302089,0.214801705586643,0.174581492545437,0.132529516374497,0.0954639131307602,0.0643686468220706,0.0382347024232487,0.0165961260128157,-0.00128703047431179,-0.0185208706922558,-0.0355280873941332,-0.0509261145724172,-0.0628933726838346,-0.072015004781244,-0.0776133213399819,-0.0803074212485727,-0.0811686728557832,-0.0801966857127675,-0.0781150825336508,-0.0807675748380939,-0.0944265555841807,-0.11159876162095,-0.125789716015576,-0.136427740570248,-0.145026528036812,-0.154683455527638,-0.166516043731924,-0.180108136839527,-0.197028383464349,-0.215136682981474,-0.230989394817794,-0.24098272771695,-0.245986158716947,-0.247797739571946,-0.244574576047394,-0.236048625086492,-0.224209895617003,-0.209986925944941,-0.194528824906283,-0.178522223792713,-0.163085445725786,-0.148774527522317,-0.135455093510579,-0.123271677352401,-0.112959860427185,-0.106828099442885,-0.106318230827328,-0.114431210428119,-0.134406562593391,-0.165387942728998,-0.203784645648682,-0.247506071724814,-0.295464098148791,-0.346384051196977,-0.399693155528237,-0.447090200396586,-0.486411389393932,-0.52233307780365,-0.558061372609184,-0.594934513622586,-0.633886357328693,-0.675198512837236,-0.717276919216679,-0.758049893703942
-0.765595581375473,-0.797556568978698,-0.827619041783659,-0.858057861076414,-0.889184885135719,-0.918287789806483,-0.943286429907267,-0.96429336166471,-0.980760203328637,-0.992360931345896,-0.989447321569305,-0.967756524280636,-0.947439855596362,-0.927960706765044,-0.903669697282516,-0.875725944156349,-0.845236674335728,-0.814426958860932,-0.784214920961936,-0.753952636967606,-0.72440575402295,-0.696027362340884,-0.671026678534473,-0.651487301455649,-0.637841156028245,-0.628845487972314,-0.622574170920759,-0.617808144811863,-0.611781430555712,-0.606991477371265,-0.603098369123478,-0.5984758268222,-0.590295512694956,-0.57636901349255,-0.55242525035502,-0.529293623136583,-0.541784203210723,-0.553250170578268,-0.557848407358227,-0.557801088259673,-0.55266353288383,-0.542296529802951,-0.525509260691292,-0.499075913792848,-0.454702171725923,-0.378913487319805,-0.268746589728122,-0.170608947124155,0.0384959239494051,0.180512699527984,0.269214538771408,0.329282577621222,0.371712761158374,0.401302356657415,0.421020700208781,0.43313633613136,0.439062061361963,0.441706816340391,0.443936973307974,0.44668587611088,0.44795289419129,0.447656616398985,0.44683401678707,0.446750685623014,0.448159040626531,0.452918226323006,0.464822795006591,0.483249909073109,0.499408338406346,0.472820024034152,0.383642623659784,0.275620835599308,0.163021078568984,0.0544946435982089,0.0404353460417204,0.0688604705710293,0.0949479415983922,0.118036054647295,0.138891481878356,0.144307226237439,0.160138017696047,0.188688641473469,0.19287957896609,0.198883240305296,0.222071688797816,0.260497406364916,0.307684370625938,0.362392145413282,0.423510777823761,0.489383550448948,0.557968915960362,0.625590703737078,0.691654097915999,0.75467341861724,0.805607650569041,0.840513743409011,0.859277842660656,0.86257887816319,0.851089682225281,0.824967016382986,0.787710120567617,0.743287306509962,0.696294973436187,0.650167470928425,0.606512808618692,0.566993621973864,0.52742938223931,0.490081422661939,0.456434712674936,0.426824469514101,0.401687124686601,0.381579459487034,0.362730052377131,0.34057868977888,0.313380455143293,0.281738583431237,0.248379132981933,0.21180250620221,0.172101887982634,0.131082547839815,0.0947461484342238,0.0659103397677051,0.0434083756236588,0.0253655177719446,0.0111970133630878,0.00102799780842592,-0.0076994753043983,-0.0166551924735656,-0.0249470867998177,-0.0307124291679028,-0.0348344298758573,-0.0365142934004927,-0.037695751401045,-0.0392183651141295,-0.0399608390216712,-0.041612210318417,-0.0479140599028932,-0.0628062731649138,-0.0813096664780895,-0.0964686975205625,-0.109079100995588,-0.120398601337958,-0.131264487779242,-0.141334654353633,-0.151233730462233,-0.161837947998529,-0.17214094461358,-0.180094338945624,-0.184418141763697,-0.187241216317216,-0.190103684601069,-0.188947361574537,-0.183214746940555,-0.17450421519701,-0.163809000047979,-0.152381704098933,-0.140450798161029,-0.129493616208625,-0.119495488683689,-0.110441093621065,-0.104389943250294,-0.101514697790939,-0.103958588710559,-0.116277041883625,-0.139035772190842,-0.170953189482651,-0.209851191776764,-0.252357354203589,-0.296998957989621,-0.343547241335232,-0.390744045173915,-0.435600931480499,-0.476700665556423,-0.515310570644153,-0.553223611813098,-0.591736541492809,-0.630678129495496,-0.670369262980408,-0.710584219303071,-0.748147143381069
-0.745091780698914,-0.778625798884527,-0.81117811692251,-0.843935161968786,-0.874941787450835,-0.90233193471055,-0.924682973169762,-0.941969754132476,-0.953767928577262,-0.958416492601372,-0.948730717062588,-0.925518767360521,-0.902771920151123,-0.881082430421341,-0.854492272645225,-0.823951792483261,-0.792055639962064,-0.761016192246606,-0.730105901809508,-0.698797670609454,-0.667939185271456,-0.640706403447254,-0.618559585574434,-0.600150070448488,-0.581065775313354,-0.56407214895408,-0.550246033739097,-0.539952206997481,-0.530612763930678,-0.520933901153608,-0.512095738317072,-0.501569788885167,-0.489354708258537,-0.474510842218435,-0.453370461303595,-0.43403863378691,-0.440994389254254,-0.449346773010845,-0.452060607196611,-0.450193919280894,-0.442519158055339,-0.428401592522125,-0.406295615586218,-0.373273239187793,-0.324882638119342,-0.25572530906723,-0.16533874386571,-0.0589468780282982,0.0741749746144418,0.199926865780807,0.29353208110735,0.358941738564394,0.404652577802349,0.436396274282307,0.457131878334245,0.46908671551433,0.476611266693877,0.482037534020606,0.485097299785631,0.485799762862637,0.484349401417215,0.480964903474064,0.4765795642833,0.469669164538902,0.464018330656695,0.46567729363477,0.477280343255913,0.487347936631964,0.480517504416794,0.442808807905521,0.372529048163773,0.284559595106217,0.194340797804611,0.121204184548087,0.0947259860216318,0.105834899533112,0.130715117727847,0.159542999634142,0.185169807537977,0.201399622521636,0.21880629358493,0.237512396397961,0.24953418776046,0.261501988310757,0.28554355503161,0.321087587638704,0.364730001733141,0.416063297113124,0.474926427715357,0.539964075009882,0.608700153524533,0.676806229614302,0.742593157973945,0.804347977292561,0.855687174874022,0.889072641474936,0.905214594934883,0.905520577598784,0.88843187842569,0.856523526059218,0.813982227925196,0.765116221407034,0.713200507655188,0.661384940192557,0.613011335256729,0.567935532842576,0.52500269526384,0.485416705520545,0.45012164053351,0.420845776430575,0.397042417559005,0.380237337021389,0.364864408276376,0.345790941187972,0.31920740079281,0.28573216167862,0.250104022288515,0.212838190113641,0.174554106692678,0.136498529299887,0.101731458906188,0.0753418183151969,0.0566023024138104,0.0430492446627834,0.0337831698221828,0.0281165753909801,0.0255774582880276,0.0239099647139151,0.0216044055164635,0.0189644423217194,0.0175894675231902,0.0177564407340825,0.0162664058601498,0.0129583482093225,0.00898263563355439,0.00497080590878496,0.000887336756581265,-0.00618074775132472,-0.0217419462578557,-0.0436924445410772,-0.0632575770502564,-0.0785331368263067,-0.0895906339630603,-0.0982984631524878,-0.10454854940177,-0.109263652223229,-0.113629004266801,-0.117834460957368,-0.121318200918275,-0.123700820898267,-0.12650556743609,-0.131058999394072,-0.132781041418844,-0.129959190592457,-0.124860401833207,-0.118384781181713,-0.110997394452166,-0.102828038505238,-0.0955360902385574,-0.091144126593294,-0.0884272997883695,-0.0898188245614122,-0.0990791988127079,-0.116716213637258,-0.142220697882283,-0.173627771448723,-0.209631800599645,-0.248832137869234,-0.290102007720524,-0.33279054922401,-0.376039908192762,-0.418480552152198,-0.459315043424024,-0.498841969139465,-0.537839668092366,-0.57644173869221,-0.614989377120079,-0.653500121366233,-0.692111919064531,-0.72820691563158
-0.716650203999957,-0.751028381948879,-0.78548726345987,-0.817987449435432,-0.846490164204762,-0.870404402828392,-0.889409537632092,-0.902137068484474,-0.907938631378698,-0.904969118529262,-0.890989944179996,-0.86749078306919,-0.843389697674643,-0.820133815949763,-0.791826860279624,-0.761053344275634,-0.730397269447971,-0.699842387302956,-0.668489574279573,-0.636639234567236,-0.607884480217686,-0.583798055860617,-0.562281576046707,-0.539430993306033,-0.514806028283907,-0.489455687591611,-0.468839527256905,-0.453551483329686,-0.440317064228271,-0.427305201281824,-0.414167594670388,-0.40207401616342,-0.387903782217451,-0.371595248060238,-0.354464206175686,-0.342187002758349,-0.339595032027663,-0.340226276642946,-0.338311229008395,-0.332487403330073,-0.321182186606914,-0.303506739440781,-0.278091842856406,-0.242322671519438,-0.194530513212587,-0.131061061768735,-0.0528366675811459,0.038039056162624,0.139385873306906,0.238975965570414,0.323389077629631,0.388913724789218,0.435787277563407,0.466905862479749,0.487593210523409,0.502222870510632,0.512577972575738,0.517997582736519,0.518960979942266,0.517112005059226,0.51261887251941,0.504522052533343,0.493747283587478,0.482412961737478,0.477050248556904,0.479595662257625,0.480901338193168,0.47452764984198,0.454971982533916,0.416554753013625,0.359823275009509,0.29189399084891,0.225292870830642,0.174447317972813,0.150589049621468,0.15382281461567,0.175502071291746,0.206746216797323,0.236446940260206,0.260115133695093,0.278198524639703,0.291103154843936,0.300121549318706,0.311187769325342,0.333998227986194,0.36799403270213,0.410556291144335,0.461255685753741,0.519171357095681,0.583648050759631,0.651656859196246,0.721061160995511,0.790856248624287,0.856274764088613,0.907334229391357,0.933216583110859,0.947265481372597,0.94886540987019,0.925327230851314,0.883870331060796,0.835924507847603,0.783581977710056,0.728632713353884,0.673143990560067,0.619772545515478,0.569353086225706,0.523551534496956,0.481566365528192,0.445387936860582,0.415745380877677,0.393253512645787,0.379122276637975,0.369350148619354,0.356730168891127,0.331005574262043,0.29396005811441,0.25528911407705,0.217938774300239,0.181414552315675,0.147226530478973,0.116369513868972,0.0936217349858536,0.0794401526037599,0.0715715250459442,0.0678157030504794,0.0668261671486685,0.0677167730799357,0.0702647997894234,0.0744520059984577,0.0779856928659289,0.07980507973829,0.0812140546359568,0.079858703983605,0.0752788845393727,0.0690158241973158,0.0633316073010782,0.0576322318714945,0.0515561765165021,0.0402109918886241,0.0195976687473322,-0.00609510200283798,-0.0267275863392377,-0.0407594503633626,-0.0492789707317042,-0.0545332895645702,-0.0567235085270035,-0.0564007742093531,-0.0560788649849422,-0.0564586391430042,-0.0575678951275014,-0.059274012906951,-0.0632517134706824,-0.0708458564600267,-0.0760915182378239,-0.0771209854565758,-0.0751747266434676,-0.0715382964305799,-0.0674751537650632,-0.0652151609088914,-0.064262370529013,-0.0676964251822509,-0.0769807642164745,-0.091936485269508,-0.11218204246281,-0.137438824372812,-0.167072571146138,-0.200534608951667,-0.236954807179136,-0.275384805334104,-0.314911142910172,-0.354949900834282,-0.395022500122565,-0.434705853841661,-0.473949453832267,-0.512405617590073,-0.550272246474013,-0.587970061164759,-0.625470897496977,-0.662732173103611,-0.699343015176211
-0.680410585335099,-0.715922360589732,-0.749945027289047,-0.78015473995466,-0.804994817803568,-0.8249712230093,-0.839646919708958,-0.847975308769729,-0.848161305873343,-0.839729830935612,-0.822352472808206,-0.797784563345945,-0.772005371050008,-0.747094619264263,-0.719621327660114,-0.690987004043726,-0.661837734920785,-0.631669171214902,-0.600615327813659,-0.571751552697992,-0.546567565476644,-0.522578795874526,-0.496534210126902,-0.467814727256526,-0.43798757268577,-0.408161529201455,-0.38148881847946,-0.360181452801293,-0.342460248714972,-0.326153829967047,-0.309934080381026,-0.294532570085653,-0.281171973594183,-0.267842714131748,-0.252453670195622,-0.238255491276439,-0.228287245383066,-0.220910537458056,-0.214355915501835,-0.206356283449814,-0.194207827257967,-0.175874720652342,-0.150071864400302,-0.1141483663954,-0.0690641175213676,-0.0122138996803836,0.0543598566110299,0.129390302436086,0.210239744016806,0.290439696025362,0.361834200665743,0.419799773891291,0.463796807310246,0.495605564032964,0.518100828707931,0.534552791597268,0.544363595049597,0.547533970126655,0.545933282242597,0.540751049618647,0.53072868841393,0.517476195916893,0.50330760798625,0.493945291181522,0.490801461570162,0.486795749473771,0.475835855507798,0.455999591656141,0.428656829860228,0.393011758993878,0.346792011324361,0.295016279243485,0.24770077847604,0.212512271454055,0.194548722201505,0.197397686212253,0.219253447879652,0.249732920545579,0.282635034914472,0.311197758092513,0.329947094463892,0.338218262675944,0.341358351483953,0.3487906484127,0.36890946027657,0.400845137460397,0.442619467480245,0.493968305140686,0.553298729721269,0.617254003708983,0.683112130880859,0.75205211849128,0.822946563357529,0.893759708219015,0.956257523797658,0.958449149655829,0.968391448759853,0.982202962839429,0.949069739904434,0.898991069137609,0.847059517482675,0.793675804620079,0.737893171793884,0.681627033899576,0.625730787446393,0.571892863528339,0.522316426718757,0.477597247155972,0.439824057842206,0.409823235305259,0.387792369577352,0.375908819905753,0.372618481071298,0.372266026924736,0.346535146856065,0.303019365987341,0.263218777506805,0.226606516848117,0.192005450429013,0.162750240283361,0.139126803482596,0.122654358187334,0.114404369066647,0.112394921730267,0.113762121817563,0.117138518176258,0.121640145741141,0.127073830838503,0.134145495254289,0.143290174728692,0.151118031130783,0.154492592536563,0.152734870359751,0.147159810948481,0.140203575126143,0.133469923072569,0.124380138663337,0.112656040217574,0.0997946295070079,0.0837203592768608,0.0612428729603746,0.0359916158908413,0.0172422277530245,0.006214034063487,0.00136731927809924,-0.000558666557449877,0.000974792918783607,0.00499476583379807,0.0088423248896915,0.0111083363361519,0.0113106115611416,0.00836252492580461,0.000724402692863349,-0.00916803589207472,-0.016756558705311,-0.0209180447245039,-0.0230058267688163,-0.0256049291751446,-0.0280009858757481,-0.0344819590362578,-0.0451170076853406,-0.0593095820267023,-0.0769724887424321,-0.0982372614735465,-0.123230204196139,-0.151608860271686,-0.183016620884864,-0.216979724990397,-0.252808865115029,-0.289776550878336,-0.327239586087075,-0.364986052191521,-0.402990123829826,-0.440549556549486,-0.477586865890536,-0.514285271022826,-0.55076868416904,-0.587271215414883,-0.623831199432649,-0.661666060928416
-0.635429167602495,-0.672580304710529,-0.70435724877855,-0.731341246398437,-0.751886576847634,-0.767768611402631,-0.777969842533855,-0.781781235434487,-0.777651730167523,-0.764799362316543,-0.74427941313728,-0.717851108058462,-0.690713114873189,-0.666780680260101,-0.641755194604036,-0.615222527574419,-0.587272366608168,-0.55818115602225,-0.531130855588674,-0.506072997473811,-0.480213119242048,-0.451146009225131,-0.419551032089481,-0.387097648234089,-0.35418228128281,-0.321121991879819,-0.289030065557613,-0.26169362879934,-0.238355645510336,-0.218167131702433,-0.199396872517528,-0.18129279635348,-0.165471492270031,-0.153141586362435,-0.141219462388394,-0.128834260735613,-0.116267124376035,-0.102630824544427,-0.0900985734759471,-0.0784467318765535,-0.0650721885854929,-0.0475102813601251,-0.0232695912780894,0.0105425183829084,0.0516003086368649,0.0997609336938575,0.154291991019096,0.215160248070369,0.280382486470094,0.345427191210515,0.404845737076749,0.454217170522558,0.493847717148056,0.525768532647399,0.549948312042617,0.564442759362929,0.570514879021247,0.57066603437869,0.565148861126551,0.554866058658201,0.540552147169253,0.524050648226657,0.512300173921583,0.50656205505689,0.498221961631243,0.483539739320401,0.462693104260565,0.437083125632626,0.405975710616949,0.369753705705121,0.331918329052344,0.292745442800863,0.25779705807244,0.232590491202154,0.222393188618689,0.229682857675629,0.250911083698479,0.281276712931176,0.317470429622735,0.351011750060449,0.3713679937526,0.375414118592306,0.371494571909259,0.371883110734823,0.387087014010483,0.416893794047725,0.459243633959816,0.512584813370098,0.573368838428059,0.637192837126489,0.701811888525262,0.767657093868691,0.833786691377954,0.895673034566005,0.94022567382991,0.954898229673315,0.961242810200222,0.960921754738042,0.936828230106854,0.893608047656301,0.843829279931368,0.790974718731504,0.736898264851825,0.681945665599611,0.626092953489487,0.572096318377586,0.520211426837988,0.472512605772054,0.432007962404208,0.400424034985563,0.378358941607389,0.36814850384997,0.366581622502132,0.367119006641615,0.345160381336916,0.307663752782874,0.273022261750423,0.240366570307729,0.207617540863888,0.185286061872665,0.172809221529851,0.164941096814392,0.163157836211415,0.166245383845133,0.172260780472745,0.179615228418403,0.18782013414867,0.19624317267126,0.205462640526982,0.216415432019514,0.228282909267269,0.235383160668506,0.235259317117563,0.229410013097563,0.222368727248932,0.21290988656172,0.198301649424529,0.180612735378169,0.162352544050481,0.145584910091651,0.128696221908102,0.107816806040553,0.0854046363307007,0.0704498194575454,0.0636098406828313,0.0622482318074552,0.0634855279042348,0.0681074751086716,0.0748572619151821,0.0807949604170723,0.084208901798217,0.0844268466900398,0.0792647557084501,0.0689176610822704,0.0569140185353723,0.0448539177252231,0.0334053218029817,0.0228934552537259,0.0117140246898976,-0.000705304172373095,-0.0154959268437776,-0.0329200038139106,-0.0528212263458269,-0.0751509513884067,-0.100040926312868,-0.127561744981324,-0.157390406103609,-0.189230877102702,-0.222709123136762,-0.257335960177197,-0.292641902535649,-0.328265861029595,-0.363662220427181,-0.398896052647431,-0.434062242306237,-0.469224156696578,-0.504397077135345,-0.539744480029739,-0.576924917585125,-0.615567915443081
-0.581784774771673,-0.61947899741746,-0.648943611726137,-0.672131889507806,-0.689115393192217,-0.700282514887743,-0.70626537970012,-0.705664583046601,-0.697729879077012,-0.681426002073448,-0.65788381282518,-0.629819327514349,-0.604055666145916,-0.582509987385198,-0.559624592662335,-0.534720335923004,-0.508818266174508,-0.484587051766764,-0.461148217940426,-0.433793121841912,-0.402679877763605,-0.369637335443694,-0.33527554268656,-0.299973496918486,-0.264094068888216,-0.227982273401777,-0.192093968627912,-0.158918190613913,-0.12971757535313,-0.10458986035996,-0.0829260728618638,-0.0635320923453478,-0.0466968376792582,-0.0338595166779705,-0.0235268311350085,-0.0138303013342225,-0.0023025516075568,0.0118784010349561,0.0269883860171518,0.0421230821972747,0.0590130713158221,0.0784646020487313,0.102342171613958,0.132884760260597,0.167256209718238,0.205078648463056,0.248176811223258,0.296682274888328,0.348453193203892,0.400129774795419,0.448502906479957,0.491594045181248,0.529053003757644,0.559331637538682,0.580000175369825,0.59126501018734,0.59336642296637,0.586796135156771,0.576255613871872,0.561919517963263,0.544359254606622,0.530447835318562,0.52256417574932,0.512277410077074,0.495202880242185,0.471673400636726,0.445400687101959,0.416157700198297,0.383073025841852,0.347618322245138,0.311449671760606,0.279322032296339,0.254487407276438,0.238395925585402,0.23466899975237,0.243962826275057,0.262384607398383,0.292386195219545,0.334366942846908,0.378723519148235,0.399965552181498,0.398763634973092,0.383454217152872,0.372861862647838,0.382870101581207,0.41301159433807,0.458927193609866,0.515909961553162,0.57838470459142,0.6418636287815,0.706253547617048,0.769546281560504,0.828819271387264,0.880869948947254,0.918492621100127,0.937718254566526,0.94170697165773,0.931977351391132,0.908221469081553,0.872894746075853,0.828141578052633,0.777696747517438,0.724769947578718,0.671467584527199,0.616898538906509,0.56287849307959,0.510764926868836,0.462084462078208,0.41957336457492,0.38563143959674,0.364220833076045,0.355916074425259,0.353504369797279,0.348499829818296,0.333487820814783,0.310669197406491,0.286925977478447,0.26338317606909,0.241871872184011,0.225899845651948,0.220363619555856,0.222846593709149,0.226699133337066,0.234017323630225,0.244165174879455,0.255233528588745,0.266675737825526,0.278097190449202,0.289501401780267,0.301806836189658,0.313118543478297,0.321756985635637,0.325145737827843,0.322344834324508,0.312768102704794,0.298949459852194,0.279599864224231,0.256249679754631,0.231681411732093,0.210157481871716,0.193300476716624,0.17852753038035,0.1619239606765,0.144704608766915,0.135013543392709,0.132702231623589,0.134563347822956,0.138889190023676,0.145037277831817,0.153048438480337,0.160463399566671,0.164165965848349,0.162861443221368,0.154034450374852,0.136965710214269,0.118305477860881,0.0989149550349166,0.0788882573951157,0.0592091244756147,0.0406908736978557,0.022423524982665,0.00227801509156587,-0.0196946926979042,-0.0433550921396315,-0.0685518934223996,-0.0954495426000453,-0.124083599784854,-0.154112113168716,-0.185458183173633,-0.217869030670741,-0.251041362880471,-0.284083031548346,-0.316740253766662,-0.349401808855283,-0.382380640022354,-0.415735599407518,-0.449459376104869,-0.484623312157878,-0.522523275695797,-0.562088133794413
-0.519426409335382,-0.555011790452669,-0.584100833976401,-0.604133051194156,-0.617356644084391,-0.62426945030331,-0.625884853812222,-0.62132880488401,-0.609559308064113,-0.590357916701527,-0.565104890482636,-0.53844989610568,-0.514444126476465,-0.494877493525029,-0.474884050239591,-0.452855744851282,-0.431728502055179,-0.409556465258318,-0.382553344946685,-0.351352722569215,-0.317674161642779,-0.282119121958143,-0.245102055272563,-0.207024828963005,-0.168275166739788,-0.12926772195068,-0.0908261296039718,-0.053552075441743,-0.0199307826476082,0.00882707926574516,0.0327308318614222,0.0526387142289472,0.0695772901381567,0.0831554988057941,0.0949660497583422,0.105497988084444,0.115874208971201,0.129349052570038,0.144570753300721,0.159765359028993,0.176044948705124,0.194684033049563,0.217716753705713,0.245763974490037,0.27464791817085,0.303580046103397,0.336627974388312,0.373922888117608,0.413750580093782,0.453451738254497,0.494326319016158,0.53294606287076,0.566449391680037,0.59158889692063,0.607656909385703,0.614133507350371,0.61144367088427,0.600562044664424,0.583311472446013,0.563268419243165,0.54756815141156,0.537693803134008,0.525206214150397,0.506124350547757,0.480641603680317,0.451097543853858,0.419437995769396,0.386869246244401,0.353819952179801,0.321614078292804,0.289925334259698,0.261497629191742,0.241280519476113,0.231065546676749,0.230722236694447,0.236814082324131,0.250618782991126,0.275473837538877,0.317253741344235,0.381326027354785,0.392677632969205,0.3965407245356,0.362461453558776,0.33854192734954,0.349172273652434,0.38660177291096,0.440781580251899,0.503591613807419,0.568484784437118,0.633771569467205,0.69840132985846,0.759805536489315,0.815388193363903,0.861696246295336,0.895293926007317,0.914115262204537,0.917923558117217,0.906573059811043,0.881065226602672,0.846106168642692,0.805075988699482,0.757878819857496,0.707273313110196,0.653608590432712,0.598548512971411,0.543123536987301,0.489745816812107,0.440709843761713,0.397874421643463,0.362128471930473,0.344992408078427,0.342006826328255,0.341671259346867,0.339016203623985,0.33146448298262,0.320533512421662,0.309229399365506,0.299296852466316,0.291608309723016,0.286752614967239,0.289440350029828,0.297576640696946,0.305800850515333,0.316659596401841,0.329977304102372,0.344558875110109,0.358880947216422,0.372863383988869,0.386413412419973,0.399212587210972,0.409417740422516,0.416755437694056,0.421725385269702,0.420182330209539,0.409702155682825,0.391733563340973,0.367797884532438,0.339510154842432,0.309662368456583,0.281119645875097,0.259353278240755,0.245677001411101,0.236690882634601,0.227724114418636,0.218186419987161,0.214645270545958,0.216067047976024,0.220588107983267,0.2266482718953,0.233599165481643,0.241183048276719,0.24676805761632,0.245892596178941,0.237642785126098,0.221436205824392,0.196736248366094,0.170674494358881,0.144658753571575,0.119117268833288,0.0939346910454599,0.0695956114711279,0.0457087395722697,0.0215551418558633,-0.00347464878382825,-0.0293784931139225,-0.0559807200157131,-0.0835975173762592,-0.112144705556732,-0.141495585881045,-0.171715348779165,-0.202055976959392,-0.232267774765459,-0.262359530975336,-0.292447917788253,-0.323033257617097,-0.354377661843352,-0.387137458408552,-0.422797799940434,-0.461369135054609,-0.500526417712268
-0.44789504327947,-0.480595396470724,-0.509232425971878,-0.528032309407362,-0.537772664251472,-0.541256428232648,-0.538131832312064,-0.529829215259619,-0.514635573039024,-0.494053462108662,-0.47060225940298,-0.445629314860575,-0.42330988773911,-0.405264058609159,-0.388798957967655,-0.371450613365866,-0.351724793274255,-0.326943438205666,-0.297437135888537,-0.26391648554067,-0.227834422328727,-0.189728821550422,-0.150286030686387,-0.110062041897902,-0.0694792635473234,-0.0291554645174792,0.0100872742349175,0.0481849555629503,0.084552302361354,0.116196123206679,0.142841816083697,0.164628398532143,0.182356282485999,0.197250674413591,0.211030726217058,0.224203001679354,0.236574381440438,0.249383470007638,0.26362342671183,0.278261030783029,0.293194064108229,0.309398491072972,0.328922981658922,0.35073454414168,0.370816143531292,0.390416298967285,0.413902805878173,0.440685572655937,0.470510187741927,0.50347458930364,0.539155264861565,0.571678334166621,0.598063676317984,0.617150386518501,0.627618970368274,0.628837718223733,0.621019695820661,0.605228594231554,0.583978042077974,0.563687621379582,0.547152484503807,0.529654102552806,0.50790464971216,0.481241200816491,0.451673451335044,0.419864787909349,0.386775246005583,0.353848407252989,0.322967282880838,0.29331748412018,0.265208964695225,0.242067828469394,0.225993272118724,0.217179239834573,0.212717439121673,0.212431282953494,0.216223140965869,0.226301572378803,0.244715556001332,0.267325585752819,0.2827268322072,0.310209370261673,0.263731260750576,0.251549247642429,0.281640325263713,0.33772085654908,0.405873073706471,0.477019989026578,0.547210215323225,0.61614354374564,0.681843510225633,0.742583669451878,0.796297014134242,0.840410605418846,0.87230770663605,0.890012728004648,0.893811030364447,0.88351342593731,0.859378070506248,0.823439260587299,0.7811176350381,0.736230243654616,0.68786806057919,0.633721726017421,0.57496464252794,0.515677819726567,0.459361932029549,0.408893864749814,0.368652385144068,0.340345039985356,0.328729846727191,0.329115726473667,0.332439977158463,0.335339502013384,0.336614751073157,0.339274408912528,0.343557723045493,0.347725708918852,0.353575360346751,0.361085528248866,0.373084524076022,0.386907215819856,0.400149961511175,0.414177351366951,0.430249400375854,0.447711501312473,0.464791029552922,0.480931177211736,0.495827573676125,0.5082966988627,0.517285685307795,0.523820065378073,0.525835366073654,0.52151628967435,0.510569406219493,0.49178792854958,0.463820596480897,0.430146522961026,0.39470987206488,0.360567374380825,0.331401671464381,0.313088320998971,0.308475753167958,0.310993064761814,0.313238734586588,0.312011073841031,0.31301259511567,0.316262989506174,0.321793179326317,0.326385240848182,0.328811772156401,0.328996672299421,0.327314847381338,0.319540239298663,0.303904258269892,0.279697562853812,0.249594178858948,0.218398321977247,0.187476614358964,0.157673596463832,0.128668424545836,0.100380976262471,0.0719151865607826,0.0439594922297048,0.0166637980823572,-0.00997784114934942,-0.0367098212037867,-0.0638476020997098,-0.0913487236163755,-0.118702514599675,-0.145939919298054,-0.173196430827115,-0.200614111294006,-0.228324299761079,-0.256504804190897,-0.285983166795866,-0.318573126271029,-0.354698883938851,-0.393149890219309,-0.430412125247767
-0.367807119876802,-0.397830847642682,-0.424708113821302,-0.443861532016286,-0.451621908104954,-0.451529880356451,-0.445130328769366,-0.432698280201193,-0.417132014451638,-0.397746460688089,-0.375560263994496,-0.351623560178198,-0.329173997004785,-0.312827831534455,-0.302077667003839,-0.288153503782975,-0.267225598224475,-0.240242689048762,-0.208550408883158,-0.173229544486795,-0.135620246138958,-0.0962227482485157,-0.0557689786140818,-0.0148411903966264,0.0261006779872024,0.0666097645705342,0.105994379320493,0.144385770588922,0.18199164922405,0.216527860288675,0.246090979312043,0.270622769430307,0.290589726648478,0.307357930600632,0.323786503867924,0.339554366154149,0.355062119014159,0.370549752038703,0.384292195031413,0.397502579690577,0.410632588813603,0.424008421483083,0.438974877507513,0.453124068025645,0.464178869758831,0.474384741272395,0.487255750041351,0.503704915153314,0.526007476829838,0.551961393061168,0.57955767992756,0.603834533799727,0.622832894371378,0.634268114551838,0.637138733120657,0.631276030622704,0.617319139110001,0.596799985845887,0.577370660280303,0.560480355132813,0.538608976725442,0.51034987383108,0.47897847187712,0.447403038628271,0.416323547970039,0.384854638708492,0.352419597277491,0.321184816468089,0.292978489315485,0.266048168340186,0.24229131763885,0.223626774499994,0.210900954321107,0.200480366901759,0.189040347516593,0.177234556735455,0.165955347297377,0.155510180945876,0.141678376878605,0.119580601420236,0.0847295288029359,0.0560612413408101,0.07224142712941,0.1160381469187,0.187287019414082,0.272653443050293,0.359417647136135,0.441843317589928,0.519896161579691,0.593017338400821,0.660519241671944,0.721460403319514,0.774356448627117,0.817506302985368,0.849276382605306,0.867847284705944,0.872147448300706,0.86317284026162,0.841357610705165,0.807783436509462,0.764870229937744,0.719139798919567,0.670176325707959,0.615285629230382,0.55305816110014,0.487597940299298,0.422745061594345,0.367525743633545,0.33309289035224,0.317886998119691,0.313904542813011,0.317731869083394,0.325651466291039,0.335825101147618,0.347547549432789,0.362496871663823,0.381215372494154,0.401026400139723,0.422235269995512,0.44390830533767,0.467157217944156,0.489059025583518,0.508651185674755,0.526185738151337,0.54494238682884,0.564620540099354,0.584286346247955,0.602171505815007,0.617161445307472,0.628716080958189,0.636548859247895,0.640021715805731,0.638819543267253,0.630989348981191,0.616788819568238,0.597239968623791,0.568316119163383,0.530315094148461,0.487516583862792,0.445234303725372,0.40952976496673,0.387362547830226,0.382923035384809,0.395911183077233,0.414056896590996,0.426704556229035,0.429603836384204,0.429385017520855,0.428081025917304,0.42666395794871,0.423371574246604,0.418803780092371,0.411668872298406,0.401169196339154,0.38530417924013,0.362525227631387,0.331784989383898,0.297467758171096,0.262738986486817,0.228320603356562,0.195088305557835,0.163277780381843,0.132627284179452,0.102196810377898,0.0722403864086344,0.0434871517333916,0.0161420054299042,-0.0101892380391369,-0.0352668826765405,-0.0594239980864055,-0.083346667320671,-0.107434481353092,-0.131969922368855,-0.157170681363777,-0.183298364496185,-0.211866340916962,-0.244342921329878,-0.280294537618573,-0.317149370707796,-0.351755628777217
-0.280484038009333,-0.308220417566904,-0.332902642079413,-0.35201504592164,-0.359903695850677,-0.357029391016068,-0.347954560890735,-0.334555347013308,-0.318353705893303,-0.298770876377927,-0.276244002161871,-0.253071581877891,-0.235261700409926,-0.225032769683821,-0.216260023665385,-0.20173287643557,-0.180553195970786,-0.153064582625289,-0.120371307932585,-0.0844097626212376,-0.0464190611983645,-0.00688345419888528,0.0337041926824957,0.0748476453431194,0.116053743897547,0.156835481215817,0.196457076340921,0.235198758971789,0.273065964761845,0.309581880350165,0.342040303824298,0.369576461515575,0.392695836775641,0.412469537322429,0.431511286326577,0.450724890249396,0.469257830673031,0.488115242575982,0.504921001844946,0.517682425874511,0.528506792887435,0.538729475646321,0.547858575007778,0.553357869745089,0.555828588895046,0.556263046608827,0.560070608925015,0.569461582471199,0.584479539356098,0.601057572706435,0.619680556489357,0.636429715598704,0.648141591536838,0.652419120812625,0.647511516850707,0.633341583710581,0.611957129530571,0.591297510044869,0.573822389049319,0.55184297843762,0.522924529270899,0.488669320148496,0.451892453391731,0.41591246176461,0.381926574307999,0.349601191497467,0.319481205659997,0.291619413936792,0.26572041463866,0.242395462973478,0.22262696548122,0.207504361533386,0.195513431130667,0.180556952835342,0.162528705666571,0.14141985004716,0.116003132685973,0.0848302195547956,0.0449205692494855,-0.00928420781877631,-0.0825995180772209,-0.145879697714512,-0.11648105065155,-0.0305070671062679,0.0881325009209041,0.206720964544055,0.313061562953852,0.407450564172518,0.492259967114348,0.568838540457142,0.637838011617686,0.698995860560076,0.751531077238736,0.794391526566089,0.826479049334138,0.846723430601432,0.853648129409335,0.846638626904845,0.827201017709324,0.796828245365986,0.758179011325331,0.712710568132847,0.66098060269819,0.6030925415744,0.539595767664468,0.468425931821294,0.389869587112396,0.318270787586903,0.292516455215873,0.294899270892243,0.300264977395469,0.309438176917281,0.322431319333216,0.338927001323383,0.359639281256861,0.386423621557906,0.418662421651916,0.453446044967268,0.490115788138268,0.527368148932388,0.564615403116069,0.598925910474936,0.628166666742057,0.652126600154311,0.674106691960147,0.695634559093828,0.716916438131192,0.735736580075952,0.750033584782773,0.759316840421448,0.764304050015699,0.764838718317243,0.760669783933569,0.7504550112367,0.73363216193293,0.710794843656776,0.681082522206569,0.641508966972541,0.592054336189253,0.538457544280175,0.491734147027695,0.46566320366408,0.46852730046429,0.492961732503827,0.525173778612245,0.551225694715224,0.561661617517559,0.556205974009162,0.546079030684945,0.537370104826248,0.528981759028966,0.517836809448366,0.50432761351732,0.487936999656039,0.468312364564282,0.444006095190049,0.414265775664994,0.377806880980386,0.339972521352968,0.302558638603691,0.266361712419593,0.231484806678988,0.198157176645719,0.166298855209267,0.135594743919997,0.106325012189757,0.0786006620967182,0.0528886560737164,0.029066748878793,0.00686592481110013,-0.0144693754098356,-0.0356982066596139,-0.0574109050638913,-0.080021074571914,-0.104744467470873,-0.133101825389012,-0.165137807132348,-0.199210934152337,-0.233480731997661,-0.265609402998223
-0.184816107155125,-0.210553013660968,-0.232821743021248,-0.249914954227103,-0.257958893472065,-0.255442786902705,-0.246362099707966,-0.233381882750837,-0.216711700555833,-0.198780433505241,-0.179585127639503,-0.162219354986387,-0.150585163085462,-0.141234783466708,-0.131278017680691,-0.116957888998977,-0.0963453927415863,-0.0697417058671869,-0.0375531937126383,-0.00170830847504319,0.0363644714374955,0.0761069454068228,0.117004640981428,0.158530783923343,0.200155096605275,0.241337352227591,0.281340925422001,0.320518683312192,0.358691299586498,0.39553204951461,0.430382181805195,0.461042317006493,0.487574075322867,0.510520117356377,0.532728345763422,0.555541556938325,0.57828056780604,0.600699658078918,0.621135231139305,0.636890759852647,0.647160834593889,0.653727606903217,0.655535048196891,0.652295502348531,0.645849702590009,0.638387110419097,0.635011980088688,0.636234223817636,0.641368256073827,0.648729097916034,0.657566292039726,0.666499156972088,0.672124995642434,0.670834429677993,0.658312613863893,0.63525584829801,0.611173314259623,0.589351529754649,0.564448721264437,0.534343417500223,0.499646007772588,0.463634812417908,0.427335536659412,0.390488336744768,0.353756581361122,0.320132150107588,0.289983493405148,0.263906744858575,0.241289716254329,0.222289485119995,0.206550929283872,0.194183900798237,0.179713730419982,0.160737549766977,0.137247807153109,0.108956964722918,0.0749038882260511,0.0331130961039131,-0.0187707481392135,-0.0840312226351173,-0.160679991157094,-0.231219996730509,-0.266797822810447,-0.148036881537656,0.0190398343269505,0.163307110184342,0.282002126822859,0.382304748754287,0.469586300490559,0.547082863433337,0.616094661993761,0.676855886847599,0.729009809286472,0.771868557693866,0.804598615567345,0.826423966670326,0.836032764310532,0.832888418715518,0.817222878321987,0.791340701159886,0.758781944350303,0.717431982592723,0.665223526320705,0.605954221995988,0.541946532476652,0.471225419219917,0.38717697893833,0.289249094112278,0.280870079581908,0.294072461697749,0.300920743926407,0.308554095732275,0.320547894552186,0.339345360755648,0.366774789345813,0.404744450710217,0.451460651042533,0.50273509762769,0.556521747246158,0.610694394567441,0.66287187441337,0.710341487938174,0.75017965349049,0.783106341275411,0.810675041680487,0.836565028219142,0.860158405376439,0.879980784053804,0.892113697670633,0.898112974127023,0.899883970180432,0.897707576327645,0.891453765872598,0.880028313176298,0.862146906991856,0.838204371200879,0.807243713058289,0.766581903128223,0.714430768621208,0.650226882387386,0.583401931093182,0.544245487758464,0.561702381079829,0.609892680749348,0.655162870031973,0.686540584908626,0.701281892582727,0.69931681658191,0.683317800447987,0.663246334690878,0.644469643061907,0.625779966212959,0.605330747103175,0.582443349517694,0.556784619158909,0.528197740874568,0.495792898279364,0.458499982459414,0.41716723483642,0.376577788644091,0.337423372694889,0.300325644516648,0.265318083318918,0.23267581750417,0.201651676569527,0.172400037787819,0.145988056767343,0.122606875644795,0.101837743879359,0.082787156609597,0.0645805797915646,0.0462071552504892,0.0269278649406133,0.00584587203611339,-0.0187151572019287,-0.0471524558382085,-0.0778923004956721,-0.10938825471027,-0.140865189713953,-0.170863300295962
-0.0787840045449414,-0.103353622026799,-0.123882973991421,-0.139722779661947,-0.151264729915983,-0.154097413562166,-0.148699272251152,-0.138629163048813,-0.124978380695469,-0.108735212560266,-0.0950588583051767,-0.0831358027941365,-0.0725005735921598,-0.0623359991966066,-0.0515181358510895,-0.038054356278978,-0.0184165345248676,0.00722759201903245,0.0384679889345984,0.0739469592228415,0.112244358193164,0.152407958596386,0.193830243715213,0.235949724808155,0.278193497894958,0.319950831026951,0.360535122146752,0.400270786292371,0.438812568254065,0.475811254630599,0.511244529746122,0.544710561253745,0.574246268303013,0.600326594373352,0.625413649435443,0.651760750158378,0.67956257697828,0.707331716613659,0.732419036179649,0.751821324109462,0.764097493116881,0.769149847255079,0.76311483582805,0.751095473894732,0.737668813342897,0.722722142624655,0.710185145898931,0.700863984298176,0.694536956850771,0.690646287586261,0.689084496667003,0.690468053315721,0.691527278614852,0.687979739612744,0.668022212876857,0.639196197761208,0.611186815249705,0.580769065829183,0.546911436355438,0.509878906985984,0.472765718664923,0.436949250823965,0.401889331218125,0.367034470923606,0.332654326015092,0.29883102768916,0.269034020934951,0.244126041986035,0.222599533923001,0.205291514748231,0.193028684003934,0.180846038404348,0.164751257290649,0.143392198576424,0.11693119073422,0.0852305980393677,0.0475061213828054,0.0042445044591919,-0.0461778412023283,-0.104275909880984,-0.166878270989595,-0.224818970867498,-0.24840464287615,-0.14032520502485,0.0218648043706546,0.162862895450729,0.275885660772445,0.370645228354805,0.45412123307112,0.528965761445537,0.596030591096586,0.655392689285449,0.706723076049711,0.749465953125957,0.782957297361291,0.806278790835585,0.818926541995437,0.820072416649078,0.810420111115202,0.792128725020659,0.765784123761187,0.728888532106365,0.681735592189219,0.626942812227831,0.567130966825359,0.504983320903227,0.441062510678053,0.382076342772337,0.34879868344064,0.332190854038042,0.319339221501488,0.312885344636487,0.316404929564179,0.333045946405471,0.364988978110879,0.413648442613627,0.475725636097524,0.545399330914483,0.618314542742427,0.691664021547845,0.760426514605308,0.821891648043284,0.873009009733756,0.914964022298481,0.948839472267309,0.978346006342223,1.00404872560985,1.02282332680799,1.03420506936928,1.03939388556543,1.03981653093979,1.03637600788051,1.02950292443979,1.01790994248461,1.00100116243167,0.979260210015144,0.951501174633456,0.913934747632072,0.863204181310636,0.79472163360687,0.703223487411971,0.61446631649494,0.677092487871707,0.76116161520864,0.818892590633157,0.850372267341093,0.86127824553412,0.854817860701625,0.834488663083448,0.802657519170121,0.770292236019871,0.740915398977824,0.713119709037243,0.683649591478066,0.651811923745975,0.617389979314392,0.580421340562077,0.540216999953119,0.496078278490003,0.450085864179181,0.40685856933229,0.366721829032185,0.329644663936225,0.29562570524077,0.264914298645286,0.237438045195434,0.2136382093909,0.193442216728555,0.1764954486775,0.161827577589507,0.148054964238867,0.133854326886429,0.117944492200339,0.0985009792151229,0.0748832418073521,0.0485160876311888,0.0207192622291648,-0.00781727861938658,-0.0369614224646289,-0.0654205812553105
0.0272817845729997,0.00166776551832443,-0.0207113880412255,-0.0397285114415626,-0.0551534727720594,-0.0638876702457522,-0.0633524177361245,-0.0555670139689756,-0.0446724724409867,-0.0338463501591212,-0.0242382689292159,-0.0135306335746197,-0.00271005751912679,0.00848763073363185,0.0202132798607905,0.0335672764656755,0.0524640864383211,0.0773903872523155,0.107844703437258,0.142579311368787,0.180934682909125,0.22168541209137,0.263884328484855,0.306852258746693,0.349967187228612,0.392524764271614,0.433956204950167,0.474424698894965,0.513441716765421,0.550732534512372,0.586406157465719,0.620431730217148,0.652252774322234,0.680697688662001,0.708238434348425,0.737504155298096,0.770025828252808,0.805215217673142,0.83789596959937,0.863082731009349,0.878247234295078,0.8815987882213,0.871514787067519,0.853887665163358,0.83271466658542,0.808212312533178,0.783083537711494,0.759767206835785,0.739925051434661,0.723687104067909,0.710566669005796,0.702414933015835,0.696871288679766,0.693852820349591,0.671082067072754,0.63513149641465,0.598721142166108,0.560428990046907,0.520951845897213,0.482698765878528,0.445841492745077,0.410585142742464,0.376670303678447,0.344394062916119,0.313442706743117,0.284231204843928,0.258128353273174,0.234189832350702,0.214051283154225,0.197829975230731,0.183731140976847,0.168227890307039,0.150445590742489,0.128831987373741,0.102710273845539,0.0713793033088209,0.0356723202718672,-0.00298104547971628,-0.0440406101075662,-0.0866126093457017,-0.125810902520222,-0.147903676218981,-0.127258205727849,-0.0398020741884995,0.0943390631711489,0.208139486836712,0.291404479803184,0.370201840821737,0.44449426826148,0.513544911318103,0.576802207332462,0.633744623378017,0.683827931024768,0.7264516291494,0.760760625668525,0.786061057607245,0.802100846286657,0.808594108350802,0.806399366098211,0.797406301718195,0.778487418123396,0.747700549505188,0.708834831432633,0.664042872500513,0.614959571923025,0.566099640666224,0.521933702258619,0.482376099370057,0.438524814759947,0.388072542272413,0.347367929795138,0.319697266760595,0.307785327343652,0.316271223216374,0.349801272564147,0.409547086840784,0.489513064375404,0.580967844921236,0.676190214608669,0.770141766119574,0.856026571272946,0.930628011365885,0.992447216108097,1.04266629110846,1.0828217683332,1.11495216458741,1.13958859083579,1.15691412620363,1.16792662895368,1.17229736452489,1.17230651599921,1.16903393351185,1.16312034849899,1.15398228054124,1.14172927636626,1.12695645954413,1.10841434226005,1.08217137531479,1.04479369848701,0.992343233309131,0.922517682163245,0.864080086155924,0.91330846526878,0.984971005550981,1.03118040277825,1.04819980240729,1.04040098177774,1.01861199338562,0.987094582408607,0.947877763789022,0.904555370388733,0.863236038571833,0.825884445853403,0.790045296596238,0.752323452633437,0.712122224954405,0.669477151510765,0.624511055101159,0.577009597517151,0.526918826610019,0.477562213440431,0.431975821523826,0.390591415615871,0.353847953858826,0.322495757927091,0.296421640381773,0.27506571899014,0.258532273027858,0.24642825312652,0.23758530628574,0.22982940375926,0.220803051759921,0.207800392241557,0.189742885960165,0.168449420104134,0.146007600918643,0.122853053452122,0.0976322143252097,0.0696291961386101,0.0409504533442407
0.119896923170816,0.090793461311391,0.0657091409510686,0.0449350636067899,0.0281531480412285,0.0157582295791016,0.0114697445026901,0.0136773480825392,0.018192705406038,0.0251329896632741,0.0355733828647658,0.0467985586456897,0.0582756960599441,0.0704814378099224,0.0835246323919994,0.0974147817263955,0.115898051679283,0.140325051887382,0.170174989075609,0.204380765943934,0.242447859099437,0.283700538358709,0.326869795621397,0.37098483706717,0.415274616310623,0.458910694838061,0.501541052615769,0.542995044349559,0.582754096572989,0.62068750319302,0.656495158499322,0.690060157002494,0.721604362040435,0.751147957353435,0.779724392910093,0.810891860165243,0.847697341353892,0.891098660662261,0.935449620050021,0.970715175544592,0.99143657412659,0.99412913925631,0.981845946975621,0.960346269906573,0.929177528735891,0.889930321349886,0.848877730182168,0.810035797470483,0.775432190683644,0.745471653274837,0.71925156328007,0.69825245760555,0.680573776093881,0.666363534768339,0.643539629535993,0.609048141908756,0.569090771193368,0.528512932870439,0.490240727542874,0.453698207392853,0.418632754024338,0.385469492455391,0.354280095478304,0.324725845440861,0.297020985499352,0.273092872802862,0.252558370913657,0.233469965103436,0.215632009900974,0.199378826371585,0.181728780121605,0.163201336969045,0.142769280085914,0.11979044941026,0.0940850610049646,0.0657170970223351,0.0359739366266942,0.00514745293792578,-0.0259050789581501,-0.0537223066312706,-0.0720541253571726,-0.0701548966621414,-0.0358621292026628,0.0391482009361717,0.144780057555843,0.23506699422303,0.303654242361199,0.372402611735863,0.439518240981406,0.503132303305569,0.56230482746139,0.616412527451392,0.664952633151084,0.707271395080499,0.742580015503585,0.77057291426359,0.790910402483957,0.804060059263229,0.810744651568948,0.810050177606671,0.797164016464614,0.774064574407121,0.743161172053109,0.706295955424652,0.667248429179498,0.629992058325936,0.597730480295526,0.575666115200614,0.508764277315031,0.435317622779634,0.372637971854273,0.323302091938529,0.291764825130347,0.286803328070481,0.318538638379944,0.390008529610466,0.492002784700124,0.610516873818912,0.732797636121703,0.849454238785529,0.951735760507825,1.03683479787669,1.10660818085934,1.16233421505044,1.20608809092631,1.23736040859445,1.26060172236276,1.27786163005819,1.28747566452747,1.29087595060892,1.29063281659278,1.28794420289315,1.28355160179361,1.27794210217204,1.2718460950574,1.26585778304142,1.26046460783014,1.25361402714666,1.24287651097397,1.22708630261227,1.21275353577809,1.21343726871007,1.24010433024033,1.26786017231271,1.2828721406093,1.26563672479745,1.22115164808814,1.17347332870681,1.1303790545327,1.08730003577884,1.04046196365156,0.99168760017555,0.944264586240661,0.900364707308493,0.857185453889585,0.811537947626417,0.763202304269897,0.712499218275795,0.659990947244429,0.605911110121354,0.550948375201933,0.499109279065355,0.452148419061709,0.411227040693987,0.376773054920447,0.349276847510846,0.328589860665264,0.314700103433641,0.307417466800422,0.305269450177265,0.304900257174548,0.300911204357573,0.289498282474763,0.272074455069835,0.253094202988298,0.235509175546232,0.218531209725878,0.197276379740644,0.168021418353413,0.135446034473726
0.192813563956236,0.160589080608902,0.13436374353242,0.113084556333304,0.0960026129964509,0.0823030077853121,0.0718765121937865,0.0661069164133636,0.0675672429849312,0.0742105140772852,0.0844381496797495,0.0977873898015026,0.110407401248316,0.123447409513518,0.137860161840384,0.153116619194652,0.17140438319762,0.19560867142214,0.22502436784408,0.258988717089308,0.297000128698829,0.338467413230203,0.382602680598036,0.428082007738733,0.473894464910194,0.519009694167352,0.563218904108894,0.606058922106546,0.647165068951623,0.685971100939474,0.721978497387755,0.754915145000668,0.784846763510676,0.812360716714068,0.839520545923767,0.869660845998625,0.909350892871462,0.963329952870941,1.02449038674226,1.07634287925312,1.10822187853651,1.1136110401856,1.0967303418474,1.06242631912556,1.01653944495455,0.961864788784559,0.903958830044225,0.84904271899395,0.799064850636567,0.754499337797537,0.714465149204575,0.680582712655192,0.656109738723922,0.631878708924664,0.602113051831474,0.56612654163855,0.527473580935492,0.49054657599977,0.455875372086654,0.422904667846441,0.391645569162541,0.362453470999243,0.334885358365461,0.308927010327619,0.286143837762428,0.267424463710112,0.251152179491172,0.236695039518914,0.223382610375863,0.207005506000218,0.187386362192693,0.166475084724152,0.144796774568097,0.121736226500388,0.096483832458114,0.0696479875370599,0.0420460812074476,0.0158091428314725,-0.00692894893799068,-0.0228953865180054,-0.0272007673838767,-0.0135772366888484,0.022876097847309,0.0839711898927565,0.159305087022379,0.23391564819481,0.301721930845418,0.366865089937768,0.430173416228196,0.489988247076295,0.545837554126893,0.5975382485138,0.644794952035016,0.687016515827346,0.724047579474446,0.755505439131225,0.781342995663627,0.802171636813529,0.817853939353073,0.822541653894295,0.815147110110963,0.79847940948632,0.774162145093248,0.744631979430105,0.712572837429697,0.680088186257019,0.645495731740653,0.60185385261086,0.540225309193517,0.466868329141397,0.393378570456772,0.324856113108781,0.268644686502292,0.240821485032998,0.265424936833634,0.353900561677109,0.487724121974012,0.640771090509843,0.794153407367149,0.935139958743962,1.05058707266589,1.13925087028069,1.2113974077164,1.2682400362702,1.3114064152854,1.34130095884766,1.36312359922258,1.38093773089583,1.38874038432535,1.39159950511274,1.39177594515809,1.39013167214281,1.38764240475423,1.38539494064889,1.38404299688121,1.38599113416486,1.39348756837921,1.40740831683504,1.42330921677626,1.4413279427456,1.47218421915451,1.51563177007065,1.5432553543517,1.51890037313856,1.51659895607207,1.45694693905845,1.36292254083198,1.29655667112708,1.24812667477137,1.20605183321015,1.16192977228535,1.11606381489046,1.06756877584643,1.01568434506989,0.964861672932999,0.913657928862537,0.859695464663443,0.80306441152898,0.74456909528674,0.685140823548992,0.625359789334411,0.566582909916677,0.51364243819258,0.467267923657455,0.428199750758974,0.396887959609183,0.374304942653115,0.360800077227536,0.357031310988007,0.362183458473421,0.370827119240378,0.372307848689321,0.360069708618039,0.339911695718919,0.320644396121482,0.30713474153813,0.299533680794475,0.287121916835061,0.251333104198029,0.211103159898378
0.237529094054523,0.207097932674273,0.182845957873916,0.163553146682532,0.147444820936689,0.131441533137367,0.116847265585999,0.108986889527744,0.108157274401217,0.113847845555618,0.124247436611519,0.138588631346861,0.153512187551962,0.167375376681842,0.1828544366683,0.199731269761593,0.218550152379587,0.242707582351786,0.271963886787029,0.305978345029451,0.3442789841706,0.38622632146606,0.431101960899015,0.478013566739071,0.525553705085057,0.572627465331385,0.618878641414943,0.663857752562178,0.706804025365516,0.746903246406974,0.783468463339295,0.816042202857299,0.844474373920304,0.868947497361541,0.890956452567547,0.914442118253699,0.949976975736616,1.02035607366648,1.11254194733244,1.19194062662299,1.23681665016268,1.23815937592006,1.20508654173404,1.15126529079486,1.08711327579476,1.0164781599654,0.943186691166005,0.872392677891097,0.807289250984564,0.748751459339069,0.69775337708719,0.656891599769869,0.621767667991298,0.586756223771621,0.550787744981954,0.514882261915313,0.480681391370579,0.449023348067917,0.419588804445106,0.392037295433928,0.366245634742162,0.342084153124659,0.319115576436679,0.298274023213256,0.280877929980335,0.266763278510152,0.254443113547338,0.243792882279413,0.231098641020201,0.21571687960664,0.197876644023804,0.177587527272561,0.155578014070177,0.132394799271859,0.106909577996494,0.0790888329052445,0.0513471014702485,0.0267756033592718,0.0080356265867108,-0.0020586204509711,0.000293427927264348,0.0186902491996932,0.0561435522416212,0.109454784560255,0.170704211603971,0.234611691275844,0.296824754323878,0.356758980614857,0.415245324099335,0.471440376379271,0.523958577185836,0.572993524206656,0.618544533651431,0.660939623226731,0.700255649670509,0.736472963881796,0.769710041037538,0.799795603752167,0.822729177612789,0.832306976346274,0.829915129734721,0.817133823648094,0.797023494860915,0.773168195916833,0.747611954734205,0.719936567097113,0.685756043838281,0.640849752772636,0.581001339757182,0.507427366682939,0.425596944534016,0.34003540603286,0.254252322187953,0.183714422206714,0.182652668847339,0.304426216294297,0.487284573605327,0.681004992502742,0.863005552557584,1.02928914908213,1.1524596231748,1.23066233407896,1.29851216798747,1.35475353122356,1.39674282174249,1.42513063286575,1.4441525747238,1.45830129849215,1.46717378467822,1.47186516606302,1.47393534937459,1.47431784450219,1.4750383306484,1.47682385479757,1.48044085392203,1.48823456245574,1.50291491557186,1.52540432197913,1.55579257481846,1.59759927384318,1.65085366639689,1.71088922418851,1.69911011673182,1.61391375427411,1.54794655060799,1.47281747102582,1.41161365995831,1.36342558252316,1.33038369866652,1.29824868313047,1.25527278870148,1.21780646585519,1.17896619737083,1.13219978437487,1.07472851232609,1.01422881096985,0.953099524617196,0.890336302964869,0.825744835199826,0.760292171359964,0.695077020841926,0.631380422580895,0.570814248380784,0.517366226767514,0.471649664114969,0.434265571656338,0.406116532936981,0.389209866154869,0.385869994648317,0.398188428940321,0.421127144378915,0.435207131139209,0.414973432752051,0.383054188690995,0.35817349823054,0.343982904832448,0.340093749582273,0.335065914965615,0.295635258778879,0.255256915202472
0.252767898891309,0.230420127604546,0.212083941233828,0.19579867201489,0.179737583206298,0.165591268740339,0.153338933265906,0.144869426772213,0.1421457468294,0.145890030895609,0.156056620487227,0.170224901856527,0.186711645157852,0.202261442127036,0.218360636897551,0.236647088604705,0.256772200278146,0.281094080215825,0.310543648182822,0.344946107737664,0.383902272709659,0.426730226511094,0.472635118523626,0.5207776461972,0.570133755857441,0.619462474595739,0.668484451339281,0.716189357920586,0.761565185593245,0.803584151748763,0.84133480197656,0.874240950003721,0.902224689536056,0.925645662699459,0.945542114050289,0.964100018494252,0.986596984138395,1.09319057031898,1.21996362261975,1.32291722917572,1.3738107939808,1.35795393588189,1.29396175535018,1.21428408260513,1.13002309371083,1.04407550044234,0.95766176450091,0.87489023606657,0.797311095471285,0.728610036181007,0.670460692057837,0.618038064715224,0.571462887799205,0.529208114446709,0.491527682696503,0.458720717700829,0.430030861857283,0.405289922079981,0.383667683839564,0.363601818051842,0.344428620509398,0.32592412996119,0.308504439890463,0.293278565296047,0.280774638698953,0.270209819756728,0.261063278365134,0.250369164452476,0.237143392787602,0.222004895750156,0.205199219868384,0.187243261680606,0.167837014923451,0.146276478658879,0.12049931005986,0.0893943815978631,0.0593143088010362,0.0347084250833873,0.0175927323232265,0.00988771751226442,0.015651373074579,0.0357376964864182,0.0722604847646195,0.12128136864215,0.17621120818156,0.233497306392536,0.290206175560169,0.344093380147397,0.395526243963046,0.445528688619318,0.493788576204778,0.539302381999585,0.582825928104044,0.625346447864623,0.667630615817038,0.710147191259202,0.752956471679616,0.793358712965197,0.822941362643833,0.838529166161932,0.838721967442237,0.826196612918281,0.807233761518874,0.787788617551908,0.770478183857884,0.752594980077211,0.7282049097407,0.692412263233103,0.641893224967212,0.575643805445464,0.494730785644797,0.401948137810848,0.297734740721813,0.18379210370366,0.0753077672722988,0.303007300481263,0.522485437202999,0.735367395892555,0.91958924593085,1.07886377149816,1.20188070845481,1.2852450124942,1.35582885814705,1.41666110978294,1.46423604295318,1.48797516254897,1.50635957318768,1.51946776272397,1.52947049169873,1.53711182670012,1.5431012285258,1.54805117533082,1.55270346411893,1.55764638566068,1.56385775541425,1.57369021525123,1.58937607620591,1.61206565191828,1.64285144137755,1.68550043650166,1.73052671738881,1.75675518287523,1.71481929338843,1.62166885533459,1.50823735075615,1.43326539466056,1.41189220110003,1.38522926492222,1.36519725464264,1.34635797548404,1.31674270944379,1.29591097001288,1.27013472345612,1.23276070877591,1.18039221627692,1.11381119975062,1.04116847790978,0.968642208499045,0.896600818567596,0.825209632332343,0.754869077235638,0.686253621010378,0.619847226554791,0.557725151433367,0.503106146558037,0.456619826014705,0.41897177646573,0.391388517549307,0.378515332957182,0.38985169443775,0.422967959260299,0.463435969783616,0.4207514796119,0.380038108125829,0.352536672322393,0.336232151425285,0.325999719006616,0.313374352233786,0.291663117870865,0.265400538978075
0.245904076150896,0.23456256110768,0.222640679118515,0.210990788114355,0.200728220369987,0.191561073293371,0.183003298435063,0.175146612542372,0.171461375551207,0.173124383604822,0.181205052276525,0.194469579982947,0.210548322068273,0.22728673310097,0.244344693866535,0.263616679897499,0.285375184333834,0.310121720703762,0.340250456198406,0.375531950114661,0.41557029199565,0.459699691644261,0.507030218707382,0.556643206707055,0.607553417739505,0.659530594801115,0.711505059029203,0.762383857357941,0.810856249035651,0.855561599396551,0.895169117874641,0.928944014585019,0.957437905535869,0.982808338293209,1.00887095026933,1.04454221363397,1.10367601465397,1.20090261621959,1.32538566726134,1.44554973704923,1.4884803310783,1.43129761460882,1.33314012501518,1.2324761484609,1.13302737140053,1.03515801163879,0.939126261983365,0.847857334730464,0.765727760602038,0.691150876491674,0.622642052353652,0.559658820315879,0.504244087012127,0.459153658358263,0.422827453869866,0.39467365616352,0.373804975649787,0.359242514353215,0.348219907839679,0.337932605796321,0.326969145107352,0.315262053918914,0.303316180086356,0.292414559512894,0.283159661458341,0.274704559361858,0.264502335439431,0.251272062593645,0.235838019518262,0.218956697301501,0.201547563011228,0.184149512143101,0.167571111510217,0.152437573261235,0.133319214638393,0.0941732717799082,0.06095346180132,0.0354963167603973,0.0190284319242857,0.0140354923877815,0.0223284686810968,0.0436853093870578,0.0795985846211444,0.125729172980736,0.177761327782452,0.231775400388146,0.283111759050804,0.329311535184017,0.371208407163441,0.411514078299954,0.45172434232006,0.491863429517538,0.532091196893577,0.574137775958938,0.619602582165247,0.66989152010318,0.724143237775668,0.775668475371184,0.816481929870602,0.839470216234777,0.838915660669091,0.819369680651409,0.795184301778216,0.779665222426311,0.775859163174899,0.776138338503103,0.770793291944473,0.753591088144201,0.721500199963129,0.673275218915715,0.610031408812807,0.53310509052759,0.447815458504515,0.373636884141703,0.363447572236121,0.464501445764777,0.623106818638942,0.793630044302965,0.953849064222096,1.09381333682335,1.21004770840426,1.30299011916978,1.37953792046393,1.44429230641036,1.49352285143052,1.52647604413566,1.55014121683836,1.56695350971911,1.58019573347598,1.59181918360236,1.60274335741348,1.61315104954846,1.62182389777961,1.62867885691799,1.63511707421999,1.64382043038513,1.65675248409549,1.67333842907541,1.69145889837069,1.72093261651028,1.74954872049959,1.75568094776164,1.71079239561166,1.63265610641162,1.5458453937582,1.47914825039379,1.43644988749427,1.39670817340935,1.38340149606094,1.3839321231701,1.37578498780295,1.36390920391186,1.34713611851902,1.31762151193313,1.26680093837425,1.19991321585471,1.12277014193891,1.0404110947255,0.959313355834719,0.880595962234214,0.803708546919285,0.729120609484619,0.657118125785129,0.587627156367968,0.523126721006457,0.46585417603138,0.416011042209555,0.374055344068137,0.339377463391416,0.338129525433901,0.353909085297252,0.360631188250796,0.346125222356729,0.322558669383191,0.302715499315195,0.289597511777976,0.28127424203904,0.273767514534563,0.264011813771911,0.251932816157316
0.224573291442639,0.223247337515094,0.221659923295106,0.219553704114118,0.216706069085092,0.212865672292084,0.208164559450184,0.202761698229048,0.198285442756559,0.197929496169,0.202418135421208,0.212580222009283,0.226912290998495,0.242483031769721,0.26011044801676,0.280412191695846,0.30335103462855,0.329357586621769,0.360486868987981,0.397408401888697,0.439176839820138,0.485079301831131,0.534187702523735,0.585482901752804,0.63830820475872,0.692430455015915,0.747106409323016,0.801093331109582,0.853236555545352,0.901786793776604,0.944598563945154,0.980000341041339,1.00911940533919,1.03678747414206,1.06842724168749,1.11123948870034,1.17139112452852,1.25171043925833,1.346838516192,1.43100088365318,1.44645999183214,1.38367028651486,1.29218624998007,1.1912485344689,1.08827872054278,0.985672110287305,0.885497955638335,0.791999360877479,0.704395841267896,0.622641092006506,0.546954924799175,0.478313956783155,0.419020789060083,0.372893132285028,0.339499223163451,0.318814146032423,0.309794417196392,0.30976075210614,0.313452739738454,0.315950355883581,0.314761069298562,0.309421318590305,0.301515526748448,0.292659027730088,0.283560375537568,0.272130215395691,0.257341776598365,0.240205383532207,0.221472611278855,0.202248370098947,0.182997078993893,0.164555924575155,0.14717103105702,0.129411185334916,0.107287478963118,0.0789902894760921,0.0511881555933833,0.029023097447262,0.0152575540256343,0.0128667386215964,0.0220051116541257,0.044365072264937,0.0797135312815694,0.12389345246541,0.174896491344887,0.22981234633489,0.280151860911201,0.315770243182112,0.344880386277063,0.372669981141852,0.400718387164571,0.430651222737714,0.463909233276931,0.50224314214647,0.548933771649074,0.605687869553701,0.670354979663686,0.736504633427173,0.796744613415443,0.83468018646565,0.828670528533053,0.78248388717509,0.737407193211088,0.726816471440094,0.750452191269645,0.78459566660056,0.808860098692442,0.816836252013069,0.809454713386468,0.788087602704805,0.755032126744325,0.711523296981359,0.65973006196969,0.615884497887854,0.612197418622322,0.663708214302849,0.759683078420656,0.877843389897865,0.999836988472842,1.11487332901874,1.2176001705387,1.30666220397477,1.38347303051355,1.45054102586943,1.50544768781448,1.54586149277202,1.57674026779755,1.60005337526247,1.61680716902962,1.63409918286875,1.65261699297001,1.67017980428558,1.68332538758228,1.68945468814851,1.6928738824289,1.69718581401305,1.70358356965921,1.71215572049548,1.72284560195832,1.73470771818466,1.74132000041685,1.73127114979977,1.69668932780293,1.64267242802836,1.58229046021953,1.52743552308099,1.48310706494413,1.44996799749108,1.43274392125376,1.4277565305685,1.42444502410892,1.41854866981924,1.4103538550154,1.39120474692653,1.32731968268848,1.2567761479562,1.18021714681551,1.09880983823146,1.01316067951319,0.928400039835264,0.846097436888805,0.76511029707064,0.686170455307037,0.609645849273514,0.535838918583445,0.467556192744698,0.406415654113868,0.352486322321773,0.309344235161698,0.282882484459322,0.268861598632305,0.257416201074225,0.243529888511076,0.229292417371197,0.219132799599599,0.215051195055755,0.215956274022007,0.219329959772795,0.222718075032103,0.224589674598877
0.19584487533707,0.208671594767402,0.219336993283699,0.227329264362035,0.232316955044823,0.2343229474826,0.233570906409891,0.230424962151773,0.225774344643312,0.222697676492975,0.222845468958228,0.227404425743965,0.237202741426193,0.24964906634949,0.265468148043997,0.285959253957581,0.310285366592453,0.338255159884962,0.371087196624665,0.410354673168694,0.454937135797961,0.503308993387201,0.554515589164454,0.607720342784908,0.662408769601905,0.718136735454875,0.774544388259115,0.83148658188972,0.888199877138749,0.943305245124535,0.992581752848034,1.02809650059752,1.05247450856507,1.07594755242694,1.1033745847671,1.1379825656109,1.18206642466646,1.23400257467792,1.2844352370228,1.31520813961166,1.3083767684486,1.26138808364127,1.18649848883268,1.09637053939078,0.998679244849045,0.899627143733868,0.800703333245418,0.703789954233927,0.610440608041087,0.52244113388132,0.442664295561638,0.372535283576377,0.312697842284384,0.266068423635814,0.236127474654026,0.224751745089411,0.232384485156036,0.254238573392549,0.279968079600861,0.299266354149871,0.307654750968508,0.306680544090237,0.299594210124858,0.289629838779598,0.275928792815835,0.258042581958852,0.237406451730032,0.215205593608344,0.192597185113687,0.170199499942108,0.148545605229206,0.128392016929944,0.109021456502312,0.0892772540939051,0.0683885666363808,0.0471073114292479,0.027731211657241,0.0128662996597625,0.0050878065963607,0.00618616859182469,0.0164055701328998,0.0393251160102928,0.0733721695276384,0.114820160602261,0.163233329934504,0.216814564159426,0.268462753940054,0.293864289648331,0.313219903689659,0.33043310503587,0.345648049876584,0.361017485270326,0.380868854887551,0.410383722228875,0.453128660874948,0.510233336835316,0.579214361325554,0.658223044269195,0.744391779091219,0.823703937622839,0.816347825135636,0.680984332942467,0.579487942496645,0.588225999069668,0.680225523073959,0.779578176375183,0.839321441316947,0.87175364676131,0.89141987527121,0.899909129307509,0.898668558571257,0.894691543182942,0.873642418581931,0.831083524263516,0.818834863689699,0.8395344655685,0.892434239671098,0.968097577992468,1.05527784539907,1.14394997406,1.22876026761951,1.30753206351996,1.37974113076927,1.4455867413386,1.50288499996597,1.54636375095972,1.58071859620718,1.6094242878699,1.63388379872433,1.65809965053351,1.68437348939617,1.71013909033087,1.73006231282968,1.73134365139121,1.72714895847202,1.72517971484802,1.72550991834655,1.72725627297929,1.72960098036287,1.72991590546498,1.72449595282131,1.70910310317864,1.68136146766595,1.64314727338567,1.59991882138043,1.55779838942719,1.52118007603164,1.49267282980492,1.4731857577108,1.46107867157021,1.45286673540964,1.44500083252828,1.43199065598044,1.40167858229739,1.34589358797912,1.27860726996235,1.20678685314617,1.13026709541715,1.04979236997022,0.965438083143544,0.879024648233152,0.794591724078673,0.71171330005001,0.629452994416437,0.548217891589437,0.469000069115297,0.394189391152337,0.326424135675432,0.267429681696975,0.218714960416869,0.179941694037496,0.150716245257811,0.130036105473913,0.117843738424623,0.115533928517304,0.123037954906685,0.137881195773704,0.156268105280105,0.173572459019651,0.188824711350932
0.17263379123906,0.199498403244871,0.222211729790856,0.24024735904134,0.253334331592157,0.261374790496772,0.26435223261238,0.262865057864531,0.257936153306537,0.251125127344109,0.245577212508467,0.242786652129204,0.244517614625803,0.250782696909934,0.261614405783715,0.279336759736206,0.304836519626671,0.335911218776736,0.372546124720628,0.415366833892159,0.463983913106099,0.516291914991602,0.570748973184897,0.626498652291793,0.683218547270425,0.740401681179418,0.797786474135737,0.854940310885713,0.911738917088953,0.969205980661668,1.02767118201712,1.05967756236898,1.07219127381574,1.08665832803789,1.10394866445956,1.12469654186485,1.14879242068727,1.17321307281518,1.18949734963132,1.18917840245401,1.16561456648852,1.11788922527279,1.04945858567362,0.967741030657028,0.878416817215522,0.783654056922504,0.684711443207411,0.584506891519698,0.487496454096307,0.397039573213546,0.315267290060981,0.244106669878669,0.184674630538488,0.138552584854634,0.110410915769937,0.106845860307943,0.13726003019432,0.197151424103689,0.258462226355469,0.297635138706089,0.311394008096151,0.307957141658516,0.295823947206275,0.278057398981436,0.255302099214826,0.229653932852772,0.202524309316122,0.175125457270487,0.148209637078674,0.122307836786049,0.0985601592886835,0.0767054604679968,0.0564808552017629,0.0377464961641847,0.0203650428134864,0.00466441341863061,-0.00787654908883765,-0.0157666029001229,-0.0172170125371492,-0.0118626546832517,0.00261883788896623,0.0272249821008664,0.0594430785830266,0.0969358348471768,0.139801265773738,0.184707549053328,0.225765350822016,0.257306813450974,0.279043526519994,0.291709797847963,0.294924794794609,0.290779881586556,0.287744742804745,0.297708451763506,0.327941160418958,0.377187522060906,0.440659507824977,0.514868640651089,0.595489870107691,0.670580913168327,0.637572188452932,0.413951636504412,0.235060455334854,0.300739637754032,0.549298341836378,0.784345436887754,0.842417842742092,0.897908606009842,0.951335090362834,0.994071141963587,1.00781559026224,1.00915049124106,0.999892522197398,0.980726540102433,0.970609714712565,0.977913927143574,1.00590705258085,1.05085029725661,1.10819598325232,1.17277394788222,1.24070479240247,1.30851514823242,1.37323008791653,1.43360104096524,1.48734919525041,1.53213848871385,1.56985114847092,1.60236457274398,1.63117323753816,1.65907404059289,1.68735544860633,1.71377782433023,1.72741949676055,1.72998190124429,1.72779028655858,1.72494848543505,1.72264308554578,1.72020001617012,1.7170145890895,1.71144422446287,1.70122825530982,1.68487627235463,1.6618404327631,1.63295704139033,1.60070265725916,1.56815408321628,1.53807842984542,1.51228618058746,1.49129625846174,1.47413491689333,1.45892218006213,1.44300283136682,1.42310799250056,1.3925788563561,1.33702463051893,1.27337468821294,1.20591380546723,1.13577818762103,1.0618458903417,0.983888145632282,0.902222202775017,0.816779637376218,0.730411330414994,0.645479378670876,0.560730158699902,0.475301864903856,0.389796690478974,0.307042901873685,0.229922561324832,0.158459388063515,0.0930545573681616,0.0448518898297514,0.0134244167452038,-0.00216811116746086,0.00212857419524534,0.024130076924941,0.0558458668986365,0.090865931295082,0.125583504328915,0.157839266777861
0.164388264449279,0.203821593881317,0.237682881149914,0.265371927715612,0.286221286921659,0.299790433980068,0.306113547113183,0.30585438856823,0.299775639172041,0.28882061625596,0.275832944855301,0.263578268330437,0.254173902334463,0.249616344140888,0.251355955209965,0.262737178608945,0.287152855844206,0.323389519468816,0.367919898848424,0.418309437465643,0.473770671866997,0.532256553885405,0.591380194434987,0.649478034246321,0.706173235830978,0.761147792437684,0.814438695013978,0.866702646094352,0.917701887026256,0.966256949547187,1.00815114177517,1.03663418660398,1.05272452620698,1.06337292807484,1.07213973153005,1.07984415420789,1.08633530780338,1.08870995843306,1.08115620389462,1.06048658605621,1.02433242146286,0.97257643785165,0.906059700648448,0.827100221921887,0.738876476726533,0.644062175157202,0.544521796617073,0.443644067746882,0.34510285827811,0.252663986301457,0.16985111846863,0.0999137074201713,0.0442190429185674,0.00131380129203715,-0.0296756475885535,-0.0421867747346544,0.0119453083314561,0.155290662090182,0.277227800539839,0.327590835532649,0.326922930768856,0.306967829667721,0.279982032976197,0.248985132710429,0.216093820353396,0.182576709722058,0.149507752031696,0.117363088374374,0.0868938432791445,0.0592476089161316,0.0347204728145886,0.0129702041546155,-0.00619501536764711,-0.0228995306922504,-0.0369643153013667,-0.0481003696595605,-0.0552388118384227,-0.0571796957846221,-0.053627929409776,-0.0437613690005626,-0.0252405429322822,0.0014177292103946,0.0333777799171209,0.0696532959192693,0.109450673837177,0.150402720192551,0.189668605394424,0.224872145263938,0.252981075675059,0.268688648361921,0.263651186784801,0.232820214063163,0.188999633968697,0.163253564005607,0.175081103834977,0.214810582861963,0.266729815905148,0.319744627473738,0.361579818465587,0.369059103707668,0.30692054475464,0.126260638327002,-0.0748289042189413,0.120173254052439,0.382682716293503,0.606363729928073,0.759730442935211,0.869160882887666,0.957570155272124,1.02562083255859,1.05542037876817,1.06862056433017,1.07580447964516,1.07175369155386,1.06658538237581,1.07148984117009,1.08928879773868,1.11900451407615,1.15759487935483,1.20295438119872,1.25432157692947,1.3093526079106,1.36524615466444,1.41924300090284,1.46920744847932,1.51278960850912,1.55054703345327,1.58375002528722,1.61259161206113,1.63749711066783,1.66003640358141,1.67872876173644,1.69138694867325,1.69808684587926,1.70037443825249,1.69990927596761,1.69794652942906,1.69429380350276,1.68883535800714,1.68113861867483,1.66991259852487,1.65438921918833,1.63452738392965,1.61114401222738,1.58555325462987,1.55920414538152,1.53347153829927,1.50928461109555,1.48692906519257,1.46567668357593,1.44411739026558,1.42019231682266,1.39126018208152,1.35328017877971,1.30465165917597,1.24830956039292,1.18717148481375,1.12196223682981,1.05347712484386,0.982569759415279,0.907654515084247,0.828812992648306,0.746254394392041,0.659900103504932,0.57173551807783,0.483182192810295,0.393438684028877,0.302812459445352,0.212978693359921,0.126051365708943,0.0437816722533834,-0.0285323324965366,-0.086634482380882,-0.119313170379908,-0.11025696525877,-0.0680264113981876,-0.0135816325028259,0.0420647630313851,0.0948285622859073,0.142628592218087
0.184911599418089,0.234034174651729,0.276971050043234,0.31286757250116,0.340629989072971,0.359162610661383,0.368439742325985,0.368896806701757,0.36125105200894,0.346392345636583,0.325542204715538,0.3020343764408,0.278377575075433,0.257985442803588,0.243930224796135,0.243493530909503,0.263750842154757,0.306622743438332,0.364288397803795,0.428202053786454,0.492839099227216,0.556677155308214,0.617880073751272,0.675659040940602,0.72990087714562,0.780929927836744,0.82901670895444,0.87368085014181,0.914103525626285,0.949367185747838,0.977799198207852,0.998005664954405,1.01009704099234,1.01572579872493,1.01656296703817,1.01322824279002,1.00570728231947,0.991342157610575,0.967373927667379,0.933575653189248,0.888511551806241,0.831270159515517,0.762074365570633,0.681437278743588,0.59184114353633,0.496612038403738,0.398005397930442,0.296377476158448,0.195029566443555,0.0986152664058593,0.0132205458155272,-0.053280273178305,-0.0962417293915137,-0.119573361196274,-0.128496775591424,-0.117934178161511,-0.0311448123514282,0.172429617014534,0.389277774416479,0.365095778640062,0.318441620202652,0.274364418345631,0.232150462759121,0.190957540069844,0.150930653500594,0.112567097395952,0.0760135282244243,0.0419211002695952,0.0110839494366844,-0.0162570899285829,-0.0401622960537677,-0.0607571917047313,-0.0782499131087956,-0.0925854519359921,-0.103585295029548,-0.110992957112765,-0.113859204106915,-0.111704279882634,-0.104677697765273,-0.0904264243681635,-0.0682597204389853,-0.0399891929352872,-0.00817701689784994,0.0275980041763697,0.0667009486953718,0.107904049016542,0.150033220473437,0.192044963707994,0.232499244064454,0.267448174640932,0.279588636660454,0.217461906053706,0.0920571338867684,-0.00451781724920283,0.0167799866668586,0.0562880066121544,0.0981974603611728,0.136545608271906,0.162436782753029,0.165184678994894,0.137698253354035,0.0939529408867615,0.0937219524136366,0.193493175079302,0.361600806354724,0.540942974257769,0.700165134552812,0.830669326798288,0.931974778233977,1.00520101710579,1.05323099108646,1.08368347774072,1.1029060289328,1.11146394281875,1.11538379587805,1.12340553236509,1.13882137076773,1.16199045874029,1.19245713777567,1.22885527385539,1.2695387018838,1.31306554261018,1.35820859056959,1.40332907677542,1.44701037309598,1.48653634758431,1.52076827896056,1.55077167976993,1.57657725101261,1.59790286176872,1.61565211838824,1.63055883921385,1.64206480496482,1.64991025704354,1.65464212802092,1.65659610145784,1.65612839433006,1.65310226618317,1.64759880740987,1.63976701693008,1.62911381309638,1.61503961968048,1.59776833210967,1.57783829555305,1.55602767998347,1.5331963028005,1.50991543185895,1.4865529223944,1.46310323165936,1.43895993933288,1.41319429655475,1.38447845114794,1.35114833707414,1.31153548471634,1.26481599317591,1.21251203085199,1.15574917682592,1.09571850096108,1.03271137218136,0.96688904434924,0.898205075603811,0.826465633166397,0.750283338772349,0.669520080332193,0.584624038198975,0.495900510685467,0.405492960172049,0.314589946661975,0.222163211938689,0.12913693176414,0.0380208914220295,-0.051213857675243,-0.140142152430727,-0.226828502667795,-0.187679725085736,-0.107974378391434,-0.0331257201752872,0.0362698951751033,0.100066201804664,0.158179569983926
0.240155056682533,0.295256043629879,0.345103560270518,0.388569822409399,0.423399482247959,0.44709785423887,0.458803333121122,0.4597169389879,0.451046454752267,0.433399950980403,0.407005233245868,0.372769266706841,0.333189711867033,0.290581505236234,0.249121219086881,0.221698638120758,0.231828284954159,0.287589654746354,0.367840370337549,0.451041984027667,0.527971056936557,0.596437924255249,0.658290248801633,0.714092381445254,0.763872913130212,0.807567652953909,0.84558520476906,0.878577711120897,0.906438499249473,0.928722448696781,0.944869756450973,0.954551641136925,0.957978304693477,0.955763735069519,0.94818680901981,0.935550818817086,0.916852330315988,0.890294584491857,0.853870037890684,0.808970827650489,0.755738518671266,0.692316316195461,0.619152856608164,0.537785605462096,0.449537413161943,0.356081428277987,0.259066045110335,0.158936166005526,0.0568570399510585,-0.0447592914103981,-0.141152204722868,-0.212765451764917,-0.226895317421801,-0.212292124311342,-0.18108042890994,-0.125228861193568,-0.0319304845517388,0.0912059847716088,0.194913663049857,0.227187703898912,0.210142771258928,0.177058392701571,0.138601236257611,0.0984743255981081,0.0586678851430834,0.0202620454101425,-0.0158706539015878,-0.0488970779838821,-0.0783946943488952,-0.104205862565149,-0.126358994426765,-0.144984011378028,-0.160176846575899,-0.171790141943534,-0.179747193943705,-0.183838061625876,-0.183376278913028,-0.178837978601794,-0.168367788497997,-0.150634138971963,-0.126271257875774,-0.0977844764532703,-0.066114164955106,-0.030899397450935,0.00724433233304833,0.047744077768988,0.0900301265708244,0.133733109861217,0.178646811320946,0.223916664711645,0.259321204819177,0.197406800829332,0.0638672404971851,-0.0309235916614507,-0.0565653055288682,-0.0477848217995801,-0.0249776443823168,0.00524863347113418,0.0373402272215693,0.0660803123531461,0.0919924104620324,0.125515113073885,0.184651843000282,0.281195811477326,0.40976297806606,0.55362680381917,0.695931954286519,0.823401592194159,0.9242242405771,0.994155496993079,1.04126985004281,1.07405446800907,1.09752370866617,1.11437355020249,1.12728854341978,1.14108599496256,1.15821507339251,1.18033435122277,1.20755882525396,1.23906039544213,1.27362834913083,1.31025513001875,1.34747969621539,1.38374375025042,1.4185282032965,1.4508493906433,1.47951131032905,1.50501182516891,1.52747127004132,1.54584249707587,1.56004193730108,1.57208394602131,1.58259217017444,1.59097398585487,1.59676480118688,1.60041739934379,1.60156768719529,1.59984534580462,1.59531103736972,1.5880830745507,1.57840963340395,1.56602666140209,1.55091409450793,1.53343299313549,1.51402237409713,1.49312615397871,1.47109820827736,1.44811151264376,1.42410625464834,1.39874368496872,1.37127325505046,1.34074462362639,1.30623835178632,1.26694692713508,1.22223090736628,1.17292570699112,1.11997296673183,1.06367453816375,1.00464870996049,0.942730968088406,0.878084191403245,0.810727273045335,0.741100273499328,0.668344853746198,0.592006234573803,0.512507539553573,0.430103766953362,0.344880046253523,0.257831672497276,0.170684761832913,0.0844611930336038,0.00317307703917277,-0.0673141091406281,-0.109549490524666,-0.0976942698279535,-0.0461103083456366,0.0181673273971974,0.0845725321947668,0.149368646737271,0.210952558840298
0.321466560981337,0.378535872299137,0.433139806340013,0.484268556589536,0.529760204311523,0.560277626789315,0.571125826510269,0.572364340006585,0.565436710456742,0.549509826186787,0.523525509763591,0.486467647454641,0.43840259790227,0.37924071853345,0.307849375807967,0.224114798130835,0.196474604265649,0.31127940752231,0.423086041233362,0.521087738402502,0.603519247386006,0.671241942990313,0.726227861263772,0.77166954557698,0.809515887940243,0.840834844124531,0.866134457053619,0.885681222905653,0.89990520745777,0.908973733808408,0.912765412457111,0.9112202795598,0.904510961922758,0.89282532896462,0.876619276867657,0.854427015102032,0.824190613804249,0.785710779209201,0.738934118188552,0.684909661057735,0.624825603933097,0.558101177872549,0.484452262664782,0.404678753359085,0.319714894468223,0.230780617520307,0.13909356240054,0.0453759984207541,-0.0497260373117406,-0.143400478602396,-0.230681356239601,-0.292548075687615,-0.297644840309619,-0.273490292419488,-0.234794021776494,-0.182592900720039,-0.11861151936505,-0.0499212927917185,0.00672137098115298,0.0371796942841134,0.041759465755586,0.0279733262967755,0.0032238378786666,-0.0271659434794693,-0.0600774159090989,-0.0932942804014619,-0.125277938378165,-0.154928149402438,-0.181382011821079,-0.204344786473963,-0.223790911329731,-0.239723352593917,-0.252114370929112,-0.260873223383801,-0.265897136899432,-0.267059992260702,-0.264692575193465,-0.257336064223573,-0.243577133304488,-0.223174531469526,-0.197969993486205,-0.170158184688108,-0.139384039904526,-0.105698422235571,-0.0696690559613631,-0.0321466106081625,0.0059098360793442,0.043041868901563,0.0763649714674184,0.0992864049887234,0.099627644320926,0.066052294250022,0.00818864659749157,-0.0502448369804037,-0.091664039028789,-0.111248796994246,-0.107277828862325,-0.0780492853955862,-0.0292070646855391,0.0295621407935058,0.093342270958691,0.163981980566146,0.246777617294879,0.344872015469298,0.457721279651167,0.580468679428716,0.706962147442124,0.831700418749337,0.939368918070114,0.981854626864412,1.01774764359652,1.04784216027403,1.07329600707736,1.09391737820856,1.11191804302848,1.12981546027383,1.14951219236291,1.17185586055422,1.19713471441076,1.22522310603008,1.25549498682524,1.28714311209488,1.31928032286803,1.35066347800974,1.3810279077638,1.4091012355605,1.43330667005158,1.45357244648432,1.47102907154266,1.48546512481577,1.49655918506825,1.50503658962752,1.51490583425081,1.52411645820954,1.53081114268266,1.5351762852576,1.53753132494212,1.53692879104989,1.53339560060189,1.5271180731161,1.51843455371071,1.50757528774028,1.49429343002309,1.47870364400425,1.46105817201013,1.44165183024341,1.42079089427901,1.3985430658793,1.37482780476146,1.34939705796723,1.32170703999064,1.29105847884211,1.25694132219942,1.21883801915805,1.17634545245921,1.12957333922989,1.07952775675781,1.02656292411018,0.970917349302976,0.913118931702685,0.852908614098355,0.790419703048204,0.726152051405496,0.660548640309668,0.593876338411636,0.526152000001824,0.456576124577605,0.385444187147941,0.313709487785751,0.242748897709465,0.174788303334884,0.114016583219341,0.0680991298567911,0.0447050749797173,0.0483205163215639,0.0764592099997519,0.121470981776982,0.17551581216851,0.233476461459538,0.292363901126746
0.419116764626856,0.474704294533524,0.529737193735787,0.582882231698241,0.631600732111458,0.667915093161796,0.688422449078742,0.699552990929319,0.702814146797263,0.697555455245755,0.682655362183284,0.65719469404069,0.62066869265928,0.575124479624337,0.524865998773873,0.481701615584885,0.478871060358344,0.531192909432478,0.604095026883567,0.675276470757944,0.736667209271536,0.785996788952618,0.823610712620351,0.851061791072098,0.870899989481829,0.884892338514684,0.893863274847203,0.8981452420373,0.897754027558787,0.892762020110618,0.883586032959833,0.870253122268792,0.851800860819169,0.828380085287906,0.800937507808162,0.767506501767928,0.726700560592597,0.678472538937552,0.623924094665013,0.564687331663559,0.501405910842788,0.433974904718665,0.361844626997842,0.285443772718251,0.20557822632275,0.123308401169724,0.0400737111505612,-0.0422516754808202,-0.122302962726637,-0.196304562671058,-0.258012125787974,-0.299700884980021,-0.317095721117223,-0.312520666001582,-0.291656936718791,-0.260180648067487,-0.222925445284196,-0.186655588142483,-0.156706672795586,-0.137848512394716,-0.132366266965986,-0.139026871970528,-0.154835667370172,-0.176645150176054,-0.201692603604712,-0.227747677075495,-0.253114417957848,-0.276733245383041,-0.297960273714469,-0.316504465249323,-0.332103912855937,-0.344672319201041,-0.354006162639488,-0.359856796042225,-0.362242109774901,-0.361618628561339,-0.356729888145083,-0.34602049625795,-0.329157981743827,-0.307118694380091,-0.282314628997702,-0.255216744706221,-0.225299645667507,-0.193144239487724,-0.15950499706736,-0.125273770344176,-0.0915200202281879,-0.0604150589756819,-0.0351951156321387,-0.0197431410775263,-0.0176505265191873,-0.0294494791264678,-0.0538601424959757,-0.085982280815677,-0.121260927650345,-0.156798084987865,-0.178053374927573,-0.13468229759665,-0.048762949082065,0.0370238453337583,0.119021325570642,0.201491329522998,0.287752012739139,0.379700124749278,0.477660794618627,0.57975978660269,0.68168999806691,0.777179198347561,0.856850666245784,0.914594594995077,0.957169264784116,0.992060592974014,1.02112225582231,1.04529621992692,1.06776538709214,1.08985102653907,1.11240873684862,1.1360337188573,1.16104488534136,1.18750739479665,1.21528057754279,1.24391885751945,1.27289365566284,1.30136819054446,1.32884129539595,1.35458131604317,1.37697227129587,1.39558709334003,1.41095529818567,1.42336282860942,1.43277303366525,1.4396300103037,1.44630598504083,1.4530077884501,1.4585388049212,1.46249586842197,1.46469189681824,1.46485008633244,1.46232483021273,1.45716320509556,1.44955379216652,1.43978795212757,1.42804870305698,1.41420008797916,1.39834048815707,1.38060085441045,1.36106068144733,1.33973016579111,1.31653836472445,1.29133444426247,1.26390259446448,1.23396245466261,1.20103556320625,1.16463680094835,1.12458336291743,1.08087011307127,1.03393458311988,0.984619263897143,0.93323989299187,0.880127380026681,0.825794931027358,0.77026802611851,0.713654065216418,0.6562919011651,0.598538557391253,0.540794786933149,0.48363636571376,0.427824245704381,0.373929800330161,0.322737455015289,0.276266898482176,0.237139070801867,0.208338331990278,0.193129409965054,0.194692763207992,0.213025486180072,0.245441811671111,0.288276614415769,0.338003440816359,0.391617907346513
0.524885903279898,0.576948950959622,0.629793754367067,0.681715916900691,0.730531989613191,0.773777695024514,0.809962573395131,0.838998928579535,0.860997794108044,0.875417757860239,0.880985058755709,0.877322997778406,0.866856728381535,0.852768098001651,0.839669802232342,0.832495493336913,0.835574948672557,0.850438462222459,0.872449809716443,0.895675192148974,0.916449564665475,0.932228337641846,0.941960154672458,0.945457950508472,0.943198920255757,0.936400074646896,0.926284120812012,0.912926574420277,0.896061024530814,0.875447706522475,0.851169357205173,0.823528927929761,0.792528464176336,0.758581381553046,0.72059635388964,0.6777579396384,0.629183291014218,0.574783214849291,0.515720956144002,0.453560757922797,0.388794458091878,0.32155957414087,0.25168125822359,0.179254091730585,0.105278316705902,0.0308321787197647,-0.0427772724958394,-0.113736650709684,-0.180067853281234,-0.240106336820499,-0.290329322371171,-0.327540657164438,-0.349939962718905,-0.358586066086091,-0.355652323146509,-0.344931503938775,-0.330928658802101,-0.317272558597357,-0.306662484926877,-0.300647513509745,-0.300954727303369,-0.30804653944052,-0.320799866943876,-0.337617123076387,-0.356763010744495,-0.376660772386784,-0.396083821597984,-0.414099395851211,-0.430210276086838,-0.444020320335554,-0.455233948924291,-0.463615062194687,-0.46894100704156,-0.471562799946293,-0.471378992661575,-0.467543433031897,-0.458621812917736,-0.444189895417196,-0.424746219369934,-0.402131465919117,-0.37728575297995,-0.349870444447224,-0.320100287519612,-0.288450974440694,-0.255496460257268,-0.22211455723531,-0.189811983063086,-0.160050369687077,-0.134294927947237,-0.113421388816429,-0.0978754585160612,-0.0887315132770561,-0.0855445927633818,-0.0862955891545178,-0.0890493041488818,-0.0919153909222227,-0.0846478224200061,-0.0318480331873515,0.040332954367088,0.10751773725498,0.173262913496969,0.241311410088533,0.313176121225138,0.38942544206877,0.4689971014995,0.549623321205473,0.628286766527023,0.70219252383188,0.767937214610548,0.823862539279527,0.871332373595356,0.910971364374418,0.943822876632854,0.973120205046857,1.00027686674791,1.02620498008732,1.05159783698452,1.07695231505847,1.10258125447643,1.12862978341621,1.15512706690107,1.18224530104197,1.20976412563704,1.23662055150334,1.26236736532527,1.28666058671142,1.30814906585483,1.32630115804332,1.34120110180242,1.35362563961923,1.36368318350337,1.37149493537014,1.37714692935272,1.38153041975884,1.3847981570168,1.38679384966554,1.38724284436211,1.38589674558257,1.38285615127602,1.37780184890695,1.3707341138871,1.36177493854024,1.35110452280131,1.33879019543271,1.32454419684138,1.30834977559886,1.29023136707334,1.27017994164586,1.24815040556832,1.22406482764498,1.19782217872217,1.16931394801756,1.13840384286756,1.10464732483172,1.06801027530748,1.02841242669686,0.986160904707636,0.94194374451163,0.896214306803993,0.849363722590486,0.801788546789892,0.753973020377762,0.705796342985842,0.657510377936264,0.609535193549422,0.562402940452835,0.516729213384973,0.473327999398645,0.433198686034083,0.3975483077375,0.367781329348734,0.345234635486469,0.3308547867844,0.326016719575692,0.331395700782437,0.347250889491234,0.37368868378494,0.409306143691058,0.452021316805689,0.499728463475626
0.627967836147898,0.678168591377546,0.730619496202172,0.784041227807718,0.837084001667699,0.888588594994278,0.937386624973352,0.982520795940725,1.02339663265272,1.05958256847917,1.08877547262281,1.10291850313944,1.11726242217515,1.134118853893,1.15401491409475,1.16554940287999,1.16623995156975,1.16439016286712,1.1543199490833,1.13277616763216,1.10696041540627,1.08174864007921,1.05731316425668,1.0324766549246,1.00612481523447,0.977569342053797,0.946715961028842,0.914250373706199,0.880215109241269,0.844894822606101,0.80816242202385,0.769817432800392,0.729993765418981,0.687550399867268,0.641740133177011,0.591843687884088,0.537438785325647,0.478581588078167,0.416366312480519,0.352094894728227,0.286435346063012,0.219831158868218,0.152637744837778,0.0847043881021071,0.0165216011037631,-0.0509891895591789,-0.116720610333117,-0.179371726746227,-0.237366885638355,-0.289552342095836,-0.334995005444768,-0.372127012047816,-0.400012006217371,-0.419473220341935,-0.431865502844196,-0.439081431950485,-0.443027335230317,-0.445763472890622,-0.449137966289262,-0.454886644380494,-0.463523174606664,-0.47449952725205,-0.487583989211247,-0.502488483778216,-0.518384596223086,-0.534389317424326,-0.549649428010972,-0.56351460872559,-0.575635811003291,-0.585544148174232,-0.592973659314784,-0.598000964185924,-0.600573397369386,-0.600354871900539,-0.596373938981483,-0.587879249143427,-0.574616884761972,-0.556497030730823,-0.534985072826736,-0.510983137495479,-0.484551532213049,-0.455542524339394,-0.424300613206448,-0.391296734139007,-0.357343280885137,-0.323143367750263,-0.289143116176452,-0.255892360830749,-0.223253267896733,-0.191341950549106,-0.160850241393791,-0.131630728004057,-0.101792016347614,-0.0682373941085583,-0.0262328614280173,0.0310466025208184,0.110332759183198,0.172125155277848,0.176633238475357,0.194697476935411,0.227427335040551,0.270600219568206,0.321421907307986,0.377839356511818,0.437867810735066,0.499399494082577,0.561042504782455,0.620694181491311,0.6768445491242,0.728644528352065,0.77471604791538,0.815032280251918,0.851027319743102,0.883972814222036,0.914612777925801,0.943586495010269,0.971411859631926,0.998483455767777,1.02507678401615,1.05152015864818,1.07805253434564,1.10467548430801,1.13131784041356,1.15740824362478,1.18235785490375,1.20592582442147,1.22722269532633,1.24552389384931,1.26072405841693,1.27334690527168,1.28379696963794,1.29207206911441,1.29807879124727,1.30162637728638,1.30393239333963,1.3052003148255,1.30513196952669,1.30353920515393,1.30042207689449,1.2959327883477,1.28969809768319,1.28160507010946,1.27175377008386,1.2602834498669,1.24726156649107,1.23244945486485,1.21575893231549,1.19719058713297,1.17672578966309,1.15432973085612,1.12995746963385,1.10356250713422,1.07508221282811,1.04436320932432,1.01156892161594,0.97663800015892,0.939687821503283,0.900949008314903,0.86128562028465,0.82108948862288,0.780636495773832,0.740240440443893,0.700464556235884,0.6613650671974,0.62315650400557,0.586345913164851,0.551558434095189,0.519469478578868,0.490888030855015,0.46670669521379,0.447858761920386,0.435331356276752,0.430112018025819,0.432777488132514,0.443562355145879,0.462267303036998,0.488056583936341,0.520517403196456,0.55958539631291,0.604122836265222
0.711377921640945,0.759898492847707,0.812354273340658,0.867795687739625,0.925433001987174,0.984441566179162,1.04392383079238,1.10232169833153,1.15695166714048,1.20362727898849,1.23989160301395,1.27057916652935,1.30143250850843,1.33473678202267,1.36831384395371,1.39483421160581,1.40354904931568,1.39752351324072,1.36973174979783,1.30699083591548,1.24223838464047,1.18200867299986,1.12751158357296,1.07772405894589,1.03114846686102,0.986231574025643,0.941708023816648,0.896828594969517,0.851304120072745,0.805391344376964,0.759315949732289,0.713109352251371,0.665905025336875,0.61657309689635,0.564579626330576,0.509227424601632,0.450465456384269,0.3886220534596,0.324899576687106,0.260071251291229,0.194587327242995,0.128967543018609,0.0637156246372896,-0.000756511265401043,-0.0644671957838399,-0.126840279800356,-0.187102449000177,-0.244462472133132,-0.298047074304459,-0.346883811669634,-0.390907901538708,-0.430767649726041,-0.465828512798383,-0.495706187630076,-0.520441812281576,-0.541030259235811,-0.558517007898669,-0.574024699755867,-0.588456818266444,-0.603273633215659,-0.619009281196454,-0.635433211118918,-0.651838836267997,-0.66783943341413,-0.683237089988834,-0.69785653513561,-0.711129193330011,-0.722739232728483,-0.73227121433641,-0.739816286603989,-0.745233771373736,-0.747987074990168,-0.747717073443591,-0.743400383695249,-0.73470446482012,-0.721368581657685,-0.703576952336943,-0.682457578422533,-0.658616618921725,-0.63214807325473,-0.602903040009708,-0.571299768917954,-0.537700829159439,-0.502568929923027,-0.466150596560048,-0.428732622676532,-0.39012966748366,-0.350309165771682,-0.309286793440725,-0.267830159001533,-0.226032544804244,-0.182998501893192,-0.137415125283093,-0.0876966842869314,-0.0324948972058376,0.0279618699284989,0.0891913317099943,0.139428547230927,0.171028491236484,0.196890282723326,0.225398126966492,0.258973043991354,0.297718991994597,0.340496486782998,0.38616734434375,0.433825158685681,0.48289002329314,0.532512237700969,0.581498946395935,0.62803386378612,0.671080591158566,0.710804545234819,0.747868620129858,0.782550320861268,0.815193125540277,0.846142328259479,0.875710821466774,0.90425891614852,0.932160811898028,0.959574096261841,0.986595052005797,1.01326262085871,1.03956569980543,1.06517262386527,1.08964852011504,1.11289355938783,1.13431627334484,1.15299009570828,1.16882395283806,1.1819016400614,1.19288263612537,1.20186677282089,1.20868618548232,1.21305637355727,1.21523197807137,1.21631924624128,1.21614412065499,1.21460945897593,1.21169837805999,1.20740684657933,1.20178042135113,1.19471126509503,1.18601609903242,1.17568751661311,1.16381281508049,1.15043452048086,1.13547314110167,1.11873076869209,1.10020892529679,1.07992160682811,1.05801800149477,1.03465778308438,1.00979137562669,0.983167965744385,0.954866809187562,0.924970695991138,0.893622607067036,0.860998704865634,0.827413889200484,0.793753367792893,0.760308698233205,0.727342522388632,0.695229994987104,0.6644474641547,0.635306326233725,0.607889602195774,0.582684367555551,0.560267070396848,0.541221331433379,0.526189051029983,0.515957118311986,0.511128599658124,0.512184293476376,0.519456992011631,0.533095022342782,0.553045303305321,0.579069136392884,0.610751870941429,0.647535485956792,0.688903123684419
0.773967630055505,0.819380933480314,0.868392143182796,0.921227839392253,0.978045610321117,1.03866756141318,1.10257518653242,1.16793205134077,1.22606122950312,1.27509406369809,1.30736828264427,1.33883962276792,1.37433364652996,1.4141629871894,1.45680942029853,1.49723504348099,1.51732711562228,1.48768289045749,1.42525665567708,1.35258404301359,1.27780813207552,1.20510941456051,1.13646108287959,1.07293302182588,1.01411845482185,0.958892754395915,0.906141653042942,0.854750715477335,0.803788535372762,0.752965952070696,0.702037956879751,0.650338254179912,0.597442179557092,0.543150912886881,0.48680648449384,0.428197747410196,0.367196156241276,0.304208418833245,0.240302181952107,0.175870356374077,0.111189985912639,0.046811864974867,-0.0167440574064764,-0.0789810970351549,-0.139595808859754,-0.198655103814233,-0.255727616204693,-0.310364939567931,-0.362703886784676,-0.412466822790385,-0.459272449796371,-0.502875824186395,-0.54352229585324,-0.580934428953301,-0.615259560796698,-0.646179901317301,-0.674042742617589,-0.699671140105349,-0.723770890747396,-0.746582848967362,-0.768696544311161,-0.790229309332432,-0.811001828640321,-0.830729441775232,-0.848761590388703,-0.864650072472846,-0.878285695221409,-0.890115207516649,-0.899809731960695,-0.906868363917305,-0.910908587889091,-0.911054901042549,-0.906698211386108,-0.897700141812282,-0.883859988239633,-0.865772392330351,-0.844491672960536,-0.820256757915558,-0.793229783986878,-0.76316523938336,-0.730523132738119,-0.695676275203923,-0.65884102422589,-0.620221509265151,-0.57967033615293,-0.537163771963067,-0.492843590487268,-0.446857554204269,-0.400137652178204,-0.352851029446113,-0.30475824938491,-0.255535060056298,-0.204876490722845,-0.152692251961648,-0.0994001692526498,-0.046232744226652,0.00474490006837146,0.0513957075965893,0.0929809062723908,0.130399759504981,0.165835947205618,0.201083650920619,0.237129784524186,0.274389095843246,0.31339439465158,0.354463846765956,0.396984898480473,0.439908969758002,0.482320281232748,0.523323657731285,0.562811631376342,0.600893480276224,0.637472105304698,0.672471386613795,0.705874093216176,0.737890712726738,0.76876050072337,0.79861580389058,0.827594459793057,0.855805243562392,0.883325118077309,0.910199904662193,0.936447100891939,0.961904527359976,0.986151919733992,1.00913117422257,1.03068767916166,1.05000177310845,1.06676417945764,1.08089697179753,1.09268107541646,1.10259482500239,1.11039859326841,1.11595894658606,1.11928119511739,1.12056529931982,1.12054284775426,1.11928102564347,1.11676440637795,1.11298470845674,1.10793975115806,1.10163193007305,1.09402809436942,1.08495767511384,1.07440938971129,1.06248582603315,1.04929576049389,1.0349135978708,1.01927861890907,1.00234403152902,0.98412573244107,0.964606559015274,0.943740482423488,0.921431108381477,0.897828778571948,0.873131751501325,0.847464550784613,0.820928967370598,0.793721180218406,0.766282856768271,0.739355739712728,0.713186885731632,0.688086957359911,0.664426066918232,0.642574662404747,0.623015140708004,0.605799494665463,0.591270564362809,0.579962870277988,0.572330741167437,0.568766973272911,0.569634487544063,0.575242024294448,0.585808101994714,0.601446466190548,0.622160269361692,0.647845914874711,0.678307877523059,0.713333263220872,0.752762256773421
0.806887051381512,0.848039545383033,0.892299049811453,0.939279217252343,0.988496584865866,1.03934145138515,1.09069416121556,1.14047642184711,1.18565112994949,1.22537553759958,1.26085021696305,1.29394522891509,1.32651798967916,1.35967330939631,1.39297768938178,1.42247550999604,1.4333530864073,1.40319487635299,1.34537669355662,1.27955328254476,1.21191749585515,1.14454870266342,1.07836085900092,1.01409261297962,0.952411300586172,0.893636172033445,0.837465007343092,0.783494381632285,0.731192073601799,0.679895014209269,0.628330225471751,0.575586093495407,0.521486847975786,0.465498286242412,0.407410371888452,0.347392516963173,0.285688502379886,0.222937155159622,0.15999923574817,0.0970494994403064,0.0342460937659099,-0.0281658270438126,-0.0897605195591763,-0.150182691811782,-0.209323037089712,-0.267183039917165,-0.323896137822495,-0.379339835433604,-0.433248865680434,-0.485118520371122,-0.534698042545708,-0.581901935151759,-0.62668582236157,-0.669574191960757,-0.710152020311036,-0.74848014496327,-0.784716242446232,-0.819061014199433,-0.851660931949885,-0.882579983471287,-0.911907082398879,-0.939571752218306,-0.965362503315425,-0.989511578197478,-1.0119970363019,-1.03263506226694,-1.05070979663219,-1.06563465456096,-1.07689454698036,-1.0836882901714,-1.08561786493085,-1.08242235588631,-1.07387462843706,-1.06002786461743,-1.04198674667403,-1.02031595390714,-0.995348986387493,-0.967163745129109,-0.935719911821007,-0.901340410548614,-0.864430792574684,-0.825245126358657,-0.783665629679014,-0.739903692180772,-0.694166224210959,-0.646616983049951,-0.597666118535576,-0.548171429355045,-0.498238412516404,-0.447893573859993,-0.397146519316663,-0.346028270283613,-0.294644940233292,-0.243240662328667,-0.192266358649213,-0.142319548190153,-0.0940648262814056,-0.0481379003196049,-0.00498281387665561,0.035618698231756,0.0743408163731561,0.112063272989931,0.149496962523956,0.187363129732082,0.225795595972631,0.264683248211378,0.303581127980182,0.342173072596074,0.379837573230977,0.416967988838878,0.453524269986775,0.489319990919315,0.524153247853796,0.558063048115139,0.591051051270217,0.623122990348332,0.654310880185233,0.684652328843248,0.714173854264791,0.742863609693275,0.770751468006987,0.797850855424195,0.824171503441709,0.849645862898976,0.873896482602669,0.8968510567155,0.918477945012229,0.938236176228172,0.955725778587093,0.970928318001561,0.983839091599245,0.994751168473364,1.00364065575666,1.01048071962863,1.01528994151407,1.01795031913276,1.0184896755147,1.01773745026354,1.01584362219819,1.01281902771889,1.0086823695875,1.00345774621012,0.99718954216737,0.989908657410676,0.981554163098717,0.972070490028519,0.961489671672619,0.94986897159317,0.937211912792388,0.923584124748936,0.908973817271485,0.893335050350294,0.876575828715366,0.858682419088801,0.839787176470494,0.820099532217902,0.799767394163563,0.778949649007128,0.757821300053406,0.736594650639221,0.715622594839381,0.695548492218646,0.676643192435084,0.659189717665349,0.64349625488433,0.629934785698369,0.618875307442554,0.610658069311805,0.605286551198943,0.603006611036431,0.604089193452069,0.608783512103473,0.617271937077318,0.629684534430369,0.646101171721325,0.666535706707807,0.690941039540997,0.719326497852478,0.751612733613506,0.787614401495692
0.807690634538858,0.841874843337512,0.87788750423038,0.915254221450243,0.95336470063418,0.991435018663322,1.02853794533927,1.06369028450338,1.09592692776335,1.12465272924292,1.14961118854716,1.17057420227189,1.18720633063273,1.19851359441584,1.2029590752091,1.19963036195408,1.19145798291931,1.17633006745253,1.14924751057771,1.11132259652977,1.06582596950486,1.01549822945161,0.962361225107317,0.907702922296465,0.852303718490096,0.79705968203445,0.74263645270443,0.689499980322995,0.637587279985543,0.586116641227021,0.534632411637741,0.482826064819381,0.430126827156965,0.375897006789568,0.319900920749144,0.262142965664009,0.202810558418197,0.142641468024558,0.082248850688567,0.0216266116993369,-0.0391425065220371,-0.0998718191193619,-0.160375649938347,-0.220479478241921,-0.27987567909355,-0.338347773070396,-0.395644335925705,-0.451539286210657,-0.506077223521351,-0.559148904683868,-0.610604109187629,-0.660346129444574,-0.708320805534072,-0.754509192780539,-0.799271178807498,-0.842906993722974,-0.885443160232048,-0.92696529094264,-0.967440161401534,-1.00644122524747,-1.0438508159241,-1.07961459168231,-1.11352655136029,-1.14519576164561,-1.17430433846532,-1.20042044469112,-1.22295460559467,-1.24129553045585,-1.25477947412743,-1.26273508288653,-1.26439522271319,-1.25938372274587,-1.248225829656,-1.23133017975348,-1.20932905731545,-1.18290331231496,-1.15242736008211,-1.11836123833303,-1.08101604926504,-1.04063946146692,-0.997657058349392,-0.95245936588918,-0.905330084413543,-0.856493248383069,-0.806185955704791,-0.755212133178801,-0.703909506995346,-0.652407055804009,-0.600814318864274,-0.549232019543729,-0.497765386965025,-0.446539136758608,-0.395711254577207,-0.345480689281711,-0.296099288072699,-0.247830559131957,-0.201038443283306,-0.155789588012016,-0.112080394451829,-0.0698064335731587,-0.0288772981516938,0.0109298010904181,0.0501586366008535,0.0890448549024322,0.127469481906813,0.16540245286148,0.202479605793183,0.238741266714165,0.27453149013577,0.309813769341757,0.344555615673074,0.378692803043984,0.412202712489888,0.445057915567629,0.477153855465139,0.508473432350708,0.539016047621141,0.568787098891251,0.597794205076741,0.626044043971369,0.653540018735212,0.680278505734436,0.706249992074665,0.731422392554105,0.755481379453254,0.778317508148085,0.799912457632162,0.820033054186577,0.838149312099062,0.854208941333886,0.868210137230815,0.880032201639495,0.889969265381755,0.898153108402406,0.90457477771341,0.909075058061118,0.911634436345999,0.912304998508168,0.911699728098705,0.91015670016197,0.907697277385552,0.904309506850938,0.900012267164489,0.8948068967726,0.888704372150935,0.881734286031588,0.873838223549576,0.864911207484667,0.855021949864264,0.844310433168723,0.83286157323133,0.820710921458561,0.807776582823166,0.79405259343334,0.779585895763872,0.764564790251393,0.749136985540064,0.733443542322645,0.717659038734812,0.702000968809227,0.686683767954179,0.671962523197127,0.658417292847716,0.64633639076022,0.635918341518747,0.627380451942278,0.620950308161378,0.616848403574261,0.615331466154243,0.616625867313021,0.620664935027791,0.627544346696066,0.637369390030909,0.650222370313808,0.666143711179523,0.685185640842068,0.707361839441595,0.732577059374674,0.760685618303694,0.791449599985216
0.777153081141293,0.803191917805556,0.830017528509426,0.857188001224222,0.884190195187304,0.910450565605887,0.935383234761439,0.958354984621609,0.978789210347861,0.996066566156666,1.00955588523118,1.0186953755833,1.02285118341499,1.02141332007596,1.01413744143001,1.00210659928141,0.989073575666276,0.9751154307829,0.955781790237219,0.929722979014006,0.897365056938284,0.85977525049889,0.818196438024093,0.773853785723037,0.727585276107423,0.680046840247059,0.631646461184105,0.58244653351353,0.532353696732494,0.481783988728378,0.430883743393472,0.379454846208771,0.327188757196002,0.273998181495461,0.219767088156957,0.164408006919186,0.10803631415776,0.0511188687530273,-0.00623653690910739,-0.0639756305502338,-0.122015171676861,-0.180223327054073,-0.238463161043409,-0.296601051148903,-0.354411218736724,-0.41154660061722,-0.467864077259676,-0.52323863944052,-0.5774890423222,-0.630697121369146,-0.682969128980222,-0.734237744325975,-0.784468337362044,-0.833649324168788,-0.882065602065512,-0.929854134752251,-0.977328864612143,-1.02455074408572,-1.07117475402576,-1.1171086215999,-1.16203731218471,-1.20560414236718,-1.24736658205288,-1.28685338645234,-1.32361628518542,-1.35712661514823,-1.38676334772757,-1.41167236065812,-1.43072940108148,-1.44309834512149,-1.44766132373689,-1.44321070234096,-1.42946355145978,-1.4073210427392,-1.37817050363742,-1.34335458183581,-1.30419124689573,-1.2616893157897,-1.21647660564552,-1.16905397357199,-1.11984296762498,-1.06917540407901,-1.01732109235218,-0.964949538988295,-0.912395252028252,-0.859799213493206,-0.807279697998976,-0.754933682339525,-0.702841980002027,-0.651083483765085,-0.599736063255272,-0.548880528605397,-0.498618898866715,-0.449018999225258,-0.400339549297633,-0.352791789809488,-0.306468968858593,-0.26143322313539,-0.217711398258878,-0.175234897695404,-0.133625875638702,-0.0929446333877823,-0.0532006368837386,-0.0143417742927963,0.0233992135965902,0.0602162819786863,0.096473706476059,0.132180972517718,0.167330869153439,0.201905959434593,0.235883714976799,0.269240815953005,0.301956263155311,0.334013216256685,0.365399668607692,0.3960941883046,0.426017508562589,0.455163360869561,0.483539168422879,0.511153326240365,0.538015447195034,0.564130424690638,0.589496609191929,0.614107280514668,0.637744968943947,0.660268139341907,0.681667446956898,0.701886492220484,0.720490949368879,0.73731016016896,0.752290742684717,0.765282289612699,0.776318986693824,0.785753979888328,0.793581489141061,0.79975129233281,0.804274408656814,0.807170636614726,0.808466838975944,0.808332963406131,0.807319369352676,0.80549022167969,0.802861232370059,0.799452524478032,0.795288447390491,0.790397478181444,0.784815244603398,0.778582031924438,0.771729759057965,0.764177404835252,0.755958699880904,0.747058344013644,0.737489347083421,0.727354878678835,0.716759900324362,0.705862751206221,0.694815362086374,0.683712662482481,0.672682064315193,0.661895573733083,0.651507377180418,0.641679180585087,0.632603880475949,0.624729267239421,0.618319652649006,0.613503740720461,0.610415245042732,0.609192758464707,0.609970402605262,0.612866424948029,0.61798936412945,0.625473201587348,0.635296390458666,0.64738968336657,0.661761438240903,0.678355889835048,0.697086269645262,0.717825742079189,0.740400462943766,0.764582403840772
0.719477547629332,0.737694717265245,0.756035450565966,0.774164264212284,0.791710785125179,0.808263787702086,0.823401756512122,0.836698597241375,0.847733697422284,0.856112638838157,0.861520647828196,0.863662644504026,0.862332079856749,0.857486442093701,0.849250814675882,0.837823978664288,0.823367109040797,0.805837484371393,0.784997411433575,0.760653873700579,0.732805728829561,0.701588592683212,0.667296241274024,0.630345814588429,0.591167259615758,0.55008107730659,0.507091064216852,0.462461498761133,0.416415465166407,0.369129805059214,0.320511188676732,0.270527476486682,0.219285390083973,0.167019374649435,0.113791718984353,0.059665989294526,0.00491314477862373,-0.0499664337295066,-0.10493773479526,-0.159988487480941,-0.215088896862827,-0.270100788404837,-0.324952257200119,-0.379666161773069,-0.434225611716793,-0.488574011581057,-0.542632099539549,-0.596328100636685,-0.649530663822989,-0.702160708259352,-0.754172006490195,-0.805516349016082,-0.856474646201445,-0.907237282466596,-0.957783769451114,-1.00808973978651,-1.05813700729057,-1.10789807350002,-1.15736726686039,-1.20681546701653,-1.25604314963378,-1.30456595464396,-1.35211211168565,-1.39836725507211,-1.44270241273095,-1.48451423228509,-1.52327088034721,-1.55811850460242,-1.5881001869112,-1.61215663385879,-1.62846433592276,-1.62929500324673,-1.60359343371347,-1.56410511825638,-1.51945408423563,-1.47196701999768,-1.42258298199265,-1.37181589278999,-1.31997288237944,-1.26718761639923,-1.21376769013432,-1.16022798609561,-1.10673766561288,-1.05339421209513,-1.0002726933385,-0.947438420778056,-0.894948897778861,-0.842855803531242,-0.791207159622376,-0.740071381942807,-0.689531378320992,-0.639714898791472,-0.590758716968374,-0.542718069564294,-0.495630595571966,-0.449541980511463,-0.404486031973962,-0.360480428024584,-0.317460781272221,-0.27542211633432,-0.234351432309202,-0.19440073809648,-0.155606904626432,-0.117633716257584,-0.0804011922289639,-0.0438773134446521,-0.00803730539231526,0.0271360613742749,0.0616530605452641,0.095518198019482,0.128731692103324,0.161290976951803,0.193192028004581,0.22443038617312,0.255001830848088,0.284902711214701,0.314129986790284,0.342681051392419,0.370531493342818,0.397632047891245,0.423983867861365,0.449589289057131,0.474449598667302,0.498564893578199,0.521818100632511,0.544040798070853,0.565229688011446,0.585383114845123,0.604289989288036,0.621637451160595,0.637272857295733,0.651183081154362,0.663379486617071,0.673831193923306,0.682749076647554,0.690242558198236,0.696328544102545,0.701029049196788,0.704371345468092,0.706388071583962,0.70711730764125,0.706751985871108,0.705703894217115,0.704014440064039,0.701710012077611,0.698821008428266,0.695382006674831,0.69143194494581,0.687014313217453,0.682177350139048,0.676940547175279,0.671251177988175,0.665083004686144,0.658470095706236,0.651496898488023,0.644272683823917,0.636943239246912,0.629628914948555,0.622470573238001,0.61558318634567,0.609078007394409,0.603068538312382,0.597688228699168,0.593078168509819,0.589406928283885,0.58698036518432,0.585905339421026,0.586263028462531,0.588111041150006,0.591496752001826,0.596481716637412,0.603130037799345,0.611445990215442,0.621415957386976,0.633029936407286,0.646199297775844,0.660699103916326,0.676371044947216,0.693051087254892,0.710534854730861
0.640876614025807,0.652284444841138,0.663414758621787,0.674030773966015,0.683881718148173,0.692707889197988,0.700246556267415,0.706238893131926,0.710437790868226,0.712616271925989,0.71257599790119,0.710154928137354,0.70525192225475,0.697811385566486,0.687792173406081,0.675228535492576,0.660134378691266,0.642535335045991,0.622435615123251,0.599845777497364,0.574805333215775,0.54739293351569,0.517719966193158,0.485668008709961,0.451271000147598,0.414698826767959,0.376160410634005,0.335847095607262,0.29398115046645,0.250525059157075,0.205545813947406,0.159150952112165,0.111432672257538,0.0624745846484926,0.0123802373034743,-0.0386872313483009,-0.0902957969238254,-0.142104191399315,-0.194061587215995,-0.246096781919254,-0.298133803174015,-0.350136315988093,-0.402067687656454,-0.453891652155351,-0.505572239000184,-0.557074138141351,-0.608363090668884,-0.659404851544802,-0.710169597352028,-0.760630781965676,-0.810871563150127,-0.861010593860608,-0.911001945071393,-0.960845277205667,-1.01053143329082,-1.06013937266144,-1.10972059382751,-1.15925942916236,-1.20872125532799,-1.25811940658731,-1.30751210274473,-1.35686509983654,-1.40605448878645,-1.45508067036667,-1.50361639456642,-1.55099834473734,-1.59629292275667,-1.63753753277487,-1.6706858879904,-1.68956962322078,-1.69101750821304,-1.67634235326505,-1.64784278342687,-1.60935714822946,-1.56490459276889,-1.51707681548381,-1.46726248389041,-1.41633147748403,-1.36491955546355,-1.31328515498301,-1.26154590956536,-1.20982656447202,-1.15825036248605,-1.10690192221111,-1.05584274995585,-1.00516075304954,-0.954889194701081,-0.9050981792145,-0.855882088223722,-0.807292040601095,-0.759396416202643,-0.712274994862371,-0.665983259076712,-0.620563932985322,-0.575953200609961,-0.532149990902858,-0.489186372990564,-0.447194431326268,-0.406227713962901,-0.366133874885551,-0.326836765895211,-0.288322602958351,-0.250574982382813,-0.213576204068039,-0.177308525839015,-0.141755225514577,-0.106901389128663,-0.0727343924728973,-0.0392440885507525,-0.00642274826693998,0.0257351778023317,0.0572334023998308,0.0880741805882265,0.118258669374937,0.147787229909703,0.176659652059642,0.204875296996161,0.232433165711476,0.259331909521114,0.285569802727419,0.311144698315433,0.336053730666516,0.360266678894617,0.383765326959669,0.406499549482985,0.428307718558106,0.449179191534533,0.46911617106576,0.488055027821256,0.505634661642867,0.521737301807911,0.536370034599834,0.549489609160074,0.561069196618624,0.5711274302995,0.579812548540647,0.587306661238804,0.593632744536347,0.598817258375878,0.602890844728744,0.605888392851981,0.607849083172191,0.608816411354128,0.608865339589517,0.608331982355178,0.607326770819989,0.605882154794255,0.604033845440981,0.601820889194852,0.59926892117336,0.596335565037209,0.593054301517376,0.589474692163581,0.585650124731561,0.581637680909801,0.577501772692904,0.573327913219058,0.569168158335951,0.565116938991918,0.56125404976763,0.557659641305672,0.554413335627394,0.551611224811612,0.549345222760465,0.547686850354707,0.546702125298466,0.546503715945188,0.547336979911985,0.549247743738638,0.552256689338037,0.556370551524501,0.561577784466324,0.567846241043981,0.57513037975745,0.583365531563202,0.592467174656258,0.602329110121838,0.612824823517457,0.623826570378454,0.635161822969531
0.547669699184053,0.553158384251982,0.558233990047664,0.562736435313338,0.56650148066562,0.569371211123271,0.571182267696556,0.571781042342006,0.571031924184612,0.568799610783542,0.564953340337258,0.559388290994165,0.55202402287013,0.542798251799361,0.53166619693622,0.518600783494791,0.503607087377202,0.486688871370266,0.467857448531689,0.447120822393481,0.424316763051314,0.399428364182816,0.372514479027561,0.343651041219353,0.312917481340621,0.280404640569724,0.246207859882196,0.210315480998578,0.172741811023952,0.133587000281806,0.0929661092836252,0.0510022878572289,0.00783517838210729,-0.0364359731287937,-0.0816728834917662,-0.127701600013812,-0.174185725474303,-0.220990577388588,-0.268051397854131,-0.315307079731063,-0.36269982974842,-0.410174909135032,-0.457680455417423,-0.505167379871096,-0.552589327303168,-0.599902917715561,-0.647067564560541,-0.694072847504888,-0.741012368738703,-0.787879734587863,-0.834668113674361,-0.881364416473523,-0.927953782741883,-0.974421396895706,-1.02075133754898,-1.06692508056838,-1.11292508512347,-1.15874251779792,-1.20433188235738,-1.2496321486266,-1.29458635811982,-1.33913942160818,-1.38314571861488,-1.42631515831959,-1.46820608720686,-1.50829309316312,-1.54562312239987,-1.57833975487964,-1.60257289243084,-1.61218972869599,-1.60543997553074,-1.58734384050699,-1.56203609033021,-1.53164185581088,-1.49735836948598,-1.4600412948245,-1.42038901644836,-1.37897636841147,-1.33626065216782,-1.29259937917833,-1.2482928762948,-1.20351798349118,-1.15846492827104,-1.11330947892954,-1.06818368398212,-1.02319762162273,-0.97844708795993,-0.934016934007753,-0.889962391850666,-0.846330890504441,-0.803191212280944,-0.760602072217669,-0.718611040882289,-0.677193576795733,-0.636360184604156,-0.59613267136203,-0.556528688120448,-0.517561898529883,-0.479242203644087,-0.441576043467388,-0.404566780669549,-0.368215157164496,-0.332519801945359,-0.297477760398281,-0.263085012242993,-0.22933694726664,-0.196228774231099,-0.163755847224558,-0.131913903538683,-0.100699216268211,-0.0701086720374717,-0.04013978889921,-0.0107906913865568,0.0179399407567197,0.0460529359199454,0.0735486951838093,0.100427251054702,0.126688317020233,0.152331327701658,0.177355471723368,0.201759720901668,0.225542860006864,0.248703521319627,0.271240227641828,0.293135658119257,0.314258857341871,0.334580365937679,0.354041595614873,0.372578461370296,0.390087956876534,0.406389239318242,0.421392083043349,0.435102260521905,0.447533692998033,0.458704005064581,0.468634658618605,0.477357206390703,0.485044194849679,0.49178185466073,0.497597409788306,0.502521251350087,0.506586950510188,0.509831253669234,0.512294059490152,0.514018377162751,0.515050265071193,0.51544484988185,0.515425644049729,0.515087275294352,0.514401311796429,0.513397560210415,0.512111817048432,0.510582082598245,0.508848403372446,0.506952667074082,0.504938345209409,0.502877233927526,0.500857444285737,0.498926204778137,0.497129419794042,0.495512086730132,0.494131499357848,0.493059272529358,0.492345409201712,0.492014448844051,0.492098024770723,0.492628288887309,0.493630232568645,0.495120703504103,0.497182325284068,0.499894016003751,0.503222101751734,0.507126649375618,0.511559319288946,0.516458496140157,0.521748957325334,0.527341731836998,0.533131974973939,0.539002812631682,0.544826620564225
0.445027861821612,0.446075665597828,0.446665244400124,0.446699254841361,0.446079516303933,0.44470847209012,0.442490707959628,0.439334477784492,0.435153179847145,0.429866725331434,0.423402744416827,0.415697586207979,0.406697086387851,0.396357099022398,0.384643812255044,0.371466248763272,0.356716813408847,0.340376499122903,0.322437036397974,0.302900520587035,0.281779187746568,0.259095807446328,0.234888989232883,0.209201809551725,0.182075404394571,0.15345502917385,0.123357527796733,0.0918404044302145,0.0589652918996621,0.0247969427239156,-0.0105976694711904,-0.0471501142316339,-0.0847902346581415,-0.123404518762791,-0.162877283739719,-0.202999443915502,-0.243583770443358,-0.284541717321747,-0.325806974730668,-0.367306159387307,-0.40893610547041,-0.450640852423841,-0.492375913914833,-0.534103058789581,-0.575854576455631,-0.617618248080654,-0.659355387345015,-0.701027213992299,-0.742594301991466,-0.784015900999334,-0.825251066814529,-0.866263140161533,-0.907004369737253,-0.947412907697131,-0.987418119228202,-1.02693974280688,-1.06588411635756,-1.10414425639266,-1.14158522040609,-1.17804093219367,-1.21330629677245,-1.24712661362832,-1.27918483088957,-1.30909337969182,-1.33638122560443,-1.36047207780846,-1.38072687424095,-1.39646234432693,-1.40702055211095,-1.41194359004573,-1.41109366367077,-1.40465473582083,-1.39306455233494,-1.37690047368743,-1.356777651802,-1.3332855896587,-1.30695899620329,-1.27826930507048,-1.24762599875393,-1.21538344151055,-1.18185830345638,-1.14731211853643,-1.11194332196485,-1.07590710927466,-1.03938192171228,-1.00251099172813,-0.965415472611742,-0.928200250631147,-0.890956453986653,-0.853763513766376,-0.816690846428931,-0.779799222230021,-0.743141877497852,-0.70676542183488,-0.670710584681803,-0.63501283935618,-0.599702936636192,-0.564807374092936,-0.53034882164624,-0.496346518263258,-0.46281664948734,-0.42977271078141,-0.397225857742254,-0.365185241278973,-0.333658323978539,-0.302651173095624,-0.272168725801759,-0.242215023283924,-0.212793411729475,-0.183906709881782,-0.155557344430258,-0.127747455813685,-0.100478977930236,-0.0737536957195869,-0.0475732846287069,-0.0219393356657619,0.00314663080789701,0.0276831600922668,0.0516688652385389,0.0751024351561637,0.0979826482325925,0.120308391369623,0.142078684585714,0.163292711428203,0.183948265451339,0.203925394284485,0.223144202327294,0.241602373769758,0.259293675859959,0.276169029337614,0.292111167309973,0.307033206083841,0.320917453628518,0.333774033563184,0.345616053303563,0.356459638397619,0.366323953953223,0.375231212094594,0.383206664467117,0.390351032626367,0.396763169806794,0.402469025590002,0.407497553030944,0.411879822686687,0.415648947672715,0.418839997912871,0.42148626609414,0.423581457021716,0.425150738538259,0.426234678402487,0.426875044602643,0.427144181135098,0.42718418788887,0.427033812205211,0.42672271316796,0.426287685849818,0.425776271835724,0.425242704470259,0.424721600047777,0.42424192879049,0.423831197905927,0.423517043346358,0.42333734896402,0.423315504358794,0.423468572217783,0.423809633280582,0.424347268700355,0.425085050799235,0.426021052649129,0.427147388044719,0.42844979448888,0.429907272761517,0.431495483335556,0.43324705935507,0.435138029097528,0.437109338964527,0.439095119269528,0.441021891347792,0.442806551876954,0.444363948681219
0.338383795733968,0.336301404042046,0.333782540436724,0.330770249705848,0.32720778083535,0.323039288923581,0.318210475990074,0.312642699983052,0.306258693135757,0.299003280699149,0.290825186403496,0.281677604602767,0.271518698268443,0.260312017164717,0.24802683366959,0.234638396263815,0.22012810243449,0.204483593560832,0.187698774434923,0.169773759777071,0.150714749890101,0.130522406574635,0.109142789991293,0.0865818956809689,0.0628625226955256,0.038012392234905,0.012063733539761,-0.0149471492662545,-0.0429803155705838,-0.0719926184960448,-0.10193811482959,-0.132764812392052,-0.164387025333308,-0.196731805736652,-0.229657480988511,-0.263063534851513,-0.296831698895127,-0.330902737951752,-0.365249292766339,-0.399838990751764,-0.434621743371398,-0.46954754249145,-0.504566291962353,-0.539627587578018,-0.57468044185506,-0.609672948588172,-0.644551880662911,-0.679262213205191,-0.713746562914387,-0.747944533478931,-0.781791956502091,-0.815220017665729,-0.848154259396226,-0.880513454795221,-0.912208354149919,-0.943140316556416,-0.973199857337904,-1.00226517000657,-1.03020072310738,-1.0568560909432,-1.0820652548463,-1.10564670542611,-1.12740477301009,-1.14713487234738,-1.16464050456178,-1.17971754903982,-1.1921709738924,-1.20182594526506,-1.20852021153601,-1.21215046721859,-1.21268531635162,-1.21012997933835,-1.20455550636345,-1.19609461905688,-1.18491740403016,-1.17121985178758,-1.15521295984505,-1.13711341191034,-1.11713626197436,-1.0954896225491,-1.07237742395658,-1.04799162311007,-1.02250324802954,-0.996069303774276,-0.968829619667593,-0.940892427724019,-0.912378824267001,-0.883397049466153,-0.85404483209747,-0.824410343134689,-0.794573063280676,-0.764604591797124,-0.734569389472487,-0.704525454563281,-0.674524934392373,-0.644614677558287,-0.614836732825032,-0.585228801048111,-0.555824646217774,-0.526654471051133,-0.497745261717864,-0.469121105352574,-0.440803483109202,-0.412811540708144,-0.385162337779732,-0.3578710768344,-0.330951312398114,-0.304415140726346,-0.27827337051856,-0.252535675161369,-0.227210727189665,-0.202306315832856,-0.177829448676158,-0.153786438589709,-0.130182977150368,-0.107024195796268,-0.0843147159199893,-0.0620586890305203,-0.0402598280105131,-0.0189214303800237,0.0019536056374041,0.0223625713916246,0.0422780436587318,0.0616785790961041,0.0805599277412973,0.0988845339195103,0.116564608413008,0.133588585757346,0.149958804289394,0.165674636829025,0.180730897190154,0.195047221579271,0.208579340542136,0.221307600170079,0.233241622034652,0.244393316401578,0.254776718995446,0.26440796877795,0.273305274817598,0.281488871617582,0.288980962299895,0.295805649072076,0.302018067011186,0.307701781171164,0.312869630965505,0.317518431905972,0.321670511886665,0.325350301237061,0.328583287375546,0.331395876394999,0.333815237989548,0.33586913344947,0.337585726589148,0.338994275900869,0.340133369904257,0.34103435857516,0.341725221587988,0.342240275574262,0.342619242916233,0.342892683474875,0.343112062356825,0.343299561431251,0.343472768190358,0.343639126748834,0.343803475676162,0.343967865072176,0.344131316399554,0.344289599392917,0.344435031716308,0.344556307332373,0.344638359739021,0.344662266300484,0.344605199817962,0.344440433229806,0.344137402865554,0.343661834979269,0.342975939323596,0.342038672278039,0.340810344579438,0.339276633017131
0.228300930830642,0.224318952099372,0.219889995458571,0.214983551768069,0.209569078130095,0.203616325991812,0.197095671830786,0.189978445144731,0.182237248496354,0.173846264557318,0.164781545442301,0.155021280105494,0.14454603615617,0.133338973105994,0.121386295051722,0.108677400826971,0.0951945495132264,0.0808964540781258,0.0657737411666566,0.0498238339256693,0.0330477612529541,0.0154501362115912,-0.00296103424975799,-0.0221758368807892,-0.0421809264942209,-0.0629597337860771,-0.0844928313897268,-0.106758067906656,-0.129730707255934,-0.153383165445665,-0.177666924172562,-0.202539395899426,-0.227944559309914,-0.253795509481079,-0.280050798253286,-0.306634216154693,-0.333483658518527,-0.360556955058415,-0.387811051259591,-0.415201996724833,-0.442684907206562,-0.470213900134822,-0.497742003684483,-0.525221039698032,-0.55260148111675,-0.579832285031811,-0.606860703092885,-0.633632071870052,-0.660089586922833,-0.68617406585723,-0.711823707629351,-0.736973857844817,-0.761556792867718,-0.785501539202555,-0.808733748802115,-0.831175655531968,-0.852746142671886,-0.873360955538624,-0.892933096265789,-0.911373438386505,-0.928591595757778,-0.944497072050822,-0.959001403641094,-0.972028371119898,-0.983500147503957,-0.993342820067473,-1.00149174706068,-1.00789366937788,-1.01250905703393,-1.01531544187439,-1.0163035507507,-1.01547973002715,-1.0128662091914,-1.00849185520253,-1.00239850188301,-0.994651026971198,-0.985314194125409,-0.974465939657016,-0.962196675449357,-0.948600563359659,-0.933773931875144,-0.917819025519464,-0.900833811702695,-0.88291161944932,-0.864142902939546,-0.84461462089032,-0.824409799615282,-0.803608024624594,-0.78228774969056,-0.760505374941706,-0.738324438835731,-0.715807517796356,-0.693013017789333,-0.669995330012805,-0.646805007922997,-0.623488957562815,-0.600090635027925,-0.576650246411574,-0.553204946766293,-0.529789035546902,-0.506434146700658,-0.483169432093507,-0.460021737345854,-0.437015769428545,-0.414174255575756,-0.39151809322139,-0.3690664907852,-0.346837099230205,-0.324846134397401,-0.303108490199365,-0.281637842823174,-0.260446746158366,-0.239546718722554,-0.218948322407835,-0.198661233414338,-0.178694305768917,-0.15905635876933,-0.139769147162974,-0.120846542523242,-0.102296690213167,-0.084128355780649,-0.0663619259352639,-0.0490087088943064,-0.0320760922189839,-0.0155688885978841,0.00050339424262405,0.0160927216568615,0.0311861128375437,0.0457804661334249,0.0598736420542218,0.073464469511639,0.0865527502028947,0.0991051344489287,0.111085253253956,0.122479480471224,0.133283812433672,0.143506467999085,0.153157017454421,0.162246339083907,0.17078656838984,0.178784849478063,0.186240655953367,0.193167378431868,0.19957999245139,0.205494439221485,0.210927535035247,0.215896871794841,0.2204309537344,0.224578405549331,0.228356516264874,0.231780477336368,0.234868570678617,0.237641583359577,0.240115183829984,0.242304640815505,0.244224775956365,0.24588981350221,0.247313226474785,0.24851376571666,0.249510270579504,0.250314575822893,0.250941637741493,0.251399122708738,0.251692381835588,0.251824865532904,0.251798002198125,0.251611090662193,0.251261208815421,0.25074314083402,0.250049325378058,0.249169827028245,0.248092333061616,0.24680217743345,0.245282393529601,0.24351379687762,0.241475098558306,0.239143049543839,0.236492615612916,0.233497181865732,0.230128785200692
0.109563563759612,0.104839531649728,0.099735561155697,0.0942387055821331,0.0883361998957531,0.0820127007473524,0.0752489077861281,0.0680312271420448,0.0603469242707877,0.0521840652114792,0.0435316539194319,0.0343797629705201,0.0247196563628135,0.0145439032994423,0.00384648201053919,-0.00737712713784006,-0.0191298598017892,-0.0314129974347044,-0.0442261088261125,-0.0575670033486987,-0.0714316956662338,-0.0858143814706838,-0.100707423651167,-0.116101348142858,-0.131984848577432,-0.148344798745847,-0.165166241067179,-0.182423618509683,-0.200091127871874,-0.218148105244986,-0.236556421089364,-0.255267300078216,-0.274254273683174,-0.293489843012075,-0.312937473993726,-0.332544002733866,-0.35227677731473,-0.37210368468276,-0.391991636015882,-0.411906585677372,-0.431813545745453,-0.451676596769531,-0.471458895684584,-0.491122682112221,-0.510629284596328,-0.529939128657802,-0.549011748908095,-0.567805807824446,-0.586279124156688,-0.60438871428634,-0.622090850177663,-0.639341137818131,-0.65609462021013,-0.672305909001507,-0.687929348691521,-0.702919216958248,-0.717229963986239,-0.730816492673273,-0.74363448024327,-0.755640740071042,-0.766793620468026,-0.777055098712314,-0.786393518771327,-0.794775022933388,-0.802168621419597,-0.808547089203067,-0.813887386775694,-0.818171034515052,-0.821384425324002,-0.823519062022224,-0.824571708782223,-0.824544449534151,-0.823444650442161,-0.821284827935265,-0.818082427992864,-0.813859936574765,-0.808644558055226,-0.802466346607797,-0.795358703185673,-0.787357937924858,-0.778502784979415,-0.768833923085433,-0.758395305792191,-0.747232960365071,-0.735390632458202,-0.722912281525905,-0.709840881361829,-0.696219342260228,-0.682089795488433,-0.667494570352457,-0.652475856923848,-0.637074594391739,-0.621331918095401,-0.605287950300683,-0.588979045219922,-0.572440000102452,-0.555703735214647,-0.538797743348953,-0.521751578404027,-0.50459476186448,-0.48735530971108,-0.470059769347467,-0.452733262183062,-0.435399594930809,-0.418082877038927,-0.400805564264055,-0.383588379569887,-0.36645093011428,-0.349411923200001,-0.332490978175675,-0.315705843474216,-0.299072899843513,-0.282607675721003,-0.266324881167084,-0.250238439261966,-0.234361514943229,-0.218706541310969,-0.203284867133119,-0.188106403187282,-0.173181296402888,-0.158519105280141,-0.144128756924132,-0.130018561600536,-0.116196225781816,-0.10266886390599,-0.0894430090743304,-0.0765377605435537,-0.0639774755707015,-0.0517668000733487,-0.0399095209197705,-0.02840873864042,-0.0172668803027747,-0.00648827699994201,0.00392142089288972,0.0139463973359077,0.0235614548103334,0.0327667433576647,0.0415535585447829,0.0499206543202627,0.0578719758779855,0.0654121675410523,0.0725465284144411,0.0792809641379072,0.08562193474906,0.0915763986999822,0.0971517531108746,0.102356031532306,0.107200225622576,0.111693676500407,0.115845125351677,0.119663387066571,0.123157270601855,0.126335497513081,0.129206619131313,0.131778932915188,0.134060398558806,0.13605855449239,0.13778043545735,0.139233632863216,0.140433466790978,0.141392309820415,0.142113212543769,0.142597836966858,0.142846982505507,0.142860542984735,0.142637470782181,0.142175748904645,0.141472371751366,0.140523335261678,0.139323637076782,0.137867287257216,0.136147329995261,0.134155876640922,0.131884150225455,0.129322541517107,0.126460676483083,0.123287494862797,0.119791339382335,0.115960054961945,0.111781097096752
-0.017277974644729,-0.0216687177361761,-0.0263484651256034,-0.0313206187472786,-0.0365883930679131,-0.0421547634135121,-0.0480224139164086,-0.0541936854973095,-0.0606705242958453,-0.0674544309526972,-0.0745464111344254,-0.0819469276704127,-0.0896558546499567,-0.0976724337986828,-0.105995233421245,-0.114622110164216,-0.123550173816111,-0.132775755322754,-0.142294378159241,-0.152100733161479,-0.162188652843388,-0.172547993140466,-0.183167899531286,-0.194039208369365,-0.205151874166939,-0.216494924972973,-0.22804720765253,-0.23978847163891,-0.251704546988296,-0.263780478246396,-0.276000540514391,-0.288348257748017,-0.300806423189126,-0.313354400532468,-0.325962926825456,-0.338611643719931,-0.351280706086764,-0.363949741158076,-0.37659788089768,-0.389203796336398,-0.401745734052449,-0.41420155501614,-0.426548776053664,-0.438764614215487,-0.450826034357537,-0.462709800258802,-0.474392529602403,-0.4858507531378,-0.497060978318567,-0.507999757669413,-0.518643762077194,-0.528969859123564,-0.538955196477923,-0.548577290251669,-0.557814118077496,-0.56664421652322,-0.575046782280836,-0.583001776393668,-0.59049009193216,-0.597495720342245,-0.604002695019936,-0.609995158719245,-0.615458530799274,-0.620379604301282,-0.624746636585846,-0.628549431859735,-0.631779413984778,-0.634429688072393,-0.636495089538367,-0.637972219512545,-0.638859465761122,-0.639157008577727,-0.638866811420535,-0.637992596402286,-0.636539805068864,-0.634515545209377,-0.631928524724747,-0.628788973821863,-0.625108556996774,-0.62090027641326,-0.616178368373617,-0.61095819461318,-0.605256130138241,-0.599089449264977,-0.592476211421132,-0.585436043345895,-0.577989269571689,-0.570155557131947,-0.561954914835816,-0.553407598993629,-0.544534022676339,-0.535354671286327,-0.525890024703119,-0.51616048613148,-0.506186317657196,-0.495987582413989,-0.485584093174833,-0.474995367114039,-0.464240586428149,-0.453338564465398,-0.442307716982653,-0.43116603813383,-0.419931080785616,-0.408619960044813,-0.397249735469528,-0.385836647800861,-0.374396248742374,-0.362943606431155,-0.351493304317721,-0.340059441820867,-0.328655636481353,-0.31729502736409,-0.305990279484753,-0.29475358906274,-0.283596689426211,-0.272530857420061,-0.261566920190111,-0.250715262238088,-0.239985832663516,-0.229388152526014,-0.218931322280138,-0.208624029250683,-0.198474555130457,-0.188490783496501,-0.178680207351392,-0.169049936707057,-0.15960670623717,-0.150363758669904,-0.141334485244736,-0.132524333537263,-0.123938336582076,-0.115581126368188,-0.107456944594655,-0.0995696541169599,-0.0919227504847947,-0.0845189807374595,-0.0773607284958731,-0.0704503475182321,-0.0637933862462172,-0.0574028689655667,-0.0512804070478661,-0.0454263560097648,-0.0398409881996514,-0.0345279287254997,-0.0294878552776355,-0.0247196963703621,-0.0202221792915233,-0.0159938611577397,-0.0120331604999893,-0.00833838922133279,-0.00490778475261316,-0.00173954222045727,0.00116815357063982,0.00381709655401366,0.00620902843355081,0.0083456085646425,0.0102292340620797,0.0118625186155298,0.0132467702588868,0.0143830908315804,0.0152723603869694,0.0159152270458969,0.0163139351473374,0.016469906302463,0.0163828512880544,0.0160521721537447,0.015476957798319,0.0146559831686918,0.0135877122058096,0.0122703046316031,0.01070162663968,0.0088792655178267,0.0068005481947776,0.00446256366404657,0.0018621892004701,-0.00100387975480148,-0.00413909620598713,-0.00754702491237422,-0.0112313026372626,-0.0151955956104079
-0.152108439516122,-0.154939038664932,-0.15792779221939,-0.161073309783631,-0.164374038444764,-0.167828253744142,-0.17143405070693,-0.175189334997528,-0.179091814266514,-0.183138989755611,-0.187328148226573,-0.191655766318252,-0.19611732185777,-0.200709133079722,-0.205427312970873,-0.210267728679016,-0.215225998195617,-0.220297487767226,-0.225477310074826,-0.230760323218016,-0.236141130536564,-0.241614081298782,-0.24717327228408,-0.252812550280296,-0.258525515517062,-0.26430552605016,-0.270145703109824,-0.276038937423118,-0.281977896516605,-0.287955033002959,-0.293962586651017,-0.299990617710456,-0.306029402753752,-0.312070605887809,-0.318105749969336,-0.324126230859467,-0.330123332522063,-0.336088242946088,-0.342012070867583,-0.347885863265344,-0.353700623598954,-0.359447330755695,-0.365116958665694,-0.370700496542945,-0.376188969702566,-0.381573460899394,-0.386845132127529,-0.39199524681437,-0.397015192334697,-0.401896502765477,-0.406630881794141,-0.41121047403476,-0.415627837227487,-0.419875363573188,-0.42394569606959,-0.427831757520323,-0.431526771987698,-0.435024285635697,-0.438318186838525,-0.441402725425404,-0.444272530935392,-0.446922629756629,-0.44934846102877,-0.45154589119171,-0.453511227071909,-0.455241227405372,-0.456733112706378,-0.457984573404643,-0.458993776184167,-0.459759368473545,-0.460280481051461,-0.460556728748179,-0.460588209238982,-0.46037549994419,-0.459919653064267,-0.459222188797986,-0.45828508680311,-0.457110775978413,-0.455702122654517,-0.454062417296298,-0.452195359829259,-0.450105043710189,-0.447795938871115,-0.445272873668743,-0.442541015978296,-0.439605853567555,-0.43647317389227,-0.433149043447958,-0.429639786812486,-0.425951965508476,-0.422092356808575,-0.418067932600408,-0.413885838420969,-0.409553372759204,-0.405077966721245,-0.400467308981169,-0.395729202816986,-0.39087133101374,-0.38590143158247,-0.380827281143645,-0.37565667836419,-0.370397428146755,-0.365057326593716,-0.359644146758893,-0.354165625196415,-0.348629449308351,-0.343043245487858,-0.337414568050754,-0.331750888943307,-0.326059588211807,-0.320347945215655,-0.314623130563595,-0.308892198751614,-0.303162081477801,-0.297439581611336,-0.29173136778858,-0.286043969612102,-0.280383773426503,-0.274757018645253,-0.269169794604431,-0.263628037917429,-0.25813753030805,-0.252703896897168,-0.247332604921671,-0.242028962863143,-0.236798119965026,-0.231645066118326,-0.226574632095888,-0.221591490115901,-0.216700647740086,-0.211909079809967,-0.207221307705224,-0.202641289114442,-0.198172814483041,-0.19381950976906,-0.189584839474636,-0.185472109932761,-0.18148447282632,-0.177624928916238,-0.173896331955602,-0.170301392765088,-0.166842683442644,-0.163522641683378,-0.160343575179602,-0.157307666074806,-0.154416975440717,-0.151673297159371,-0.149078249972642,-0.146633530402953,-0.144340733437939,-0.142201356018046,-0.140216801162217,-0.138388381890863,-0.136718075762185,-0.135207834086783,-0.133858486693824,-0.132670787873043,-0.13164542380472,-0.130783015940506,-0.130084123915404,-0.129549247959754,-0.129178830783722,-0.128973258908761,-0.128932863424918,-0.129057920154607,-0.12934864920907,-0.129805213927809,-0.130427719193557,-0.131216209122525,-0.132170606523985,-0.133290344478087,-0.134575190444341,-0.136024953153351,-0.137639361832499,-0.139418060112558,-0.141360599424267,-0.143466431922422,-0.145734902980435,-0.148165243300377,-0.15075656068943
-0.289895086641408,-0.289895086641408,-0.289895086641408,-0.289895086641408,-0.289895086641408,-0.289895086641408,-0.289895086641408,-0.289895086641408,-0.289895086641408,-0.289895086641408,-0.289895086641408,-0.289895086641408,-0.289895086641408,-0.289895086641408,-0.289895086641408,-0.289895086641408,-0.289895086641408,-0.289895086641408,-0.289895086641408,-0.289895086641408,-0.289895086641408,-0.289895086641408,-0.289895086641408,-0.289895086641408,-0.289895086641408,-0.289895086641408,-0.289895086641408,-0.289895086641408,-0.289895086641408,-0.289895086641408,-0.289895086641408,-0.289895086641408,-0.289895086641408,-0.289895086641408,-0.289895086641408,-0.289895086641408,-0.289895086641408,-0.289895086641408,-0.289895086641408,-0.289895086641408,-0.289895086641408,-0.289895086641408,-0.289895086641408,-0.289895086641408,-0.289895086641408,-0.289895086641408,-0.289895086641408,-0.289895086641408,-0.289895086641408,-0.289895086641408,-0.289895086641408,-0.289895086641408,-0.289895086641408,-0.289895086641408,-0.289895086641408,-0.289895086641408,-0.289895086641408,-0.289895086641408,-0.289895086641408,-0.289895086641408,-0.289895086641408,-0.289895086641408,-0.289895086641408,-0.289895086641408,-0.289895086641408,-0.289895086641408,-0.289895086641408,-0.289895086641408,-0.289895086641408,-0.289895086641408,-0.289895086641408,-0.289895086641408,-0.289895086641408,-0.289895086641408,-0.289895086641408,-0.289895086641408,-0.289895086641408,-0.289895086641408,-0.289895086641408,-0.289895086641408,-0.289895086641408,-0.289895086641408,-0.289895086641408,-0.289895086641408,-0.289895086641408,-0.289895086641408,-0.289895086641408,-0.289895086641408,-0.289895086641408,-0.289895086641408,-0.289895086641408,-0.289895086641408,-0.289895086641408,-0.289895086641408,-0.289895086641408,-0.289895086641408,-0.289895086641408,-0.289895086641408,-0.289895086641408,-0.289895086641408,-0.289895086641408,-0.289895086641408,-0.289895086641408,-0.289895086641408,-0.289895086641408,-0.289895086641408,-0.289895086641408,-0.289895086641408,-0.289895086641408,-0.289895086641408,-0.289895086641408,-0.289895086641408,-0.289895086641408,-0.289895086641408,-0.289895086641408,-0.289895086641408,-0.289895086641408,-0.289895086641408,-0.289895086641408,-0.289895086641408,-0.289895086641408,-0.289895086641408,-0.289895086641408,-0.289895086641408,-0.289895086641408,-0.289895086641408,-0.289895086641408,-0.289895086641408,-0.289895086641408,-0.289895086641408,-0.289895086641408,-0.289895086641408,-0.289895086641408,-0.289895086641408,-0.289895086641408,-0.289895086641408,-0.289895086641408,-0.289895086641408,-0.289895086641408,-0.289895086641408,-0.289895086641408,-0.289895086641408,-0.289895086641408,-0.289895086641408,-0.289895086641408,-0.289895086641408,-0.289895086641408,-0.289895086641408,-0.289895086641408,-0.289895086641408,-0.289895086641408,-0.289895086641408,-0.289895086641408,-0.289895086641408,-0.289895086641408,-0.289895086641408,-0.289895086641408,-0.289895086641408,-0.289895086641408,-0.289895086641408,-0.289895086641408,-0.289895086641408,-0.289895086641408,-0.289895086641408,-0.289895086641408,-0.289895086641408,-0.289895086641408,-0.289895086641408,-0.289895086641408,-0.289895086641408,-0.289895086641408,-0.289895086641408,-0.289895086641408,-0.289895086641408,-0.289895086641408,-0.289895086641408,-0.289895086641408,-0.289895086641408,-0.289895086641408,-0.289895086641408
