0.573005914231305,0.573005914231305,0.573005914231305,0.573005914231305,0.573005914231305,0.573005914231305,0.573005914231305,0.573005914231305,0.573005914231305,0.573005914231305,0.573005914231305,0.573005914231305,0.573005914231305,0.573005914231305,0.573005914231305,0.573005914231305,0.573005914231305,0.573005914231305,0.573005914231305,0.573005914231305,0.573005914231305,0.573005914231305,0.573005914231305,0.573005914231305,0.573005914231305,0.573005914231305,0.573005914231305,0.573005914231305,0.573005914231305,0.573005914231305,0.573005914231305,0.573005914231305,0.573005914231305,0.573005914231305,0.573005914231305,0.573005914231305,0.573005914231305,0.573005914231305,0.573005914231305,0.573005914231305,0.573005914231305,0.573005914231305,0.573005914231305,0.573005914231305,0.573005914231305,0.573005914231305,0.573005914231305,0.573005914231305,0.573005914231305,0.573005914231305,0.573005914231305,0.573005914231305,0.573005914231305,0.573005914231305,0.573005914231305,0.573005914231305,0.573005914231305,0.573005914231305,0.573005914231305,0.573005914231305,0.573005914231305,0.573005914231305,0.573005914231305,0.573005914231305,0.573005914231305,0.573005914231305,0.573005914231305,0.573005914231305,0.573005914231305,0.573005914231305,0.573005914231305,0.573005914231305,0.573005914231305,0.573005914231305,0.573005914231305,0.573005914231305,0.573005914231305,0.573005914231305,0.573005914231305,0.573005914231305,0.573005914231305,0.573005914231305,0.573005914231305,0.573005914231305,0.573005914231305,0.573005914231305,0.573005914231305,0.573005914231305,0.573005914231305,0.573005914231305,0.573005914231305,0.573005914231305,0.573005914231305,0.573005914231305,0.573005914231305,0.573005914231305,0.573005914231305,0.573005914231305,0.573005914231305,0.573005914231305,0.573005914231305,0.573005914231305,0.573005914231305,0.573005914231305,0.573005914231305,0.573005914231305,0.573005914231305,0.573005914231305,0.573005914231305,0.573005914231305,0.573005914231305,0.573005914231305,0.573005914231305,0.573005914231305,0.573005914231305,0.573005914231305,0.573005914231305,0.573005914231305,0.573005914231305,0.573005914231305,0.573005914231305,0.573005914231305,0.573005914231305,0.573005914231305,0.573005914231305,0.573005914231305,0.573005914231305,0.573005914231305,0.573005914231305,0.573005914231305,0.573005914231305,0.573005914231305,0.573005914231305,0.573005914231305,0.573005914231305,0.573005914231305,0.573005914231305,0.573005914231305,0.573005914231305,0.573005914231305,0.573005914231305,0.573005914231305,0.573005914231305,0.573005914231305,0.573005914231305,0.573005914231305,0.573005914231305,0.573005914231305,0.573005914231305,0.573005914231305,0.573005914231305,0.573005914231305,0.573005914231305,0.573005914231305,0.573005914231305,0.573005914231305,0.573005914231305,0.573005914231305,0.573005914231305,0.573005914231305,0.573005914231305,0.573005914231305,0.573005914231305,0.573005914231305,0.573005914231305,0.573005914231305,0.573005914231305,0.573005914231305,0.573005914231305,0.573005914231305,0.573005914231305,0.573005914231305,0.573005914231305,0.573005914231305,0.573005914231305,0.573005914231305,0.573005914231305,0.573005914231305,0.573005914231305,0.573005914231305
0.563168276265709,0.563828603273258,0.564493129368342,0.565160841941161,0.565830761571216,0.566501943026334,0.567173476021324,0.567844485749652,0.568514133202041,0.569181615286256,0.569846164762496,0.570507050008876,0.571163574631351,0.57181507693226,0.572460929251327,0.573100537192613,0.573733338750406,0.574358803346581,0.574976430791358,0.57558575017884,0.576186318728085,0.576777720579842,0.577359565558463,0.577931487907862,0.578493145009773,0.579044216091942,0.579584400933304,0.580113418572594,0.580631006026314,0.581136917021432,0.581630920747686,0.582112800633917,0.58258235315238,0.583039386654614,0.583483720242034,0.583915182674103,0.584333611316604,0.58473885113225,0.58513075371565,0.58550917637438,0.585873981257741,0.586225034534605,0.586562205621605,0.58688536646277,0.587194390861627,0.587489153866657,0.587769531210919,0.588035398806589,0.588286632295038,0.588523106653072,0.588744695855823,0.588951272596748,0.589142708065124,0.589318871781327,0.589479631490126,0.589624853112148,0.58975440075356,0.589868136773936,0.589965921912189,0.590047615470332,0.590113075554742,0.590162159374484,0.590194723596168,0.590210624754682,0.590209719719061,0.590191866212635,0.590156923386516,0.590104752445388,0.590035217324462,0.589948185416407,0.589843528346966,0.589721122797905,0.589580851375883,0.589422616093754,0.589246350280758,0.589051958658021,0.588839352844668,0.5886084550989,0.588359199470893,0.588091532992459,0.587805416901153,0.587500827896433,0.587177759425311,0.586836222994828,0.586476249508511,0.586097890623794,0.585701220127185,0.585286335323722,0.584853358437021,0.584402438015891,0.583933750343205,0.583447500842318,0.582943925475937,0.582423292131891,0.581885901989784,0.581332090861965,0.580762230501703,0.580176729870837,0.57957603635854,0.57896063694215,0.578331059280349,0.577687872728203,0.577031689262887,0.57636316430816,0.5756829974449,0.57499193299436,0.574290760460059,0.573580314813665,0.572861476609656,0.572135171913087,0.571402372024512,0.570664092985893,0.569921394851365,0.56917538070692,0.568427195423551,0.567678024129089,0.566929090385033,0.566181654055992,0.565437008861091,0.564696479598778,0.563961419038948,0.563233204432356,0.562513203457586,0.561802802577208,0.561103425605213,0.560416504252207,0.559743473107643,0.559085764343849,0.55844480216832,0.557821997055882,0.557218739797349,0.556636395406186,0.556076296929245,0.555539739211793,0.555027972670609,0.554542197131861,0.554083555792531,0.553653129365396,0.553251930467757,0.552880898313325,0.552540893764727,0.552232694801204,0.551956992451991,0.551714387240952,0.551505386182105,0.551330400359081,0.551189743114236,0.55108362886544,0.551012172560483,0.550975389770923,0.550973197419094,0.551005415124155,0.551071767145611,0.551171884895841,0.551305309986942,0.551471497771728,0.551669821334141,0.551899575880577,0.552159983480876,0.552450198105801,0.552769310906887,0.553116355684382,0.553490314489682,0.553890123310021,0.554314677785247,0.554762838909041,0.555233438670025,0.5557252855916,0.556237170133041,0.556767869918296,0.557316154762926,0.557880791473665,0.558460548399119,0.559054199714052,0.559660529423493,0.560278335076557,0.560906431183247,0.561543652330691,0.562188855998203,0.562840925073164
0.555383617318102,0.556807014574021,0.558218813407346,0.559617151462928,0.561000332945505,0.562366821791918,0.56371523446177,0.565044332451941,0.566353014628833,0.567640309461274,0.568905367226831,0.570147452254936,0.571365949363437,0.572560405985094,0.573730428613753,0.574875705942725,0.575996008205257,0.577091180246107,0.57816113481022,0.579205846065139,0.580225343370659,0.581219705306424,0.582189053965542,0.583133549519756,0.584053385059376,0.584948781708824,0.585819984016469,0.586667255615288,0.58749087514883,0.588291132455118,0.589068324999306,0.589822754544394,0.590554724047944,0.591264534771671,0.591952483589997,0.592618860483174,0.59326394620044,0.593888010078911,0.594491308004399,0.595074080501268,0.595636550939602,0.596178923849404,0.596701383333241,0.59720409157059,0.597687187409141,0.598150785040312,0.598594972758293,0.599019811803858,0.599425335296006,0.599811547256111,0.600178421730645,0.600525902019591,0.600853900018481,0.601162295682361,0.601450936620118,0.60171963782729,0.601968181564917,0.602196317391075,0.602403762350575,0.602590201326908,0.60275528755901,0.602898643323676,0.603019884458381,0.603118819893545,0.603195054220978,0.603248098803876,0.603277436686393,0.603282524152878,0.603262792446199,0.603217649635994,0.603146482627057,0.603048659297756,0.602923530758324,0.602770433719168,0.602588692959836,0.602377623890082,0.602136535195475,0.60186473156121,0.601561516469111,0.601226195064331,0.600858077089807,0.600456479888134,0.600020731472177,0.599550173667332,0.599044165329917,0.598502085647665,0.597923337529674,0.59730735109446,0.596653587265867,0.595961541487619,0.595230747568105,0.594460781667684,0.593651266441269,0.592801875349292,0.591912337150258,0.590982440588023,0.590012039286632,0.589001056865023,0.587949492283073,0.586857425429382,0.585725022959678,0.584552544392903,0.583340348469625,0.582088899774524,0.580798775621089,0.57947067319225,0.578105416925404,0.576703966123815,0.575267422768829,0.573797039498199,0.572294227705213,0.570760565700833,0.56919780686663,0.567607887709786,0.565992935712629,0.564355276848145,0.562697442609618,0.561022176377204,0.559332438917154,0.557631412781156,0.555922505344555,0.554209350194281,0.552495806551464,0.550785947521232,0.549083830327508,0.547393890484481,0.545720879990064,0.544069729483002,0.542445528532078,0.540853501710522,0.539298980560729,0.53778743275627,0.536324317080816,0.53491480618425,0.533564209211131,0.532277672220782,0.531060288568415,0.529917054942455,0.528852714525087,0.527871704597084,0.526978106094535,0.526175596398044,0.525467406594152,0.524856284346183,0.524344463351163,0.523933640149642,0.523624958809139,0.523419003735635,0.523315800598263,0.523314825096992,0.523415019076024,0.523614813297938,0.523912156051894,0.524304546675762,0.52478907302516,0.525362451917289,0.52602107160719,0.526761035410868,0.527578205665705,0.528468247306559,0.529426670429967,0.530448871314092,0.531530171455182,0.532665854269936,0.533851199195952,0.535081512998481,0.536352158160751,0.537658578296998,0.538996317470726,0.540361017038012,0.541748487084014,0.543154702468446,0.544575903993206,0.54600871561065,0.547449709256607,0.548895629871016,0.550343414147074,0.551790191137903,0.553233281315126,0.55467019426794
0.550212442781661,0.552383630087114,0.554507311324223,0.556582152861143,0.5586071310989,0.560581504459289,0.562504786825412,0.564376722451164,0.566197262326026,0.56796654196026,0.569684860541879,0.571352661409409,0.572970513782215,0.574539095691975,0.576059178063769,0.577531609902069,0.578957304544941,0.580337227152319,0.581672450650105,0.582964174392374,0.584213622482474,0.585422041510155,0.586590691033294,0.587720834859702,0.588813733138129,0.589870635263365,0.590892773593664,0.591881357970074,0.59283757101696,0.593762564191649,0.594657454539177,0.595523322096272,0.596361207877534,0.597172112366823,0.597956994428763,0.598716770549374,0.599452314311607,0.600164456011207,0.600853982320972,0.601521635917104,0.60216811498993,0.602794072572399,0.603400115633151,0.603986803896145,0.604554648365237,0.60510410954911,0.605635595398999,0.606149458988038,0.606645995976205,0.607125441918189,0.607587969482583,0.6080336856592,0.608462629036756,0.60887476723549,0.609269994578498,0.609648130081576,0.610008915834697,0.610352015838811,0.610677015350218,0.610983499303487,0.611271499711792,0.611540532977463,0.611789915121392,0.612018880068688,0.612226581875567,0.612412097516052,0.612574430177977,0.612712513008974,0.612825213246548,0.612911336662065,0.612969632246552,0.612998797066597,0.612997481221087,0.612964292833944,0.612897803024059,0.612796550801063,0.612659047843997,0.612483783129168,0.612269227383004,0.612013837345451,0.611716059838915,0.611374335646878,0.610987103214792,0.610552802193569,0.610069876852833,0.609536779397021,0.608951973222335,0.608313936156563,0.607621163726881,0.60687217250303,0.606065503564857,0.605199726144219,0.604273441491838,0.60328528702004,0.602233940772543,0.601118126272819,0.599936617803099,0.598688246167219,0.597371904992098,0.595986557625139,0.594531244688259,0.593005092353725,0.591407321412768,0.589737257214965,0.587994340564919,0.586178139672688,0.584288363265793,0.582324874983402,0.580287709187178,0.578177088338117,0.575993442103917,0.57373742837644,0.571409956392664,0.56901221216389,0.566545686425148,0.564012187783159,0.561413177472049,0.558750978647798,0.556028783866322,0.553250267990759,0.55041963406334,0.54754196976488,0.54462307373278,0.541669028335708,0.538686639917647,0.535683496684653,0.532668023308352,0.52964953095899,0.526638259378481,0.523645245955224,0.520682147341333,0.517762215866184,0.514899679256273,0.512109602237542,0.509407764966635,0.506810459804795,0.504333764861002,0.501994234354562,0.499808389594019,0.497792142093375,0.495960418767824,0.494326787183716,0.492903104270184,0.491699212266919,0.490722702899038,0.48997876497243,0.489470122611241,0.489197062593523,0.489157541246951,0.489347355468784,0.489760359382154,0.490388707977858,0.491223111254355,0.492253085945911,0.493467195955484,0.49485327630505,0.496398638307166,0.49809025558493,0.499914931601395,0.501859449720822,0.503910706772077,0.506055830851928,0.508282283862841,0.510577949124267,0.51293120436422,0.515330980480585,0.517766806625808,0.520228842372456,0.522707897921556,0.525195443490619,0.527683609145039,0.530165176407105,0.532633562991435,0.535082801980635,0.537507516679905,0.539902892284905,0.542264645374144,0.544588992104617,0.54687260734823,0.549112593887652
0.547777215675492,0.550564071928565,0.553253554584878,0.555846225929586,0.558343477212873,0.560748495265719,0.563063352875788,0.565290112375344,0.567430994026854,0.569488348505474,0.571464631915106,0.57336238284728,0.575184201072746,0.576932727539303,0.578610625433986,0.580220562151453,0.581765192090886,0.583247140278869,0.584668986883189,0.58603325274006,0.58734237712419,0.588598854349891,0.589805363672993,0.590964522683901,0.592078859186862,0.593150801607016,0.594182671410443,0.595176677672654,0.596134913869011,0.597059356890909,0.597951868217453,0.59881419709754,0.599647985525142,0.600454774724944,0.601236012809401,0.601993063224654,0.602727213573698,0.60343968439235,0.604131637457556,0.604804183228492,0.605458387057867,0.606095273862436,0.606715831005739,0.607321009219953,0.607911721474385,0.608488839782249,0.60905319002158,0.609605544926969,0.610146615483116,0.610677041015949,0.611197378329792,0.611708090277699,0.612209534175235,0.61270195047488,0.613185452108828,0.613660014882862,0.614125469264546,0.614581493857068,0.615028138940438,0.615465725435279,0.615893603996156,0.616310939383052,0.61671672557174,0.617109790330319,0.617488801750894,0.617852276512215,0.618198589608447,0.618525985250184,0.618832588626922,0.619116418215156,0.619375398322383,0.619607371573608,0.619810111071876,0.619981331996302,0.620118702438338,0.620219853317611,0.620282387260935,0.620303886370399,0.620281918847175,0.62021404447575,0.620097819007618,0.619930797513287,0.619710536796345,0.619434596983055,0.619100542415352,0.618705941984617,0.618248369048257,0.617725401071556,0.617134619133963,0.616473607432468,0.615739952905715,0.614931245091501,0.614045076318012,0.613079042316067,0.612030743326334,0.61089778576251,0.60967778447921,0.608368365682401,0.606967170510958,0.605471859310884,0.603880116619313,0.602189656874169,0.600398230867724,0.598503632968934,0.59650370915088,0.594396365876708,0.592179579920818,0.589851409232747,0.587410004990237,0.584853625036653,0.582180648957762,0.579389595125796,0.57647836382468,0.573444627580883,0.570287751558795,0.567007352502384,0.563603304221832,0.560076660467529,0.55642895577536,0.552661163575433,0.548774690199685,0.544771461996525,0.540654030319667,0.536425698486778,0.532090674999523,0.527654258001933,0.523123041651714,0.518504206965093,0.513807523452506,0.509045749441889,0.504234326680716,0.499391863810457,0.49454067119653,0.48970732594325,0.484923224635788,0.480225049955957,0.475655035362862,0.471260302105867,0.467092504575564,0.463207627683541,0.459662631954561,0.456512164413139,0.453804713776609,0.451578832470862,0.449860240974401,0.448660514398814,0.447977621583654,0.447798026879378,0.4480996530249,0.448854915117526,0.450033239475392,0.451602809038367,0.453531563084091,0.455787642839905,0.458339517942793,0.461155993714361,0.464206231351962,0.467459844456779,0.47088708233424,0.474459078064804,0.478148125438337,0.481927948396494,0.485773934024228,0.489663310648058,0.493575262965748,0.49749098454,0.501393673783044,0.505268482836457,0.509102429993987,0.512884286125859,0.516604444500677,0.520254781910005,0.523828517393365,0.527320073332741,0.530724942339601,0.534039562235098,0.537261200526783,0.540387849092719,0.543418129266285,0.546351207140122
0.54771470088598,0.550888073407296,0.553916670265909,0.556804273831593,0.559554661785006,0.562171649494469,0.564659622914984,0.567025642652309,0.569275262116373,0.57141336227181,0.573444821485176,0.575374508384067,0.577207272777491,0.578947933980965,0.580601266130931,0.582171980321827,0.583664703649735,0.585083955491632,0.586434121580462,0.587719426644443,0.588943906554686,0.590111372692995,0.591225254324346,0.592289454356829,0.593307912264828,0.594284308432365,0.595222045969693,0.596124238735576,0.596993706145647,0.597832975067652,0.598644288802293,0.599429622839047,0.600190706775958,0.600929060404505,0.601646072824033,0.602342998713525,0.603020992798588,0.603681148145068,0.604324530779446,0.604952211028165,0.605565290267397,0.606164921964448,0.606752326126971,0.607328796545631,0.607895700508517,0.608454470969118,0.609006591452062,0.609553574270028,0.610096932889869,0.610638149515733,0.611178639142332,0.611719711465104,0.612262532109988,0.612808084660727,0.613357134915268,0.613910198697174,0.614467514388211,0.615029460968621,0.615597371583104,0.61617074606087,0.616748870264313,0.617330797129,0.617915201817516,0.618500400730356,0.619084376224126,0.619664806059907,0.62023909649551,0.620804417876288,0.621357741568942,0.621895877117716,0.622415508577145,0.622913229083122,0.623385572856836,0.623829043986059,0.624240141487465,0.624615380314781,0.624951308134046,0.625244517833555,0.625491655867895,0.625689426649497,0.625834593295472,0.625923975111185,0.625954442245123,0.625922907983084,0.625826319165116,0.625661645208026,0.625425866201996,0.625115960524437,0.624728892380011,0.624261599635161,0.623710982270439,0.623073891726249,0.622347121368624,0.621527398252523,0.620611376311617,0.619595631056293,0.618476742021252,0.617251393610628,0.615916130722961,0.61446745306487,0.612901822861878,0.611215669691177,0.609405395936943,0.607467382667065,0.605397995719338,0.603193592986504,0.600850758019827,0.59836596178196,0.595735479876068,0.592955589478666,0.590020766146517,0.586926292170505,0.583669125730302,0.580246230533805,0.576654652565299,0.572893838459472,0.568962122743769,0.564856655660707,0.560574494487853,0.55611260518891,0.551467868570351,0.546637092784485,0.541617034632013,0.536404432949812,0.530996058521942,0.525388373726958,0.519576563260541,0.513558356876098,0.507332183887121,0.500897628500336,0.494255562508495,0.487408721757559,0.480362552496175,0.473126450276958,0.465715602830934,0.458153778762177,0.450477615500239,0.44274327175131,0.43503542107079,0.427484664442622,0.420288214038739,0.413726447791979,0.408151215175359,0.403900607043669,0.401146557207523,0.399809436101559,0.399644534935252,0.400393525437262,0.401866551731135,0.403949387128431,0.406580680192576,0.409726733784501,0.41336235147455,0.417458794995411,0.42197791293661,0.426871009280727,0.43208085157835,0.437545262442152,0.443201019656407,0.448987225802743,0.454847752105931,0.460732701110127,0.466599030860323,0.472410559660974,0.47813756866377,0.483756180271713,0.489247641251462,0.494597594979431,0.499795392735456,0.504833469738436,0.509706795933077,0.514412402140882,0.518948977071866,0.523316528305983,0.527516099599693,0.531549537025959,0.535419297056271,0.5391282904654,0.542679756728471,0.546077164305696
0.549276230533013,0.552570160302005,0.55568546036172,0.558628460390999,0.561405062684991,0.56402079897858,0.566480912316342,0.568790916394054,0.570958431244942,0.572992953248814,0.574901238685904,0.576690002457787,0.57836599170817,0.579935991584116,0.581406817417901,0.582785292965298,0.58407821495772,0.585292304879008,0.58643414953914,0.587510132658191,0.588526360261973,0.589488583190093,0.590402062487143,0.591271195588045,0.592101389474758,0.592897907975345,0.593665416229663,0.594407943595357,0.595128866036306,0.595830909304324,0.596516173227496,0.597186176384915,0.597841919441625,0.598483964500987,0.599112527058342,0.599727576551495,0.600328941127074,0.600916412088192,0.601489843554319,0.602049243132593,0.602594889255632,0.603127601756977,0.603648555076793,0.604159310693292,0.604661832205074,0.605158465351069,0.60565189744756,0.606145097894836,0.606641242147252,0.607143622193116,0.607655547129455,0.608180237816242,0.608720667099671,0.609279044873365,0.609858019347824,0.610459927664954,0.611086467496258,0.611740446913009,0.612423769469449,0.613136415884871,0.613877581001689,0.614645694951158,0.615438462742286,0.616252920044697,0.617085502397345,0.617932124705232,0.618788267691874,0.619649067950374,0.620509408364584,0.621364005930649,0.622207494370281,0.623034499360626,0.623839704682309,0.62461790807986,0.625364066113231,0.626073327735441,0.626741056743625,0.627362843607285,0.627934507470787,0.628452089353509,0.628911837730319,0.629310187770217,0.629643735547537,0.629909208525542,0.630103433555642,0.630223303546191,0.630265743842848,0.630227679236668,0.630106002384585,0.629897544296148,0.629599047415205,0.629207141708383,0.628718324065375,0.628128941218709,0.627435176302034,0.626633039083978,0.625718359837551,0.62468707481585,0.623535971474016,0.622260513521831,0.620855769197609,0.619316581998558,0.617637698691105,0.615814158273367,0.613840856455987,0.611712617695156,0.609424231228377,0.606970471145687,0.60434534307993,0.601540572592983,0.598551570451496,0.595374214984705,0.592004381870022,0.588439083026214,0.584679044874025,0.580721058234847,0.576561214315413,0.572195336596685,0.567618940412538,0.56282718757572,0.557814836082564,0.552576185031788,0.547105015010467,0.541394524340699,0.535436911877323,0.529221136313631,0.522738724890568,0.515981277629904,0.508939483464631,0.501603048328447,0.493960636691214,0.485999836930759,0.477707167829846,0.469068156057108,0.460067538475757,0.450689587334482,0.440917552116346,0.430738092665191,0.420143894142792,0.40914112826715,0.397776958276525,0.386213498082425,0.375039467740845,0.366435728323562,0.363028886204903,0.362336898750405,0.362332976133353,0.362621577425699,0.363281250500938,0.364545381716842,0.366694505384753,0.369974333228061,0.374518761666766,0.380305295405158,0.387167839953127,0.394855272488329,0.40309806725302,0.411654138383782,0.420328432713269,0.428974485478266,0.437487593761826,0.445795817217767,0.453851677773817,0.461625466011701,0.469100178354109,0.476267808978583,0.483126674831325,0.489679496096627,0.495932017755861,0.501892015278386,0.507568572640914,0.512971554199416,0.518111215764292,0.522997945863276,0.527642221433705,0.532054166867043,0.536243474500732,0.54021935457945,0.543990490362526,0.547565017637826
0.551472174450246,0.554645984454895,0.557628305865269,0.560425621611107,0.563043558568338,0.565487050624862,0.567760508222355,0.569868038344806,0.571814469323254,0.573606932641688,0.575256430121473,0.576770693149157,0.578157593406058,0.579425428007287,0.58058292486785,0.581639212064358,0.582603750693378,0.583486232206309,0.58429644282266,0.585044099342081,0.585738662417141,0.586389135011727,0.587003855226768,0.587589770325804,0.58815327940288,0.588702106673488,0.589242827453872,0.589780668872084,0.590319449282409,0.59086157256559,0.591408078830163,0.591958749867123,0.592512264644454,0.593066397401613,0.593618248715699,0.594164498393831,0.594701668257713,0.595226382810019,0.595735616330893,0.596226916028987,0.596698592329236,0.597149869086549,0.597580988356554,0.597993266245644,0.59838913432976,0.59877259718314,0.599148697163145,0.599523265046084,0.599902790126445,0.600293466297305,0.600702968728671,0.601139544444416,0.601610998484211,0.602124441270226,0.602686054568815,0.603300886227635,0.603972949069529,0.604707712959267,0.605507562220976,0.606372587984839,0.607301337373583,0.608290882905499,0.609336934865021,0.610433989584981,0.611575505355558,0.612754097036898,0.613961740379565,0.615189977478657,0.616430115604119,0.617673412750875,0.618911244529281,0.620135248372057,0.621337442387797,0.622510317479837,0.623646902525601,0.624740803441844,0.625786217823354,0.626777927523769,0.627711272042767,0.628582105896702,0.629386743289781,0.630121893386361,0.630784589334126,0.631372113929679,0.631881924482428,0.632311579050774,0.632658665826829,0.632920737059088,0.633095248548688,0.633179505449396,0.633170614852259,0.633065445443848,0.632860594386468,0.632553900825261,0.632143388246325,0.631625007407839,0.630994227018593,0.630246047911612,0.629375022742973,0.628375282888493,0.627240571890599,0.625964284662021,0.624539511507025,0.622959085883755,0.621215634711328,0.619301629930059,0.617209685475888,0.614931664154145,0.61245760441387,0.60978248161107,0.606901705638465,0.603810854156688,0.600507115316221,0.596994134581671,0.59327000312987,0.589331767148159,0.585176370863822,0.580800625203206,0.576201170470081,0.571374433820575,0.566316582785499,0.561023476683994,0.555490618533791,0.549713111066146,0.543682958742243,0.53739267896488,0.530838266922955,0.524015374579409,0.516919393442162,0.509545626988612,0.501889587261522,0.493947472879377,0.485716835799133,0.477197739249191,0.468394691240247,0.459318906004857,0.449991812699063,0.440449895207366,0.430750857010746,0.420977911562488,0.411247194461445,0.401701914765014,0.392490822265703,0.38371938071473,0.375399161397835,0.367429735439412,0.359636401131972,0.35185181040682,0.344029615196088,0.336444116538248,0.330172544129389,0.327971785561644,0.333028787837393,0.343978715663703,0.357252525975499,0.370928917000749,0.384283287366651,0.397058244504138,0.409171586408624,0.420610603336247,0.431391376441671,0.441541880569542,0.451094543975043,0.460082991826737,0.468540402954699,0.476498936397116,0.483989213523818,0.49104014060216,0.497679009826313,0.503931638625238,0.509822649149411,0.5153748978899,0.520609624763185,0.525546480015919,0.530203533111135,0.534597284641069,0.538742686112544,0.542653172117061,0.546340708657188,0.549815860365462
0.553218915004766,0.556102689398797,0.558805340447531,0.561330014773639,0.563678546487589,0.565851773401065,0.567849873465172,0.569672708846389,0.571320470749133,0.572795355095966,0.574103425497614,0.575255515847488,0.576259539508993,0.577124630633918,0.577861312290446,0.578481468252533,0.578998235964857,0.579425818983664,0.579779220222311,0.580073901028997,0.580325375453343,0.580548753840811,0.580758254792167,0.580966468457591,0.581182902460794,0.581419180785114,0.581685437548002,0.581989032437703,0.582334371578292,0.582722863449053,0.583153015440266,0.583620667031153,0.584119346368339,0.584640729192094,0.585175173350203,0.58571229895157,0.586241583558102,0.586752943375393,0.587237276380083,0.587686936399712,0.588096138460751,0.588461280421212,0.588781136565396,0.589056979352829,0.589292685256313,0.589494542305783,0.589670024739188,0.589829528868024,0.589987828232164,0.590160696266949,0.590364274168259,0.590614649287018,0.590927286952481,0.591316432160449,0.591794222544452,0.592370694163532,0.593054070330708,0.593853259155828,0.594771695886542,0.595809252164734,0.596962829453943,0.598226558483716,0.599592091768667,0.601048968277629,0.602585027132614,0.60418684700724,0.605840189336726,0.607530426083632,0.609242936143767,0.610963458106704,0.612678390691818,0.614375035561084,0.616041780252092,0.617668221628606,0.619245232495277,0.62076497586515,0.622220872804107,0.623607530806074,0.624920640279932,0.626156846963435,0.627313607942383,0.628389038481402,0.629381756118995,0.630290727513193,0.63111512242669,0.631854178099691,0.632507076161956,0.633072833259863,0.633550205779672,0.63393760847075,0.634234817023926,0.634443159712705,0.634560563464805,0.634584104459138,0.634510059120728,0.634333905451877,0.634050337515918,0.633653293022097,0.633135993842072,0.632490999069494,0.631710269934848,0.630785245539247,0.629706928009069,0.628465975333608,0.627052799860343,0.625457670209238,0.623669479239326,0.621674089485934,0.619463674367019,0.617031831405499,0.614373536282879,0.611484587819757,0.608370619283277,0.605034223181708,0.601474002881448,0.597688800373464,0.593677692583118,0.589439978643368,0.584975158934808,0.580282907293083,0.575363038477656,0.570215473802179,0.564840208762502,0.559236818035516,0.553400505382552,0.54733266675598,0.541036804917465,0.534516399401955,0.527775739717525,0.520819671476572,0.513653491961011,0.506284002043529,0.498719627387927,0.490970807328436,0.483050570643436,0.47497508141557,0.466764003136715,0.458440432700994,0.450029950145044,0.441555905471408,0.433041467980266,0.424503465788023,0.415944603341481,0.407344680167709,0.398664665186435,0.389855072352089,0.380870352223411,0.371708260504663,0.362494967107525,0.353682266335859,0.346496149398222,0.343513965127859,0.347315402893988,0.356853525123263,0.369071514849509,0.382019926038985,0.394844370422525,0.407198261285363,0.418946999592071,0.430047229401383,0.440496777831928,0.450312741817566,0.459521286802264,0.46815261423325,0.476238497596996,0.483810983740705,0.490901864469474,0.497542768726137,0.503764003560585,0.509594528328446,0.5150624361803,0.520194778930434,0.525016303730651,0.529549784259288,0.533815985683694,0.537833547153442,0.541618893322972,0.545186184859814,0.548547316427168,0.551711968269546
0.553473699204082,0.55599110515959,0.558361028851426,0.560579109408727,0.56263895422346,0.564532721965433,0.566251751313857,0.567787207230748,0.569130751099478,0.570276823459098,0.571224338635542,0.571978841366918,0.572549090231348,0.572943568921292,0.573173998995945,0.573255504256938,0.57320606338009,0.573046473522527,0.572799978341237,0.572491679184421,0.57214778226344,0.57179469779367,0.571458020985605,0.571161490463602,0.570924948321311,0.570767806990766,0.570707578297645,0.57075715166591,0.570921631873182,0.571200009665948,0.571585451526648,0.572065733487395,0.572623858020641,0.573237793224364,0.573884121391303,0.574540700304152,0.57518467981023,0.575792945612241,0.576344682183412,0.576822317301017,0.577212279745151,0.577505562041706,0.57769808765217,0.577790886214931,0.577789078926788,0.577704770184832,0.577556475651717,0.577366229999056,0.577157742232325,0.576957915245121,0.576796532085795,0.57670411279088,0.576709872572965,0.57684008398292,0.577117782709002,0.577562664140585,0.57819067173635,0.579016362593115,0.580045458029624,0.581277452819425,0.582706262538529,0.584320701848415,0.586105119595402,0.588037197502373,0.590092022033002,0.592245621099553,0.594473367865017,0.596750667596897,0.5990536752472,0.601359898002952,0.603648674584238,0.605901529211885,0.608102403030075,0.610239925877902,0.612305339624919,0.61428929838656,0.616184649076584,0.617986272047455,0.619690854452138,0.621296623547103,0.622803058189752,0.624210595036392,0.625520343496865,0.626733820516166,0.627852712950914,0.628878671944023,0.629813392575774,0.630659104907285,0.631419795087243,0.632101335786264,0.632705359005129,0.633232475464535,0.633682263719129,0.63405322982053,0.634342770991254,0.634547141908358,0.634661422843926,0.634676170609833,0.634579120531936,0.634360540096141,0.634009795775382,0.633515470605739,0.632865509722135,0.632047380664168,0.631048244711687,0.629854611717601,0.628448103610961,0.626817178529434,0.624952787500834,0.622846349319032,0.620489884018477,0.617881030434438,0.615030969429137,0.611940395528326,0.6086096543262,0.605039792877513,0.601232580362748,0.597190512715415,0.592916801583844,0.588415348589221,0.583690706516259,0.578748029831728,0.573592994989955,0.568229582100139,0.562659301612539,0.556893048101942,0.550942706768419,0.544821371569739,0.53854254383401,0.532120022080706,0.525567914826483,0.518900674645803,0.512133144492088,0.50528060025891,0.498358609053377,0.491383180756633,0.484371042722764,0.477338940445039,0.470303431459862,0.463278216495835,0.456279031653277,0.449324666968512,0.442436822663315,0.4356447341265,0.428993205830027,0.422550521928584,0.416432130915499,0.410827243871233,0.406013008311376,0.402358054437709,0.400284556464714,0.40016797006045,0.402197309726492,0.406281936379185,0.412081609668865,0.419132993123987,0.426977839753471,0.435234282144029,0.443615788388898,0.451920706842414,0.460013468300162,0.467806857486805,0.475248017852083,0.482308237928725,0.488976190565383,0.495253215855069,0.501148713862844,0.506677817850588,0.511859536114859,0.516715647855858,0.521269429502684,0.525544391408611,0.529563604787597,0.533348964010783,0.53692161962918,0.540301526003526,0.543504623894375,0.546543686764624,0.549428158043478,0.552164079195025
0.551299293828094,0.553472563055604,0.555557196707082,0.55753612646629,0.559390069185244,0.561099339259312,0.562639708990203,0.563987381843429,0.565119788932068,0.566016632914097,0.566663948481936,0.567053786034939,0.567191279093044,0.567083576765894,0.566742547037377,0.566186119475706,0.565438968080653,0.564531885740311,0.563501589068078,0.56239331620356,0.561252371216521,0.560124534213799,0.559057912982036,0.558096596617683,0.557275993216906,0.556628752801442,0.556185623340025,0.555967031735351,0.555981306532424,0.556224441863772,0.556681310255465,0.557330072099327,0.558135629820294,0.559055124276028,0.560041582319614,0.561047259928031,0.562022872007154,0.562923007940639,0.563704220209346,0.564331318214385,0.564778369720923,0.565028060023604,0.56507139680616,0.564909464193411,0.564556311876789,0.564034652461831,0.563375111022224,0.562615426102182,0.56179936291899,0.560975333451109,0.560194706037773,0.559509982657827,0.558974647146119,0.558635735705032,0.558535978139481,0.558711992435463,0.559192466545714,0.559998639165604,0.561134757594362,0.562596581561654,0.564370039422335,0.566431350243322,0.568750645031961,0.571292722121384,0.574018825271505,0.576888345174348,0.579860314970419,0.582892324000918,0.585944603520228,0.588987128719966,0.591988849090399,0.594923517667797,0.597769135561426,0.600508251165405,0.603127586581866,0.605617876458423,0.60797365024503,0.61019279175359,0.612276021169169,0.614226336022058,0.61604844508637,0.617748185759495,0.619332129135394,0.620807114681043,0.622179824912811,0.623456501241029,0.62464357870468,0.625753119819312,0.626791568507749,0.627763577525835,0.628672423864595,0.629519784154756,0.630304741833836,0.631027111242362,0.631685812902238,0.63227656890944,0.632793406136485,0.633228751272732,0.633573974573139,0.63381891612854,0.633951913983076,0.633959835844456,0.633821277433565,0.633509211375785,0.633005893259908,0.63228919682538,0.631339612820392,0.630144379310834,0.628691353262348,0.626969246447408,0.624967845355713,0.622691589609014,0.6201482852727,0.617336388159604,0.614257632602143,0.610915264272125,0.607313887316362,0.603459485746007,0.599359417490895,0.595022379004731,0.59045780092257,0.585676838990324,0.58069202452734,0.575513108099673,0.5701506513347,0.564626102183349,0.558961814293067,0.553180472889969,0.547304872220097,0.541357595299259,0.535360363564494,0.529335531639952,0.523305511487753,0.517292843736371,0.511317998339478,0.505400143031077,0.499557274714624,0.493806458553636,0.488164272566388,0.482644841005591,0.477267095622993,0.47205657224991,0.467044954436958,0.462273392486879,0.457796423999162,0.453685989079545,0.450033329711681,0.446943715604689,0.444549071048543,0.442989443133288,0.442391810403078,0.442846509211837,0.444385838589955,0.446971117256563,0.450496446311996,0.45480602279685,0.459718193990023,0.46504842145713,0.47062614690344,0.476304333837234,0.481962952042197,0.487508497312248,0.492871676313665,0.498004249289735,0.50287699594941,0.50747520709882,0.511794887969815,0.515841314587818,0.519627039984674,0.52317010757056,0.526492412507542,0.529618155679614,0.532572357905263,0.53537953407245,0.53806314769226,0.540643245662557,0.543135571294247,0.545552659566067,0.547902927447528,0.550186727651547
0.545941169233228,0.547884099495532,0.549839621734121,0.551771773268803,0.553636645536684,0.555384897126582,0.556965136342759,0.558328677731935,0.559428245901531,0.560223089910525,0.560682319700717,0.560784278518859,0.560519748378925,0.559893027305166,0.558914410518902,0.557606744459423,0.556008713266543,0.554163291966433,0.552123833793347,0.549958297831386,0.547739688105001,0.545547717479432,0.543464751430827,0.541572164533487,0.539941522284766,0.538636306919668,0.537714320497221,0.537214463523111,0.53715693086704,0.537532315635146,0.538307811777079,0.539429334045085,0.540822118206138,0.542400053030341,0.544072072709215,0.545749057759159,0.54734587529873,0.548784508779287,0.549997327927026,0.550927430826146,0.551529789775375,0.551772858194764,0.551642222849946,0.551144576643282,0.550300699097318,0.549144914400045,0.547724545907402,0.546099204288887,0.544339508378721,0.542525024281598,0.540742410544949,0.539082814096628,0.537637450912827,0.536492605155881,0.535730013973088,0.53541676427395,0.535599960602312,0.53631171897116,0.537561037888879,0.539333793921923,0.541597572922687,0.544301600900192,0.5473865557444,0.550786020484777,0.554431155569766,0.55826445503147,0.562224765778808,0.56625091525588,0.570286087533426,0.574279387615802,0.578182086456237,0.581945786626127,0.585539989688819,0.588944660313786,0.592147570308695,0.595143465427499,0.597933383244462,0.600523210299665,0.602922686984598,0.605144323649587,0.607202352486426,0.609111797794122,0.610887671185794,0.612544099210232,0.614093284659144,0.615549025767326,0.616931291079146,0.618253198730803,0.619525188103504,0.62075561690329,0.621950768599589,0.623114805321241,0.624249650778267,0.625354319237866,0.626421339958574,0.627444054449915,0.628414936255935,0.629325753330178,0.630165792673751,0.63092100303953,0.631575224329693,0.632110157418242,0.632506566566798,0.632744761228803,0.632802146863297,0.632645426401719,0.632234443095166,0.631549024191237,0.630572253343558,0.629288605123721,0.627685336126411,0.625774343240862,0.623559330233149,0.621037115356615,0.61820661922972,0.615071818813261,0.611640082535747,0.607920927236439,0.603925381590473,0.599667856900134,0.595164323420402,0.590433542876803,0.58549686738649,0.580372147542286,0.575080129201926,0.569653532422522,0.564125431969945,0.558529052412614,0.552899591071652,0.547273870157703,0.54168676325378,0.536170850008445,0.530756300500998,0.525470565625303,0.520338165828596,0.515380606037845,0.510616449068659,0.506061584078452,0.501729705078342,0.497630364880269,0.493776769469006,0.490186461320668,0.486879582931587,0.483880408509747,0.481218672670595,0.478930330139148,0.477057303859974,0.475646288431805,0.474736353347043,0.474370650181951,0.47458623347715,0.475402037193235,0.476813401968116,0.478789425329438,0.481273939225979,0.484189930088748,0.487446379624445,0.490949629395699,0.494605950695129,0.49832370553611,0.502021294682398,0.505630546281471,0.509097326162387,0.512381140102761,0.515455794808417,0.518307079593323,0.520931466778137,0.523334747565567,0.525533994059739,0.527554275735704,0.529427891823155,0.531189602789822,0.532875540058403,0.534521550126997,0.536160858816481,0.537821734785806,0.539525329516415,0.541285201026682,0.543106637750279,0.544985901944853
0.536960996389401,0.538928584312468,0.54103701044166,0.543214305061564,0.545376635504618,0.54744642753562,0.549343546013482,0.550988003128671,0.55230075528378,0.553209102904607,0.553653252290242,0.553592161164483,0.552997997011837,0.55187284238587,0.550229676273182,0.548088289730622,0.545485987811635,0.542483956125357,0.5391558360093,0.535594459787506,0.531908528929709,0.528223763878264,0.524679152857666,0.521420276145645,0.518586244034454,0.516309044921675,0.514716220917284,0.513892550318683,0.513873246327191,0.514634356740066,0.516099315185468,0.5181512282335,0.520642487798313,0.523410234561037,0.526288762521475,0.529119423312432,0.531757664796294,0.534077516074524,0.535975606993791,0.537374122690863,0.538216288041835,0.538471282061187,0.538125880039851,0.537185224809911,0.535670183874309,0.533626521749194,0.531120921317782,0.528239399468355,0.525086804698208,0.521785057487942,0.518469618332923,0.515291052072728,0.51240697337174,0.509972505305899,0.508132207244271,0.507012239291309,0.506704020251608,0.507261747664672,0.508689063313607,0.510943229518774,0.513950290798359,0.517614911521493,0.521835080834843,0.52650449323962,0.531507067484138,0.536729042587144,0.542063897239616,0.547413812676358,0.552687252320554,0.557814710538344,0.5627413702156,0.567424468220907,0.571830489426262,0.575924631552309,0.579697800762928,0.583154435424125,0.586307668407972,0.589177404582207,0.591787878697001,0.594166601588558,0.596342381181175,0.598343663219586,0.600197263240475,0.601927451135599,0.603557793759598,0.605118125645493,0.606629711504971,0.608109557529398,0.609571385983112,0.611025463335437,0.612477245822015,0.613932580805256,0.615395409844082,0.616867442254383,0.618347983404521,0.619832706804024,0.621313305211141,0.622774231872504,0.624191630398633,0.625544071829613,0.626809167246586,0.627966247105882,0.628988820765971,0.62984642120577,0.630503052905137,0.630928748464163,0.631102127462382,0.631000316781509,0.630574249084908,0.629789123725733,0.628629761036079,0.627112699279971,0.625237395549683,0.622999473992976,0.620397051371074,0.61743105569794,0.614107909708649,0.610441089630098,0.606447020397532,0.602146425239512,0.597564310892141,0.592728534595848,0.587669556117351,0.582413639200702,0.57699193197805,0.57145180863335,0.565844883351246,0.560224400350115,0.554641999770868,0.549147497921128,0.543788043278464,0.538607311502558,0.533644772239481,0.528935058568537,0.524507468012259,0.520385622720559,0.516587315945099,0.513124571597912,0.510003894871747,0.507224267448679,0.504785689182431,0.502688323464947,0.500930478568855,0.499509747957801,0.49842512000273,0.497678087290186,0.497270319911182,0.497202814974578,0.497473968275869,0.498068154271678,0.498976078287995,0.500186447307352,0.501678710808259,0.503428060258446,0.505401497127525,0.507549244269436,0.509812814273267,0.512128380602766,0.514436258507608,0.516679559117474,0.518807600630552,0.520777894029344,0.522556363112662,0.524118324654046,0.525449174944242,0.526547503158172,0.527422592428598,0.528090883664652,0.528578881064819,0.528923082921724,0.529171358349721,0.529378985111678,0.529604955763114,0.529910342712992,0.530354832049909,0.530993625409562,0.531867719173656,0.532999589451326,0.534397892110518,0.536050899673692
0.523576950310189,0.525910558933714,0.528570352546168,0.531431081150553,0.534359225356306,0.537213452908279,0.539855466540041,0.542160677036841,0.544016172321685,0.54532827475316,0.546012149092069,0.546004571980016,0.545260036357976,0.543748480065894,0.541470769484126,0.538451737193285,0.5347295648278,0.530360749237658,0.525427873374987,0.520043254367081,0.514351955185769,0.508539497748948,0.502830911013191,0.497483164631046,0.492777690247458,0.488991121439546,0.48637633256998,0.48510348901927,0.485243064275234,0.486749642151013,0.489466715911779,0.493151708806047,0.497510948492233,0.50223498286903,0.507030419112429,0.511640198685566,0.515847377462312,0.519475570836916,0.522386964349882,0.524481095435946,0.525695122217589,0.525994489886486,0.525372152307657,0.523841725171626,0.521435714642611,0.518205953823531,0.514227072800752,0.509606674877557,0.504483031373146,0.499028289931306,0.493446057437668,0.487970955646858,0.482863271717067,0.478397412146491,0.474844377741685,0.472443010923665,0.471374990410041,0.471738921479498,0.473524759174649,0.476637238545589,0.480905343984663,0.486134715513254,0.492119240181204,0.498656029123273,0.505552844422142,0.512630955786269,0.519738590061018,0.526747150984451,0.533543564420801,0.540034880515589,0.546144668333038,0.551822221669477,0.557041531154384,0.561793584892804,0.566077327035168,0.569894799049587,0.57327980339177,0.576276060954186,0.578932671473495,0.581300881140509,0.583431341298015,0.585372956464545,0.587169450477234,0.588857351411782,0.590478384836926,0.592064843531126,0.593640179579309,0.595222426887483,0.596825580850834,0.598460787662124,0.600137109201187,0.601863482402782,0.603647722860561,0.605491677930021,0.607394130383945,0.609353164197865,0.611361264160158,0.61340507178276,0.615465609011324,0.61751644695313,0.619516084500366,0.621421189873673,0.623189811301618,0.624782508846374,0.626152646863175,0.627266067010976,0.628091813948719,0.628594913983356,0.628747899351553,0.628521903569779,0.627861076572264,0.626771642583078,0.62524855854026,0.623285354446395,0.620878541823386,0.618028296800906,0.614739881380283,0.611026362055033,0.606911334233721,0.602423024891742,0.597594090879737,0.592461010598088,0.587062743980055,0.581438503479522,0.57564077074441,0.56974004792514,0.563807783675988,0.55791563650363,0.552134147708269,0.546531341179273,0.541171311219457,0.536112856512484,0.531408211260783,0.527101916070163,0.52322986283854,0.519818540730797,0.51688450662413,0.514434106856488,0.51246339038857,0.510956333426069,0.509894264852231,0.509253416898162,0.509005756121106,0.509121311140343,0.509566214797888,0.510304226748764,0.511298166275492,0.512510847896086,0.513905441975288,0.515442947063329,0.517079463160971,0.518796638601019,0.520565657045554,0.522347235883282,0.524104297508021,0.525800231428926,0.527396487308588,0.528853629563942,0.53013262867913,0.531197616908095,0.532017644230692,0.532566406675942,0.532829159225854,0.532797007810814,0.532465087828333,0.531842607895597,0.530945740735335,0.529800280529779,0.528444501874881,0.526932750831457,0.525330959374792,0.523723042416996,0.522212815420908,0.520914342827561,0.519937420721308,0.51938172157292,0.519331068578598,0.519841590942187,0.520929960219855,0.52257102520575
0.504978664057714,0.508135771977231,0.511905977223447,0.516064634324529,0.52037840040992,0.524625660693833,0.528598031055422,0.532104442411452,0.534979742726911,0.537090803451078,0.538337417844452,0.538646173788252,0.537963458917146,0.536243422564061,0.533468933019894,0.529631619181513,0.524747613361652,0.518856045473849,0.512026725086717,0.504369020608469,0.496045026212788,0.487285401069103,0.478411819554295,0.469856268902738,0.462123137391272,0.45575818562231,0.451321613642284,0.449243217293696,0.449714393136876,0.452628702225181,0.457609752508719,0.4641124132308,0.471542103714187,0.479336834758134,0.487016899575817,0.494196769564736,0.50057938981245,0.505952740592579,0.510172265420413,0.513148604709702,0.514827899625594,0.515183441014477,0.514211095948594,0.511927602316933,0.508374203972867,0.503611082301382,0.497720167271457,0.490813556801187,0.483046140061422,0.47462810092484,0.465826119933929,0.45697225347674,0.448468969873174,0.440790013697949,0.434457110006985,0.429978897517585,0.427767868181525,0.428040594398794,0.430715936854357,0.435485508885798,0.441928609068642,0.449604099738988,0.45814074481776,0.467239997058438,0.476655497989028,0.486168196949964,0.495571848850546,0.504679703827851,0.513339573190216,0.521434160956692,0.528877028985176,0.535617340430718,0.541629405237954,0.546924103394502,0.551537137135241,0.555519445205597,0.558914568795874,0.561796396693506,0.564253692681744,0.566375750187903,0.568247423590655,0.569944495274596,0.571530034550078,0.573061301172776,0.574586356154621,0.576138624983741,0.577739105877518,0.57939580070256,0.581115843678396,0.582910541140664,0.584789626237699,0.586764701804471,0.588848426452735,0.591052311954771,0.593383778035415,0.595844305910926,0.598426272296005,0.601116800666444,0.603893237676313,0.60672108913434,0.609556656443473,0.612348600590598,0.615026899056871,0.617516734636065,0.619754755589317,0.62169397484975,0.623290482191504,0.624504293957725,0.625295497061859,0.625630593447155,0.62548876116426,0.624868977227178,0.623716935975608,0.62202103302553,0.619776853428577,0.616984101763867,0.613649614909565,0.609786592326236,0.6054187499005,0.600579773741769,0.595307085986012,0.589648960802317,0.583662708941913,0.577408459233694,0.570959173513521,0.564407317694947,0.55784849644678,0.55137960374745,0.545096731816786,0.539092929992839,0.533455932941236,0.52826595639709,0.523593633135272,0.519498146653209,0.516025612558303,0.513207741669347,0.511060790070477,0.509584787884845,0.508762898742687,0.508559950622466,0.508933457441904,0.509834977108896,0.511203641830742,0.512968461780024,0.515052284533213,0.517375767980952,0.51986086087896,0.522433446107615,0.525034366821577,0.52761814511585,0.530119127746116,0.532471414851343,0.534639722830743,0.536592176327936,0.538298849434107,0.539731129086797,0.540861448735496,0.54166335253778,0.542112287060279,0.542188447314149,0.541883737200559,0.541187636079446,0.540094952188907,0.538596867453865,0.536686856165756,0.534363849076636,0.53163956196217,0.528547465162111,0.525139419212528,0.521489757994677,0.517706188874692,0.513923703277714,0.510299356719004,0.507008697097622,0.504244927271514,0.502205948821274,0.501056546492382,0.500909427889047,0.501803939105457,0.503695456327277
0.480240667997815,0.484962338228643,0.490691536555317,0.497028942956777,0.503584715376562,0.510005078436193,0.515992618366352,0.521299463796362,0.525722121140937,0.529107060017722,0.531335393736545,0.532314168112473,0.531980171484384,0.530293682312946,0.527220231321611,0.522719153763078,0.516758659836092,0.509331808566234,0.500457084753967,0.490189284654325,0.47864255510992,0.466037745708698,0.452740160809715,0.439287408882797,0.426471834899291,0.415396871204722,0.407395546058979,0.403670126088473,0.404822507228224,0.410571265886248,0.419869617629661,0.4313578520272,0.443772142004459,0.456138671070176,0.467780527997418,0.478255996816392,0.487285443351203,0.494696930487906,0.500394724978192,0.504332656223281,0.506490646673828,0.506864784816579,0.505462606223125,0.502300188446681,0.49740471931355,0.490823555099353,0.482629534816921,0.472920136497493,0.461827022908064,0.449543861887277,0.436361465235169,0.42268140982393,0.409029908144996,0.396121102788103,0.3849228883584,0.376641248332904,0.372464491443293,0.373022160048461,0.377957828907651,0.386144119175051,0.396360028216944,0.407755293666304,0.419865316239541,0.432410052103637,0.445158934757294,0.457851065994641,0.470205392769764,0.481963485968599,0.492906687919892,0.502882175593331,0.511794183213261,0.519604164504691,0.526317967841116,0.531978399330299,0.536657349877277,0.540461527498788,0.543512637163394,0.545920315670055,0.547814456156057,0.549341794475148,0.550640050663019,0.551828756348883,0.553004473714749,0.554248467661617,0.555607610537915,0.557099767447169,0.55872212242905,0.560461539969646,0.562311647958967,0.564266457291804,0.566326060455471,0.568507451389588,0.570844100353066,0.57336871073628,0.576110037470275,0.579086490046065,0.58230025597562,0.585732984283614,0.589342881252297,0.593086554310023,0.596904936289362,0.600723770108972,0.604459841677208,0.608020879351823,0.611311770269594,0.614257223363283,0.616788082368283,0.618843730045489,0.620378077090711,0.621349849796315,0.621735128155345,0.621559905434575,0.620797740130043,0.619370915490456,0.61726383569603,0.614477602107249,0.611019206389652,0.606901523472098,0.602141930686981,0.596773775361891,0.590847407169869,0.5844258050661,0.577586185558589,0.570406164257838,0.562979838656459,0.555427632857439,0.547876540629518,0.540457279937297,0.533300975798543,0.526535587757505,0.520282358019003,0.514652425758963,0.509743621085423,0.505637449669823,0.502396405213188,0.50006181178903,0.498652221275658,0.498162091773115,0.498558788721391,0.499789057713077,0.501787097785143,0.504461895194702,0.507700074135216,0.511373014463052,0.515345266696255,0.519482711903263,0.523664873680929,0.527801190250078,0.531796143580775,0.535559663075186,0.539023066311117,0.542114106534123,0.544789674308299,0.547021905558272,0.548788576577512,0.550070876845547,0.55085200090943,0.551117341019439,0.550870693914467,0.550120108777063,0.548858523407496,0.547071622755112,0.544732656299907,0.541827269311146,0.538349945166886,0.534300694165017,0.529688900219686,0.524538521764402,0.51890084436881,0.512866135094497,0.506557305854837,0.500139422368505,0.493831655245535,0.487915134716932,0.482731537427745,0.478645028669218,0.475990737335075,0.475013465648982,0.475827180404045,0.478379440598943
0.448361792346535,0.455903973648463,0.464916810193746,0.47468304711542,0.48458199710757,0.494111438311324,0.502879793737066,0.510604074796305,0.517101046574984,0.522210896948025,0.525802011171233,0.527804018068955,0.528162770448447,0.52681550417333,0.523704152126657,0.518793074863448,0.512018170013524,0.503302374027401,0.49256871147449,0.479757186058003,0.464857452704152,0.447919624395316,0.429069386205027,0.408672679566867,0.387564529693459,0.367466513411995,0.351466012044643,0.343616831947608,0.346577022284041,0.359106403084322,0.37728725967216,0.397459811351698,0.417343263782265,0.435748478614182,0.452121223336376,0.466228006488922,0.477984691292886,0.487392196339816,0.494476494271133,0.499264810196974,0.50178958101796,0.502078463227206,0.50014808972358,0.496010664910247,0.489672809483431,0.481138797717717,0.470417850995929,0.45753993971237,0.442571086231596,0.425631197728921,0.406920636566868,0.386782917103268,0.365727512964779,0.344501860827212,0.324331287103377,0.307599676028978,0.298535415660077,0.300856480198337,0.312642850129863,0.328419671635188,0.344748533814435,0.360918893802339,0.377317569429374,0.394213769089196,0.411407191972603,0.428401065762063,0.444670606515294,0.459793364490329,0.473479988158,0.485566301090961,0.49599403317404,0.504777134528256,0.511972647211167,0.517680346191336,0.522037856422349,0.525203765165484,0.527376415206001,0.528769075776046,0.529575431655075,0.530010204848697,0.53029508089565,0.530620731532111,0.531139486924935,0.531954399485986,0.533101812182823,0.534563317759772,0.53628327601804,0.538191285966246,0.540224210766712,0.542343709873536,0.544555527574572,0.546893968537235,0.549411770540246,0.552179176234845,0.555273083693829,0.558750867898736,0.56263648229333,0.566917121717213,0.571542249754787,0.576426333568886,0.581460968011101,0.586543886239145,0.591560641915442,0.596391354308276,0.600930992585292,0.605067264103738,0.608700634217935,0.611751853813776,0.61414849007302,0.615844200204307,0.616822648403104,0.617105204216571,0.616677104367504,0.615513714840392,0.613534294424214,0.610717994402763,0.607067973414818,0.602589975288043,0.59730332732956,0.591239321082444,0.584454256027361,0.577024787978687,0.569040752804781,0.560597808778157,0.551813464129126,0.542842276659205,0.533852086968009,0.525019486329235,0.51652422441701,0.508543243788676,0.501245298086879,0.494786422342339,0.489305554127896,0.48491944870546,0.481717265472482,0.479756589354382,0.479061967992737,0.479621631525601,0.481400350807658,0.484328155304834,0.48829560273017,0.49314624041923,0.498684762644394,0.504693507947492,0.51095170096387,0.517268797508853,0.523482210208713,0.529432063509585,0.534996911645762,0.540082760888763,0.544617720651687,0.548537958666926,0.551793759589956,0.554367305609443,0.556247980617136,0.557429614950979,0.557919970955779,0.557753165675569,0.556935783677339,0.555456395928097,0.553296418246288,0.550451326818019,0.546912050070513,0.542664928254878,0.537692871644495,0.531977731357474,0.52550485302428,0.51828269232738,0.510342509618464,0.501731988995411,0.492538882767181,0.48292010079809,0.47314282322559,0.463609910075453,0.454881216545434,0.447641837389474,0.442618615975591,0.440434400101749,0.44139451667154,0.445382897413347
0.408255911365719,0.420827258449896,0.435162672780652,0.450036472286148,0.464570264723974,0.478163092226577,0.490424190451393,0.501127226744375,0.510107466325777,0.517257468256444,0.522504722188538,0.525804369301823,0.527116959589276,0.526403656941675,0.523608457604518,0.518664452190172,0.511504930564728,0.502022432159925,0.490062293048836,0.475467186014737,0.458048536023958,0.437521716381701,0.413550529472346,0.385754194390296,0.353797988587391,0.317967791735162,0.28158728005415,0.258350305798054,0.26855967439888,0.301522777102335,0.337665939366499,0.370552223185433,0.399089959617639,0.423422860650287,0.443920358603059,0.460920989210171,0.474718551166981,0.485540123619983,0.493539568837147,0.498828665096089,0.501476799802715,0.501529574485769,0.499010727690881,0.493914224086234,0.48620533726537,0.475821495616962,0.462676176438153,0.446675940044425,0.427706746390248,0.405666858063371,0.380510295054205,0.352374138940644,0.321662293144281,0.288878239810684,0.254087079071305,0.217102100895472,0.184626067574019,0.201055738862329,0.240649914040379,0.26995153957584,0.290686674153663,0.308935969964538,0.3290476592731,0.351847854625876,0.375822467632233,0.399190827803375,0.420793630838229,0.44006334094329,0.456807537888941,0.471023279359277,0.482783321654376,0.492219134460333,0.499486424968999,0.504755741135821,0.5082248883001,0.510129863749553,0.510730514082526,0.510340381692982,0.509297756472501,0.507923598105707,0.506564595444194,0.505540518050536,0.505101797486326,0.505384443345306,0.506392170628681,0.508013234111587,0.510064974334217,0.512349111611874,0.514701031481245,0.517025880323433,0.519313057599659,0.521633726688225,0.524133735148108,0.526973663816486,0.530305746448303,0.534246585414162,0.538864461024718,0.544153604206854,0.550037398680212,0.556383951304091,0.563022105353643,0.569753486724435,0.576390254434485,0.582784461112247,0.588799919577258,0.594318620184677,0.599225941836953,0.603414828709784,0.606808265914127,0.609331228592077,0.610953221108477,0.611727209424595,0.611640937812441,0.610680940006509,0.608810583725071,0.605936734291613,0.602040099468777,0.597120375503443,0.591192159244913,0.584283893595205,0.576447684504165,0.567761470715581,0.558322239012478,0.548240603710478,0.537656135037405,0.526762235063512,0.515779871097894,0.504949488428045,0.494520220167004,0.4847378445838,0.475836112602127,0.468033910783839,0.461534104673149,0.456516244282662,0.45311895177769,0.451423536394859,0.451453089232024,0.453209199283253,0.456662481089725,0.461727340346432,0.468236784928409,0.475925166037183,0.484451912010785,0.49344916176225,0.502589125804743,0.511582676045708,0.520181389669323,0.528204807760699,0.535524609323364,0.542052083366974,0.547727762440567,0.552509402231211,0.55635508928973,0.559261707510983,0.56124296604205,0.562345082273489,0.562602694476494,0.562017584972678,0.560596114385164,0.558357258346286,0.555313207219309,0.551467193303529,0.546811534869329,0.541326246670117,0.534978551221259,0.527725790925591,0.519538412732546,0.510382854798874,0.500209178037783,0.488974894701242,0.476670324165578,0.463352385745486,0.449232255492625,0.434734395669241,0.420618829268513,0.408111254648041,0.398875332866462,0.394576677287048,0.396114897572126,0.403120682388911
0.359290028995406,0.380787473254985,0.403296997206973,0.425178864982741,0.445540951112165,0.463927524481075,0.480142239274284,0.49408378063787,0.5057061811956,0.515007545914804,0.522012305236764,0.526733463122684,0.529172401710383,0.529320490193642,0.527156753523672,0.522623025740112,0.515639749681906,0.506115634772795,0.49393767153027,0.47890681560479,0.460709344643185,0.438950375146276,0.413051724997043,0.382137557721014,0.344819440349302,0.298757663971987,0.239245679309733,0.156801698650981,0.207778951186087,0.275098015826255,0.325263988453585,0.365037496684104,0.397470089234106,0.424206037920305,0.446236899227759,0.464228550640522,0.478655306916566,0.489836085294586,0.497993921640893,0.50326875855141,0.505729919622396,0.505410367687584,0.502314511969061,0.496410331785898,0.487619666452321,0.47582412544717,0.460851313994238,0.442429998134411,0.420184521277341,0.393609228280751,0.36205692444273,0.324730542460183,0.281103857865785,0.232669618029732,0.183931733817173,0.116619497132317,0.140828528608734,0.176870976174656,0.215053098729726,0.231585543187573,0.234718808207186,0.24213354833956,0.268241744426317,0.305090135179495,0.341728279903811,0.374316972853584,0.402233086586147,0.425720198990509,0.445174479705514,0.460971804180636,0.473458640334882,0.482928787424781,0.489642058303081,0.49384158924509,0.49576774176958,0.495671576173781,0.493880408367119,0.490779569046474,0.486852887283257,0.482642716100361,0.478704911785521,0.475614776724655,0.473831742587799,0.473572829540663,0.474758868564902,0.477059459116582,0.480004921961927,0.483124026572732,0.486054997444621,0.488607986098405,0.490781818921844,0.492745319830964,0.494791163145475,0.497282147190753,0.500562002075277,0.50486799336173,0.510306704937883,0.516846159930239,0.524348835080227,0.532584081712586,0.541274505407938,0.550129528140159,0.558864073327928,0.567244283433676,0.575094013627296,0.582275610626608,0.588664734444379,0.594145614072344,0.598623157913043,0.602050876016026,0.604394488032088,0.605695132861376,0.605975368975741,0.60521734468011,0.603398878231825,0.60045414645067,0.596285982780953,0.590882592199192,0.584236986800462,0.576368458061364,0.567312542253962,0.55712964788791,0.545910908036076,0.533770412027199,0.520862737030077,0.507422512224702,0.493738326843999,0.480143883354588,0.466998807590049,0.454653245381015,0.443418062035657,0.43357634222604,0.425424553088026,0.419277963508976,0.415395906286786,0.413882546547056,0.414728060210654,0.417917396984724,0.42347585126452,0.431375924213963,0.441383451021526,0.453008574926045,0.465610208897048,0.478570371933959,0.491358201328559,0.503564159242338,0.514916574182483,0.525242009285214,0.534437693317892,0.542448866528615,0.549251698616578,0.554840643004176,0.559204126281109,0.562379711776206,0.564428152987607,0.565382777711815,0.565270990019168,0.564141230291342,0.562039397731642,0.559005392686483,0.555069475624369,0.550247760629549,0.544536662224681,0.537914034322596,0.530335683749659,0.521759929205021,0.512118414498011,0.501295460798405,0.48915137246957,0.4755206177,0.460249074695489,0.443207552798975,0.424306756206915,0.403599756495169,0.381579945474947,0.359799158716027,0.341706677813608,0.332526814703053,0.335816909451589,0.349794407178681
0.304094562800309,0.339892486349921,0.373361615824096,0.403570775701564,0.43028440226547,0.453582586835833,0.473636618289862,0.490616260741229,0.504681014773769,0.515977331436377,0.524625806707858,0.530722296882245,0.534327303581353,0.535468894723815,0.534160718513806,0.530396781190848,0.524140762460841,0.515347503140865,0.503965246902314,0.489869757415929,0.472851686782513,0.452648490015436,0.428989135774029,0.401610855640238,0.370439674247859,0.33635445799138,0.303483276313145,0.283999100216418,0.292297085474679,0.321076584918598,0.354794076274323,0.386589685403537,0.414662269279162,0.438771537934451,0.459096607143183,0.475906632914918,0.489440787411572,0.499895249564087,0.507429095584535,0.512152801540407,0.514126161319721,0.513345191987073,0.509760093668879,0.503313941310583,0.493929185901669,0.481467014540924,0.465692139099925,0.446259158370055,0.422664747932446,0.394175054335563,0.359605083555067,0.316931818856049,0.2622066654543,0.184959970220321,0.0737276294831164,0.17706221090108,0.215180616646773,0.23472706878051,0.238926889340691,0.223203318129243,0.176466647233766,0.0974401578462909,0.2016055979127,0.272140764189673,0.323171093511428,0.362807750115934,0.394497202810478,0.420054152591757,0.4405611330943,0.456712071611571,0.468975001031806,0.477693193311777,0.483168853301027,0.485648900677341,0.485364516935114,0.482553935710266,0.477496738372217,0.470603970276039,0.462463016705196,0.453883252883123,0.445842208289947,0.439427204918211,0.435634898812691,0.434955029271854,0.4371415239844,0.441318194341155,0.446345256328922,0.451192175431998,0.455153647998564,0.457914925752397,0.459535372227002,0.460397170617201,0.46112542864266,0.462464537135007,0.465118001390176,0.469583563196082,0.476019424823737,0.484287105668256,0.494042356832439,0.504861338632984,0.516283815338133,0.527864198491967,0.539214802254686,0.550016342156594,0.560031297049613,0.569101018913377,0.57713642604399,0.584055005506245,0.589769246139433,0.594218552911856,0.597379476511159,0.599287168819267,0.599951706959085,0.599404354067853,0.597622115751282,0.59457804285481,0.590142209990128,0.58423816629837,0.576849071868347,0.567963385026232,0.557578026798727,0.545715414080323,0.532433680752184,0.51782250476492,0.502024223833174,0.485296274041916,0.467999578320944,0.450611384792522,0.433694617575924,0.417794192483675,0.403297641636092,0.390426794105245,0.379503668057977,0.371226746900622,0.366388203345025,0.365181099200549,0.367159429653763,0.372037406444792,0.38018028634676,0.392039883585899,0.407294311308106,0.424797437739953,0.443201358989626,0.46140077004179,0.478659612650288,0.494561088737981,0.508896398890168,0.521582611424797,0.532607448054049,0.54199522928181,0.549786848587633,0.556045002414238,0.560821476930915,0.564162449970548,0.56611680456038,0.566752907378829,0.566145152987843,0.564366144205941,0.561486109218067,0.557570621111016,0.552676163190681,0.546843611488927,0.540094159627943,0.532416110318869,0.523786434712355,0.514140236297986,0.503337333866268,0.491191470732066,0.477490540268595,0.462001773315374,0.444457842548722,0.4245096571827,0.401649802170666,0.375159188776406,0.344152463815649,0.307965373949289,0.268751741374796,0.242061220631004,0.253056897905987,0.286017194770305
0.252909704548351,0.306368680686408,0.351600766920073,0.389685278801488,0.421888118285021,0.449178364973265,0.472231456078437,0.491540893061921,0.507487906218758,0.520362502257416,0.53035014030523,0.537617984229561,0.542284629765507,0.54442378156459,0.544085861006164,0.541317322468062,0.536160948874416,0.528653401442775,0.51879440971412,0.506562166590989,0.491959007492682,0.474995498393306,0.455798634032435,0.43477677879661,0.412826818180313,0.391843121778067,0.375123169662764,0.36692413069465,0.370002863882204,0.383082830958433,0.40208702190715,0.423154407880321,0.443833853586023,0.462831576526031,0.479555136836048,0.493763598463704,0.505369697911831,0.514359263005058,0.520744022397304,0.524553384828998,0.52580788200155,0.524492202526435,0.520547358188828,0.513892701704584,0.504455794703071,0.492106831828117,0.476658282636586,0.457853714269225,0.435372315292973,0.408768499816935,0.377533458524156,0.341302181016714,0.30070840711289,0.261424310490639,0.242376285052359,0.253508293550431,0.271114258448124,0.280425542601531,0.277834964372844,0.261979020685962,0.235546257593671,0.221498954221045,0.249625542219476,0.29447348182667,0.336074197763969,0.371278822861876,0.400459046182254,0.424339874006523,0.44352691646392,0.458468020796597,0.469481429967598,0.476778642790716,0.480510396414454,0.480841640294749,0.477908858835001,0.47184970387584,0.462833629830682,0.45111980104824,0.437217193437001,0.422059119973285,0.407208628518751,0.394885726211266,0.387616224418784,0.386917695205008,0.392128826069953,0.400800566885933,0.410177529804527,0.418221287519925,0.423808478111104,0.426573873271716,0.426747294894684,0.42507382503362,0.422763893687822,0.421349651565672,0.422332390358482,0.426687723866457,0.434584757521308,0.445507315147313,0.458650217587959,0.473170138884807,0.48830595380621,0.503405403116188,0.517958937820679,0.531601620921461,0.54407948969902,0.555247161533872,0.56503058605283,0.573415445848119,0.580380868988472,0.585878948230226,0.589907763185096,0.592537898596489,0.593731316499616,0.593469865837011,0.591768848983938,0.588615261573035,0.583942608371219,0.577586760129767,0.569480209906626,0.559581211237822,0.54784998581998,0.534237767314302,0.518736218805816,0.501365390870568,0.482181468425625,0.461367628473734,0.439277129433644,0.416534150857965,0.394112444747031,0.373206469868167,0.354558327107918,0.337691293699792,0.321746834479786,0.308250454120522,0.301326373399991,0.301966539342724,0.306593879471732,0.312969219436882,0.32354736161721,0.341671708182312,0.366188922133671,0.39325260932241,0.419888056496378,0.444606450244241,0.466854066053034,0.486517292335538,0.503666502862284,0.51843748835336,0.530979037910059,0.541433818879398,0.549955231935357,0.556653067859666,0.561590607473693,0.564833300229794,0.566473304430271,0.566606867829877,0.565327585476139,0.562729962893009,0.558911428358085,0.553971539867796,0.54800703515723,0.541101638969897,0.533310702214518,0.524666761173739,0.515161425508839,0.504672745902441,0.492997387358697,0.479905857058167,0.465137946718938,0.448423869781885,0.429497269698869,0.408008731046611,0.383395468565232,0.35470927157883,0.3201853710691,0.276392157364337,0.215778822061522,0.117823402333464,0.164861546587448,0.22374275594488
0.225154741273052,0.293126147794393,0.345382434565237,0.38765549606957,0.422664462166175,0.451969163237159,0.476558087699036,0.497121936696205,0.514156208932916,0.527997444528215,0.538884097086375,0.547005616164099,0.552518810551831,0.555542816729273,0.556162382098993,0.554476150199674,0.550594501100565,0.544589596200042,0.536533484048044,0.526526960136024,0.514728935323366,0.501332388368589,0.486679384227387,0.47139382709622,0.456418708193298,0.443178138461579,0.433443788066392,0.428888543124489,0.430388141053901,0.437535640785489,0.44885899448501,0.4625300231184,0.476947978490127,0.490950725189794,0.503790228181964,0.514989372822462,0.524266627283437,0.531458709256949,0.536467232394784,0.539223051761273,0.539677511981301,0.537809881976513,0.533604084825614,0.527013900124043,0.517931733083386,0.506270170295251,0.491943657464286,0.474884288517209,0.455040103833647,0.432482579437514,0.407595806771746,0.381355566973718,0.35596392230998,0.335389903309426,0.324035800035648,0.322287735133307,0.325057180012794,0.326548740903866,0.323702116612332,0.316651452022792,0.309247837415199,0.308782615396062,0.320565039389085,0.342275136505,0.367968185041782,0.393355946001497,0.416377993857664,0.436200035996307,0.452516539386648,0.465242842034498,0.474365186516674,0.479876993232355,0.481739608353737,0.479910539983766,0.474372762259145,0.465081436615602,0.451966684207346,0.434943186411589,0.414055335916716,0.389774039582316,0.363653799085193,0.33949787553307,0.324377228683709,0.324770005128279,0.338543309797091,0.357354741621353,0.37474364867945,0.387721499514284,0.39529820419586,0.397427343665313,0.394624205203853,0.387982594826889,0.379423577086412,0.371931794563374,0.369078641160931,0.373201233799386,0.383943093813141,0.399412345666297,0.417819745792367,0.437755670575675,0.458005598226004,0.477644911177536,0.496060960481492,0.51289687383641,0.527982053823512,0.541264540588447,0.552774062677703,0.562565484419065,0.570713149349353,0.577236427099394,0.58213006444138,0.585486545781375,0.587288346733638,0.587469888056381,0.586013442029153,0.582893556205617,0.578035442814495,0.571302965725642,0.562573926430185,0.551771284010375,0.538788302054663,0.523529941226927,0.505864384944358,0.485674773812527,0.462843436007946,0.437306791787654,0.409123044883701,0.3786984849299,0.347365356042745,0.318277895785393,0.295556865269103,0.27767639834719,0.254683195727616,0.221744063062295,0.205525068843626,0.218162043917428,0.234024808231847,0.237771591742691,0.244484838314049,0.278146647930486,0.322974421363442,0.364942385743667,0.401357441117352,0.432477755710975,0.459001296676567,0.481575921590974,0.50072693073904,0.516866303056699,0.530325393583795,0.541386893126666,0.550229547356724,0.55697223911705,0.561752698930186,0.564644869612514,0.565752173181426,0.565176427729099,0.563017880781908,0.559383456064939,0.554393706733317,0.548186678950073,0.540915595651114,0.532736273795186,0.523792371851631,0.514209385549374,0.503965232404227,0.492886546528585,0.480702466482676,0.467062465095668,0.45159633035756,0.434005938518345,0.414114415487143,0.391830466102773,0.367137597510974,0.339878980385435,0.309473647902213,0.274839016901306,0.234607825724572,0.185947623683745,0.0977253655348384,0.180770169399579
0.250664899781705,0.309194340838833,0.357928561606474,0.398619066461923,0.432863182103112,0.461816368617038,0.486318245686496,0.506972782205183,0.524222956375264,0.538378936059697,0.549660213101434,0.558264674534463,0.56435946004641,0.568087909471212,0.56956695459554,0.568909383710738,0.566238369215271,0.561698006563288,0.555432965795246,0.547612927930049,0.538428033884839,0.528181417291783,0.517285084632804,0.506296268328655,0.495941294034833,0.487158043458467,0.480923856574197,0.478030262147389,0.478839642071503,0.48315975609155,0.490314210858689,0.499348880957217,0.509283897655483,0.51930075702702,0.528753946220898,0.537160119082364,0.544174635817967,0.549562832437218,0.553161780571717,0.554855272085973,0.554550034931266,0.552204534152915,0.547834901855059,0.541407029765764,0.532862415652725,0.522142468775018,0.509232926079857,0.494201084989607,0.477215849873968,0.458659093285107,0.439166234810264,0.41975755610716,0.401936426326521,0.387438625738169,0.377489179746029,0.371919309096739,0.369059509818075,0.366819355083051,0.363957315453194,0.360768559715092,0.359076970339351,0.361433941082526,0.369532340691262,0.383035631644562,0.400006963627793,0.418176970891496,0.435754866498864,0.451567182593668,0.464892617110011,0.475298341160455,0.482510475537843,0.486325700837733,0.486554105576235,0.483005190244813,0.47546117335607,0.463673770092429,0.447297620701767,0.42585512714852,0.398624024427602,0.364660037802719,0.323024804547269,0.274545068305478,0.232934030928587,0.23940631078184,0.28063820273129,0.319218318420668,0.347518493016746,0.365650063942334,0.374497277134645,0.374795545174688,0.367164008120734,0.352412147669172,0.332267555824483,0.311161553188019,0.298694826759121,0.303745224393761,0.321718270928092,0.345191444116822,0.371778223184411,0.399717659253419,0.427007139842946,0.452296585558848,0.475016988304661,0.495071897574823,0.512579496893228,0.527726954340324,0.540717009641104,0.551734500740917,0.560919258578806,0.56837716904856,0.574113217548388,0.578208645148949,0.580667783097211,0.581409598318185,0.580344607652537,0.577425345181122,0.572593249302053,0.565730205914401,0.556598958458917,0.545095675867535,0.531091514811241,0.514394616864572,0.49478518039863,0.471999858894816,0.445709826065351,0.415539431665999,0.380920836793983,0.341007238185186,0.295091140481966,0.245940691176679,0.215899990875677,0.222589503461893,0.215277065866799,0.167314469271095,0.117147617746122,0.115261687150088,0.187870359768521,0.175736956890727,0.107198636102835,0.230125410537877,0.30142706637278,0.354012329546418,0.395596649525077,0.429550059434386,0.45772653033905,0.481287130594485,0.501007860836695,0.517457626055113,0.531063859361265,0.542088389009787,0.550711333651044,0.557119950411582,0.561447184453721,0.56375403716484,0.56412652211726,0.562650213868935,0.559410924406127,0.554508313316082,0.548070562034273,0.540268641897728,0.531325538973969,0.521512748857211,0.511159298436753,0.50050913190493,0.489600267534715,0.478247915880048,0.46601368391845,0.452284670536297,0.436418084188874,0.417907003816366,0.396505271961998,0.372438458003419,0.346603091559113,0.320288476988058,0.294207730170769,0.26832354696069,0.242769217182974,0.209462251040179,0.157945316638108,0.217521084107362
0.300501898885757,0.344023210349572,0.384049758376822,0.419461672547407,0.450390491448706,0.477215387759076,0.500338133980694,0.520116637655879,0.536840136164767,0.550721970679914,0.561940497912227,0.570681265229456,0.577099187143561,0.581322837583956,0.58345968891901,0.583645009836221,0.58204233515941,0.578815911799457,0.574147428047086,0.568220931166629,0.561242825667963,0.553538891581111,0.545510713698667,0.537586604360672,0.530278780465841,0.524211182737857,0.51996703506174,0.517977569906022,0.518423230070001,0.521183557700759,0.525871102419446,0.531934083426955,0.538758882021762,0.545788906670331,0.552530326441303,0.558577890824387,0.563606511852633,0.567360279759943,0.569652484125447,0.57034286665665,0.569344028939797,0.566632571752244,0.562170237828047,0.555933379032591,0.547900783471188,0.538066359752234,0.526471543641009,0.513224346534001,0.498604317938389,0.483027720348248,0.467048871108363,0.451411600222518,0.436985519140162,0.42456329552809,0.414614596726382,0.407097219300804,0.401447282985179,0.396997441125079,0.393446260866084,0.391148552116756,0.391044250297179,0.394217129895888,0.40128045829774,0.41197692134685,0.42525662652649,0.439717278052027,0.454030035943354,0.467143549694636,0.47828939691639,0.486923680572672,0.492666814785183,0.495232517936452,0.494372157278482,0.489799693362036,0.481214113188295,0.468254098897792,0.450468667338853,0.427186429077796,0.397376742986158,0.35930236550212,0.30982506661592,0.24212745153732,0.133861560674179,0.169238460788559,0.254773618967891,0.306337608607635,0.339165912069437,0.358379280270862,0.366171462895029,0.363425616162707,0.350224490835412,0.32604031422351,0.28989234440326,0.240975425326922,0.191309612896105,0.212363624632431,0.248764110908119,0.281992546601283,0.321766591678714,0.362260319199381,0.398742483943651,0.43016652615029,0.456852191594678,0.479473915401821,0.498693452012939,0.515068119297184,0.529029879833691,0.54091169732685,0.550927295469144,0.559196844553768,0.565750265378064,0.570630001968924,0.573828191226329,0.575248534615248,0.574758548852986,0.572269805423833,0.56770722560265,0.560967476182188,0.551786008283063,0.539932252661424,0.525206060895572,0.507395885003811,0.486213430767235,0.461310052948283,0.432261934576656,0.398550630617087,0.359387541281564,0.313061142076201,0.254979161316115,0.172693278259761,0.141804110013987,0.209396430202703,0.237010789999418,0.238987836437653,0.232883564458481,0.233777435780905,0.242977432227968,0.242791575079984,0.246748559509606,0.280751032815715,0.326673816558636,0.369324972512136,0.406044587526479,0.437194869649272,0.463543014792867,0.485779545750896,0.504489847033141,0.520135707115525,0.533011892619974,0.54332860668127,0.551275979085625,0.557023041579372,0.560654349756081,0.56219910724955,0.561696806353731,0.559190847611788,0.554724580483623,0.548358992270709,0.540195833362809,0.530408188049214,0.51927737136348,0.507247934937559,0.494919035406932,0.482840908585999,0.471341115130315,0.460229999697212,0.448736192434853,0.435725674013608,0.420005495443666,0.400511006079597,0.376437070280032,0.347697673034527,0.315936902380705,0.28596990179823,0.263203328522325,0.244008134747205,0.241223135324126,0.244989544126213,0.249004902740141,0.279155185043238
0.352321053989281,0.384230860537055,0.415762028724927,0.445254237763278,0.472036482842767,0.495930052471848,0.516966925236883,0.535260825020344,0.550939076659091,0.564124113792904,0.574944288537633,0.583543196393858,0.590027805039704,0.594478506435105,0.597056061407228,0.597907814413349,0.59718326222603,0.595053694477343,0.59170709676297,0.587310586663489,0.582101679686902,0.576373538992932,0.570472082860662,0.564725806649919,0.559478597972988,0.555162542530952,0.55215232538095,0.550707745975711,0.550927887328418,0.552729460432561,0.555858099446565,0.559937034590935,0.564581350841759,0.569400864352661,0.574039251791272,0.57817771332496,0.581539206887668,0.583888027266896,0.585029614021657,0.584824945419364,0.583226913363486,0.580195764094458,0.575675980936525,0.569620730340915,0.562002330865554,0.552842381691438,0.54224703609725,0.530363242350364,0.51741664210218,0.503743920537968,0.489752229510214,0.475934196875313,0.462786370498766,0.450724316382852,0.440009434859577,0.430714701043685,0.422804383336322,0.416259671669502,0.411275771925455,0.408390026262133,0.40840448305473,0.412040907821845,0.419450189195053,0.430029353597533,0.442677416343698,0.456135984599658,0.469267381176562,0.481173473160494,0.491197040222484,0.498845835586593,0.503773173454342,0.505713585402181,0.504410841952642,0.499597264461344,0.491000280934413,0.478312933447972,0.46118411920001,0.439180192979653,0.411743009962112,0.37825495347941,0.338472738309902,0.29480126394521,0.260902287536996,0.264195459181166,0.296127640442471,0.32897378668035,0.353345588574498,0.367739159490216,0.372068164873691,0.366133136840471,0.349177938862478,0.319493776197118,0.273636723628355,0.206039726026519,0.146216824001094,0.17119671886525,0.167290845244879,0.201641125986396,0.276863670099606,0.334966655083713,0.379728039154963,0.415180018148612,0.443811919249739,0.467294690918566,0.486861443261035,0.503419496250455,0.51761369406179,0.52988064373873,0.540476807659835,0.549473373504859,0.55686046513862,0.562619592877583,0.566692324576382,0.568968780096042,0.569275279303698,0.567458191198774,0.563421746172259,0.557042563910404,0.548096463472839,0.536260302399844,0.521279388543366,0.502863867968331,0.480670772966957,0.454282039284248,0.423184020891592,0.386907089504718,0.345242323252489,0.298792648492962,0.250004709891094,0.207864753141105,0.210153226794601,0.248262863724016,0.277356820522723,0.293277820275644,0.301361442450996,0.306953283005489,0.312193955715156,0.317522899160472,0.327041320680821,0.345491178074114,0.371349247924115,0.399750544200777,0.427245754840136,0.452301621951042,0.47444098203831,0.493679597242295,0.510175119765712,0.524071762019292,0.535501929406775,0.544613151745295,0.55155520121241,0.556407791436052,0.559202053902204,0.55990781836087,0.558494609339877,0.554939136898396,0.549213274352884,0.541301176029172,0.53122497896015,0.519087763532059,0.5051526157779,0.490002273881842,0.474586993596785,0.460240231203152,0.448116017421595,0.438163571878671,0.428871640980225,0.418118662185581,0.403917252570477,0.384447955204622,0.357827677209839,0.321938618416354,0.274941439491707,0.222988405844521,0.206738732120266,0.232266573352214,0.261889794988833,0.287330245590455,0.310432507620871,0.337209005790607
0.394842485602598,0.421307381666369,0.447218860984216,0.471908331556764,0.494860365465991,0.515786989857488,0.534538914575968,0.551086251047877,0.565463356416642,0.577720315778041,0.587920872009084,0.596130925600929,0.602414281486188,0.606900456500501,0.60973747623599,0.611069115259803,0.611020727055028,0.609757162456977,0.60743736117241,0.60423854871103,0.600404289130503,0.59618637296178,0.591854677061373,0.587664906648136,0.583851284702115,0.580717536831953,0.578518567826598,0.577421637531985,0.577482922804245,0.578637022341567,0.580702804680713,0.583420456792941,0.586504054832419,0.589681266536117,0.592699642856679,0.595316607516531,0.597307879696915,0.598471189219195,0.598626158073303,0.597665755407993,0.59555378809066,0.592229609069878,0.587628614304051,0.581697753182556,0.574385601385016,0.565710458751804,0.555793441621695,0.544794191769877,0.532904421999551,0.520301318130211,0.507252153753255,0.494058013787978,0.481002523782037,0.468299472879272,0.456151610391738,0.444736687701734,0.434282482269227,0.425135501371903,0.417854156759234,0.413311984948441,0.412651444719455,0.416905301717612,0.426089193311856,0.438808215002798,0.453173162750412,0.467657472981052,0.481215729682415,0.493145577699275,0.5029740510384,0.510367721374083,0.515093429921615,0.516957023806377,0.515790229325536,0.511412037010634,0.503644940508709,0.492333435310285,0.47733077493691,0.458602238713605,0.43627360843011,0.410894932735903,0.384050171803547,0.359538935082484,0.343855480181224,0.342445761818168,0.353210151678428,0.368418036810316,0.381601470830365,0.389264501564709,0.389679917233368,0.381817339262017,0.364730314940519,0.337206576190747,0.297788664271563,0.24770813952085,0.219158107503086,0.217560417960052,0.190457880578524,0.211386111321343,0.279222495540139,0.334253083086337,0.376836724848021,0.410343425299136,0.437130905095264,0.458891543464543,0.476953393413398,0.492376749332662,0.505934207089073,0.518097665966893,0.529073987540246,0.538829284566224,0.547191181743931,0.554051884925182,0.55924492002216,0.562589059464765,0.563891150419058,0.562955689906673,0.559672263545027,0.553901963595837,0.545462015432922,0.534023386525066,0.519311437548497,0.500977206868073,0.478574275731025,0.451527693588521,0.419084549762063,0.380368567359273,0.334581018416449,0.282533711385748,0.234926858421477,0.22381835989814,0.250300016922828,0.284914673427701,0.313963134756324,0.334660609370943,0.348617579193553,0.358412131937428,0.366171020114801,0.373727780355223,0.383200528659428,0.396290913677029,0.413019151855352,0.431976592239342,0.451457868758955,0.470184615256254,0.487461568225162,0.502952502168144,0.516496163272693,0.528037338622644,0.537600949532995,0.545230983903915,0.550980864175677,0.554845686852656,0.556789930287513,0.556705635851193,0.554476019725586,0.549994039738483,0.543140186695527,0.533792855827738,0.521843772442707,0.507229493323899,0.490031016921216,0.470651001437621,0.450226630343146,0.431467315184022,0.418257290073168,0.41134555815093,0.406784589591978,0.400541750419363,0.390091046704379,0.37344868206331,0.348368475379006,0.31150750211116,0.256612672076762,0.168633795078457,0.134450113655055,0.234024222550218,0.288428768240443,0.32532854276155,0.354688742918531,0.381596135539549
0.430695825234873,0.45388421967267,0.476072254376617,0.497159015714471,0.516920511673082,0.535146055964564,0.551687897618151,0.566482129812541,0.579505661603286,0.590729394590315,0.600127559983646,0.607750487745017,0.613683869275963,0.618056806518646,0.620993446104484,0.62262571111223,0.623064420364901,0.622443108969805,0.620890056628537,0.618608057726538,0.615821627464654,0.612744374959567,0.609578448859664,0.606510969020316,0.603721214938435,0.601414425693045,0.599770545759734,0.598900816440037,0.598835062315655,0.599516273328381,0.600806195959573,0.602529992456544,0.604483704716217,0.606437160749057,0.608202026129365,0.609608104408259,0.610479889275155,0.610649937460725,0.609972866701193,0.608388011087956,0.605833437435257,0.602235971239359,0.597523102708672,0.591628446351153,0.58453018846021,0.576235483534193,0.566775283381047,0.55631070625331,0.544987856897064,0.532890196966525,0.520114632727896,0.506815882977191,0.493093155015667,0.479104202943927,0.464999925360504,0.450964769305022,0.437369112619499,0.424851847908276,0.414355291216036,0.407023898707813,0.404522874780148,0.40961065019408,0.422972774487495,0.440594015572571,0.458728569592794,0.475643501468839,0.490623247733594,0.503315837616461,0.513530763760101,0.521168563403758,0.526123667064036,0.528328778004646,0.527715251626756,0.52421634908233,0.517766608255379,0.508367952607733,0.496085324317793,0.481145633120665,0.464061950218618,0.445758871412543,0.427790898366975,0.412517309271107,0.402675489648646,0.399724004315752,0.402692923444682,0.408585242268337,0.41403501092694,0.416433462590588,0.414068076172004,0.405886053494754,0.391340368683686,0.37050670007029,0.344895195665069,0.319387177629252,0.30174731052482,0.292020254484204,0.287101663722906,0.297314550499961,0.325059412568098,0.358110666181985,0.388657104072444,0.41455467234017,0.435856443653221,0.453324918168937,0.46797977545184,0.480897219509909,0.492962958837735,0.504658235876485,0.5160265666921,0.526805026625606,0.536531601238016,0.544825286875582,0.551407861330031,0.556022364906987,0.558474610464725,0.558592069215934,0.556249392508274,0.551361453701139,0.543771864059636,0.533191195245204,0.519328702311837,0.501836465886674,0.48022726894699,0.453843820409271,0.421739459838799,0.382427574241254,0.333453702812231,0.26952722091424,0.174368799070716,0.188788028853028,0.264437414629282,0.3120424111137,0.345382281404712,0.369196777191692,0.386243884977857,0.398696667199746,0.408386753594929,0.416909777293255,0.425711806901121,0.435815623965545,0.447537991447281,0.46049915566691,0.473994594502155,0.48735445990418,0.500039335028335,0.511663859715451,0.521988463804851,0.530916083647235,0.53839616457262,0.544414586337588,0.548925562043207,0.551839335266992,0.553033662905861,0.552326489531303,0.549508051514306,0.544370817727496,0.536698917310133,0.52626545640734,0.512827325455553,0.496125936810436,0.475923765686052,0.452007151805968,0.424548795485494,0.396023729069916,0.379378691772967,0.380805388895221,0.384131221044098,0.38399306016723,0.379197917458927,0.368717502830086,0.351290081543896,0.325775526728657,0.292828614231803,0.26156056765305,0.25913180702002,0.292059234413737,0.331048794386303,0.364664556926508,0.393217458099185,0.418683778686393
0.461953784907598,0.482405787498114,0.501732783292888,0.519987663007255,0.537106603464701,0.552970101588169,0.567492386496569,0.580625503565863,0.592310554179337,0.602413509443463,0.6109159651432,0.617870598108111,0.623357639088303,0.627497477107747,0.63040127621806,0.632177999978518,0.632933661244966,0.632752632346828,0.631760240935157,0.630164595429185,0.628166613951341,0.625945466803295,0.623651878264503,0.621405736835168,0.61936376263812,0.617653146872493,0.616400183771544,0.615678038953342,0.61549762994573,0.615804867232435,0.616495283333677,0.617453856866545,0.618538651414361,0.619574960808947,0.620374923578372,0.620811067663321,0.620765006025225,0.620101750743089,0.618738453878854,0.616631707838299,0.613696318995527,0.609859363189681,0.605041187377724,0.599175372801527,0.592247208043773,0.584245578520833,0.575136115909042,0.564989997203952,0.553897623367867,0.541890638988374,0.528960818798911,0.515086317042403,0.500300507451642,0.484676011009361,0.468272033339338,0.451190565717807,0.433822666649422,0.417144765945202,0.402808725334221,0.392377264993677,0.386251650398927,0.390695861666766,0.414382600642835,0.439836954778877,0.462534515303072,0.482100669253076,0.498626370707772,0.512246667765427,0.523074557659977,0.531166522897825,0.536564077196232,0.539308135859789,0.53943786044601,0.536991424765596,0.532008456117548,0.524608598675782,0.514995485278745,0.503503259784693,0.490727324087318,0.477518555127993,0.465014096515606,0.45450270704329,0.447199491725369,0.44360915107206,0.443126742414066,0.444289894542986,0.445274984260944,0.444431588796382,0.440567943489706,0.432959838781483,0.421410165882268,0.406488644136309,0.389779629938421,0.373948527782585,0.36167467997383,0.354039416669272,0.351855311643153,0.35725429290088,0.370512681642569,0.388352996001723,0.406846187557225,0.423543820277605,0.43751615365701,0.448881645332206,0.45846110166499,0.46752389804325,0.477323493415906,0.488473973299666,0.50071321301054,0.513167926083575,0.524839580664712,0.53497463641285,0.543182054651035,0.549198067101657,0.552879559063648,0.554122894356952,0.552873178931603,0.549108696711776,0.542728181795448,0.533476487863064,0.521093405497775,0.505288270769973,0.485656940846875,0.461650657434824,0.432562652244201,0.397477199308086,0.355353444555091,0.30641346010488,0.262306017465748,0.266075114850387,0.307650996913332,0.347271176754938,0.378250912112116,0.401701904533227,0.419291858844278,0.432549194240482,0.44283015642141,0.451336695416723,0.459131283757578,0.466972135033318,0.475248417376506,0.483963854084152,0.492915389070953,0.501816821318772,0.510350447899045,0.518241058224634,0.525353700515498,0.531618150221906,0.536976041995801,0.541386049369558,0.544733703997316,0.546865624755465,0.547561016098617,0.546514653761974,0.543410949676996,0.537975774432745,0.529916675832072,0.518927647992547,0.504679332441151,0.486833400282144,0.464994231548977,0.438661936591371,0.407229548198915,0.370294178467301,0.346786142623344,0.357020941859049,0.364144005949405,0.368154389878526,0.369378306714981,0.367160831256168,0.360712793021546,0.350225664173152,0.338232792306204,0.330839734311093,0.335550742301843,0.353565876755535,0.378504307693036,0.404353150182564,0.42870462964104,0.451272722476267
0.48920717645214,0.507114801833883,0.524015062316698,0.53991588624356,0.554796542754739,0.568617581263088,0.581349016325662,0.592931790443027,0.603247044885648,0.612204923571239,0.619798837074625,0.626048591652875,0.631030347160133,0.634849429612771,0.63761174641301,0.639404991844078,0.640328125851936,0.640422366996661,0.639826503682607,0.638733756900539,0.63732385643726,0.635746169258805,0.634110295258939,0.632481399287319,0.630996005888017,0.62972896398278,0.628758398565321,0.628128139931261,0.627833256882501,0.627820089278062,0.628018673003029,0.628359624429282,0.628743013711838,0.629037813773386,0.629090255556554,0.628759458258769,0.627953421718839,0.626595465603103,0.624673319599804,0.622151897442602,0.618935079762605,0.614923868319916,0.610039805428156,0.604215118318101,0.597433896431917,0.589660304504786,0.580827993355903,0.570916101697974,0.559882797541862,0.547688561289393,0.534322239195204,0.519692539457205,0.503702770431128,0.486352146760409,0.467614725238322,0.447452293030576,0.426025943103217,0.404291293524873,0.385750379515983,0.375458308308785,0.374914227721524,0.384634817090939,0.414169308693896,0.443068087418784,0.467918358388238,0.4888796304031,0.506302164960207,0.520531462602475,0.531800104446821,0.540284136364845,0.546112133229159,0.549407888150969,0.550296068914652,0.548894313130005,0.545313192369947,0.539734366573511,0.53242353089881,0.52373483166269,0.51419015100341,0.504469659087819,0.495343424038497,0.487556682850215,0.481672467408585,0.477852484131532,0.475715498068586,0.474447330323622,0.473017213128287,0.470439735682189,0.465927566011165,0.459073051609554,0.449878283410542,0.438809591627783,0.426920642730371,0.415695718982321,0.406525837412079,0.400393338448323,0.398071752338374,0.400151515723811,0.406382090387099,0.415324043285712,0.424929497549482,0.433447572092539,0.439869665402678,0.444089601428345,0.447012647118888,0.450606312527269,0.457341855202408,0.468430666106586,0.482751892089955,0.498054222713912,0.512430728973318,0.524794436256261,0.534756099462619,0.542145631269336,0.546992424921447,0.549353545510334,0.549262356891277,0.546770351333152,0.54186058065844,0.534356508599084,0.524015584740537,0.510670516567589,0.494078903587769,0.473973412741182,0.450154013343522,0.422779316788206,0.39297839091537,0.364478259946137,0.345981935195708,0.347261065633928,0.365926301113127,0.390700961129828,0.414225235166156,0.434058279969674,0.449944776835449,0.46236003259376,0.472008676425446,0.479670788622498,0.486083957561853,0.491818762504687,0.497242524852725,0.502548462965223,0.507750096378764,0.512747269069546,0.517420222638884,0.521724996173658,0.525663841915216,0.529255451140743,0.532507296676169,0.53537963332279,0.537736908120691,0.539350883517401,0.539886165499792,0.538909958290225,0.535973908131875,0.530680829022626,0.522679068030169,0.511649373308959,0.497288512550108,0.479321515562774,0.457484982269422,0.431695787758497,0.402536398389892,0.373171687421222,0.352247678105669,0.344348736929227,0.344118691953196,0.348780363557134,0.35641370482263,0.364092179545989,0.369542545940435,0.372373461110595,0.374207626236003,0.378093979911637,0.386925440191939,0.401484097848169,0.420078687720047,0.440290801915338,0.46047136034523,0.479890150727738
0.512575481133868,0.528193750984774,0.542938599523017,0.556817195834715,0.56979551555224,0.581822666328958,0.592899086554358,0.602943544672922,0.611913777693459,0.619734418827431,0.626400744854676,0.631919119987649,0.636360236601653,0.639799690898271,0.642333423180712,0.644042318388831,0.645002353505396,0.645245757842759,0.644914787224461,0.644182459058245,0.643209388115057,0.642119665773613,0.640986306625429,0.639838702315283,0.638781869996747,0.637859106058419,0.637099397173746,0.636520734879283,0.636102898583027,0.635795558954097,0.635569896909257,0.635388987078184,0.635183496929459,0.634855758668795,0.634282541074481,0.633343013623645,0.631931420177931,0.630034201298538,0.627691939053671,0.62485120428123,0.621416287216213,0.617287333783296,0.612382428788719,0.606629071915727,0.600006065831635,0.592446946627003,0.583858079495848,0.574126170754807,0.563078427399329,0.550627213855104,0.536748984660763,0.521306563953546,0.50414197292787,0.4851774277036,0.464420778944276,0.441907201152694,0.417618625042115,0.391342660212134,0.368468264519511,0.363381969237144,0.380267132146085,0.400692017276315,0.425781746286737,0.451917941124881,0.475888250383497,0.496645590654766,0.514084131884575,0.528380406841039,0.539745842014392,0.548391355829102,0.554494002035217,0.558232952274189,0.559778054001695,0.559280482739799,0.556893654160236,0.552820391900905,0.547341220396422,0.540786450105949,0.533570275312282,0.526210284683421,0.519242586599272,0.513152830006056,0.508201360377685,0.504424359277755,0.501507364930684,0.499025590423174,0.496376445891846,0.492958723354533,0.488299295042367,0.482112241341794,0.474431672661138,0.465623211311678,0.456349885280752,0.447486440374269,0.439908960362711,0.434370362833299,0.431396568171368,0.431164886962559,0.433305904042585,0.436848208945676,0.44038644766073,0.442508056065143,0.442140965997511,0.438844592748638,0.433383434353729,0.428822511322883,0.431014093379341,0.443626679311805,0.462673966866417,0.482525957103703,0.500283857618779,0.514949921326294,0.526437007186883,0.534933294267751,0.540719027375337,0.544043631488678,0.545063886015203,0.543910087984201,0.540652517811861,0.535202764641674,0.527339775174235,0.516996485446278,0.504110522160996,0.488685175482337,0.470935429891288,0.451584571425205,0.43228950799447,0.416046874529429,0.406954871633146,0.407981147539532,0.418216294588385,0.433654390698621,0.450250987136727,0.465585891863126,0.47863860968859,0.489186121680552,0.49736959306962,0.503577456230426,0.508258706232274,0.511817026003044,0.51458889969424,0.51681233949219,0.518581341116991,0.519888775709987,0.520823028836217,0.521551010342204,0.522255476958282,0.52310584314112,0.524245364400829,0.525694550868005,0.52732563165402,0.528809822542317,0.529647994287549,0.529223836998364,0.526925287975372,0.522237554328528,0.514730416761718,0.504069713547191,0.490032782281061,0.472475044170121,0.451358597811977,0.426826464405192,0.399490089623429,0.370984409117137,0.344119729654724,0.322415703097316,0.311631497269604,0.31751431184822,0.335865968859819,0.356914122681929,0.375083727931953,0.389328773050665,0.40087585304488,0.411750629833898,0.42379951835779,0.437896732681613,0.453792743939276,0.470681111906148,0.487764541099919,0.504483266044551
0.531953653082295,0.545586643936398,0.558459720745298,0.570582641493395,0.581916097081957,0.592398170770109,0.601944338077415,0.610557089566408,0.618219809702715,0.624868862848209,0.63052491223077,0.63522801016861,0.639062604231996,0.642077484930683,0.644319252399337,0.645862048636326,0.646754246568216,0.647047354892748,0.646874510672054,0.646394024498336,0.645746619216105,0.645035335866253,0.644299675607868,0.643547174045905,0.642840250304533,0.642202374676371,0.641618262191563,0.641087962944541,0.640570458598862,0.640027946778427,0.639454720620933,0.63882952463027,0.638111416497396,0.637236003905577,0.636114207536434,0.634668216975562,0.632819674566026,0.630548108467899,0.627880241432848,0.624788558213098,0.621193321895163,0.616998329970895,0.61209377519517,0.606427591198381,0.599958687580966,0.592593620883156,0.584205998223729,0.574588638058228,0.563564948186761,0.550982624323097,0.536687142485921,0.520490400226247,0.50223980097082,0.481817287911333,0.459383746741699,0.435463562292104,0.411166975178902,0.388907463574479,0.375540625504731,0.378203666807235,0.393301407120397,0.414675229705294,0.438557921319476,0.462628133916855,0.485071281808792,0.504877842840343,0.52173336249849,0.535641786857573,0.546785006655956,0.555345867146786,0.561519124897775,0.565499364727519,0.567484313198008,0.567658456651165,0.566186860383958,0.563255274309707,0.559133610543205,0.554108305958261,0.548507896863785,0.54274347911047,0.537203858443464,0.532229432631576,0.52794803002941,0.524351628904107,0.521199851161351,0.518190980105935,0.515029055171475,0.511329953041776,0.506743715919986,0.501083268037427,0.494333007172639,0.486753701148412,0.478815460073914,0.471038410648864,0.464057353748967,0.458493052576722,0.454774441061586,0.452982035580869,0.452731342187369,0.453146313237597,0.45296034641373,0.45076991154058,0.445273753151966,0.435413298966322,0.420726694971729,0.403120115531212,0.395663675909695,0.415464789478166,0.443982651527885,0.469471284636134,0.490206993189459,0.506405567489696,0.518694548865575,0.527684880826032,0.533936065172709,0.537897656549104,0.539859478668715,0.540026361653418,0.538529531740441,0.535338462180329,0.530262323663781,0.523239488860656,0.51433548794662,0.503709146573708,0.491736426640794,0.479201111316172,0.467461280734448,0.458386868764382,0.453896696607482,0.455135550222115,0.461755108702302,0.471971791711829,0.483637661966016,0.495027118563374,0.505089632549118,0.513323929686309,0.519576090018033,0.523940505455843,0.526624121559541,0.527906603717997,0.52806390830049,0.52727187260682,0.525630854663026,0.523264156746939,0.52039038096541,0.517353016064613,0.514564728477178,0.512448651146103,0.511367496971309,0.511514712990053,0.512780819705242,0.514687056013738,0.516478571153832,0.51725576513808,0.516166520494627,0.512528067292258,0.505830827124441,0.495745107097594,0.482120715899258,0.464965269521929,0.444399331059676,0.420526366433019,0.393261699199033,0.362014935990928,0.325470575938705,0.283460708250629,0.250656585594969,0.265052019814944,0.308280972353339,0.348212256777481,0.379234337105141,0.402789681444602,0.421242885645735,0.436828968872602,0.451313921898629,0.465725883316405,0.480443274565051,0.495401021010185,0.510318761973166,0.524894323836495
0.547366706429294,0.559318514492173,0.570572511381725,0.581147504542195,0.590989240199765,0.600017761985762,0.608226340969779,0.615579313393564,0.622024309739462,0.627542169130775,0.63217124472883,0.635978497352012,0.639059430039929,0.641495330926684,0.643349509866701,0.644659419453551,0.64540367856764,0.645663986939093,0.645562549944568,0.645250854712242,0.644850364699574,0.644446021027757,0.644046340567023,0.643656583156128,0.643307673287318,0.642994223007984,0.642636412812952,0.642186430391924,0.641586327685445,0.640829104685915,0.639924839484187,0.638874121049604,0.637663627874294,0.636274405035869,0.634672278451732,0.632782603846498,0.63055411444646,0.62800990495255,0.625113389191473,0.621844980575277,0.618167983041946,0.61397156404792,0.60913020376647,0.603605279404674,0.597324385649998,0.590141213236571,0.581923212434682,0.572471690867825,0.561563992205995,0.549009925433731,0.534525604361191,0.517782207206878,0.498559884779042,0.4767327051825,0.452442810543681,0.426671163095728,0.4020771549204,0.383739813019239,0.377535480869611,0.385211890835721,0.402895247098453,0.425462888633777,0.44936406959662,0.47256952868005,0.493885113506471,0.512690734958199,0.52873945221862,0.542037706631184,0.552727227111309,0.560994158360187,0.567035105198042,0.571047729885623,0.573240704584433,0.573808501388712,0.572927289217222,0.570769955498139,0.567552860240604,0.563542507375911,0.559015227859958,0.554289044036657,0.549665660272791,0.545408204651407,0.541607257549398,0.538248372632294,0.535155998610724,0.532122067682732,0.528891433674154,0.525234129701007,0.52089008186398,0.515663034326414,0.509513682262965,0.502570754507728,0.495111244722521,0.487562366955031,0.480447088873903,0.474367982424485,0.46985598529444,0.467096212466825,0.465742863268346,0.464860860656173,0.463100767056949,0.458970437982885,0.451076750180504,0.438001511116934,0.418217458861029,0.389834918321121,0.356051456358698,0.400073486525348,0.435677107307907,0.463127648504517,0.484161853780394,0.50003377421014,0.511789345878255,0.520299910679034,0.526321645750666,0.530460849472497,0.533117126456471,0.534543437408013,0.534885338749781,0.534116779284131,0.532029289108682,0.528531108001849,0.523658129984091,0.517599072459608,0.51070207776474,0.503594633420809,0.497234071608338,0.492725743940265,0.491073838372222,0.492766960791942,0.497672379365054,0.504911171821079,0.51323630518807,0.521512368346546,0.52887289659396,0.534768936864233,0.538918161662892,0.541267807425013,0.541838322580893,0.540806750803587,0.538312975623264,0.534451871105446,0.529319724146465,0.52313215671501,0.516181819261244,0.508946667133333,0.502120273556476,0.496514885952596,0.492908088684053,0.491839253396252,0.493244826056314,0.496381397584844,0.500041353517323,0.5028659793034,0.503657195523009,0.501524116964224,0.495865562045724,0.486352871885332,0.472930013582188,0.455773989616863,0.435229622900124,0.411556996581276,0.384407286385816,0.351948293329565,0.309438933634274,0.246074974829235,0.130343107823368,0.203117814615971,0.290965776817658,0.347023076045484,0.386481373274796,0.415628069530084,0.438114854212337,0.456474515396284,0.472435492230693,0.487131973932803,0.501213151225436,0.514927559168142,0.528280893586118,0.541161773226575
0.558890931457517,0.569416769453196,0.579282968246097,0.588470853151483,0.596906985306672,0.604603778038449,0.611565965859908,0.617768922875545,0.623125508629608,0.627577174091,0.631199577401752,0.634091442218213,0.636361160795092,0.638102759783393,0.639388947188784,0.640279994037061,0.640775664167594,0.640933791186759,0.640832018548701,0.64062077511909,0.640414931707327,0.640308297091021,0.640294621218938,0.640349923251829,0.640427015591139,0.640473370397565,0.64035776399428,0.639988217027856,0.639310519791728,0.638328650873549,0.637063361074975,0.635543821844995,0.633821685106212,0.631927884349966,0.629851279680506,0.6275389367304,0.624978941782837,0.622215554502253,0.619216730702138,0.615909928008206,0.612246563141834,0.608128344370269,0.603428123783561,0.598096216964598,0.59199646468639,0.585003430571675,0.577045893727783,0.567896954400784,0.557301004965665,0.545029334321347,0.530692052430925,0.51380186236266,0.493956563135294,0.470803387512252,0.444131488806827,0.414521167968218,0.385207027434022,0.364923461065439,0.36424282379975,0.381316346186208,0.406195525020526,0.432587372537579,0.457893457126988,0.481074117776333,0.501700304999503,0.519627859085412,0.53480774560177,0.547337907895374,0.557371809574205,0.565130424793674,0.570816562923289,0.574628548713168,0.576777724171569,0.577459201650995,0.576838109379906,0.575065958109839,0.572375922649157,0.568991917769425,0.565128470260741,0.561039425207367,0.556976879754771,0.553161156116603,0.549701595013339,0.546597072547458,0.543730672060724,0.540933134801424,0.53797735798993,0.534622835457326,0.530682095333323,0.525919679780114,0.520212382054194,0.513568097628337,0.506080985390977,0.498090574817739,0.490153067844036,0.483002801111012,0.477506350057468,0.474242364328634,0.4729700353738,0.472512616766102,0.471246430692592,0.467618427403713,0.460352036577444,0.448530769360403,0.43192919720602,0.413007947865718,0.404111734844311,0.419265726918895,0.443406674583473,0.4652534434634,0.482684550820992,0.495857942419049,0.505468907558211,0.512338672034301,0.517289732390715,0.521042065468953,0.524091199418503,0.526708566873553,0.528990654950922,0.530845962512831,0.531970061187221,0.532139273114499,0.531266871739495,0.529452674441829,0.526954134533468,0.524195680907674,0.521830335701387,0.520539241041408,0.520907749069829,0.523166945463595,0.527274089039835,0.532737497305347,0.538817679889655,0.544729612244038,0.549816659137899,0.553562817059024,0.555643623753047,0.555934186416843,0.554411306714627,0.551053390716746,0.545884531581467,0.538897545082325,0.530202982706032,0.519978876954432,0.508535387085194,0.496420498809905,0.484618939536779,0.474502875281931,0.467671728256013,0.465365344571903,0.467666254894622,0.473298002267566,0.480185036124036,0.486199477343963,0.489668297014342,0.489478408223272,0.484971671912543,0.47584699902594,0.462131795018859,0.444189625316106,0.422753498902057,0.398780951597747,0.372874313128158,0.3441127188705,0.309039873185612,0.262955824700345,0.218538854116261,0.247362961310972,0.309847093493822,0.360883511482241,0.399744879209339,0.429623834522827,0.453208621248047,0.472487861919098,0.488922849962662,0.503566879055978,0.517079663481788,0.529815574436994,0.541913763374703,0.553402118640002
0.566648772267975,0.575943613141681,0.584557943323687,0.592436319990665,0.59961667761946,0.606112952030444,0.611923626835227,0.617022200820969,0.621314521358516,0.624775059321061,0.627433239895694,0.629415321131528,0.630844378097642,0.631826436180738,0.632446360243789,0.632766815967401,0.632818024467099,0.632705352892502,0.632517387055198,0.632383803632622,0.632423077516617,0.63268373833415,0.633117747368156,0.633671326957719,0.634233445699291,0.634682850353107,0.634832873424124,0.634545119137748,0.633776440651152,0.632537244212661,0.630869432365357,0.628867949927793,0.626622066792155,0.624199912566969,0.621633579686113,0.618902150354787,0.61604247856972,0.613110265860089,0.610088169691373,0.606889286570437,0.603366577663668,0.599410084728768,0.594913451830895,0.589761134019165,0.583847174512359,0.577118756677092,0.569525832517478,0.560843018520467,0.550817708841233,0.539191727662199,0.525488545998278,0.509122181620289,0.489453834559235,0.465722773263708,0.437018604742441,0.402446126077157,0.362386908607932,0.327849429532525,0.335987792920327,0.371758658178271,0.407267746335563,0.438414715722974,0.46535831233666,0.488604796998244,0.508569036135289,0.52553630585684,0.539718925371169,0.551297753534752,0.560482460119978,0.567520638756394,0.572628698830385,0.57600331033389,0.577851783586047,0.578347114171218,0.577660939024629,0.575951611822595,0.573435668358393,0.570324098653162,0.566794427759129,0.563033953216989,0.559267692477042,0.555702943452275,0.552510319946145,0.549707832001783,0.547197135618682,0.544836689211465,0.54243012835643,0.539690858305548,0.536340108903867,0.532161040259974,0.526936346381068,0.520456376078294,0.512693625650288,0.503806981121769,0.494297104140086,0.485196386834235,0.478116681218357,0.474653487533627,0.474813735817566,0.476659162054607,0.477842888418537,0.476636384197442,0.472087381450297,0.4640516761814,0.453522533476492,0.44367388302696,0.440189664649737,0.446577535639795,0.459258139435835,0.4727731611413,0.484262610544889,0.49291254802941,0.498916103903507,0.5029634438973,0.505922530553517,0.508663118681914,0.511805375302411,0.515622454500318,0.520091620769797,0.524915698031031,0.52955213367887,0.533554287399048,0.536674088951462,0.53884052461669,0.540211327496357,0.541067295200397,0.541873583834098,0.543081573019389,0.545024346288729,0.54787330742167,0.551629083601985,0.5560096778037,0.560546239823575,0.564697384093659,0.567919303478761,0.569773253541317,0.569942462351191,0.568275367060503,0.564681232819415,0.559049280601424,0.551214446839811,0.5411635292876,0.528906805568764,0.514495503665541,0.498119569934148,0.480269224069001,0.462077941609293,0.445641337628292,0.434093897876852,0.430310112135407,0.434805681999667,0.445054224462127,0.457189768895131,0.467864421148299,0.47490668411653,0.477098668148147,0.473799693214226,0.46474050669852,0.449965296728744,0.429925184898576,0.405775529282936,0.379758855666703,0.355014593243141,0.333726623030677,0.315184135340117,0.29904647787394,0.293714274531687,0.31198728674845,0.347296179892232,0.384538355065834,0.417204773737252,0.444378191386152,0.466816922129599,0.485572683009417,0.501649466560133,0.51582689162763,0.528652134399801,0.540466934412914,0.551475867630554,0.561770684707146
0.570699365340038,0.578883020489878,0.586320705495785,0.593041792662694,0.599096227696464,0.604492201586536,0.609227338188845,0.613267721358598,0.616509439945142,0.618961603234902,0.620678274678524,0.62176470600258,0.622344824088557,0.622534937531627,0.622419571035369,0.622058203377995,0.621523000265388,0.620980618177137,0.620589507664398,0.620489016420019,0.620779233138337,0.621436673823345,0.622384106751899,0.623522953982682,0.624666979583284,0.625613647791112,0.626112539541852,0.62597918405626,0.625155775620566,0.623652579621115,0.621568061115198,0.619028333167255,0.616174179690444,0.613137317748576,0.610009453041315,0.606821869275832,0.603664127130349,0.600609978302565,0.597638052485153,0.594631591707841,0.591400712873948,0.587702808913855,0.583406235196625,0.578442604795939,0.572755785287282,0.566342137813911,0.559197691355056,0.551145399296338,0.541980133869416,0.531441430580844,0.519013327198619,0.504079376775254,0.485863051008386,0.463318352702744,0.43516612984656,0.399584826923644,0.353522776397017,0.292131639738445,0.319211210361591,0.372634236943462,0.413630690340846,0.446449618891155,0.473420389828055,0.49588013578995,0.51468544842752,0.53035906746511,0.543274083879373,0.55367057859431,0.561793038644899,0.567896041652124,0.572206407950192,0.574908325078812,0.576184664046792,0.576235419152216,0.57523753375525,0.573332808906755,0.570715199818233,0.567576909028369,0.564080886948152,0.560381397154839,0.556670544148158,0.553191398843942,0.550177008783544,0.54765711362266,0.545587160964261,0.543852577262838,0.542257646573758,0.540472653141392,0.538081430323022,0.534772514553233,0.530236330580332,0.524117070929725,0.516161304867725,0.506272670547213,0.494641055473403,0.482288481446129,0.472051073094092,0.468406985812903,0.472073315834358,0.478417750215029,0.483564960184531,0.485818638729754,0.484734216960153,0.480726997469962,0.475006815735789,0.469749383205627,0.467581700586434,0.469791368293694,0.475217034817494,0.481458423356273,0.486579569531362,0.48975623266271,0.491027699683128,0.491113003372793,0.491077818461138,0.492114275326277,0.495107385085211,0.500339701549617,0.507492007410931,0.515844762937078,0.524452329224942,0.532546395468944,0.539683265567226,0.545677620178871,0.550568886773509,0.554568616856762,0.558038608052132,0.561313275756255,0.564585635850873,0.5680319426546,0.571690813757474,0.575395029583807,0.578836276089564,0.581620012914575,0.583333222199319,0.583540770091067,0.582002394362758,0.578527904883772,0.572964027487347,0.565097131155877,0.554750446377653,0.541809150405391,0.52614111678929,0.507597438566854,0.486073480721053,0.461693850907843,0.435265983716676,0.409412866961187,0.389855649068816,0.383777546970849,0.393164367820076,0.41191523865625,0.432251199540943,0.44926587954272,0.460669279519782,0.465509842014937,0.463373219827166,0.454065862261318,0.437494294777092,0.413795475959402,0.38392365381222,0.351203889376592,0.323661192644426,0.310876823007845,0.312246281578779,0.320311745148473,0.333368971615151,0.35365682283605,0.380027487981228,0.408163043362115,0.434644453286198,0.458081712569618,0.478305811883816,0.495726657462949,0.510876439094764,0.524245520530438,0.536222937701645,0.547111458678142,0.557112633594721,0.566356024507906
0.570991796361174,0.578109378154928,0.584520775239616,0.590247826738516,0.595316777306439,0.5997151835426,0.603431665122958,0.606423741238434,0.608607210290775,0.610024965953115,0.610753862706588,0.610931520281703,0.610662147327997,0.610036875934588,0.609152776002225,0.608036072265203,0.606855816937114,0.605804539619597,0.605061441118357,0.604818640349889,0.605230301413577,0.606305179287789,0.60789310459958,0.609809871888792,0.611762390473629,0.613412418735031,0.614431641213613,0.614566895781654,0.613733078792229,0.611971910872062,0.609397494046917,0.606189027218755,0.602567360463122,0.598755558818355,0.594930827650343,0.591209530174883,0.587739923396371,0.584603585487803,0.581752156576965,0.579023398248553,0.576145641560127,0.572778505925152,0.568738364178479,0.563998874918957,0.558539636817071,0.552431193447906,0.545758665721604,0.538458498524745,0.530432590100255,0.521463387828266,0.51106130500141,0.498615089278679,0.483325882900065,0.464257551434687,0.44048983689449,0.41144298115457,0.378387208049303,0.352769555684068,0.362212165193965,0.395543049390512,0.429348960722373,0.458510497999205,0.482923057423843,0.503233359582941,0.520079116706106,0.533957012799924,0.545233586833847,0.55416929716941,0.560994333605812,0.565946194026663,0.569239313162719,0.571047275292827,0.571572538865433,0.57099931611614,0.569487354168186,0.567159810224998,0.564192245628375,0.560763602184979,0.557023940328435,0.553111534681795,0.549233152956134,0.545680612155898,0.542700248246311,0.540414259101251,0.538852510827725,0.537932688830362,0.537454821918553,0.53701637245899,0.536095453098146,0.534162276113696,0.530740289553517,0.525405249823684,0.517717195745053,0.507258871848351,0.493734185470977,0.477215181947859,0.460203310255459,0.455507232214693,0.467211535940669,0.480085793192642,0.489593594648827,0.495214585202872,0.497226747981047,0.496360120262235,0.493678500110771,0.490620187489779,0.488528364865419,0.487971935325072,0.488453166591265,0.488833147678863,0.487966131208365,0.485282706744563,0.480920385246378,0.475820062436021,0.471534445360237,0.469984635288008,0.472642168133154,0.479796643607229,0.490539299888274,0.503342797546142,0.516607143739814,0.529175124345012,0.540447692658821,0.550175665880467,0.558350554085839,0.565177215533507,0.570959754516736,0.576003359882303,0.580453630002529,0.584492598620521,0.588214686516964,0.591499381064809,0.594145061312001,0.595850022398391,0.596266637446619,0.595071006439411,0.592020305410063,0.586906038999295,0.579481507694021,0.569552206456798,0.556940336327985,0.541398943284904,0.522673883557806,0.500389274082341,0.47402508909715,0.442965516925282,0.406762382356924,0.366861258821417,0.331471137852708,0.320250831042083,0.3416494418584,0.376239066454445,0.408301552627853,0.432794427174376,0.448724160617871,0.456089398123323,0.454974476012947,0.445320900336226,0.426760443928208,0.398604414021268,0.360058175794529,0.31209674194094,0.267932210143937,0.264890716524387,0.2960690399378,0.328034249233665,0.354873259814421,0.379350302487301,0.403356922167845,0.426786397899528,0.448844460450374,0.468907610352575,0.486796305831397,0.502603485227305,0.516555952533225,0.528911448019459,0.539938474130547,0.549867849271926,0.558901115609663,0.567162865108693
0.567391263128808,0.573550050180853,0.579078067175299,0.583972043397293,0.588206171236886,0.591725531144704,0.594487609382132,0.596426797538442,0.597499571788769,0.597806670133131,0.597482593487705,0.596694216936899,0.595559089404442,0.594143192751487,0.592488180925851,0.590659498182203,0.588766391472544,0.587026676595948,0.585717506402973,0.585141403975951,0.585568271685509,0.587064209544977,0.589509233326939,0.592536770382137,0.595638813573033,0.598297823121811,0.600074243416623,0.600627993432279,0.599862549209752,0.597803870852223,0.594599209668201,0.590505651719953,0.585857681477904,0.58101223109298,0.576278003617995,0.57190570683936,0.568097003400078,0.564917225235323,0.562272990282561,0.559905609517676,0.557414036011589,0.554446774438347,0.550783360969899,0.546271140908381,0.540962668884748,0.535059899251295,0.528795963316747,0.522305819598403,0.515667232081352,0.508758557043443,0.50115369194567,0.492226441493103,0.481209083285132,0.467431564564379,0.450593284323163,0.43137666978826,0.412939777310152,0.402701275724727,0.408341880248475,0.427271268224527,0.450771699777246,0.473464053210745,0.493461847996412,0.510439398730911,0.524540554182586,0.536064707514882,0.545281970333951,0.552434255453876,0.557722610712482,0.561324741625949,0.56344096085234,0.564232763674623,0.56387054366758,0.562512386979174,0.560298362682342,0.557335796428294,0.553786897988504,0.549822717424141,0.54558395918547,0.541194585773527,0.536923435259229,0.533070209421337,0.529926972922899,0.527785843173503,0.52680271724778,0.526956690594341,0.528002667380688,0.529411173860818,0.530517845094207,0.530583783333841,0.528913860724886,0.525016300206843,0.518414410833495,0.508600055540386,0.494994843174551,0.476932433576226,0.453610884524878,0.445643793808842,0.46834319176726,0.485395617822926,0.497439734761404,0.505150993465465,0.509162346498212,0.510231552800183,0.509250441246236,0.507124549111453,0.504569549673938,0.501824864638321,0.498566417036948,0.494128412243657,0.487755945975815,0.479042721283215,0.468208266918504,0.456433091761847,0.446094138037291,0.440560307055692,0.442694847189338,0.452871418974215,0.468849052815735,0.487536243845388,0.50638962084361,0.523896545813379,0.539409253023034,0.55274651242241,0.564006496252508,0.57338706542993,0.581197586252791,0.587776402615023,0.593281904153418,0.597907081040907,0.601781704022911,0.604810853524489,0.606853612965036,0.607683024314099,0.607018927651222,0.6045965143125,0.600219955855052,0.593580973453104,0.584468486059345,0.572714766832394,0.558111884193771,0.540370044626987,0.519134782358661,0.493903338108536,0.46382997972086,0.427484843594332,0.382511040101078,0.325582105608751,0.256543579893316,0.225968479670759,0.285366264274563,0.345931813643392,0.3905775121467,0.421487575787175,0.440881909917336,0.450087690275874,0.449749025641632,0.439992720136662,0.420283325191104,0.389218772318691,0.34374946832884,0.276958121303141,0.17265017152821,0.193992855944505,0.280195213585806,0.332482097000652,0.368129295961146,0.395411681277617,0.418486048041729,0.439224099210571,0.45822366880597,0.475625933543344,0.491453878430094,0.505717776962532,0.518449510454899,0.529759707534228,0.53979800608788,0.548761369900305,0.556831230473486,0.56407077040462
0.559809083285351,0.565101745631648,0.56989304869778,0.574125882740851,0.577687588410063,0.580449655996529,0.582316073813065,0.583190459832064,0.583083768523409,0.582164133718205,0.580653414679924,0.578799963022711,0.576749932370209,0.574598739110815,0.572324590676312,0.569805454866777,0.56712703314285,0.564508830861225,0.562341563258167,0.561167595666496,0.5615026873795,0.563539301933324,0.567120231423469,0.571695816030567,0.576440665171769,0.580538945927767,0.583393539378048,0.584584213828449,0.583949806383765,0.58150817902436,0.57745359481576,0.572144946131629,0.566074225160036,0.559799136231253,0.55384565037,0.548653560437738,0.544460802613234,0.54128964677572,0.538940240439204,0.537019130908067,0.535065923050433,0.532645205903039,0.529428978370887,0.525179345542331,0.519878438226787,0.513914701027089,0.507771484713579,0.501930939885149,0.496785740415644,0.492402540937985,0.488366031575346,0.483922614493363,0.478245962208873,0.470769824740138,0.461460809812337,0.451296098999312,0.442713932488512,0.439452185504545,0.444307914586432,0.456429634767333,0.472322578187527,0.488731316278773,0.503807528590116,0.516830951362885,0.52764271610124,0.536349071770416,0.543119714274172,0.548179252551798,0.5516828320848,0.55376339465177,0.554583499591544,0.55425297476003,0.552887617665587,0.550600915635238,0.547508263323334,0.543706160370429,0.539352204120302,0.534617449348736,0.529635402353323,0.524542610315769,0.51960941535774,0.515156387690048,0.511621599053598,0.50949965331501,0.509136878746065,0.510638100708045,0.513708985248351,0.517623145225258,0.521460395818491,0.524229462085505,0.525093646047237,0.523456038776079,0.518943366141838,0.51125868853818,0.500265554736257,0.486418983149596,0.472824274918315,0.47037224949012,0.482155284379225,0.49613849597756,0.507536162914789,0.515538128921885,0.52028970610894,0.522254156981882,0.522009768552477,0.520070656783729,0.516800427728308,0.512227333566829,0.505997187130364,0.497555267144328,0.486232560479436,0.471523418708299,0.453455811067868,0.433138568912922,0.413741809714475,0.401414650567021,0.402763855173482,0.418483079385189,0.442760312635784,0.469418813991984,0.494862905400811,0.517595435547625,0.537258148507348,0.55396981540688,0.568001928123899,0.579652886723335,0.589231702871572,0.597142833230473,0.603583644253735,0.608763626492246,0.6128202859816,0.615696250032368,0.61727290140013,0.617387968527882,0.615846233380679,0.612396632810035,0.606795786080462,0.598761894121668,0.588138952264361,0.574782190813306,0.558470456729803,0.538930352176643,0.515801163461854,0.488628475972112,0.456612812665761,0.418190167337986,0.37043597402215,0.307328834571005,0.213323070320435,0.132079681798479,0.261438566518666,0.335604491241661,0.384769500250954,0.417760048126442,0.438290106596864,0.448161518264985,0.448242599119118,0.438825111811144,0.419550241852589,0.38934599352671,0.345962574281513,0.285519030126261,0.212105875165487,0.224903493311611,0.293444294592729,0.343647031848893,0.379143004767785,0.405737788200476,0.42715118399678,0.445586543320522,0.462218541504417,0.477557054499606,0.491730507468193,0.504695836025591,0.516380176817471,0.526731512917186,0.53581677385445,0.543792863442153,0.550788121329134,0.556972732754277
0.548149431541379,0.552677747616122,0.55692421746149,0.560727857204858,0.563827855277765,0.565966633165073,0.566960870681873,0.566681195485232,0.565226587058809,0.56287022823704,0.55998725928247,0.556968065010083,0.554099139006517,0.551421601866285,0.5487071509974,0.545631570699306,0.542074022347234,0.538251490561574,0.534790912071943,0.532618548622223,0.532684312568575,0.535434137862611,0.540637151910879,0.547375178013339,0.554402963535643,0.560514061401264,0.564880680873433,0.566950204905967,0.566495197148064,0.563534480360396,0.558315189338653,0.551314850077167,0.54323218104941,0.534936899648563,0.527308840744854,0.521052483407936,0.516436100820108,0.51333386888941,0.511372633260676,0.510119481194949,0.509009495425922,0.507398887679076,0.504713492143502,0.500578322483246,0.494985991314099,0.488445429158297,0.48185319333161,0.476247259859609,0.472580242712563,0.471238271289287,0.471679261419653,0.47275829257775,0.473314170353514,0.472570609717898,0.470441127314656,0.467672608680991,0.465741494117165,0.466536693004872,0.471390268495816,0.480031331624607,0.490877177623093,0.502158095295134,0.512611177195471,0.521559963796414,0.52878599566474,0.534341948877228,0.538376594484716,0.541081619962651,0.542620632474519,0.543067314907631,0.542489453382988,0.540925903170727,0.538423880665856,0.535051427511731,0.530896384577489,0.526043364864595,0.520653990252199,0.514913887444513,0.508973171034407,0.502988824691033,0.497167952405523,0.491827271850684,0.487527431982765,0.485078437957622,0.485240293566804,0.488416454964871,0.494238683037067,0.501601757927648,0.509087253779187,0.515367165601606,0.519494388592044,0.520867049852879,0.519233538325406,0.514697189047354,0.507736006223453,0.499629883458088,0.493354087193124,0.493157320742158,0.499798206394737,0.509426446006532,0.518579310877793,0.525683770387789,0.530277362577256,0.532386699486556,0.532263659697605,0.530109945466445,0.526037133765635,0.519922399872067,0.511356951282803,0.499732658206018,0.484254393931235,0.46408068493256,0.438606308680672,0.407949091992103,0.374713458894172,0.348999715459916,0.348922650939192,0.376498343424131,0.414349458580524,0.451243485507363,0.483792778256812,0.511522551325878,0.534881514814404,0.554466501171872,0.570818232312249,0.584370327058418,0.595463738715499,0.604496336742043,0.611731746499599,0.617411824512959,0.621651612312566,0.624440467386883,0.625665872989419,0.625235541366359,0.622980813019007,0.618642184016759,0.611938836101618,0.602676359962241,0.59071586922535,0.575906056450172,0.558093314300771,0.537045606109575,0.512488888230723,0.484190036928893,0.451813283631593,0.414706587237711,0.371788393489249,0.322002463825824,0.270477495963974,0.254370256355701,0.297720721015446,0.350018533493872,0.391759741126766,0.421675376664802,0.440799144386434,0.450059337466592,0.450079416424306,0.441227327573386,0.423580568464689,0.397192771454987,0.362602360609348,0.323193132581755,0.292776223521562,0.295643125100174,0.326230182739137,0.360269373238499,0.388832461330426,0.411565744597959,0.430068325735337,0.44597512261608,0.460475320948214,0.474176819047625,0.487179255720423,0.499291536085853,0.510231004075979,0.519813385558062,0.528003850744528,0.534872740146636,0.540684676560654,0.545783579296814
0.532289983025154,0.53616543984798,0.540134629851288,0.543851493982894,0.546802180059224,0.548512719963868,0.548664196294835,0.547101168551622,0.544028429907369,0.539897631263231,0.535352322791207,0.531091299925912,0.527510902055879,0.524576931072668,0.521775131827654,0.518358764855719,0.513861343506335,0.508411405054433,0.502921895210416,0.499020661403918,0.498486291418849,0.502283990578546,0.509965881313268,0.519899835859552,0.530106427437988,0.538920134702405,0.545268932405191,0.548429215697604,0.548151264167007,0.544466280570547,0.537663038590902,0.52832014477512,0.517379408160369,0.506160658964146,0.496144054575349,0.488499302151282,0.483473524444051,0.480560295313467,0.479196886022119,0.47895149548421,0.479137059897144,0.478714518280274,0.476680168991759,0.472458713808913,0.466076611235248,0.458240969880664,0.450222806133952,0.443972102577558,0.441548708393175,0.443946161903361,0.450190563754051,0.458155324845082,0.465836515063184,0.47205185109706,0.476560282238452,0.479822790662619,0.482732723022326,0.486358446031608,0.491464828356568,0.498061099694658,0.505435817166173,0.512623440464699,0.518915880619131,0.523877310533714,0.527409525439421,0.529569955270376,0.530588278301019,0.53072882752716,0.530158345759411,0.528907412435877,0.526903240120355,0.524063718467362,0.520323029697074,0.515683448401869,0.510221887170717,0.504049084324655,0.497365285074803,0.490398361585345,0.483377759813475,0.476410930511477,0.469531056713529,0.462910147861437,0.457177574559205,0.453670525741285,0.454053744288453,0.459413875075646,0.469184929318746,0.481378018584617,0.493672332924354,0.504319672124222,0.512291301775239,0.517109641766284,0.518761586796984,0.517643615283232,0.514583743992741,0.510967402736087,0.508792122053171,0.509933156189872,0.514709747562784,0.52157648413024,0.528632806861281,0.534555141869932,0.538605853439464,0.540485062539615,0.540180967596794,0.53766660785335,0.532881635314796,0.525592521122716,0.515326643460978,0.501402553887293,0.482915204798109,0.458682482652563,0.427205498267532,0.386583837261284,0.334934132186599,0.278740728877595,0.27469756355382,0.332390783885771,0.389728204380851,0.436931419638679,0.475396809553361,0.506959883783783,0.533068904741714,0.554777405360935,0.572855011831156,0.587867123801146,0.60018097017198,0.610123832134538,0.618007554490452,0.624109853449331,0.628535436047869,0.631288675153365,0.632286507839595,0.631456219133844,0.628616126821065,0.623468783647066,0.615837476994874,0.605526619939729,0.592391796004401,0.57627081086834,0.557031339743941,0.534551555942732,0.508694549223005,0.479472069190839,0.447253419122707,0.412809441750136,0.377521235234818,0.344344246188259,0.320579800218302,0.318695816941263,0.341458908334966,0.374770065703851,0.406191724741877,0.430721960158289,0.446943430616906,0.454671005183789,0.454116667317399,0.445618198934694,0.429630779136178,0.407138610217964,0.380331620113328,0.354038495202335,0.336862969480461,0.336872828842431,0.352244075338048,0.373733756363507,0.394488556055341,0.412140292868234,0.426900040620366,0.43994718741354,0.452425493816138,0.464926858638559,0.477406044499623,0.489327497757486,0.500059464990929,0.509160217889339,0.516430142128537,0.522051127508586,0.526514434638196,0.530405491944042
0.511880733753301,0.515239684753244,0.519383582192224,0.523589312455453,0.526893175345576,0.528474215135896,0.527816780118359,0.524758937323337,0.51964527503537,0.51318848574653,0.506475767954812,0.500639819519166,0.496424249201419,0.493775041680369,0.491620700735445,0.488437870750653,0.483109902811518,0.47544825846541,0.466659789819263,0.45951734343919,0.457628626690581,0.463124743123325,0.474897837000295,0.489733830164451,0.504413232912622,0.516750393481675,0.525516698397167,0.529962472040922,0.529817985456294,0.525141214816615,0.516227371815173,0.503699676921899,0.488701658795779,0.473118874608318,0.459494631525458,0.450067859695137,0.444991002278137,0.442684214215197,0.442022887336965,0.443072756575675,0.445328282392513,0.446851108012928,0.445716906276018,0.441098636285233,0.433186730426875,0.42291934662613,0.411916703235587,0.403243810678902,0.401381156648745,0.408885239190968,0.423359349184526,0.440181385386748,0.455976433077166,0.469293046682856,0.479897020581414,0.488180871916547,0.494844363278095,0.500623928564223,0.50604694140117,0.511257644260663,0.516002616252518,0.519807939867014,0.522340406396284,0.523435608212259,0.523119314664264,0.52160082162832,0.519281195759955,0.516576696127378,0.513753430932348,0.510801370081441,0.50745096252792,0.503387919360069,0.498361026396715,0.492281774929205,0.485252840649843,0.477452099915619,0.469148439184106,0.460707581337096,0.452470465533312,0.444489076902146,0.436468089833864,0.428161308853582,0.420015836476136,0.414020858640364,0.413822683656959,0.42226834969702,0.438142073156885,0.457271428073561,0.475828539666347,0.491633198251093,0.503775058332507,0.51212539170836,0.516976855673178,0.518982607639087,0.519121003081281,0.518662485266624,0.518982053469617,0.521105550712412,0.525208610274299,0.530633368013641,0.5363071094369,0.541252526185977,0.544759787213438,0.546340993808718,0.545795053416548,0.542957838878741,0.537662022333722,0.529616193900018,0.518336254800575,0.503143537285999,0.483169171988137,0.457113466469089,0.423148514582485,0.378268719217449,0.316613643940478,0.223199657405656,0.208299000898827,0.310955398983315,0.379406957169333,0.430896789679968,0.471662884964258,0.504806406142195,0.532219449758149,0.555115864633349,0.574306261222514,0.590326757401758,0.603533864881786,0.614192946798799,0.622590555315011,0.629057586438597,0.633673224110485,0.63645174636213,0.63733908433466,0.636227423312159,0.632860952094254,0.62705656110215,0.618662749594132,0.607485541448854,0.593346048018216,0.576060103210765,0.555453201826265,0.531422502854451,0.503971705539395,0.473301145226436,0.44027268618593,0.407080585611411,0.377324867516302,0.355730839458408,0.346836679838905,0.353093808602212,0.372170673902015,0.397309649538488,0.42182134318463,0.441644437342372,0.454835888486464,0.460681137600021,0.459114491871618,0.450374094689697,0.435023417162839,0.414385701565604,0.391052254477322,0.369497338210733,0.355667774589116,0.353920767878841,0.363213961021099,0.378058312238311,0.393186532198839,0.406060859106335,0.416705742348685,0.426543256955841,0.43712177211665,0.449143902687913,0.462120060333361,0.474876374841681,0.486172416139798,0.49509899604837,0.501414332885706,0.505499621304058,0.508191644388361,0.510542910748334
0.486401281089018,0.48946479500165,0.49454912860956,0.500171976463035,0.504568204432799,0.506405710804896,0.504949838386672,0.500072620311153,0.492279921398154,0.482649367004012,0.472793236685086,0.464676312621436,0.459884509698399,0.458480362653389,0.458423030302386,0.456754787298992,0.451114481961886,0.440580299547756,0.426381188896907,0.412940225469644,0.407857784147908,0.416438298634613,0.435479083974484,0.45790187048663,0.478685126985,0.495328577748296,0.506785157536008,0.51255434022106,0.512460620330513,0.506544455921216,0.495041760498404,0.47845083319389,0.457853699515558,0.435579037098787,0.41603606917846,0.404394216343695,0.400790682104387,0.399950536890581,0.399394072533445,0.401822869334843,0.407842556334281,0.412687059529349,0.412583706808598,0.406860011820813,0.396374799617822,0.382307146452222,0.366031026476456,0.35131837066188,0.348099373094465,0.36418862183484,0.391701960279549,0.420063131510159,0.444829006494056,0.465092607890177,0.481130528717428,0.49360444125405,0.503235902051152,0.51065988361743,0.516341283547088,0.520469498184635,0.523021650422353,0.523893405419528,0.522934320124484,0.520153117556285,0.515760689456719,0.510164526206976,0.504020084165164,0.498035224450687,0.492707044787219,0.488070324633173,0.483609876603115,0.478553085359692,0.47229317260937,0.464605940546121,0.455697025638365,0.445919064780706,0.435597365866479,0.425183984310164,0.415400410832116,0.406498947390833,0.397573748066032,0.387456404433127,0.375708333030749,0.364343430808094,0.361275419461766,0.374906529887775,0.40130885194028,0.430598225690706,0.45691727780597,0.478289333320348,0.494503223413137,0.506007845112695,0.513561400212242,0.518068723353991,0.520594927898324,0.52226793194109,0.524157841482826,0.52699845200586,0.530994904137631,0.535807532673853,0.540780666081044,0.545169478550901,0.548323547665911,0.549733220420208,0.549069132297038,0.54607197798701,0.540523522306615,0.532142144017984,0.520510401870367,0.505086415570948,0.485164489313041,0.459761345236579,0.42763364637224,0.38720833679464,0.337495294744812,0.286816758561452,0.283184104891043,0.334180415407469,0.388500343923771,0.4346427288916,0.473044606859223,0.505180476145852,0.532323533809946,0.555398845886968,0.575038272949554,0.591652989409119,0.605487654511354,0.616706041241227,0.625559429737556,0.6323525217034,0.63719014678306,0.640087856226793,0.640967708212702,0.63961324110905,0.635853202454616,0.629555290711798,0.620571142985421,0.608709448850054,0.593767260828192,0.575494681883651,0.553630370361891,0.527983623045551,0.498493782465773,0.465247694746126,0.429191286593971,0.393465018909528,0.364428174193174,0.349977475984279,0.352713085432956,0.36817662846791,0.390248270462553,0.413889083086162,0.435372508158558,0.45226377715399,0.463101541546877,0.467158521219625,0.464269092599753,0.454527663170822,0.438352965080083,0.416859987199425,0.392364022336082,0.369105794663012,0.353203943890856,0.34974312188447,0.357876459706239,0.37119384450899,0.383564509684716,0.392371481136716,0.398361319630076,0.404328990440646,0.413166944907159,0.425877142744541,0.441100636314664,0.456276215295564,0.469097333260896,0.478267009273059,0.48351205936343,0.485485348188876,0.485603461090769,0.485754842790303
0.455008191251047,0.458105427004125,0.465544069483889,0.474114169481287,0.480639509687577,0.483180787321455,0.480860737177531,0.473671864703683,0.462333351840644,0.448191793678053,0.433499978836248,0.421613508819618,0.416168420566006,0.418008955845549,0.422930930006571,0.425065491002357,0.420277127093675,0.406576454203465,0.3842239727154,0.358243015745834,0.344794347009724,0.360481181723556,0.393219641607875,0.426798060539264,0.455067074485977,0.476357179454101,0.490434619798821,0.497297358921591,0.497048632560348,0.489718029650643,0.475359646835198,0.45413686080946,0.426575348261761,0.394406432154079,0.363682378294069,0.348906513154456,0.352082828985304,0.355028433745903,0.351430586911132,0.354029293554687,0.368397538598383,0.378523157818442,0.378562465214316,0.369908753719419,0.355290211616993,0.336248422490548,0.312743451562898,0.285007129591468,0.273047040422258,0.309605413360563,0.358875952571224,0.40080702492541,0.434303168483688,0.460689430882039,0.481248336193704,0.497060600704181,0.508955336727018,0.517567105628019,0.523344509105288,0.52652145314217,0.527182383256525,0.525349144660352,0.52101623863573,0.514276457627188,0.505429563187577,0.495117356508906,0.484354742232627,0.474357950426829,0.466133606909748,0.459895997651629,0.454788254545581,0.449246359571501,0.441916425868666,0.432323598442283,0.421044734836908,0.408930044914131,0.396118320189963,0.382643523671227,0.3704399133571,0.361096281099965,0.352063609460644,0.34057483866239,0.324988324345606,0.302948369993123,0.289234359348256,0.315072307454426,0.361572074094079,0.404667658181413,0.439278255041611,0.465720684638648,0.485204488067696,0.499033919321053,0.508447716727394,0.514612718617506,0.518635550224813,0.521613638096748,0.52447602765356,0.527886277192789,0.532071510727494,0.536832674882816,0.541662240774272,0.545944146900223,0.549070867428524,0.550513159115706,0.549916193943015,0.546967519599147,0.541430112483217,0.533088248636702,0.521674768413196,0.506823422921319,0.488137639654479,0.465182463415043,0.43769134546834,0.406099853224146,0.373226730587057,0.348521820051002,0.347748509204875,0.372746458925979,0.408616624273653,0.444838290263105,0.477910552113222,0.507174643819052,0.532859793082722,0.55532759186307,0.574879825593344,0.591717827684779,0.605958163150911,0.617636738493969,0.626890069413925,0.6340028705837,0.63911728622084,0.642214475088677,0.643130057275495,0.64164995686109,0.637658468173223,0.63104705939785,0.62166987988771,0.609334172583947,0.593825003052916,0.574832166290943,0.552000192878823,0.524954044039245,0.493254180108432,0.45647602541812,0.414782203736694,0.370674021182638,0.33399364072542,0.323645415689084,0.341803312105712,0.370712454806365,0.399738240770427,0.425446879125288,0.446469951774891,0.461938607376257,0.471197263868154,0.473747947978776,0.469427212601983,0.458126589721712,0.439880694289891,0.415137984787164,0.385237275981891,0.353847925525202,0.329483503372135,0.323600233203924,0.33617676148821,0.353821111737137,0.366372511532607,0.371190339234775,0.370770011361145,0.371045768165097,0.378159247524658,0.39385227549674,0.414379536063032,0.434311817034578,0.450003923136356,0.459913527032226,0.463881421300474,0.462832159585362,0.458899875284331,0.455427640952681
0.416193293239232,0.420037582094286,0.432719916068627,0.446673103475222,0.456548343106087,0.460084022116985,0.456628998049094,0.446462758324535,0.430403491613081,0.409934168576084,0.387730178110056,0.368822760037266,0.362041645597181,0.371700988747864,0.387014994235386,0.39636049575964,0.394338848234502,0.378435422769974,0.346809161769784,0.299104968386341,0.25778236815852,0.296968804898262,0.354130774925914,0.401047889110709,0.436576376296358,0.461816892037294,0.477847618991915,0.485298756134328,0.48454727322687,0.475706736559626,0.458607905902204,0.432949860931494,0.398242114665087,0.354024433143161,0.301953659921335,0.279110945619563,0.305794748549653,0.317343951359018,0.304671493781721,0.300229889514971,0.335331069083734,0.349429855482333,0.345505533689733,0.329547369542767,0.308260452175271,0.283224732680765,0.253264565621398,0.212302259170029,0.145252706549646,0.261074093687262,0.334349832956909,0.386645256238632,0.426469461889285,0.457329208782429,0.481217211675407,0.499445970622056,0.512913978442897,0.522258770107399,0.527950720669107,0.530242380579441,0.529195962066079,0.524852502582685,0.517211973604309,0.506369578034769,0.492569608534448,0.476590947572071,0.459891686340802,0.444548086885012,0.43266145070557,0.425078695279768,0.420368162344262,0.415394189015994,0.407258580036673,0.395006049479966,0.380194663153764,0.365488419630091,0.350365911425365,0.331612698315189,0.31378613290611,0.306068240588275,0.298636214077907,0.285059743610867,0.27062671077832,0.235487883795262,0.173001344837638,0.249848365354051,0.329219660158845,0.385319597205374,0.425941454093404,0.455463310219099,0.476645892424068,0.491488088814103,0.501599770468902,0.50835587481837,0.512953561741522,0.516506705511753,0.519957419162742,0.523865025585367,0.528463706260661,0.533586184474164,0.53877011817754,0.543406071034188,0.546878880579605,0.548633917141998,0.54828793653569,0.545575034371203,0.540274654247092,0.532250625988633,0.521395930969019,0.507547964744222,0.490678170804744,0.470852093005241,0.448570238052381,0.425241906535836,0.403975148915429,0.390419926449282,0.390548439030952,0.405102140161612,0.428884173393243,0.456140792320127,0.483413117869374,0.50915939574743,0.532848351981628,0.554313153713752,0.573498334775639,0.590375910605851,0.60489880434851,0.616983631471217,0.626627225287432,0.634126006108973,0.639555142609965,0.642845187320962,0.643843377581921,0.642368764494906,0.638306720179837,0.631560949964302,0.621999730746025,0.609442564791827,0.593662436948661,0.57435436340352,0.551101007794783,0.523264478648162,0.489968527516429,0.45011108138829,0.402122291953006,0.344337206939016,0.282124895249184,0.272526316251289,0.322284355318666,0.36922647448468,0.406209883032452,0.434818568166709,0.456266799999032,0.471052892941481,0.479227376031765,0.480587862826361,0.474960492311106,0.462018829195136,0.44128837069018,0.412192414853247,0.37410194187825,0.327515740280342,0.281306982928275,0.269677275183608,0.299950337413684,0.330244239139124,0.345182172475724,0.344502274475749,0.33315488013084,0.322735411781329,0.327896569088799,0.351843364255958,0.383322117665691,0.411242760394606,0.431198187142462,0.442209084037534,0.444522583240051,0.439183425682787,0.428736194577273,0.418615429642297
0.36737335981715,0.374157559697577,0.398471326801627,0.420845758342977,0.434707022042234,0.438927424590189,0.433708781593987,0.419623495080256,0.3974541985614,0.368540083225635,0.335516160443388,0.303279587877551,0.291056412799194,0.321668480978672,0.355816141391433,0.375215010318898,0.377759599098272,0.362459123299259,0.326648872861942,0.263937219950722,0.166742095728899,0.252783970167504,0.331018206242493,0.386758387572252,0.426356230326606,0.453458664888318,0.470140643330673,0.477427522284419,0.475824021865914,0.465464860747265,0.446092813470701,0.416871586374032,0.376507708925925,0.323559568295791,0.26011519375603,0.236391165083364,0.276696993548118,0.300175723078527,0.299631807750568,0.302535596620547,0.325617065203657,0.331778431101157,0.316183797047592,0.283296724900057,0.252019312416868,0.218541038101851,0.180340906932376,0.158263637509557,0.182658633485935,0.25650786799737,0.325380757415707,0.379755740079124,0.422424255472758,0.455824967218815,0.481746780949707,0.501458290756785,0.515834311501223,0.52552449353397,0.530974173439166,0.532392162168144,0.529819490238518,0.523200022674561,0.512419465267108,0.497391008694184,0.478161579147366,0.455328649577354,0.430595765750113,0.407336580516376,0.390071803879909,0.381554090431038,0.379502094362842,0.377317836222512,0.369023320680156,0.352488912881602,0.330672202949013,0.313022013741687,0.300334843004513,0.273995943966865,0.234592529598676,0.240246274492645,0.239767227933963,0.205770406571136,0.213419054215694,0.18896814054496,0.124860170442163,0.234730712766723,0.319953927858207,0.377963710271331,0.41911877213091,0.448524352312207,0.469234748452528,0.483419942880299,0.492821477852453,0.498951766930869,0.503193235982673,0.506710839112119,0.51038946731463,0.514807035467522,0.520078175009032,0.525987808492751,0.532019505669902,0.537494251158461,0.541714088340647,0.544078930622075,0.54420035345178,0.541851199547,0.536895243593544,0.52931571371895,0.519097382021301,0.50632599007417,0.49125141322635,0.474306893582086,0.456394128363904,0.439090171495842,0.424782312482165,0.416594641358303,0.417170167302138,0.426841409524671,0.443538795915166,0.464311411146926,0.486758191532037,0.509323591709712,0.5311199221804,0.551614547993001,0.570463048796264,0.58740819833054,0.602231033221828,0.614734313439679,0.624833053648979,0.632782815973977,0.638560059207547,0.642048650457575,0.643206908882228,0.641849724884928,0.637861269549055,0.63116447723012,0.621634727211423,0.609118165971798,0.593442791715593,0.574346978683704,0.551348393431667,0.523716914739675,0.490412297262887,0.450066769469468,0.400298978395917,0.336395298233685,0.247510578058059,0.234746575338842,0.319110318440501,0.375239237763224,0.415489030076631,0.445045134123741,0.466307120251367,0.48037044035718,0.487630413027962,0.488080645835044,0.481514986645502,0.467435447331536,0.444985839962642,0.41274473255453,0.36804370900391,0.305399712526058,0.21253552607723,0.17264745526935,0.264172024675478,0.311424422239097,0.327339603234975,0.318054760217746,0.287176044658992,0.251566824219774,0.254209644992851,0.301422738683057,0.353270104837357,0.391567624497912,0.416039237684991,0.42799167926298,0.428355132372177,0.417806267329163,0.397808385844229,0.374618923006842
0.305654927461908,0.325488798708356,0.371620186119353,0.402214608073302,0.418419307753471,0.421942674663914,0.413827606113642,0.394698510064068,0.364972323393301,0.325215433948498,0.278793526897604,0.231264676160509,0.201199651404999,0.287488504159494,0.339589011088967,0.36666981718014,0.373779521192718,0.362280650992395,0.331342904040346,0.278929144499358,0.209489713252499,0.261329885896642,0.334564711460428,0.388016562798865,0.426244118024206,0.452285916696781,0.467947721722366,0.474169130555619,0.471408745362617,0.459686179725838,0.438472150749202,0.406757298085065,0.362879793864778,0.304345245339584,0.22934813145201,0.200393040887314,0.260984800794965,0.298840898441885,0.316620240639255,0.326994377249227,0.334262088201891,0.328067351396965,0.298662576691494,0.234763823867563,0.182508213822457,0.191294031260637,0.162643687916752,0.0862183613120484,0.189443733851479,0.258979504400495,0.323937093556619,0.378392886456443,0.422001908796928,0.456429148170042,0.483222572391475,0.503552058667959,0.518275636791036,0.527993600414619,0.533083247510138,0.533690602076245,0.529802252146415,0.521249447662263,0.507714165097688,0.488781844242256,0.464014708731838,0.433316193380245,0.397717319398136,0.361524603596057,0.334402247300758,0.325337840379482,0.331256439534646,0.336484684558082,0.329148078228807,0.306339731632629,0.268500923495211,0.242763165262411,0.254838813271949,0.235598134238001,0.135930531359119,0.191199308373494,0.201808808506424,0.137256108989886,0.177024330172515,0.12881823232729,0.18754749710434,0.267720606218279,0.333085651229176,0.382361406425307,0.4187042934339,0.444800787697799,0.462804767207955,0.474539034590163,0.481713912356978,0.485980506383165,0.488894940875745,0.491732277892951,0.495381832433952,0.500344425025504,0.506670229995173,0.513927348770314,0.521407268478642,0.528251037162396,0.533643537469768,0.53693075332386,0.537701433270858,0.535790515229086,0.531170715120489,0.523930607040663,0.514213881925224,0.502263519047305,0.488513969953165,0.473646339734079,0.45873608054264,0.445283864662511,0.435027318840305,0.429706802909426,0.4305633671886,0.437714123494608,0.450286047914809,0.466826063437328,0.485840802577614,0.506075572490066,0.526551285689553,0.546500637608276,0.565330793304342,0.582572185550997,0.597853542238744,0.610914713237346,0.621580042426188,0.629992816460899,0.63613145814109,0.639921672990356,0.641303980104583,0.640159772437653,0.636360814661383,0.629861426833469,0.620576878324256,0.608399246828202,0.593253170261903,0.574887809831317,0.552892859525301,0.526633933485826,0.495368549162699,0.458190660734048,0.414092118213937,0.363038184628486,0.314483389723559,0.309601403561126,0.35104522685603,0.395114404743415,0.430798593004203,0.457991974797198,0.477678765246127,0.490531606944057,0.496835287775821,0.496627291596612,0.489652462802271,0.475385532857122,0.452932516457471,0.420884961781213,0.376750061568054,0.316082146995026,0.234154622137547,0.203726470042457,0.271204271057659,0.311944213804887,0.322119606098327,0.303202853471453,0.249619670883504,0.134836387795581,0.138497091399309,0.265000719815603,0.336510541835069,0.381367279380213,0.408155448613415,0.420262424032267,0.418966240037868,0.404231720652992,0.37485330156674,0.32959180697672
0.306846737471488,0.324410937040625,0.368093290058529,0.396735112484402,0.410659563126486,0.411135339554964,0.398746533363559,0.373503256950836,0.335108947587772,0.282769940351002,0.214226482894131,0.200254536511887,0.235950106602441,0.297957799556462,0.345074795023266,0.372532988327965,0.382404136860682,0.376312242030376,0.355594795807609,0.32371815512889,0.29710882942542,0.317010179514865,0.362576485411839,0.4038561206067,0.435723147165383,0.457978924482031,0.471146762717213,0.4755841730948,0.471404398789237,0.458347884463148,0.435823541362697,0.402781889956219,0.357353352916175,0.296141394445931,0.211962883333846,0.169135775498468,0.252491539198527,0.301412357920137,0.329465864024778,0.344165110350256,0.347793230973778,0.336925252695454,0.305793243133663,0.249315382765312,0.190129059920727,0.188127598302928,0.153148596833784,0.150392626617722,0.137452052543365,0.248901689310734,0.324939472895441,0.381127189767334,0.424829528195077,0.459111100489327,0.485766597528455,0.506003371212686,0.520612114800321,0.530103105821959,0.534777255610881,0.534708833000449,0.529820642846163,0.51983089339082,0.5042583333729,0.482303192431523,0.452914455881888,0.414742692395013,0.366277501915781,0.308336731421861,0.25822828702198,0.247695664525722,0.277505358296502,0.297751211128496,0.290469613757102,0.261279962063501,0.211948311366555,0.153890987150659,0.237474337112855,0.245847962054087,0.217845190901567,0.194590328734343,0.162518592065342,0.207462573082739,0.216821316491349,0.206006562835394,0.255367471937335,0.309165859807739,0.355767962016171,0.393613948900113,0.422534787930545,0.443207321742372,0.456699355098404,0.464362447801564,0.467804396941625,0.468857686134754,0.469366856652008,0.470839721808875,0.474237719672547,0.479942282536425,0.487847651809694,0.497252773203,0.506994245629586,0.515878517762792,0.522912384686174,0.527387211399399,0.528912770412353,0.527429821753895,0.523012504134105,0.515854494213896,0.506272250471158,0.494630284401157,0.4814463551881,0.467546233558351,0.454143915992716,0.442768271536245,0.434800209034793,0.431176964666175,0.432291796305803,0.438073431990067,0.448221816349711,0.462191169482312,0.479170269869887,0.498187645679947,0.518238768841613,0.538364046066285,0.557725827994576,0.575667620131025,0.591724216915877,0.605558798952879,0.616898387395547,0.625791868013557,0.632342626171416,0.636509252303557,0.638190891183042,0.637329612034279,0.633810853676427,0.627625959599531,0.618754129651548,0.607218823482551,0.592942643908833,0.575758857088108,0.555417326475854,0.531584790801066,0.503970392283514,0.472476072600605,0.437829928523794,0.403215350971148,0.377766099810623,0.375055491504289,0.39510977026406,0.423729960144624,0.451066341777708,0.473627347017651,0.490554631709856,0.501696830619469,0.506976474751617,0.506337867872778,0.499521203218346,0.48611409818188,0.465528352389255,0.437083263249459,0.400239245294189,0.356075775163814,0.313706927916577,0.298910568956049,0.316222592354376,0.333889714555016,0.334309375510351,0.311023223483529,0.257049117145701,0.15582512381001,0.202720491325549,0.282430158121021,0.343133989346718,0.384474911139693,0.409641680644583,0.420823605987252,0.418926255186145,0.403806279347975,0.374310362580801,0.329650261300396
0.363677005119878,0.367542859359114,0.387461750313311,0.404719132583201,0.41218524598369,0.40777435966835,0.390360947652802,0.35855095955098,0.310769612677361,0.247477579287614,0.189393542001309,0.229497508045048,0.282314859187895,0.328567822651329,0.365390482088522,0.38947285291886,0.400507605832141,0.39960360121826,0.38911026667536,0.37423052322631,0.365966668506305,0.376245570002398,0.401158588444258,0.428697070401462,0.45215670767131,0.469179237769234,0.479013609391846,0.481188663914801,0.475372205016003,0.46118338675577,0.437978643813278,0.404650125346047,0.359394203189442,0.299329929632083,0.222579209977584,0.183967310136915,0.248454036667334,0.303826509706102,0.338907377131559,0.357789662944861,0.362866299559768,0.353989285940515,0.330258691535585,0.293310788755752,0.251283981001953,0.21753438036095,0.165539139470393,0.155217810892199,0.183376754152196,0.264372577760793,0.335354725644707,0.389069641512632,0.430869233602297,0.463721885694619,0.489360923770302,0.508895932420822,0.522995691163569,0.532071560716335,0.536339537429686,0.535808052215835,0.530351739235926,0.519623464831919,0.50304193832118,0.47964427122612,0.447998091990949,0.405836708631154,0.34898124210796,0.267943645466733,0.141543482994843,0.143199989127177,0.24364443194636,0.274405757429592,0.257579665694308,0.204452899400614,0.202280819039906,0.228623845288621,0.261944585524124,0.269789693289478,0.244769477656245,0.176470330200208,0.168121220319997,0.237185690201688,0.267735396789252,0.284833045127089,0.312452491848823,0.346714379705734,0.379277376956954,0.406829256376348,0.427992175474508,0.442365624450013,0.450234210653613,0.452471987945849,0.45060126450833,0.446830782262408,0.44363277455322,0.442993857631436,0.445949389867806,0.452792503807268,0.463154824291907,0.475850220817575,0.489009038471793,0.500805111422774,0.50997936412428,0.515825555506634,0.518086214370035,0.516873106494856,0.512371967671213,0.504935974907766,0.494976557142547,0.482932319694209,0.46936152822815,0.455110665998803,0.441630965561243,0.430801908346863,0.424054917217091,0.421693270480906,0.423207591880202,0.428190003945,0.436810777877006,0.449371292137863,0.465620761122881,0.484738709231242,0.505544747256672,0.526801458218349,0.547438461229769,0.566650369408802,0.583873487291984,0.598693060214766,0.610803794781511,0.62028914367821,0.627297062539217,0.631847212825798,0.633878830571364,0.633345759009616,0.63016319897327,0.624375417258476,0.616093234287736,0.605348603359589,0.592154972215481,0.576492702196741,0.558259987874529,0.537456550782471,0.514210676538009,0.489029438633639,0.46337522310788,0.440486237293017,0.425642393603182,0.423934202382711,0.43507803673861,0.45338496589877,0.473030766369567,0.490555997139602,0.504302125284108,0.513511138855637,0.517787836508827,0.516957199279503,0.510800565217933,0.499046181147128,0.481516469765132,0.45831824587853,0.430328097022371,0.400447161868958,0.375360772936579,0.363434266182125,0.364320921144736,0.366938180339666,0.360699148958185,0.339976580057578,0.304168675194193,0.268886633016225,0.281750091183665,0.325476817552185,0.367146414111078,0.399091133187229,0.419777486033799,0.429281693033191,0.427933207175046,0.416155458680136,0.395345458849772,0.371522766098645
0.40710712301331,0.406990588383142,0.414088415311604,0.420867692376048,0.421386774402236,0.412199497662164,0.390829890535442,0.354331487455386,0.298094482112921,0.220645713744281,0.207826126454626,0.270123910863798,0.321145205436257,0.360941323888544,0.391446394472996,0.412436582233055,0.423959824378036,0.426999438661121,0.423856091344186,0.418627177242535,0.417230093937063,0.424276157384871,0.438909937166356,0.456362371812446,0.47231479808754,0.484084739242873,0.490280385230843,0.490003372503426,0.482686145301631,0.467800457873155,0.444634978067654,0.412093206112655,0.368388869671207,0.310349872048792,0.231659533022462,0.15906223625273,0.24177569518918,0.308246125513726,0.348855039477673,0.371182531026799,0.379072990231339,0.37424756472095,0.357877864968989,0.331973117800059,0.299285691972499,0.257679817827965,0.185622217048541,0.103204736982175,0.229157130819369,0.298690747822391,0.355636026836524,0.402217368106519,0.439784969198892,0.46990654250382,0.49374666213134,0.512066145868793,0.525355591062158,0.533910708486189,0.537855559120724,0.537151607456638,0.53163796129848,0.52097947426507,0.504640720583555,0.481741322591724,0.45106845095525,0.410850474626719,0.358522143029469,0.291853739760135,0.227664266394646,0.231630640441114,0.268343774948498,0.282135595833931,0.25669221741318,0.181520967595688,0.217027244693525,0.269359981109799,0.293212868062386,0.294804681741747,0.270493011052905,0.217009923571146,0.214921290163634,0.271439336218889,0.306030356315915,0.32936968129508,0.352104567479894,0.376273496320268,0.399346249151504,0.418842195502102,0.43314525103157,0.441341109758153,0.443104551644437,0.438823573314906,0.429876252056071,0.419074154194358,0.410347348546364,0.406759119048077,0.409219762071233,0.417760669046485,0.432042264987576,0.449948294637611,0.468120968712796,0.483820564452594,0.495567181421199,0.50282544444738,0.505630579046332,0.504313177757402,0.499279805057691,0.491056352894781,0.48014707738918,0.46696945747875,0.451943433311413,0.435822203872193,0.420366874363775,0.408447022261383,0.402341651528023,0.401594511175524,0.403920844240918,0.408187212408001,0.415415707184656,0.427272437482337,0.444181578567009,0.465040404440962,0.48812052820034,0.511726150481027,0.534545110774981,0.55566053372336,0.574422516620899,0.5904071860166,0.603429524072839,0.613603682403299,0.621091712004415,0.626003930149544,0.628349955930156,0.628150788802957,0.62532857370197,0.620017754328566,0.612370994327847,0.602472243838618,0.590467834165068,0.576444536342351,0.560504809524259,0.542872624419961,0.523961177778846,0.504522119291764,0.486002444772865,0.470749249698244,0.461594581038944,0.460665272731052,0.467667823001254,0.479872243082805,0.493875536178275,0.507090026566951,0.517882596162213,0.525287421984209,0.528732968713537,0.527956324599824,0.522784964026218,0.513058850854302,0.498909477457015,0.4808914913829,0.460259449284016,0.439522333082157,0.422342276139053,0.411647940826172,0.406611048384737,0.402466843070399,0.393964788616939,0.378568113476964,0.358730719827401,0.34496388989942,0.350422939501379,0.372206988680105,0.398028596962758,0.420285653972368,0.435757659815305,0.44334798514931,0.443004039331424,0.435520911940206,0.423177944282395,0.410929355676177
0.440403246999487,0.438716033952211,0.439803093332555,0.440114643666813,0.435807155631104,0.423822490794821,0.401664586789721,0.366798661864195,0.316360514120213,0.256487682939119,0.269259703367784,0.317486979459897,0.359540971178737,0.393289854819991,0.419287644117676,0.437883995096379,0.449464168281489,0.454971127960749,0.456260513828808,0.45608524570766,0.457611099910127,0.463030363344,0.472270015889653,0.483309564014777,0.49352288109551,0.500734226986239,0.503571015058707,0.501088532768011,0.492625042624164,0.477587575805255,0.455308027622967,0.424896388771105,0.384968691566169,0.333176589790703,0.265451117167184,0.196082847203697,0.262701485645704,0.324606424756856,0.363977000821136,0.386772661452024,0.396466900919712,0.395048197817826,0.384006107138417,0.364662302960309,0.337518538302738,0.300326119773252,0.25081945173222,0.234503974329278,0.283089249791656,0.335312722064918,0.380258202763845,0.418490924115499,0.450542513369166,0.47699921185908,0.498399292792502,0.515141127903827,0.527452092378883,0.535471849763542,0.53924849642993,0.538692098454814,0.533653389231857,0.523869986066774,0.508926995239602,0.488237945201924,0.461208663300539,0.42739768022935,0.387344843619987,0.345310403840454,0.314296280919408,0.307897707868786,0.315432223233728,0.315830887873333,0.299499818680894,0.277851009132621,0.285085183880125,0.308275846117726,0.321639348386687,0.320253685075116,0.304811372266214,0.284693417815322,0.285370545007258,0.309460953762656,0.335291596109536,0.357341576199996,0.377546714501523,0.396822053855628,0.414212330864274,0.428114260558774,0.437052044699469,0.439870615648436,0.435757751213481,0.424350687638439,0.406359572598356,0.385040699650899,0.367625497371652,0.360313368364766,0.362577652220344,0.373416993128581,0.394095642646928,0.420662131422742,0.44598120999815,0.466349191791523,0.480727303728551,0.48914719711709,0.49204077508627,0.490052107343643,0.48383483761713,0.474139373534754,0.461637472949079,0.446720357307111,0.429400376005418,0.409850981760898,0.389727949838243,0.374051438272225,0.368608026926803,0.371473269425697,0.375537340374194,0.378219814849973,0.382864080270276,0.39429476691367,0.413718846393893,0.438652743955964,0.466010330437129,0.493481025509301,0.519496594159956,0.543063838910066,0.563638889052794,0.580978590554679,0.594989725130618,0.605869999874002,0.61381294237634,0.619029370348208,0.621613646274434,0.621652248270454,0.619210542581419,0.614368249386199,0.607295395711417,0.598220777863301,0.587371929978635,0.574928651034279,0.561197981244206,0.546562251094696,0.53153286984195,0.516871450376673,0.50373759221306,0.49363252459437,0.488046156138929,0.487909425964289,0.492941750938481,0.501626676399498,0.511891159334262,0.521897150106811,0.530329765335358,0.536272624897087,0.539135925154999,0.538614210994746,0.534568656313005,0.526914694421784,0.515921407553115,0.502242424114577,0.487059376538096,0.47206614986529,0.459168243220527,0.44954039928213,0.442581921668253,0.436071594039702,0.427700788053987,0.416796375985287,0.405535759749126,0.399017056821018,0.401864739592937,0.413412184625749,0.428818464289536,0.44340355366638,0.454260842197501,0.460040028142187,0.46050390161121,0.45638821391971,0.449500526199049,0.442749481869295
0.466210403858237,0.4639933429102,0.462462158260357,0.459631711031609,0.453152591108903,0.440940757628381,0.421529333023197,0.394506200993184,0.362597027057469,0.33862898117519,0.343166348475076,0.369323068402731,0.399202179343086,0.425895888158586,0.447569110531234,0.463854306473021,0.474969362552278,0.481726060120779,0.485417218731838,0.48772312786409,0.490470247538524,0.494893885601436,0.501066278458674,0.507933163523235,0.513935909006473,0.517592718909799,0.517746466265928,0.513540380181991,0.504372291028273,0.489740116404195,0.469181332220808,0.442231373770475,0.408545153585086,0.368465561163849,0.326316533218051,0.30239260945912,0.320964455962416,0.356390798115529,0.385974823425857,0.405395903149469,0.414924907150641,0.415511146509785,0.408219079654432,0.394017482759011,0.373696383587607,0.348642381381448,0.325308626387624,0.320676421729639,0.341511356276888,0.373411032394965,0.405859112521422,0.435568158158591,0.461677718499341,0.484006504153272,0.502604783356764,0.51754086193358,0.528822210357977,0.536415153520416,0.540227671207469,0.540170890469808,0.536101234569176,0.527827675184389,0.515091443308542,0.497646310314549,0.475494345512359,0.449175505153874,0.420450038007312,0.393244930921217,0.373455963448944,0.364359906781432,0.361527243838078,0.357041915829596,0.347593158625131,0.338531916180275,0.338115518110785,0.343648335786937,0.346098729322478,0.341154826850944,0.33024772984479,0.320469649818916,0.321411581997129,0.334620668626298,0.353445429050218,0.373037507388799,0.391809459597485,0.408983200093426,0.423527658590333,0.434137343566933,0.439502902079854,0.438376945229768,0.429518211028947,0.411616471449752,0.383581010572536,0.346309285451747,0.31279261139946,0.3019854171468,0.305808862104699,0.318134539836675,0.350506072330163,0.391821620466658,0.425893130814792,0.450619401676005,0.466847867312538,0.475627090048555,0.477851367162549,0.474406398928869,0.466155572846312,0.454091219841726,0.439212038302925,0.422158323571634,0.402619661107462,0.379044541794748,0.35054496042337,0.324464815864199,0.321090074710349,0.334104811846727,0.341357241859427,0.339070015365518,0.33660936726593,0.347516503644813,0.373049381234318,0.405650009132972,0.439971584480231,0.473006675785651,0.503107938800826,0.529541566255913,0.552097844447357,0.57079829597305,0.585748211246391,0.597246783321038,0.605552267288431,0.610951490249868,0.613651080237008,0.613832333777968,0.61164425557001,0.607165828825575,0.600581258433171,0.592189307606358,0.582294971637392,0.571261185642251,0.559506347347462,0.547493884747181,0.535735650164725,0.524931572314225,0.515889952842026,0.509489989920429,0.506494173535117,0.507247482866631,0.511481531853606,0.518242181393729,0.526200175790103,0.534098515966294,0.540892360036078,0.545813212545355,0.548328553202958,0.548171486638574,0.545297021137459,0.539608421516933,0.531317909376893,0.521079416895279,0.509791775417185,0.498550240080293,0.488387081890105,0.479827989410531,0.472571488851005,0.465655111967379,0.458179880307389,0.450200393122711,0.443129024571191,0.439342550183372,0.440702186477398,0.446978046268297,0.45601735334396,0.465195532411154,0.472466230444773,0.476682453754241,0.477562490142406,0.475566854356039,0.471822404482465,0.467846796909623
0.486027589679612,0.483935539652252,0.481635989520452,0.477921817661161,0.471398086649186,0.460935732139584,0.446136726743228,0.42796729750478,0.410012791767704,0.399380923308856,0.402531648488623,0.417664902694998,0.437793353110846,0.457847260729515,0.475284732226752,0.489148328655854,0.49940703410932,0.506504145604204,0.511248562136715,0.514676341694614,0.517864568519559,0.521493247765403,0.525589232446241,0.529586452616362,0.532607790566662,0.533663270854898,0.531857817507377,0.526455549865843,0.517025236153219,0.503241566922953,0.484923123638216,0.462139622282795,0.435469468188705,0.406889279985479,0.38160088873883,0.369086045095889,0.375271467753744,0.393023504364398,0.411741866155505,0.425894722687713,0.433726649664381,0.435074606629342,0.430445549034975,0.420637572419443,0.406884129315109,0.39161257921616,0.379756294654067,0.377979430923188,0.388644923804175,0.407559004470362,0.429470652705825,0.451273643781169,0.471557957989856,0.489705780591208,0.505427130620797,0.518542453158572,0.52885909201543,0.536190988120536,0.540350022842589,0.541152146926109,0.53843982341366,0.53209152342733,0.521977374276497,0.508117055656887,0.490876165855153,0.471126765280293,0.45051730750929,0.431576824063514,0.416897779316482,0.40730942114743,0.400877434094134,0.394529540467048,0.386946245125021,0.379635532369334,0.374483904639626,0.370284888792606,0.363660132818982,0.352763914036174,0.339583208574502,0.330046024070458,0.330141926355758,0.340489984183384,0.357389635706588,0.376939261997828,0.396333857459639,0.413669539894046,0.427612578259296,0.437005773251448,0.440721595780224,0.437584572511937,0.426168671193407,0.404626096579213,0.370189811793645,0.318000303893437,0.248245125887611,0.23346024655002,0.248731673861222,0.258491678160545,0.316192600818323,0.373508735869155,0.412764933467565,0.439121781328134,0.455319530502023,0.463070587683022,0.463545677255755,0.457685493745105,0.446355688394998,0.43067291569261,0.412227089219822,0.392863402022787,0.372859163257314,0.348407461938809,0.311721937719851,0.256663557873624,0.262741933732721,0.300790160338411,0.310184657342565,0.294767740282494,0.270550765288251,0.281491526176035,0.322017412213242,0.367496456683918,0.411939674629568,0.452071022446159,0.486780721362424,0.516135289100607,0.540523740564102,0.560363349440174,0.576010202320748,0.587910745704389,0.596408617207345,0.601808532931099,0.604458766022154,0.604629837456526,0.602482981812743,0.598152687123729,0.591892310531553,0.583921266803612,0.574715692819046,0.56480557736689,0.554684998158109,0.544824204836588,0.535770580312834,0.528073690465906,0.52225120464191,0.518739090302598,0.517857147603902,0.519655853409278,0.523828533507747,0.529725345027182,0.536459090399281,0.543143345055869,0.548973658818043,0.553318920116357,0.555773782178927,0.556150464170345,0.554366784591607,0.550375715061827,0.544341556014837,0.536746472704709,0.528256673143804,0.519591331161437,0.511328817681762,0.503779547563184,0.496889398836566,0.490314839127524,0.483775693497345,0.477519619710653,0.472411194876556,0.469605582120959,0.469880985583192,0.473097679411531,0.478194531328087,0.483711781745573,0.48835936210704,0.491305810161311,0.492273066243339,0.491485515041269,0.489541685808963,0.487171472071883
0.500619019114431,0.499147087409496,0.497181063103007,0.494001046723942,0.488802421114194,0.481107076748106,0.47110297833373,0.460023597414758,0.450462977052423,0.445948308188867,0.448957691840578,0.458886044482889,0.472783342524723,0.487637910167547,0.501382484461804,0.512976115791278,0.522136426957205,0.529014154293211,0.534024482107002,0.537772808848155,0.540866799625128,0.543653308781829,0.54618233640588,0.548179128237459,0.549104590370398,0.548298089635027,0.545118041731781,0.538978052239872,0.529610647826522,0.5169042012578,0.500926915128156,0.482101301248301,0.461466869898853,0.441082943607893,0.424519499046736,0.416010847093314,0.417393628023082,0.425949542998437,0.436775895470114,0.446028627441337,0.451695308016318,0.453066477164182,0.450250091636475,0.443846898822742,0.435030964828358,0.425809809538147,0.419149877632447,0.418063775756818,0.423668274935624,0.4346516440974,0.44866733499176,0.463731458988019,0.478670182919736,0.492835112381419,0.505829182847676,0.517292811631867,0.52686862312636,0.534231540258983,0.539051020185179,0.541050964517462,0.540015118932019,0.535826516168258,0.528458798716386,0.518084607672513,0.505183807572596,0.490574697732234,0.475497941201562,0.461454796336207,0.449662075062205,0.440363817013683,0.432615888281679,0.425149207210703,0.417173287799777,0.408645864992109,0.399440203108477,0.388391519453988,0.373554213455883,0.353840510406134,0.331555867714588,0.315125557277908,0.313756736067261,0.325681688204961,0.34554397302209,0.369094977607132,0.39210414601266,0.411872690018793,0.42711835231822,0.437066885650529,0.440983464598703,0.437943821977057,0.426795850850589,0.406082433257903,0.373934074550387,0.328976404309043,0.276653557441995,0.220493661699462,0.24669624420222,0.286902176368549,0.330158966606076,0.375521936030008,0.409963858378633,0.433261569260915,0.446864811593947,0.451973779384171,0.449509178611274,0.44022895161088,0.424693242944983,0.403726194774556,0.379420861309231,0.356631656314952,0.339825464864351,0.324188196037749,0.29776816484431,0.255739635013838,0.262477475762824,0.294391623890265,0.296846109048058,0.264361690072429,0.180421039306697,0.19970096502721,0.264333002184458,0.328347903430335,0.386059846315669,0.43369533627946,0.472507032344259,0.504089236613462,0.529680482525123,0.550143198567484,0.566074402447317,0.578016993765219,0.586435834122622,0.591631797109363,0.594051342697924,0.593964071068956,0.591597727507059,0.587127441689576,0.580822968682584,0.572993895763694,0.564159502476237,0.554965858433387,0.546018891064458,0.537862066887973,0.531018511280775,0.525902806395052,0.52276488136502,0.521705666564308,0.522743328890057,0.525749392782288,0.530414325540933,0.53622592190729,0.54252779207298,0.548697464922114,0.55415184371531,0.558395678296513,0.561113100688715,0.56212087517103,0.561355194238259,0.558803864058589,0.554538799882517,0.548934745606658,0.542458960791093,0.535594973639803,0.528742573223342,0.522132178178614,0.51581702495587,0.509750625996343,0.503925069565986,0.498602542540024,0.49432229154102,0.491690093235268,0.491059892850934,0.49229933606143,0.494836061806071,0.497869302720458,0.500630693618993,0.502567178414994,0.503437714625612,0.503326674935306,0.502500692841242,0.501290259281927
0.510281955125831,0.509836017832415,0.508922219710435,0.507113929035555,0.503997284738605,0.499382771505154,0.493625364853189,0.487746005377189,0.483361562329311,0.482239534435468,0.485470402281673,0.492826601579507,0.502925730650479,0.514171586190564,0.525106675716204,0.534768665047553,0.542763843895172,0.549042506902842,0.553810110093208,0.557338797845427,0.559955917769428,0.561900455437716,0.563226386098627,0.56376869794075,0.563185679799494,0.561040357322019,0.556887842544754,0.55032347206345,0.541182409601065,0.529528982100409,0.515618935065902,0.500005948720272,0.483747560982343,0.468509247519007,0.456450629051603,0.449582282985924,0.448602208287598,0.4522499610638,0.45804265234893,0.463625924382228,0.467394724672783,0.468529293669503,0.466906606081495,0.462898652022066,0.457361267407402,0.451595681827118,0.447302589732482,0.445987614633901,0.44832952178354,0.454015005189656,0.462079446488368,0.47152701685964,0.481713054623729,0.492241061012785,0.502768383748859,0.512895688883228,0.522123335390623,0.529924107565946,0.535780608976886,0.539284617122833,0.54017067997406,0.538303694203763,0.533662510513938,0.526471173596886,0.517191431667788,0.506505910044918,0.495271092484568,0.484370422245355,0.474440729998741,0.465563681868496,0.457278678238925,0.448922873119687,0.439820372993195,0.429377213995253,0.416718451761035,0.400369917069269,0.37817970025058,0.347821345790067,0.308571893115324,0.272325043961131,0.271206028548408,0.289151384082345,0.317235635920109,0.350638670404898,0.380753291659523,0.404894672657545,0.422863083770817,0.434736568243206,0.440344020315197,0.439238406001816,0.430827496359455,0.414529187260737,0.390191364728487,0.359226406237779,0.326589973220031,0.30369638989167,0.309061010267488,0.333000755797768,0.361914511481525,0.391234582916289,0.415569748409772,0.432380861097297,0.441205584981273,0.442258608933691,0.435886231174855,0.422461370742395,0.402038210087271,0.374320722928069,0.339923027651957,0.307512377899199,0.298909360641629,0.306300725548457,0.307025048250024,0.301951299863551,0.306079237538296,0.314458163663868,0.308197370919844,0.277537297991787,0.223543572683099,0.179297510178884,0.200812252719503,0.301181707824996,0.370241924545073,0.421956205147037,0.462364692137302,0.494512331321039,0.520172711726604,0.540467192045801,0.556111287087081,0.56766621912249,0.575654433938732,0.580446722678772,0.582392599387128,0.581791788117992,0.578889305009689,0.573884975344271,0.567110807971943,0.558999788247052,0.550121067346698,0.541152335987982,0.532845641562469,0.525934547945779,0.520926002650775,0.518066895253343,0.517365831364449,0.518617036607429,0.521570613047935,0.526002824361381,0.531573816850802,0.537859931774913,0.544369448177257,0.550625948862775,0.556230131862676,0.560790552093554,0.563995407854922,0.565707965729243,0.565894583599734,0.564564578046812,0.561709948637,0.557585002917055,0.552544404184475,0.546966929698716,0.541162472542403,0.535328485627352,0.529556379823307,0.523914476154977,0.518514845545025,0.513602029919209,0.509535872404975,0.506667625691119,0.505184168650482,0.504995701146653,0.505766322868575,0.50705810900445,0.508432012769559,0.509557645386915,0.510267820233794,0.510568244337066,0.510585685516677,0.51042231199196
0.515022172158803,0.51595531251917,0.516606222498838,0.516702602846292,0.516018352436942,0.514464221741682,0.512317833624704,0.510295129992096,0.509360239288979,0.510445546376678,0.514095960804998,0.520210522077075,0.528182995378014,0.537114508652773,0.545981188934822,0.554003023254206,0.560808561413418,0.566281257904563,0.570445789958388,0.573421736082225,0.575416778520767,0.576577877292726,0.576929510510796,0.576361674944279,0.574649785240987,0.57150721847534,0.566629696581561,0.559769940118489,0.550866242323423,0.540053292696393,0.527695232514911,0.514378789089668,0.500981444852906,0.488725280197978,0.478969006432235,0.472756098872183,0.470417014656238,0.471295399038216,0.474008123433709,0.477125707639266,0.479501335082967,0.480399129043915,0.479579929971747,0.477197456823193,0.473721527808573,0.469873439787996,0.466567242288531,0.46457687925531,0.464376953322238,0.466012931263713,0.469257601369093,0.473845776422129,0.479728437055392,0.486931266919388,0.495358883581971,0.504621932961013,0.514038091843227,0.522811237912805,0.530173522396308,0.535558156475929,0.538593777749999,0.539113208295839,0.537097061624659,0.532741464064058,0.526435517987542,0.51871484210737,0.510180233358212,0.501389259853933,0.492708912728233,0.484180325416235,0.475590236044607,0.466523978159184,0.456316616521628,0.444157176349422,0.428966173043851,0.409122044704971,0.382143201739726,0.344315464410162,0.289071752684943,0.199431652485759,0.216161055909995,0.227212418956323,0.273957655138586,0.326128957133793,0.365305232429146,0.394373709433206,0.415653320938742,0.430265275645358,0.438595046718263,0.440674993817748,0.436457256160376,0.426083849123991,0.410323223924995,0.391259633735242,0.373062378025682,0.362107580683645,0.363646557098701,0.375691777238579,0.392690741028322,0.410269249186431,0.424939258971184,0.434362922951543,0.437345340990104,0.43340082675045,0.422455164646204,0.404628432124152,0.379765200959103,0.346628156899362,0.300925642370631,0.236752623357215,0.248703366622457,0.295722798973858,0.320170873014835,0.331869176101186,0.338632428558619,0.340722771018795,0.332980907962909,0.3120401672982,0.2797661532959,0.241749955093423,0.247377030502523,0.31304444217475,0.372385890891397,0.419681893082503,0.457474067387828,0.487843726289217,0.51216696266942,0.531377441947769,0.546103707983084,0.556820970085248,0.564081858699652,0.568198709683139,0.569437265115251,0.568042317490369,0.564262084407256,0.558310184112457,0.550603442257516,0.541633432307059,0.532084387420145,0.522710562701855,0.51446948756134,0.508322294078305,0.504870491889084,0.504185493406507,0.505932895458537,0.509599981137298,0.514667288588495,0.520782287274199,0.527607856386767,0.534812953284441,0.542029340797001,0.548898732516807,0.55508656600249,0.560228653753458,0.564101731827904,0.566604840059929,0.567695707126996,0.567405191828111,0.565691186217882,0.562740149765744,0.55880385816925,0.554162083886054,0.549070704103227,0.543735337938138,0.53829697705868,0.532866635875223,0.527594804721467,0.522708421808482,0.518479043389954,0.515136408694508,0.512803600703383,0.511449231506319,0.510895267838622,0.510880910795272,0.511176304464178,0.511626322351265,0.512161928390733,0.512790360761922,0.513587898734422,0.514531805998644
0.514652136345516,0.517320448521444,0.519972464248041,0.522357261885511,0.524281926899711,0.525672007041682,0.526656238320337,0.527676366902875,0.529327175159008,0.532123892759968,0.53634839892265,0.542031834195362,0.548822418556153,0.556206823057072,0.563525484541612,0.570181638618907,0.575865009681824,0.580448224343297,0.583859231367593,0.586167275551378,0.587491848479607,0.587908066949853,0.58741757706236,0.585939325466662,0.583319260261604,0.579370870982342,0.573884998181986,0.566734679457291,0.557947401261418,0.547678486672703,0.536298475637164,0.524375602833807,0.512632074813766,0.50192219134696,0.493168933056334,0.487074294218223,0.483821879489618,0.483043994564829,0.483926687681279,0.485540124794607,0.487070703992577,0.487884022558421,0.48767155077978,0.486401130087503,0.484210407372021,0.481383781841441,0.478339477007779,0.475465161599405,0.473008899866843,0.471144150032847,0.470056155439138,0.470059645691743,0.471744599555635,0.475801771425355,0.482562930975639,0.491656018531704,0.502069463317421,0.512572333955661,0.522040430252054,0.529680099469466,0.535054650034406,0.5379647917158,0.538370244739993,0.536468185215329,0.532590260102929,0.527138865688219,0.520544595530327,0.513184727370325,0.505315389383142,0.497013646654138,0.488202980031149,0.478596607928584,0.467600160762407,0.454406895788833,0.437958131188922,0.416765788231317,0.388801525468357,0.351377275069683,0.302003204085705,0.247642352713072,0.211109425897246,0.166554432371258,0.242954617885392,0.305324065073988,0.349072877777267,0.381526273576799,0.405893059273061,0.423603058196419,0.435285629352336,0.441246359444324,0.441755660782261,0.437325457436822,0.429007600729401,0.418667722014352,0.409086772873307,0.403479813091238,0.403893920857636,0.4097532461825,0.418586093279672,0.427633722775413,0.434454216112382,0.437069501600582,0.43412900398162,0.424799427922591,0.408720857815814,0.386057374490351,0.357619301312163,0.324543015906539,0.28573234203327,0.242938323549891,0.258765412431909,0.305217611738776,0.335622563890208,0.353032711544921,0.362024738259981,0.364157300171532,0.358812870923619,0.34593155413776,0.328173873454429,0.313676234017389,0.319359714206891,0.349765124274177,0.388544504585253,0.425199795907814,0.456915207814098,0.483456327491381,0.505192233981986,0.522523325901247,0.53579040132283,0.545334199186478,0.551602281875013,0.554816284776705,0.555105542085258,0.552642392853112,0.547659212037012,0.540378775698956,0.531224987322119,0.520729146740457,0.509638146703112,0.498960591269461,0.490017729577364,0.484127241469377,0.482090581785661,0.48377666585037,0.488333580929826,0.494766360021439,0.502285560223011,0.510414600392531,0.518844524505562,0.527343678862244,0.535653189155745,0.543450166598999,0.550466250245143,0.556445476743523,0.561177817498787,0.564552594866583,0.566551355187256,0.567222614501162,0.56651090510361,0.564513326771566,0.561425409353986,0.557452194125093,0.552817588929183,0.547723107900845,0.542341940475703,0.536831784988186,0.531357805030076,0.526141236809905,0.521431190035989,0.517417153921988,0.514202580274014,0.51180080825946,0.510120899847948,0.509020933920081,0.508395951199605,0.508230162369383,0.508581365760202,0.509549638468564,0.5111793357444,0.513393656648976
0.50892899994047,0.513790480204059,0.51891414268189,0.523967561310898,0.528684990504158,0.532936217997302,0.536743396462279,0.540338865024987,0.544074271036465,0.548299806873661,0.553223988658354,0.558846011606299,0.564969765652914,0.571291644436967,0.577394367967189,0.582953079631393,0.587676665302668,0.591396036526382,0.594053286927669,0.595679056201096,0.596332331853706,0.596044032075362,0.594802776900282,0.592542685281283,0.589150830138153,0.584502752087448,0.578442511204168,0.570928042323209,0.562037184287083,0.551944485217509,0.540968259583486,0.529615558300471,0.518514338986607,0.508324509025338,0.499748206153311,0.493350844789448,0.489325686599815,0.487500487447451,0.487341276069699,0.488186026561631,0.48939523905147,0.490390644038696,0.490802509139879,0.490438549742318,0.489166552400517,0.486938489118611,0.48384374354604,0.479960737423735,0.475336117262273,0.470106640900871,0.464640707013796,0.459718117699339,0.456735223027466,0.457444957265467,0.462981656684264,0.47295721309509,0.485651468878811,0.49899293450321,0.511322877439616,0.521648295625003,0.529503773644566,0.534722531826828,0.537328070411387,0.53751306883427,0.535556840507091,0.531802690959136,0.526590681334664,0.520206067349938,0.512847239911522,0.504654130064012,0.495654026021571,0.48567773149604,0.474262417247766,0.460736533952448,0.444217820236309,0.423581290899328,0.397444899109974,0.364403898048652,0.32388762809382,0.277007349535432,0.221855283488287,0.185835073476062,0.236207181142672,0.288690796038111,0.33144505303414,0.365917913432138,0.393245505365293,0.414376408408935,0.429872733979213,0.440058580934335,0.445300184721075,0.446225124120813,0.443857496076472,0.439650116911423,0.435356644245827,0.432682019617277,0.432623815905695,0.434970868219257,0.438481481295352,0.441471515512464,0.442213773986733,0.439112790464213,0.430768076161115,0.416087392111936,0.394312228558693,0.365317517115558,0.331134658684167,0.299452745285405,0.281139906728819,0.279617220393426,0.297950388991483,0.327006875683672,0.35212750450966,0.369164255176548,0.378846414429835,0.382228387865467,0.379968800548295,0.373290018051999,0.364967590888988,0.360207795981286,0.365434624983411,0.382581678686722,0.407034248479554,0.433235987277634,0.457937562975594,0.479738335064097,0.498183207796311,0.513160473642997,0.524679925701967,0.532887513608355,0.538023432667159,0.540148870413981,0.539314186904276,0.535562690906889,0.52909428193316,0.520128614606063,0.509014096181117,0.49625061747003,0.482592185803973,0.469327965987459,0.458389792012942,0.452030430915844,0.451555449516107,0.456337778872853,0.464510342298224,0.474330315991545,0.484734000860643,0.495236888297056,0.505592192758314,0.515651868476164,0.525235625699137,0.534148701315172,0.542208913041296,0.549201152785815,0.554969235332152,0.559406149234201,0.562417375426656,0.564048368980994,0.564254280702079,0.563054334681088,0.560603919154397,0.557064190793403,0.552623741399773,0.547494189671456,0.541883053376111,0.535988572197338,0.5300014915152,0.524141286521097,0.518668823873443,0.513789912646696,0.509623158316642,0.506184533550817,0.503425136441529,0.501278780133951,0.499734358649917,0.498904993463392,0.499029201805947,0.500351670960674,0.502957323093778,0.506718027261165
0.497662466804243,0.505329793859006,0.513477835467147,0.521586665489314,0.529270734954483,0.536336515205745,0.542745588252943,0.548597512087887,0.554160489442305,0.559681863579284,0.565287391436789,0.571004816784409,0.576719784615349,0.582282500143785,0.58751657660781,0.592196682060793,0.59609136249869,0.59905868986261,0.601028890011865,0.602016007844799,0.602044893983261,0.601118366834506,0.599209977589421,0.596259028754768,0.592174358167049,0.586863479560235,0.580199963598722,0.572189917777728,0.562928865326169,0.552592722018977,0.541457357071897,0.529942579698487,0.518607377217275,0.508086630551345,0.499020387142185,0.491930810151742,0.487100367838801,0.484528773893315,0.483853023934363,0.484511558297872,0.485909469250514,0.487454822973223,0.488704448347445,0.48932193521043,0.488956547082843,0.487309480884428,0.484180379656145,0.479374059512915,0.472709970164418,0.464134262936452,0.453923775696199,0.443098624510571,0.433981648008957,0.430281620448431,0.43509370231339,0.44787278155054,0.464943550444407,0.482613411216696,0.498632178860042,0.51199135570505,0.522366751585505,0.529724442089502,0.534190164723024,0.536020940390402,0.535516238781943,0.532968707242451,0.52865245166189,0.522815182082761,0.515683892105616,0.507444248408598,0.498219601179649,0.487981665775487,0.476430413113775,0.463099741072604,0.447377953384063,0.428457625968261,0.405325280076645,0.376835760581683,0.341644736463257,0.296954275634079,0.234926354791442,0.176778369743004,0.217169561247305,0.261993084881192,0.30759899514233,0.345802298080907,0.376848757522749,0.402093172914259,0.421954726855513,0.436586602577028,0.446346231280807,0.451893741351873,0.454157294274973,0.454260555672065,0.453380525453055,0.452518828428811,0.452233260770263,0.452438863080767,0.452469233181519,0.451254859449628,0.447500559673758,0.439868235386636,0.42701741608653,0.407561233713352,0.380097044762796,0.34311135588644,0.295889081353734,0.250617162995138,0.255669184109848,0.287156815205351,0.316945751892073,0.343375044644292,0.364777383025806,0.380027198023442,0.389427874644332,0.393785771895669,0.394014425341675,0.391527249835083,0.388495157126121,0.387930082665713,0.392763074683182,0.404031867409093,0.420250172513166,0.438777978462201,0.457388061104311,0.474642718637926,0.489746407425074,0.502288822897666,0.512096728547098,0.519019784992941,0.523018877630951,0.524028235282425,0.521974280648766,0.516831406220868,0.508668719852347,0.49767549659203,0.484142883119295,0.468428895409739,0.451151730780002,0.43355057825802,0.41831699218963,0.410035702364504,0.411884317139843,0.421620998233228,0.434791351189157,0.448706024205971,0.462355103558098,0.475454332783097,0.487905117671974,0.499673323411483,0.510721176510065,0.520950892583262,0.530246848901839,0.538455682566381,0.545435974280826,0.55108371048317,0.555269760944417,0.557944637356822,0.559044634736383,0.558537761038285,0.556548815829951,0.553222454381687,0.54871884869456,0.543253032345503,0.537068329751909,0.530418662239135,0.523555313288009,0.516731768162547,0.510235654468539,0.504316184543774,0.499105798495427,0.494615721283302,0.490778797690426,0.487537097474053,0.484944236351751,0.483271538636816,0.483016593912621,0.484677074406263,0.488481371795097,0.494224083916975
0.480485053701334,0.491832047531532,0.503725298380483,0.515350755156978,0.526220078905659,0.536088916544097,0.544916979536322,0.552850002744527,0.560060680230079,0.566717030471974,0.572933803739925,0.578777023672882,0.584232424672062,0.589309774499704,0.593904698941686,0.597879227176787,0.60109553893911,0.60344475315338,0.604835668951672,0.605266020373675,0.604741589244741,0.603247707414871,0.600745339817904,0.597170426271343,0.592437914577057,0.586462740157236,0.579133008120845,0.570472072478021,0.560565882770566,0.549566723798957,0.537713471602523,0.525350999334466,0.512989037046889,0.50130730613421,0.491027759275044,0.482773775478299,0.476976845834292,0.473807725761164,0.472995083410787,0.473982918104021,0.476102345182095,0.478674144230613,0.48116656059093,0.483104023318946,0.483966476260765,0.483207078682366,0.480381542205298,0.47504845062568,0.466748633974012,0.455084451334276,0.43991374288034,0.421822881651458,0.403481304085324,0.392135098243127,0.396976722541583,0.416609092213375,0.441372627398999,0.464992949756203,0.485232343612194,0.501617033342814,0.514263840638105,0.523416241536877,0.529345982746188,0.532373426039673,0.532817726094982,0.530967986533859,0.527080953854101,0.521387378280687,0.514132133427215,0.505558004370033,0.495916701454157,0.485347271030754,0.473753042248644,0.460922573940284,0.446537065489738,0.429992499656685,0.41038891025322,0.386554482924497,0.356957211772912,0.319530653426614,0.272852639952702,0.220249155133469,0.160371905623185,0.213531687597081,0.277134302309136,0.320289199840283,0.355951717200692,0.386595723688067,0.411626444069323,0.430869883931989,0.444794903045635,0.454192982874842,0.459988190973596,0.463135472304841,0.464518114903264,0.4648163993604,0.464404944477541,0.463268392172108,0.461033043096732,0.456975874798507,0.45010681474342,0.439242671102706,0.423059087371164,0.400065292811997,0.368456636439533,0.325900655996411,0.268210365879413,0.182829578791385,0.228225214839964,0.285947143124543,0.323849435841236,0.351052994837657,0.370759973186481,0.384386930169173,0.393072655082073,0.397830383059482,0.399612083066972,0.399625791524585,0.399381328857977,0.400712713890532,0.40522938879016,0.413551222061411,0.425140961684327,0.438666419055284,0.452746865282861,0.466285511274725,0.478495884498299,0.488941807530601,0.497300730496801,0.503172894416632,0.506232188983755,0.50625880958837,0.503064971935221,0.49651241317602,0.486534692063768,0.473242718485604,0.456900971847711,0.437858701495711,0.416385715617012,0.392723819783672,0.368969098758161,0.354749276512539,0.361681762911275,0.380443318402017,0.400122337608137,0.418356436798247,0.435265900096539,0.451050382330371,0.465743699083857,0.479411728150542,0.492113563599562,0.50385687651378,0.514618494806584,0.524278286202697,0.532687536817623,0.539701068158914,0.545155950810415,0.548948421676763,0.550981825499843,0.551142553032476,0.549503068575171,0.546182028153702,0.541351661721554,0.535219101225688,0.528068258756563,0.520223989832816,0.512028456816504,0.503828134821292,0.495981085709708,0.48879283714509,0.482427821122748,0.476877335631935,0.471983898005356,0.467571031692808,0.463666421355695,0.460739420550743,0.459702334055562,0.46157861985584,0.466910761148948,0.475373197043109
0.457092745846852,0.473462374471777,0.490050815923849,0.505728817118912,0.519971937745161,0.532632304690069,0.543777278491452,0.553559464062739,0.56216898104945,0.569771052007804,0.576498138050091,0.582473489457676,0.587804171553224,0.59253170514394,0.596649001626581,0.600090300649938,0.60277360232272,0.604599842724484,0.605516795643408,0.605489826782879,0.604501228825102,0.602521165355126,0.599497489686346,0.595356561057851,0.590009470295376,0.58335816690091,0.575297228948682,0.565840531691818,0.555040498708641,0.54299973743337,0.529894771191487,0.51601422319012,0.501836660242667,0.488075799262349,0.475648187070308,0.465501101441905,0.458395330190154,0.454704511625055,0.454154233511895,0.456013043245768,0.459454600899548,0.463651520588273,0.467982101211902,0.471860179797066,0.474557874815168,0.475307953844662,0.473450466718456,0.468337322492078,0.459292937820646,0.445575364764912,0.426351380960257,0.400828328297799,0.369232818490313,0.340157170569187,0.347243701933832,0.383549864546311,0.419362341860857,0.449139603704854,0.472982817645374,0.491664209624782,0.505908643242618,0.516255029087798,0.523130891044781,0.526903088265802,0.527861705302844,0.52625693284131,0.522319067403315,0.516302190329589,0.508468638067922,0.499143172615281,0.488684955032294,0.477436171594061,0.465570986339718,0.453256109135235,0.440459788499799,0.42672809111975,0.411169102140416,0.392541121239462,0.3693674351803,0.34004855976089,0.302611149298599,0.252667404806826,0.191269329528909,0.20988812591753,0.250396338041624,0.287766162071475,0.330341403916679,0.369045041186631,0.400052074428078,0.423677954269933,0.441086887803253,0.453443275361337,0.461780498740661,0.466994093918229,0.469825142315106,0.470813531887866,0.470267794497028,0.468273443822749,0.464612169655472,0.45877207639109,0.449985833872464,0.437219408788828,0.419178174897475,0.39430494434119,0.360820418641256,0.317099447325206,0.265074972894108,0.227165953553932,0.245250744052664,0.289054040543019,0.325745658282151,0.351860368804691,0.369587377453122,0.38125456772742,0.388727496201995,0.39330141899222,0.395844492614324,0.397178416703194,0.398259439484869,0.400378647426218,0.404687417625958,0.411586983808563,0.420727075932017,0.431269865167866,0.442320789694639,0.453150213115524,0.463219996219028,0.472161927113163,0.479561141489209,0.484836589633595,0.487374270726265,0.486770230021043,0.482683006667536,0.474828411910561,0.462985576674611,0.44712824175571,0.427589159407796,0.405167935586923,0.380296919027347,0.351692021129719,0.315886425452499,0.27882225869205,0.305095478949344,0.337586941427692,0.362332141637669,0.383501927320428,0.403314445671955,0.421976481561707,0.439150066216097,0.454842036796626,0.469349412385255,0.482860359696762,0.495393057100244,0.506799630425306,0.516881259284572,0.525456253590244,0.532313688993196,0.537297281436018,0.540271446288803,0.541059228648954,0.539676213903197,0.536209851496947,0.530800658526368,0.523656133799265,0.515083600718773,0.505503968222757,0.495398276654798,0.485276216574476,0.475622275630068,0.466849474931873,0.459192704225785,0.452626352388234,0.446812436184356,0.441231408935491,0.435637695246232,0.430618461555589,0.427855354290627,0.429560494460389,0.43700784655444,0.449546404806305
0.427849381981394,0.451253634839164,0.473590621207103,0.49371151966223,0.511366460548243,0.526672225497599,0.539856279869103,0.551181487138541,0.560912869747623,0.569251161675293,0.576377675905761,0.582467534673233,0.587667045996988,0.592118750408648,0.595874836204216,0.598910079616957,0.601179309940814,0.602588498767589,0.603113451547977,0.602729777993194,0.601378767129253,0.599006511944561,0.595544381417063,0.590903241907033,0.584983481720535,0.577658454033868,0.568827229499476,0.558473311497105,0.546595931356972,0.533219886051559,0.518419887717985,0.502395383794963,0.485549453158403,0.468590474887133,0.452690720158673,0.439410265383828,0.430287348838053,0.426135923881003,0.426458511718486,0.429950659813497,0.435399647442731,0.441936671530814,0.448934793316632,0.455653014233803,0.461101602592257,0.464267745562234,0.464297562874667,0.460477122125885,0.452100631498506,0.438331732872561,0.418105239540021,0.389868695185514,0.351067782863661,0.297623987551577,0.311689509186427,0.365933667382466,0.407032574270183,0.43886762457057,0.4637267035354,0.483056249406189,0.497803440635468,0.508583239329399,0.515826902683102,0.519864946156901,0.520931543328658,0.519201184572354,0.514834874020424,0.508049318791331,0.499108453583295,0.488403311322687,0.476426249938246,0.463755844339196,0.450994124180879,0.438839482798152,0.427655930276752,0.417136236860699,0.406276377584567,0.393579434929762,0.377465834406618,0.356552369025488,0.329764934346553,0.297411175896171,0.265676234461727,0.242685820302004,0.215761449330919,0.240398913185739,0.305644550224728,0.354283186943103,0.389961215525452,0.416421725130055,0.4359820757339,0.450164391490318,0.460056697042537,0.466489314096781,0.470106202359458,0.471380059412046,0.470632571186353,0.468027603069704,0.463492921958272,0.456701340262521,0.447052918462182,0.433664624182509,0.415350565305186,0.390535881227701,0.357217997058075,0.31263133697388,0.25294963712019,0.190168687151855,0.236793206175267,0.288739772656073,0.324436945566726,0.347351237008921,0.361251320508232,0.369525499110011,0.374881502944976,0.378860638014978,0.381861047686531,0.383898154267528,0.385388899689149,0.387588311080847,0.391853947930447,0.398494687133735,0.406780876607328,0.415838131688508,0.425087157485121,0.43421629932058,0.442953956716945,0.451037159665007,0.458197274989152,0.463604146715448,0.466253248796238,0.465538035830814,0.460993420787831,0.452178108926337,0.438611460336564,0.419933971536343,0.396426557550522,0.369972411160647,0.3436318720709,0.317334717040076,0.287023143522447,0.26002174822541,0.275608186077953,0.300229430364098,0.32101758383407,0.342541514072497,0.36576671705769,0.38819421206016,0.40817673889926,0.425924740083512,0.442335081090329,0.457914209210785,0.472630353147176,0.486185857769199,0.498267952004808,0.508643411141819,0.517072829432961,0.523360604826396,0.527327726181692,0.528725711443328,0.527497458168613,0.52368626918524,0.517399884637543,0.508839274982996,0.498321548130539,0.486346603211891,0.473580335339638,0.460772302343451,0.448645725756889,0.437805981337581,0.428662628578806,0.421286584250646,0.415097621506188,0.408810893479663,0.401213512891711,0.392554680039207,0.385817705577072,0.386226897475661,0.397148805551813,0.416534058977793
0.395055070968163,0.427766143945015,0.456435297288654,0.480903928641643,0.501598308570255,0.519074041022335,0.533824503443594,0.54625929437065,0.556729625469522,0.565542791517794,0.572903478014606,0.578988029830327,0.584028647897155,0.588232135337019,0.591686524581011,0.594395026590629,0.596338609069787,0.597435035604566,0.597665324297722,0.597013102124051,0.595410816033666,0.592760094505759,0.588963320941179,0.583909411834244,0.577482101519373,0.569520893908431,0.559928795287683,0.54864961686225,0.535620357204282,0.520766478574482,0.504027176547513,0.485406478168474,0.465060003622209,0.443530931929603,0.422151411814014,0.403441055540567,0.390782795836971,0.386321116975493,0.38882874901041,0.395156508987285,0.403345257917564,0.412955707034266,0.423730439900102,0.434615996045413,0.444085490052181,0.450773758653426,0.453740180073773,0.452376221001867,0.446203889469818,0.434737095223436,0.41753563711121,0.394448576869992,0.366950278324873,0.344239689861549,0.34896636677675,0.377397314514397,0.408512438730459,0.435655603461619,0.458021712480834,0.475972877648725,0.489986933432284,0.500413777528592,0.507500709863418,0.511423054857149,0.512283928318935,0.510138211811754,0.50506277934885,0.497149715195551,0.486595218232529,0.473757442093844,0.459213839525879,0.443840677304275,0.428882201713286,0.415920828866784,0.406098130028915,0.399349760474597,0.394224877395196,0.388521121624322,0.380195635342184,0.367841823680362,0.350866422821778,0.32968078960342,0.305251686128909,0.27588582104212,0.238945495885554,0.250587380630496,0.305243978816816,0.349880763142638,0.383922176212659,0.40996425033143,0.42977933981646,0.444530126526682,0.455041088646171,0.461949031128375,0.465770307593866,0.466939137378749,0.465817139214042,0.462645594116491,0.457525228388415,0.450340042797367,0.440701345306034,0.427918297118667,0.410997634542187,0.388621056307334,0.359056907979512,0.319865963809367,0.268189429936245,0.215787898933915,0.24933707579859,0.294977002208804,0.323485492845222,0.338913992383173,0.345396958610652,0.347376453877821,0.349125028153565,0.352658355067318,0.35687539062335,0.359747019768536,0.360830053380111,0.362113340734267,0.366611323078,0.374603283573209,0.383629529758463,0.392196020243579,0.400465694336623,0.408891250121768,0.417134643005767,0.424798921409349,0.432824709777966,0.439473410827461,0.44286996791862,0.44254867526138,0.438166477230721,0.429135972702988,0.414565299024844,0.39336818750713,0.364757850716098,0.330477969418056,0.301447788551243,0.285750496748121,0.270768836079298,0.258822957895653,0.255216143964912,0.25885859989929,0.267147935145482,0.290005401947653,0.322175228275623,0.350937411216862,0.373571685355006,0.392628390148697,0.410827078819001,0.42894909130444,0.446495460566742,0.462741344942928,0.477215460948145,0.489679774774487,0.499899236282717,0.507641041622645,0.512695795242993,0.514748063223108,0.513624752100924,0.509315087168582,0.501862499641511,0.491409308327459,0.478262842706404,0.462972051001647,0.446418460372973,0.429747491545246,0.414120919148728,0.400421567761094,0.389342361264164,0.381544991348739,0.376533876605802,0.371423558184689,0.362405340415119,0.347736246530853,0.331356477267494,0.326775096299851,0.34532791307643,0.377818434221701
0.366478364118843,0.408253093877125,0.441930728026643,0.469385867013768,0.491977376353687,0.510694745218618,0.526265627470323,0.539224782835864,0.550012441185315,0.55895138747928,0.566284405897985,0.57222957470763,0.577045539342651,0.58097032813323,0.584130912861937,0.5865518658219,0.588232732796451,0.589118427013645,0.589170682585592,0.588363799376121,0.586625670084755,0.583832468883677,0.579836784738039,0.574492218187635,0.567656014808396,0.559145099188541,0.548862107386474,0.536721000416693,0.52261071225672,0.506375444816615,0.48779998972474,0.466572670290215,0.442342675078594,0.414972064757456,0.385244574352975,0.35647172995885,0.336342891551505,0.332359972425276,0.340683861108321,0.351711352416409,0.362636019146135,0.375760916517704,0.39207009373266,0.409250028094712,0.424430888488907,0.435807864169465,0.442579074625843,0.44450153807267,0.441558560890784,0.433861639085519,0.421830716122902,0.406660915723703,0.391311617913407,0.381613889802801,0.383847108935073,0.397617747869745,0.416801062458963,0.436437336525243,0.454250157455718,0.46947227245708,0.48188442050878,0.491402967246773,0.497986407202108,0.501588255314129,0.502117388649595,0.499470151351024,0.493567419614638,0.484320913640181,0.471749881898523,0.456013940249392,0.4375848641691,0.417524324247027,0.397874371883975,0.381909873114009,0.37276972787896,0.370998636495883,0.373716478375365,0.376808443584091,0.377155049687692,0.373118623710813,0.364225517056889,0.350761813412547,0.333490158199161,0.314047841092945,0.299102435425095,0.302637079971892,0.325367926395976,0.35384448130169,0.380547177111727,0.403371480353036,0.421926501998278,0.436291269033382,0.446709439995161,0.453498653412753,0.457020165035422,0.457676000062241,0.455861272050736,0.451947821551747,0.446253283255291,0.438941199469141,0.42990314113042,0.418725366126385,0.404705374997386,0.386995829462839,0.364840694430373,0.338198392354522,0.31015612915621,0.292186898252161,0.297089762749144,0.313394890381052,0.325261325318593,0.327694615369735,0.32136352600336,0.311265914617721,0.306523018934536,0.312043488176645,0.32127354590992,0.326513517849938,0.326030234356367,0.32315264572133,0.328278367728701,0.341640756569251,0.353045683585263,0.360719844355236,0.367770696223426,0.37671983287009,0.386604759896514,0.394856489366071,0.405032042533089,0.413031839830649,0.417105461243067,0.417444261475417,0.413968213336739,0.406008706063476,0.392276757261495,0.371023407627965,0.339859145975253,0.295407210343854,0.262049807355673,0.255104326706714,0.242736160535721,0.227446935203045,0.212396747294795,0.200841906292731,0.185252833044734,0.22399885916178,0.280139354074905,0.31576286079904,0.337376303955316,0.354729240737551,0.374555845345071,0.396319783314264,0.417669307523744,0.437128462568197,0.454293038662822,0.469113985033852,0.4813917752116,0.490817973347247,0.49711103913016,0.499909972334672,0.498926396033879,0.494051877694552,0.48523969453201,0.472505623693942,0.456014351484482,0.436227622095577,0.41416913697973,0.391657890224101,0.370899921374527,0.353139600579867,0.338713109881186,0.330382094530059,0.330421988192931,0.332020460297976,0.325410033736605,0.304269226578234,0.266313614162368,0.238736977242379,0.284735857668883,0.341911191013093
0.355970036323478,0.398979888513916,0.433154863120275,0.460808125101471,0.483444616056678,0.502108580113889,0.517573664480753,0.530400265218408,0.540972794238346,0.549633894492654,0.556668277411349,0.562297468368427,0.566772354675432,0.570346181339042,0.573176603172216,0.575323441456044,0.576788988745502,0.577561597826802,0.577573084581613,0.57676900774062,0.575051984029497,0.572278685993195,0.568259396457586,0.562794327539506,0.555694226404574,0.546768763516912,0.535920003897232,0.52306023166452,0.508087672531206,0.490849953034449,0.471029467989559,0.448019240299513,0.420821863369274,0.388020483697887,0.348006227426148,0.300898519825515,0.259735262770391,0.260498608985797,0.286677565823752,0.302879434338488,0.312172768180273,0.328211760698139,0.35451116008415,0.381683547071542,0.404288223599861,0.420965552160116,0.431717407490401,0.436981782907589,0.437322251203095,0.433398126197749,0.426136623456324,0.417042739643969,0.408472189737177,0.40344416666547,0.40436565345354,0.411458734219166,0.422832423888328,0.436073558248403,0.449379023021316,0.461668081362662,0.472300464058094,0.480833013623698,0.486929656242847,0.490292936975743,0.490625202608312,0.487661038437978,0.481099328266691,0.470632126234426,0.455982070135689,0.436898737910771,0.413359320266023,0.385930653640965,0.356968390481831,0.332664980648622,0.322385994260586,0.329139645894231,0.344590403528329,0.359538161341198,0.369542587620885,0.373294164497755,0.370893827157018,0.363111484056817,0.351371408410775,0.33820308411604,0.328285755372506,0.327181680033227,0.336774364154398,0.353902442182031,0.374021689585546,0.393726155380336,0.410981715250091,0.424799133620459,0.434847757450523,0.441161133074082,0.443978796358369,0.443656063076061,0.440640490746044,0.435481049989602,0.428810192511157,0.421209191745801,0.412981202620748,0.404007443144034,0.393827262505283,0.381910884478416,0.368070019158692,0.353046357808601,0.339257320627623,0.330541700403014,0.328713605203484,0.329869734877216,0.327309458937306,0.31562721489631,0.291530563395741,0.256397464430587,0.23405080525897,0.254854366437254,0.280854148231119,0.291122360401982,0.290477238963832,0.2769088434376,0.282915679038097,0.309806803489465,0.321243773777396,0.322787600196602,0.32492693483773,0.336745413864634,0.353124374282484,0.366906626004135,0.377222727792284,0.384194429609832,0.387910612990684,0.388843993965287,0.387152235135398,0.38209593946984,0.372130216831303,0.355344855390083,0.330138475473532,0.297636355767934,0.266798189219197,0.236800228559107,0.208400671462257,0.190410834906573,0.192615670817584,0.188810312224945,0.177953569944816,0.212941018988974,0.2641462440627,0.294059529520325,0.304574874110827,0.312129001261941,0.335130892151807,0.36257887416148,0.388449346207182,0.410731209687722,0.430342425914712,0.447677133974447,0.462351857792396,0.473782084967355,0.481538423157261,0.485223689324327,0.484485444464008,0.479128948732356,0.468988519483585,0.453876083304217,0.433601684735289,0.408138806803617,0.378096575974915,0.345915186061288,0.317065968191865,0.295398579124477,0.274901434067498,0.259984257370198,0.277108716043813,0.297913417028423,0.302007510895551,0.285175555800581,0.243342344857306,0.19761725701584,0.265847628422839,0.330102463969187
0.366373027351969,0.400950928765957,0.430506236427095,0.455336282397095,0.476075069759955,0.493381298335837,0.507808562023022,0.519775848786516,0.529618931338977,0.537633684127309,0.544078145419813,0.549175717291937,0.553150638967552,0.556262981472808,0.558698469241404,0.560553583025632,0.561853100451447,0.562608875587623,0.562750979304163,0.562158522225501,0.560694642990192,0.558168957416114,0.554354074522566,0.548998628682478,0.541838606230878,0.532681528323797,0.52142336833539,0.508014082666758,0.492464850695819,0.474770052039036,0.454744955284676,0.431783606896386,0.404600724975679,0.371001252819985,0.327427413192109,0.267497781890153,0.180689747702092,0.216727929943292,0.252582937153743,0.260436232954279,0.251474866772691,0.268426467176333,0.318749776713288,0.358585844539822,0.387912533234534,0.408611812851665,0.422170246251435,0.42977412896865,0.432435700003353,0.431137607465581,0.426951333208717,0.421233116083792,0.415671178899494,0.412019568909077,0.411603057595225,0.414914002293438,0.421494905377977,0.430313140268436,0.440237516504802,0.450297041049482,0.459683464359438,0.467702213023468,0.473771341045387,0.477367126752975,0.478013363177492,0.475258930385925,0.468602939259792,0.457538734701999,0.44145818108181,0.419615821355556,0.391060781230992,0.354599752114055,0.309719877765402,0.262049929673841,0.24273842225511,0.272631086914136,0.311647548092236,0.341580920685015,0.360956709216569,0.370944439859075,0.372900402951505,0.368148464332597,0.358228600751554,0.34533096112182,0.333000480686512,0.325929659627842,0.328154873539725,0.340172965305778,0.35834238048773,0.377879399090992,0.395438796477266,0.40939749974833,0.419229997528614,0.424936923519724,0.426733367625297,0.424923086159778,0.419957539471556,0.412565003295926,0.403844699524583,0.395119577725017,0.3874134812638,0.380904189857738,0.374988433473918,0.36894657434558,0.362518852567834,0.356077914946461,0.350450657526364,0.346306976541442,0.343084178831582,0.338370235838452,0.328425899453256,0.308717904711206,0.273074764428252,0.208744675391467,0.066690092592576,0.210583536767186,0.260554678002047,0.274829656972677,0.282264950721136,0.283388941211191,0.288742726738919,0.30142596906398,0.300832488756303,0.285045721565242,0.268003605850245,0.293293432131444,0.320901423386369,0.337385561902046,0.346403765572478,0.350801136071459,0.352683103550918,0.353803642301523,0.355009398282103,0.35537426788452,0.352486223202287,0.343721411669207,0.327247566824448,0.302542957605476,0.27046942668573,0.236434381979929,0.21839694855848,0.213179318826596,0.229019703815661,0.230928576525771,0.219485221484026,0.245162615224851,0.277504097286604,0.295228087512295,0.300164267488988,0.301185936274218,0.306105134505762,0.338714223914422,0.363680089710082,0.385122142977251,0.406137527714688,0.426373108890649,0.444050918769635,0.457891482140926,0.46732175979539,0.472010726913447,0.471658193122161,0.466067364276924,0.454974550714847,0.437978300233706,0.414442589853251,0.383399825849585,0.343563136771084,0.294379561611755,0.245448674315029,0.230638912910662,0.22276897193598,0.183856312690837,0.245058743924523,0.284460373156872,0.300029722906873,0.298423288840336,0.287550541489703,0.285868539397598,0.310077963355918,0.347561813586223
0.383197903893327,0.407987807402049,0.430978076529921,0.45132637801676,0.468918716657426,0.483898954298866,0.496524152675861,0.507071904715281,0.515771843041971,0.522812762253164,0.528392731840455,0.532721918635577,0.53600167361975,0.538498514543352,0.540437827302275,0.541963971750976,0.543142504494232,0.544008360831829,0.544491055546696,0.544397328845188,0.543512935270663,0.541578040248925,0.538294133818411,0.53335615330908,0.526429983616567,0.517284324456923,0.505789104544174,0.491950332640759,0.475953355988216,0.458164667461223,0.438974420855026,0.418348057945353,0.395358570086529,0.368301706780119,0.335607519453943,0.298574991031064,0.269163914778393,0.261964228464245,0.258856712826268,0.241435611691863,0.22633733836704,0.258819488659178,0.310039010329185,0.350524378719313,0.380136199828353,0.4009781941373,0.414720983507885,0.42268197245917,0.425958308830024,0.425549045417266,0.42245195288799,0.41777364539141,0.412716172358355,0.408512524137382,0.406252005627415,0.406694959639951,0.410099600780448,0.416148932213841,0.42413110342238,0.43318608721256,0.442410649141281,0.450919983853792,0.457900994223063,0.462625588177388,0.464471111150754,0.462827112355217,0.457095680809778,0.446668034318431,0.430800709023301,0.408501783214492,0.378240150411297,0.337398794003854,0.280973333318793,0.195434653808547,0.106463079627446,0.231021867462632,0.294043501649458,0.333217435761135,0.357249500968936,0.369917730187497,0.373263557776969,0.368581473477681,0.356832813235189,0.339170919480162,0.31807078473476,0.29932225819073,0.293396334613352,0.306433942428835,0.33040625674197,0.354872271080219,0.37513452057534,0.390087171736531,0.399876075046126,0.404909186638371,0.405484997759889,0.401762114288492,0.39394187348457,0.382680400761102,0.36961701689525,0.357592894440384,0.349486754233147,0.345816528241863,0.344667782098867,0.344324332926354,0.344351870965392,0.344819051464487,0.345538557668715,0.345757513174425,0.344153654883227,0.339026269548684,0.328488668806476,0.310720537578374,0.28438125571692,0.251561552438353,0.233559737840576,0.255073585879604,0.28380196046505,0.301404370883801,0.310840227356171,0.315592022861963,0.317535315475564,0.315786905640946,0.305406967431271,0.285829707632808,0.275299632124167,0.286105121727038,0.301913236696048,0.310469332241701,0.312366912729382,0.310504418648413,0.307356739685961,0.307117935872361,0.313081257367331,0.323349576936885,0.332012095365955,0.334327814143897,0.32785417296778,0.311180869802726,0.282843222111663,0.257892593971181,0.258621487779497,0.264167926056447,0.276295761912259,0.284326220096498,0.288219982315155,0.297694489828549,0.309588744414103,0.314602893302634,0.319221387209227,0.324025007082366,0.328474930527034,0.336586219357668,0.345450283926132,0.35904624605631,0.382110782481384,0.407267568848775,0.428809014028282,0.445188447468922,0.456180152547648,0.461780151953921,0.461888921564151,0.4563881179411,0.44503869173492,0.427379313518173,0.402635587917622,0.369465928055717,0.325392852726175,0.265209096250097,0.175964234926069,0.192010735566426,0.230243510461241,0.246852614844499,0.270225534108663,0.294998403880991,0.311497719290129,0.319654238363256,0.324169324697348,0.33207772078301,0.348101891953359,0.370789675198327
0.395120970324512,0.413101121256323,0.43036182549461,0.446177774500007,0.460232492416845,0.47245916755138,0.482926584511808,0.491754271311931,0.499043796611937,0.50487422957545,0.509362457374999,0.512679744246968,0.515028789794757,0.516690582598911,0.517970490351142,0.519091475253738,0.52019802300691,0.521347966638836,0.522454358378766,0.523262565528449,0.523424314349347,0.522572058236823,0.520311681173613,0.516242905909106,0.509980099230327,0.50122068338423,0.489753979303256,0.47553927186482,0.45883947775549,0.440525871606435,0.422286890544193,0.405727195900367,0.390378491240026,0.374153902724431,0.355953560895021,0.33715154355369,0.320978541310346,0.308207722000606,0.293939774803181,0.275744207514121,0.273749436780707,0.299291600275554,0.330556313705149,0.359060523992486,0.381765616951838,0.398305401333517,0.409175915170091,0.415141829680287,0.417015760743305,0.415628753356645,0.411767938942308,0.406172647733656,0.399674225119819,0.393241204354467,0.388072152853074,0.385458701334411,0.386361456682788,0.390947854990392,0.398596683391869,0.408310457931495,0.418989886324788,0.429515627585275,0.438825515801369,0.445996198327353,0.450246311686656,0.450898098811868,0.447403436436035,0.439240265471824,0.425841921116038,0.406511582010016,0.380335109222778,0.346272628035441,0.304098157108127,0.259755122402154,0.243069797624794,0.273002017370274,0.312145755987406,0.342791777079117,0.363088127763465,0.373778131476697,0.375594347875032,0.368903266595193,0.353484508258977,0.328591528101215,0.29306842825033,0.247762600541658,0.217868480161542,0.249911240653112,0.294795692380078,0.328873479674519,0.352448567330304,0.367872363086444,0.377038626875166,0.381129511370052,0.380564867344309,0.375065166104049,0.363970963564976,0.346875540026502,0.324948742501716,0.303637832915259,0.292877598534694,0.294531468629812,0.299701544667475,0.304676736242294,0.310754939934432,0.318275369813667,0.326219053456108,0.332419965309187,0.33476156467262,0.332224619690824,0.324586434157926,0.312879851771896,0.301272734750459,0.294410346324786,0.295692715220739,0.306437974234075,0.321091687342164,0.333478418844179,0.341492170663421,0.345115727943337,0.344381562029945,0.338585787838813,0.326710146109846,0.309701828194136,0.293521096483659,0.292196033108414,0.295191201009716,0.289224646557006,0.276268873546036,0.26609176373001,0.249578701749379,0.24153514998682,0.256113050690052,0.287629840566541,0.314250588844937,0.330280806097245,0.335789747282024,0.332389795961979,0.323708433447548,0.316861414946372,0.316646615284321,0.320976384838852,0.327713119094845,0.334309253605975,0.339626497917383,0.344650668053779,0.348870646567561,0.351046196221143,0.352261079099574,0.352539725066849,0.350538741728707,0.345300959753332,0.334663472363059,0.327454442374367,0.365381072561316,0.396723883032329,0.420849168640971,0.438436129457622,0.45003874736467,0.456000103364934,0.456387941339188,0.451187881661042,0.44027298075757,0.423360922683675,0.40000517157279,0.369677493598867,0.332118799960255,0.289188832484615,0.251971703007506,0.241806069281952,0.251895906093288,0.266913590442849,0.285063438989532,0.303870324722522,0.319989445363397,0.332688787859533,0.343632589852466,0.355344170622264,0.3695502394533,0.386245250159739
0.398456093525482,0.412399858193764,0.425448770678349,0.437380820078849,0.448114698135599,0.457647419968357,0.465970344913107,0.473068068698569,0.478906737719373,0.483438754393929,0.486677106656291,0.488734923866584,0.489836628083795,0.490326552263616,0.490653784766835,0.491210880401094,0.492283577937692,0.493969279655781,0.496134426613338,0.49842224585708,0.500303901089519,0.501232962851007,0.500689576148344,0.498166444273928,0.493230288227923,0.485516053290324,0.474691443328697,0.46047547064595,0.442788178185043,0.422255708552526,0.402271712909801,0.390700823851614,0.386553448949246,0.382320324450591,0.375790132702317,0.367525179616076,0.358628818793682,0.349559788195475,0.340461863139505,0.33359404616801,0.334219664124136,0.344341775124773,0.359646244216056,0.375374470289009,0.388719006595746,0.398421848780152,0.404131820582335,0.406042491426638,0.404656452479784,0.400563611488457,0.394292421991113,0.386218445124218,0.376627937134136,0.366063705172852,0.35591062467653,0.348664307728485,0.346936726849777,0.351472614570756,0.36093781627676,0.37364235819335,0.388140432203798,0.402930929331793,0.416540171420712,0.427784101446452,0.435787765277577,0.439966850005215,0.439969123645522,0.435538625429171,0.426491441525393,0.412728474521989,0.394382272136404,0.372258341023282,0.348928450005976,0.330175729805224,0.323942040685739,0.332569479211427,0.349163728784619,0.365744580200199,0.377919558478643,0.383841702776477,0.382709025684411,0.373904515745429,0.356427389159038,0.328629765888873,0.28734917449477,0.225998251013328,0.155727952304344,0.221491039152407,0.27631077661596,0.310441414372347,0.331380254291274,0.343561035849585,0.350016836186268,0.35262434155394,0.351786933206454,0.346343770798729,0.333997843216245,0.31178705015295,0.276300438234023,0.226864199668504,0.202286451203753,0.227151979849096,0.238853127992417,0.244782514315296,0.258933419988444,0.275748066310436,0.295358179556557,0.310854407573216,0.318301194308868,0.31914001816853,0.315373347786575,0.306689170254401,0.303953099529733,0.316084032882052,0.327772209652587,0.339964881778491,0.351812880500534,0.361626125172145,0.368202845672904,0.370952615583213,0.369501293152085,0.363432911478201,0.352316463240942,0.336033456452675,0.316646396501748,0.311095890290707,0.308873150478125,0.296054776425153,0.27307831025705,0.259918749912799,0.237229954137836,0.206534929905813,0.22234651555011,0.272473824249777,0.312738984568379,0.33786225924461,0.352103564757679,0.358724402850831,0.361009666638442,0.362273231764861,0.364617105608271,0.368403076608841,0.373028005466301,0.377614397699732,0.381531430061825,0.384525506459116,0.386354879551315,0.386773043459473,0.385679372678855,0.382744400074244,0.377326723303837,0.369038680549246,0.35969450297392,0.360040164578934,0.379277011820166,0.403428414796765,0.4241679121267,0.439823234112706,0.450255080394025,0.455564540473183,0.455746873751582,0.450785906188255,0.440628408908962,0.425184471442494,0.404369404631646,0.378264843051883,0.347526332869573,0.314113019616582,0.281897633554565,0.255768587113549,0.242416583596098,0.25064341577862,0.272972322203941,0.295657023810661,0.314993826146565,0.331757979220088,0.347131639241715,0.36194272553763,0.376645271991324,0.391273348161112
0.393227633639106,0.404673652530855,0.414516077271318,0.423136424725611,0.430879915747509,0.4379758263144,0.444453115977042,0.450143126568896,0.454797464469358,0.458170148256667,0.46010775063071,0.460637617996463,0.460022977608824,0.45875792903296,0.457559983131467,0.457188760808288,0.458217490721274,0.460830355065334,0.46477637792427,0.469442479410322,0.474024237147347,0.477700493736438,0.479785943498197,0.479714375269657,0.477058973602897,0.471450932840483,0.462537096460888,0.449940313683078,0.433213026645278,0.411817346474623,0.38510599870561,0.379882860665647,0.389511609526975,0.394128174280319,0.394873994314817,0.392870912804773,0.38911614669629,0.384466080714171,0.379861010922514,0.376725705555507,0.376606768263527,0.379945461038331,0.385559814293108,0.39153460928449,0.396194304220951,0.398428156098072,0.397727415937766,0.394050173240652,0.387710654190866,0.379277387457147,0.369285716751575,0.357820269564197,0.344250604566373,0.327638416116586,0.308319473791462,0.290988342075823,0.284977432893106,0.29277839608452,0.307783772289486,0.326925660914908,0.349057766226364,0.371617280274211,0.392155501859133,0.409219717284503,0.422133708768749,0.430709196337784,0.434957475245364,0.434997582822041,0.431046523155865,0.423482396295861,0.412973545136833,0.400727052476677,0.388811699082025,0.379961268289327,0.37655594891384,0.379004515475663,0.385299324001746,0.392351335160173,0.397482974911631,0.398824932719878,0.39519995583736,0.385736304929719,0.369679631930039,0.34661293613893,0.317088583302615,0.285582254023441,0.266438437285701,0.272253055374578,0.289838775720501,0.304633722207003,0.31277336197768,0.315264488938353,0.31503146965067,0.315274274346632,0.316708662470121,0.316288088426482,0.309330287671239,0.291375487675784,0.257900798420273,0.204692692836603,0.169764903510008,0.184154726934609,0.168614267430211,0.162733907853289,0.210015250563567,0.22257686999587,0.26911934722848,0.293427692092472,0.301709207571452,0.301937604166907,0.307211196366205,0.311560383648514,0.318156655232681,0.331792589734719,0.347599630401836,0.362355977000805,0.374881042552272,0.384574736866804,0.391035780625216,0.394003896432927,0.393311875220905,0.388924519046916,0.381043586687459,0.37055575783487,0.359735343749029,0.351050950070556,0.342943944279735,0.33221091076369,0.319028335270665,0.305387466165416,0.291133641389298,0.280366734770065,0.28790617670143,0.311762972468133,0.338517906671787,0.360381708325831,0.376066036378677,0.3865801057773,0.393537110531625,0.398584252550592,0.402892592273972,0.406986103374528,0.410896069556687,0.414395573486449,0.417205198732875,0.419092884747462,0.419860161217715,0.419336870535019,0.417372571483472,0.413807846424121,0.408594046883155,0.402182362298102,0.396119292201233,0.394945410078174,0.408131136740355,0.423523216358917,0.437800875221933,0.449174267123868,0.456854644382249,0.460496088126023,0.459866664817046,0.454840964379387,0.445333370318119,0.431286902586397,0.412674274781017,0.389496408594233,0.361754476108769,0.329203948401716,0.290423646209156,0.240871757821242,0.173988362484671,0.189479890896509,0.239412021441398,0.269568101123377,0.292847589974859,0.314949947810742,0.336139424996982,0.355411464804897,0.372289814994864,0.386803909483397
0.381363866173309,0.390482364937732,0.397081292732054,0.402240233562761,0.406935714863112,0.411825014329634,0.417023074964462,0.422089627771266,0.426306993712171,0.429024192880354,0.429793350030088,0.428495872519036,0.425417609291153,0.421302454822288,0.417382234309351,0.415197322490872,0.416026385058705,0.420279901251165,0.427340344001475,0.435921479468301,0.444633995169295,0.45231180492232,0.45810855652583,0.461508591921088,0.46218497937512,0.459918468172292,0.454568544622215,0.446101606848784,0.434742500286594,0.421510601113293,0.409849490779032,0.405831162501125,0.408727559472815,0.412676637579178,0.415118445731637,0.415666771225013,0.414623137886645,0.412534431351942,0.4100134504136,0.407745282446401,0.406242278176779,0.405542702044044,0.405125237050133,0.404120739323746,0.401573449457436,0.39668021673981,0.388951875174021,0.378264256796838,0.364976999875433,0.350033841607295,0.334832285658449,0.320206107763594,0.304709820079145,0.283878145101809,0.2512583470857,0.202946344648501,0.180076303172108,0.211252887866201,0.23427691047369,0.264981958178533,0.303498860697949,0.339492057811377,0.369503047272788,0.393275002444142,0.411320939971774,0.42424138218699,0.432579160773537,0.436841121806937,0.437554211260001,0.435318735068253,0.430879764752856,0.425235769934327,0.419645840854564,0.415369438905868,0.413277926664044,0.413463914924924,0.415165489475752,0.417084373948448,0.41781590082183,0.416161169667485,0.411233725480152,0.402400025017474,0.389398616223976,0.372649984263489,0.35359094750733,0.335162720311709,0.32119100483969,0.31332918367197,0.308785353931425,0.302940112996962,0.292862277497454,0.27823399014951,0.262759582479244,0.257722891942557,0.268857936463872,0.283522521430315,0.290757341408769,0.287227723667289,0.27325275053184,0.25191179657488,0.226861268239179,0.192445926639212,0.137775638847064,0.194871493885712,0.234338531294492,0.25971128624981,0.282041257800151,0.297697040194781,0.303406756962253,0.304088589513709,0.313388125331653,0.321431938662488,0.326722763850426,0.342852235683827,0.363135529658457,0.380295331076056,0.39395076023532,0.404226791240469,0.411234902422603,0.415055627476884,0.415796061483055,0.413671522651099,0.409107323139644,0.4028025576786,0.395670359950348,0.388339063471098,0.380710885458943,0.372388588803808,0.363483714485445,0.354815172723061,0.347866550906768,0.345317038131444,0.350026121964542,0.361671048149926,0.376762419567975,0.391771375902341,0.404736046533918,0.415124064622163,0.423199497917554,0.42954601840588,0.434749666579913,0.439147513792434,0.442868220513712,0.44589052650826,0.448132333421572,0.449488500359989,0.449859880377753,0.449169612118424,0.447380396517609,0.444542423297044,0.440914183531933,0.437172198744292,0.434695929106118,0.435666292722107,0.44115446554281,0.449176718804352,0.457340691562521,0.464068488129863,0.468442005768646,0.469907014575454,0.468062882169942,0.462660026238131,0.453547297607931,0.440599583118382,0.423710022360436,0.402720097294874,0.377291576810103,0.346677928013458,0.309442561863898,0.263943067787888,0.216898892133756,0.204938476413669,0.215342633837123,0.224588101904108,0.24770934745259,0.282011160927397,0.314385077705088,0.340582899310498,0.360647545833914,0.375540315127445
0.366503771129695,0.371815401714148,0.373601640245373,0.373725552212837,0.374293771711398,0.376982168837324,0.382043598547644,0.388190479939026,0.393578841270475,0.396730597313631,0.396784571956477,0.393398979694382,0.386757037119344,0.377759540281108,0.36843008742268,0.362071052853415,0.362135963521103,0.369749949309482,0.382818345637187,0.398068468764567,0.412948591941692,0.426001557205479,0.436507031004591,0.444166984180873,0.448914621685688,0.450807046210213,0.450014413450472,0.446879571129047,0.442054680791795,0.436695520387228,0.43246647542169,0.430779487559063,0.431578143022516,0.433523965416238,0.435293578880044,0.436176775534485,0.435964120308637,0.434752544226878,0.432768910047972,0.430236696164193,0.42726119657008,0.423700900814488,0.419188555750499,0.413185810329615,0.404972673620665,0.393788504595598,0.378973868708232,0.360046645094193,0.336958798788692,0.310813680461125,0.285347172082846,0.267227733659129,0.258490627211689,0.249433724100715,0.227327565523085,0.184251538679009,0.156230016396541,0.161346753531995,0.0944921980993828,0.199237867689652,0.270571917399027,0.32007461079134,0.356918387496791,0.384935706067031,0.406192299395759,0.421973735570186,0.43318969456948,0.440565918250815,0.444743427770959,0.446345535934282,0.446010497911184,0.444461975787933,0.44245414587741,0.44063392091624,0.439394386677634,0.438792883833669,0.438520715414465,0.437976454052192,0.436463196690961,0.43332620353073,0.428022926602664,0.420177656968746,0.40972806217325,0.3970493876684,0.382899038146379,0.368263041996948,0.353847305033773,0.33931077742083,0.322847060268979,0.301612495318124,0.273390181501459,0.238689600439298,0.186425941944586,0.142837846627162,0.210119865763004,0.253922810157624,0.27689668902095,0.286293123168945,0.286384923261134,0.280042546081864,0.269230759932066,0.256725465804956,0.25138366098423,0.26169677454119,0.278897800465331,0.294370754519848,0.306513305056696,0.315391313268848,0.321845777380842,0.327973763123728,0.335164225132044,0.342373708859077,0.350240543422932,0.364905418903154,0.383026619369808,0.399226729874795,0.412500872025045,0.422788985422962,0.430184069392679,0.434814486344025,0.436877805367579,0.436674151469638,0.434565428321235,0.430961483251553,0.426301996330224,0.420931856191727,0.415060364051811,0.408877199579055,0.402750767267876,0.397347435753704,0.393746168921539,0.393236786247381,0.396711435096757,0.403939989316745,0.413600200003977,0.424082065570116,0.434144339794076,0.443094296188715,0.450720857106607,0.457089084293512,0.462402522285259,0.466822752723729,0.470429800740955,0.473258550521377,0.475291212394925,0.476503289728231,0.476881500794635,0.476436964863549,0.475232624774543,0.473422214304648,0.471303101711994,0.469378421640762,0.468372585211888,0.468968890245582,0.471335963797517,0.474879270255283,0.478606059864525,0.481553034356192,0.482982609603543,0.482358392243684,0.479248518270451,0.473355887122423,0.464492927488927,0.452503300360917,0.437262656862838,0.418655506037355,0.396521147666745,0.370694226346058,0.341245920797686,0.309184619753952,0.276885318149662,0.244388010798416,0.200474881676737,0.114202442656928,0.176820632483396,0.249919398328289,0.296142846757033,0.327423383397293,0.348531081113093,0.362045643116409
0.353663958398334,0.352453835964958,0.346233581798701,0.337182989783277,0.329705432969228,0.329555425265857,0.337715287833741,0.348969781908893,0.358409590537942,0.363661477138137,0.363811910677767,0.358458923866672,0.347371032102083,0.330715682234429,0.310156307525031,0.291942024915435,0.288904282377823,0.306121133517316,0.332505586406064,0.35876866409502,0.381762675579653,0.400904463939503,0.41633629096916,0.428337887400728,0.43721286961948,0.443293895710023,0.446956277017214,0.448664165564634,0.449015099714251,0.448740019130704,0.448580840559898,0.449040720132773,0.450171977604908,0.451623016841294,0.45289253916197,0.453556830638424,0.453352566986756,0.452169763607725,0.450020057150679,0.446877542037719,0.442651892185635,0.437116960542426,0.429936572529508,0.420621441513397,0.408500533807108,0.392758850696164,0.372401253995279,0.346180152823809,0.312386908553215,0.268600460266536,0.212939683387072,0.169127546575298,0.197932321609674,0.230126966704081,0.24372588945999,0.244348719263565,0.23912941949301,0.229663339282324,0.225124050442258,0.25051136776375,0.291684291763307,0.330187241081296,0.362271418544621,0.38818724775537,0.408760615061669,0.424779847404866,0.436926519354696,0.445796320180334,0.451920941192131,0.45580003584691,0.457900403591993,0.458730766724818,0.458760617337949,0.458355749562611,0.457753180077544,0.457026818080727,0.456037663204632,0.45450044765174,0.452081938128649,0.448438292684001,0.4432487975779,0.436268321144401,0.427447576553835,0.416916581100047,0.404880503381017,0.391480669350014,0.376567625582089,0.359451664352078,0.33874706667736,0.312412346128689,0.278784169960043,0.246872780902222,0.214561050407555,0.197261300448752,0.220609911142865,0.248480878635987,0.267627999007631,0.279757782752064,0.28735313243968,0.291862410519309,0.294331630406805,0.296329985817507,0.300001419725957,0.306398983981319,0.31416829133571,0.321025932390617,0.325713772289564,0.328957804092485,0.334150061443116,0.343734181821513,0.355489152644049,0.367474999931218,0.379797427102714,0.393127676863837,0.407033149310477,0.420252892285213,0.431832195283263,0.441330905254501,0.448610843480413,0.453692413898135,0.456688011306843,0.457825832421951,0.457379082095181,0.455613300206828,0.452794839047648,0.44916823200298,0.444952122538841,0.440418234767537,0.435911128310271,0.43191962113774,0.429201782752336,0.428852828265804,0.431803435431117,0.437725617363687,0.445383144644951,0.453660424957209,0.461810813385075,0.469391816194706,0.476163488848707,0.482041085762442,0.487037523868317,0.491235615246462,0.494669923967525,0.497358603268919,0.499323614697962,0.500578960798949,0.501139578647647,0.501060067085695,0.500435516961298,0.499415527281039,0.498222521429469,0.497141500965754,0.496488925221223,0.496482825758132,0.497122467664819,0.498137305102577,0.49905814276334,0.499366596283873,0.49858851661955,0.496326472695412,0.492205681135606,0.48594458549241,0.477380166028113,0.466397061064318,0.45290837849902,0.436868008459304,0.418279682206103,0.397219341227142,0.373888234741313,0.348539555710603,0.321090071245043,0.290476565487009,0.256106063617976,0.229216064286724,0.238943675352305,0.272619572077218,0.304397182982551,0.328142833822824,0.343761084165836,0.352032943882662
0.348306189957181,0.33946766771771,0.323438392900394,0.299575411946027,0.269990773694851,0.262124305697094,0.288201308439604,0.311531042734588,0.326733197788827,0.334371436099433,0.335054378630231,0.328847723488019,0.315118608571589,0.292334493206691,0.25750518360717,0.204998924103466,0.176391071248206,0.241683852580138,0.290727966780273,0.327715745053428,0.356815230913309,0.380231172928269,0.39922939152724,0.414599096149644,0.426875261315316,0.436480230815169,0.443823654337534,0.449327310894165,0.453437563534336,0.456597752738035,0.459193757701265,0.461490242816739,0.463572638636013,0.465355506447544,0.466647192885332,0.467238283285014,0.466944808576059,0.46563315110582,0.46322376099506,0.459617801199233,0.454644696588813,0.448064543730718,0.439561826761899,0.428713969849821,0.414968735668226,0.397641215581728,0.375844231186333,0.348395693475611,0.313678235475665,0.269430415537051,0.214287806935792,0.173584134329049,0.207708816034691,0.248528072143982,0.273903458906566,0.287632984700231,0.294299216808508,0.298293318064336,0.304777365186599,0.31800327293264,0.337573391234963,0.359828625422064,0.381570129262041,0.401136469496785,0.417921148210131,0.431847122006813,0.443078745119488,0.451870462206084,0.458515470687294,0.463314060638375,0.466567069585355,0.468605777611343,0.469718461687569,0.470142271336827,0.470050097951482,0.469485694602759,0.468386844032251,0.466621341913174,0.464029208979331,0.460408354892197,0.455560041650797,0.449308236766249,0.441575147375854,0.432343438035631,0.421593554685154,0.409242154926833,0.395075116204163,0.378728271516222,0.359803821889905,0.338231584289088,0.314946915637597,0.292003472064296,0.271489464090561,0.256091913853973,0.247324195725582,0.243560697366373,0.244894031690783,0.253488735658263,0.267991274664219,0.284189867583537,0.29902831664501,0.311585990444715,0.322069611987625,0.330727861991386,0.337325308978767,0.341201971698036,0.341557632320238,0.337670309320911,0.335063457884494,0.356529125182986,0.374628135216848,0.390258438511933,0.404330956694048,0.417447374438846,0.429774862345828,0.441121380309702,0.45118094489761,0.459708888457223,0.466580502907112,0.471769580574384,0.475320587424144,0.477353140103706,0.478048372485262,0.477585667831151,0.476139925444169,0.473899920665769,0.471051111122556,0.46778726532076,0.46429930521706,0.460775845161777,0.457437389211177,0.45505939802148,0.458651173592508,0.465641459869915,0.472991850699136,0.480273701692351,0.487236451864321,0.493705868391416,0.499571897207552,0.504765098040975,0.509257300849348,0.513064718968369,0.51622832743656,0.518751566355109,0.520645656994162,0.521940380912979,0.522673861048083,0.522896344777148,0.522685333422516,0.522154327149093,0.521432506374876,0.520654543650891,0.519953401287304,0.519395187261961,0.518939981135149,0.518437310899334,0.517636422088691,0.51625838302827,0.514021046868404,0.510662092823475,0.505917540941559,0.49955654886477,0.491461786519951,0.48155438540835,0.469793849482972,0.456181290903544,0.440779985483738,0.423727835899745,0.405224986688913,0.385531577026116,0.365039419847586,0.344644517430275,0.326652315657667,0.315353940109538,0.314417641341758,0.322326601809672,0.333650849615451,0.343645242840799,0.349626502463003,0.350250004645595
0.354088549676593,0.341451594744099,0.322971818816786,0.298381023965581,0.271236483209036,0.262197131088576,0.27872393831441,0.296074511679268,0.307320486299517,0.312448118432272,0.312221706305012,0.306868291941045,0.295859831434447,0.278486933173698,0.255087965425825,0.23111585735032,0.22636374756607,0.250801752265846,0.283822549546556,0.314718120590084,0.341811970506949,0.365283056776428,0.385491531682675,0.402761054447031,0.417384606857584,0.429640439396015,0.439800459091385,0.448162106005322,0.455024135502426,0.460668756986661,0.46533907877368,0.469207771040541,0.472361028562353,0.47480190656575,0.47646955475425,0.477269545774607,0.477099619413582,0.475861705219779,0.473456358345636,0.469784207335974,0.46470660090135,0.458029868175926,0.449523893983895,0.438905409100975,0.425879799957456,0.410140106342613,0.391412609039571,0.369588022513156,0.345058471408869,0.319589812534942,0.297801673223602,0.287221780486096,0.291486198826265,0.304599203220232,0.318765154919278,0.330451173715064,0.33943108595699,0.347024258133073,0.355025247375356,0.364835019080142,0.376815109840944,0.390302493449901,0.404220074068834,0.417636621744088,0.429927929082921,0.440752753786381,0.449979181301022,0.457610711610469,0.4637364956211,0.46846298929269,0.471960752895078,0.47441913262509,0.476019887481177,0.476925350954475,0.477218468495767,0.476922870522073,0.476013076622602,0.474419991185248,0.472039435953735,0.468751909525526,0.464400514797966,0.458870111711443,0.452069963227843,0.443936532706908,0.434398881476922,0.423358268920939,0.410688204593998,0.396264703545901,0.380024302393308,0.36205097668556,0.342585010603985,0.321837357860509,0.299606457730287,0.274786816380239,0.244815109248403,0.206177767727123,0.167375981574379,0.178349128839451,0.22155722060645,0.261203285073218,0.291791100993653,0.31498938970269,0.332576849167704,0.34576468878708,0.355289496510102,0.361647204883406,0.365500782232523,0.368585311573153,0.374805213261623,0.386534580876577,0.400708891181448,0.41470247698045,0.427771732171509,0.439833908080389,0.450899742414176,0.460926440598839,0.469826605021435,0.477513574585553,0.483926234566406,0.489042127845802,0.49287737464811,0.495499075721702,0.497008288839333,0.497523788377109,0.497181828769771,0.496130000070726,0.494511003962791,0.492478910171857,0.49020763580203,0.487901827391872,0.485922295966247,0.485316306818164,0.487965905240721,0.493130557140242,0.499041403938052,0.505020062584547,0.510781781597542,0.516171860588973,0.52110134613988,0.525525214602493,0.529408300732781,0.532732683613232,0.535515816334913,0.537783205668589,0.539534774482321,0.540785638333627,0.541577022685686,0.541954179098155,0.541970040940756,0.54168181553395,0.541145606371534,0.540420363162271,0.539563096405324,0.538585866452442,0.537444614557064,0.536044253659732,0.534241443528809,0.531869205727616,0.528780639294653,0.524802628887522,0.519766252074366,0.513525040388496,0.5059980991114,0.497146907390438,0.486965627324455,0.475492397109637,0.462823106261582,0.449123651541585,0.434640872743611,0.419733780321909,0.404944819175726,0.391096612740302,0.379324602392525,0.370850857591919,0.366306627477781,0.365117140674141,0.365625704884916,0.365812185939799,0.36388399423329,0.358450117288466
0.368564808905469,0.356249792288706,0.341592232312273,0.325901369870225,0.311952932869529,0.303008556064707,0.299541790326818,0.298432059034105,0.296396380529528,0.292502476954411,0.288557786621416,0.285331612467202,0.279835288136531,0.270590790672412,0.2600850892754,0.253717507270827,0.255874104954703,0.267057897096087,0.285005859068277,0.306776209522231,0.329780408027935,0.352171340182172,0.372910440430663,0.391550331967602,0.407983808602407,0.422287434626076,0.434617533278159,0.445158106829474,0.454099573650095,0.46163995068148,0.467950060368348,0.473162713433559,0.47736560392054,0.480596627342342,0.482853423206942,0.48411109743534,0.484330635615079,0.483456333862003,0.481421278812615,0.478155764879732,0.4736030716683,0.467646152677472,0.460171098748438,0.451069718840669,0.440300612828682,0.427898889518304,0.414045127319353,0.399174781280411,0.384152082362345,0.370409753230891,0.359858723265273,0.354219077986816,0.353969341248931,0.357933307711013,0.364130729799045,0.370946256801872,0.377607591782968,0.384087143476868,0.390761872928141,0.39802974081307,0.406055725907081,0.41470565281154,0.423663286306271,0.432535443943474,0.440973284574469,0.448720464658251,0.455612552178507,0.461567608835064,0.46656090776212,0.470603825858244,0.473771855156508,0.476176998534365,0.477922320972668,0.479067579976975,0.47964807136857,0.479671379380302,0.479113375270746,0.477910924211039,0.475990200606974,0.473244472192434,0.469568005642282,0.464875854178717,0.459080600207599,0.452108546905795,0.443879597728898,0.434307736616981,0.423302978005389,0.410773745530081,0.396629952115736,0.380754852360781,0.36293815252622,0.342739694248822,0.319287598234606,0.291017327162709,0.255449457168175,0.209707471462386,0.15941314324278,0.152313712350981,0.207315130691649,0.256360645710993,0.293482195867884,0.321755356836865,0.34350128548208,0.360300492900782,0.373309521347738,0.383515893375935,0.391960751158629,0.399858805249732,0.408409116479868,0.418199341917817,0.42897249041865,0.440071729236888,0.450952491306579,0.46128980582907,0.470905762060717,0.479698083737073,0.487594365245159,0.494539068590831,0.500494734285951,0.505444934073532,0.509395098920403,0.512384008416901,0.5144814157479,0.515769108242585,0.516345282318042,0.5163465930754,0.515907133138675,0.515177999581653,0.514358074546132,0.513709694070696,0.513586886346927,0.514410832752442,0.51648809444608,0.519731476438231,0.523744276753159,0.528115762892184,0.532541477134929,0.536810919438417,0.540794559179308,0.544413511682128,0.547634340970665,0.55042973581262,0.552784620709996,0.554718017325335,0.556254325075209,0.557394597644788,0.558149598557152,0.558546182978307,0.558614664093181,0.558384206176485,0.557878215423323,0.557112636088717,0.55609938182352,0.554831535283401,0.553270320712806,0.551347720510874,0.548978478786054,0.546061795541087,0.542524947168479,0.538288717518521,0.533235787800496,0.52726864959433,0.520352569482978,0.512475020340352,0.503664933997847,0.493985772126953,0.48354084964579,0.472479614132666,0.461017183736767,0.449449086732356,0.438147255486351,0.427541577811428,0.418083250417575,0.410105345530316,0.403665121783373,0.39842897710086,0.393703792644747,0.38858920003557,0.382178412120086,0.37371554442313
0.38502546846228,0.373040358819514,0.359957982251255,0.346370831396177,0.333074351560631,0.320713860787249,0.3093144243259,0.298081362057084,0.285532640081228,0.269593864755604,0.254532498330337,0.262482268919178,0.261315775142005,0.25092845400992,0.232906122942355,0.227974912622846,0.237078298701009,0.246812665074706,0.261684038637316,0.284794686591585,0.310934674774606,0.336172425233407,0.35927816651418,0.379985042868037,0.398329432842026,0.414446991567086,0.428515842879108,0.440727526590078,0.451263328778159,0.460281566259559,0.467912848709384,0.474270876217584,0.479441105204818,0.483482659331058,0.486433951504949,0.488315783304354,0.489129486721871,0.488874255618655,0.487537218468464,0.485093823440661,0.481515248863563,0.476785861545608,0.470889590746808,0.463857490426841,0.455777537458184,0.446826015213926,0.437282815995713,0.427580903281184,0.418313447577337,0.410189782327543,0.403906498415429,0.399966274363335,0.398482627277342,0.399150277929769,0.401390375833166,0.40460062100554,0.408361728130105,0.412475206072903,0.416883811616889,0.421602255004729,0.426656733835058,0.431996146050647,0.437503343450452,0.443025737889249,0.448401804379144,0.453475424862159,0.458133136250704,0.462300280524721,0.465916852869424,0.468984046554753,0.471545388199053,0.473642871172214,0.475301020098888,0.476540977510749,0.477364179105598,0.477752381989423,0.477657695748033,0.477018973503924,0.475753786820436,0.473765842466794,0.470983875525957,0.467330767718097,0.462719298031404,0.457073275008781,0.450318395168014,0.442376752957516,0.433168088196224,0.422600159363697,0.410556406628372,0.396879916621358,0.381344962032931,0.363637468022528,0.343356577736973,0.320131477234363,0.293925108649313,0.265644137871695,0.237971964601439,0.230851613499949,0.258861178489901,0.289351421064616,0.317483351383708,0.341830112261665,0.36231838717289,0.379387264491095,0.393629769840535,0.405690114863248,0.416249143921236,0.425948233743304,0.435315700006323,0.444665511579296,0.454072685046375,0.463440949196203,0.47259976610679,0.481383420444812,0.489660032936544,0.497331120379564,0.504325209677494,0.510591858840592,0.516098453473062,0.520828800225741,0.5247822216512,0.527984160049952,0.530497828458087,0.532389075804077,0.533732586380054,0.534623588402796,0.535182207690221,0.535551399765586,0.53589047755086,0.536380627725722,0.537206743995007,0.538528435609864,0.540423330616033,0.542872245219149,0.54576374687289,0.548939859706264,0.552235709046388,0.555502192842394,0.558610448638445,0.561482240733883,0.564063796634582,0.566327411077247,0.568260151901717,0.569849827967492,0.571102461527192,0.572042003751575,0.57266633006383,0.572975049164277,0.572976354155278,0.572680031612773,0.572090047757154,0.57120823853845,0.570035682466066,0.568559531744756,0.56674590116796,0.564539921971996,0.5618840463894,0.55873149546959,0.555042976820657,0.55078785272294,0.545897566837665,0.540298955603508,0.533988981619251,0.526983461792891,0.519317189801797,0.511053289826423,0.502281480856166,0.493118893670638,0.483710356570501,0.474219522981222,0.464840925934726,0.455774192689817,0.447180421308225,0.439133684769949,0.43157664068429,0.424296965048041,0.41695617455017,0.409140260063281,0.400431165768841,0.390495481113021
0.399519446250483,0.386708459835268,0.372707943587112,0.357575643299935,0.341448666422538,0.324579465732875,0.307516395594644,0.291279789371137,0.277230093735286,0.267417683794342,0.263321581740573,0.261513835159452,0.256695979496828,0.246024596187655,0.230642531306023,0.216073930652659,0.211829623597764,0.212565864968367,0.223414842214142,0.257960088883191,0.291427957312439,0.320966862424454,0.346869960557251,0.369594405968854,0.389548594158598,0.40706151092888,0.42240783109482,0.435810428192845,0.447460861519001,0.457521875445828,0.466128119403008,0.473388273691723,0.479384128252304,0.484188947256337,0.487861215588646,0.490449161067611,0.491990569037414,0.492522375679024,0.492063263214347,0.490625035793251,0.488223129741514,0.484875922795457,0.480654911941293,0.475642978656888,0.469954444823092,0.463760857759702,0.457302785145861,0.450874144074826,0.444805721154264,0.439432635075038,0.435042854830211,0.431816153859708,0.429797062330326,0.428900698284012,0.428956679279067,0.429761664857699,0.431123453292536,0.43288248864053,0.434937850502247,0.437226581225986,0.43970538408907,0.442342114770281,0.445093828348342,0.447898866925181,0.450689808964781,0.453405744315566,0.455999584010579,0.458414958257867,0.460634399300145,0.462661762578826,0.46450659245063,0.466179555661374,0.467684904492716,0.469009808075152,0.47012584966504,0.470980281556604,0.471514644214249,0.471645669768628,0.471269370893163,0.470310872142102,0.468692097449847,0.466334927001149,0.463156893024888,0.459085955235732,0.454060513072209,0.448020980176233,0.440906111492936,0.432652497212045,0.42319356638657,0.412462156003849,0.400402293851541,0.386995372536154,0.372328994080009,0.356713885358499,0.34089360629117,0.326420581553975,0.316227696681939,0.314767861944227,0.323951318145532,0.339152253913256,0.356314685233827,0.373351108658639,0.389293099355629,0.403777676988653,0.416790723090658,0.428494919906617,0.439133284160209,0.448969673512745,0.45823863078811,0.467109359685505,0.475676503106478,0.483966282121475,0.491953744642265,0.499586108124532,0.506802615282641,0.513546114099322,0.519768488575204,0.525432650364205,0.530513019357732,0.534996017857517,0.538887097098477,0.542209828340505,0.545011699433449,0.547343081566405,0.549261521513851,0.550839226150466,0.552161895723449,0.553320064808754,0.55441612900054,0.55556932244491,0.55687726301525,0.558414951846928,0.56021335862566,0.562258279483628,0.564518333430433,0.566934003040928,0.569428430254668,0.57192072416726,0.574333854906954,0.576591898881395,0.578639175156931,0.580440453678163,0.581970710341861,0.583221488759885,0.584188486879913,0.58486772667919,0.585276818138821,0.58541685696305,0.585277121653395,0.584847611621816,0.584121989223331,0.583097391814841,0.581767530535472,0.580121752654703,0.578138875483003,0.575790239783886,0.573037356145657,0.569847417993338,0.566195974951829,0.562060005776005,0.55741576356567,0.552223594664281,0.54648358816908,0.540217262530506,0.53346014549697,0.526258954611876,0.518675151937816,0.51077695904914,0.502647117393762,0.494377231805576,0.48605329045816,0.477745256583936,0.469494733505939,0.46129330685889,0.453070313768702,0.444690166653836,0.435962266024925,0.426659592314044,0.416557993311189,0.405465882501995
0.412435933626197,0.3986686635628,0.383396918267456,0.366346717967817,0.347161004603547,0.325379858816947,0.300599803729961,0.274921867769946,0.263158719995892,0.259521286357582,0.263216811168049,0.263694590526107,0.258127572670373,0.245990079521897,0.226862766212323,0.200877066240949,0.174576379686733,0.171394029352618,0.212074698250974,0.250651637858254,0.284482640201074,0.314256565264553,0.340458871944058,0.363536529357649,0.383886814571478,0.40184448923567,0.417681438723593,0.431614632397538,0.443824518417654,0.454458655372329,0.463639161866392,0.471476417187003,0.478062610168602,0.483475733065038,0.48778873311726,0.491054371076867,0.493329489125191,0.494663932368845,0.495094363372502,0.494657922997409,0.493384643984641,0.491327230702279,0.488555870461383,0.485172908341767,0.481294268419791,0.477050886145944,0.472598630393131,0.468113792977241,0.463777511368315,0.459756408660731,0.456185416553663,0.453161281135942,0.450720326865888,0.448838575371648,0.447468357007304,0.446535412839973,0.445952679334757,0.445640091922101,0.445528450594434,0.445555539813884,0.445685765477036,0.445906159904391,0.446201440357557,0.446564991636799,0.446996925224024,0.447502824160988,0.448081995095802,0.448750704653633,0.449531842722846,0.450449112645697,0.451524781760879,0.452767813085802,0.454168594887332,0.455690495030309,0.457275446421955,0.458848482583048,0.460304127707375,0.461518370624484,0.462385342506644,0.462807220564486,0.462692632385141,0.461960445583062,0.460538414828529,0.458362479984079,0.455385727531895,0.451570472706573,0.446889711328681,0.441329230936801,0.4348961663439,0.427628409901226,0.41960935108484,0.411002674377515,0.402091934021283,0.393332456428806,0.385408130446218,0.379252480594355,0.375946078973152,0.376369280492016,0.38070490282463,0.388290540967242,0.398034160320373,0.408890448122804,0.420081723068888,0.431115769776239,0.441720450994867,0.45177721269774,0.461267213375674,0.470228814017822,0.478722875749851,0.48681580177814,0.494555431000225,0.501966236607097,0.509050395618899,0.515794358449108,0.522175109012752,0.528165967778921,0.533741028499859,0.538878339492991,0.543567473737474,0.547806051599485,0.551598283705513,0.554960284296606,0.557927829763616,0.560537968431531,0.562831804278037,0.56485902005446,0.566678291857906,0.568348609579835,0.569926605908875,0.571471187282075,0.573038127291981,0.574672841294787,0.57640014365514,0.578214739559272,0.580101351767639,0.58203875971378,0.583993444315712,0.585924556846978,0.587788454151652,0.589542071512326,0.591140209812213,0.592546223112101,0.593736343870788,0.594689368229872,0.595391457201939,0.595834852600367,0.596018831195506,0.595941343044105,0.595610681592509,0.59501666930835,0.594144923707519,0.592986031272941,0.591530979610605,0.589775015122153,0.58770367097372,0.585296708903394,0.582528647049309,0.579381315696399,0.57584451208909,0.571905242461414,0.567537742469423,0.56273311780712,0.557497918630937,0.551840941249611,0.545779079172953,0.539341766208305,0.532567176304384,0.525495958969713,0.518171880356317,0.510635142297515,0.502915455615662,0.495026978934576,0.486960830952731,0.478680030054093,0.470119289430917,0.461181068359822,0.451738407434265,0.441641241169802,0.430723730679634,0.418808064967181
0.425982493006401,0.41240607492473,0.397561865788232,0.3813144047059,0.363599173301601,0.344587664779879,0.325205686838625,0.308179984360154,0.296914323283511,0.290203407384994,0.284416645346285,0.276979625417534,0.266207125836835,0.251119156995878,0.23146891044284,0.208928601109968,0.193704106208178,0.204698464416943,0.232496259116373,0.26300263749045,0.291941945411398,0.318397156254773,0.342314685610654,0.363834865340784,0.383137616622015,0.40040189805565,0.415795049885522,0.42947524180101,0.441580080641423,0.452226390210428,0.46152336566495,0.469562737457397,0.476426020107505,0.482191931362193,0.48692609317245,0.490690267590075,0.4935444271494,0.495535556395702,0.496705830237075,0.497087289675314,0.496723196984187,0.495672330255237,0.494004553210026,0.491797526893348,0.489140252391764,0.486135312629096,0.482879695575617,0.479472924857714,0.476017355614584,0.472609080113019,0.46932232692275,0.466207089705269,0.463292899926403,0.460585821992088,0.458068381399506,0.455705107370613,0.453457851515945,0.451286982187692,0.449156118970739,0.44703892389728,0.444926442475785,0.442822943277956,0.440742850831281,0.438717159500052,0.436787514998867,0.434999358361604,0.433431125042254,0.432173765335194,0.431321846650378,0.430966243079151,0.431185859967621,0.432023394943551,0.433474476756066,0.435483113910058,0.437940645682759,0.440684734321708,0.443545084223974,0.446359141317605,0.448972449341434,0.451250123954403,0.453082816142732,0.454383266837896,0.455086007509144,0.455134619384036,0.454498904117284,0.453166691002469,0.451146504372291,0.448468307976664,0.445187479616039,0.441391910626336,0.437216094994826,0.432849092760905,0.428543644191337,0.424620730150314,0.421461962043047,0.419476287307141,0.419037338799518,0.420397996456362,0.423609926225554,0.428513569440944,0.434787847320647,0.442044750248284,0.449910402789313,0.458068381373439,0.466284863083415,0.474400501687678,0.482316568903404,0.489979856007924,0.497368205261375,0.504476197310963,0.511305770441509,0.517856403860572,0.52412322607074,0.530096572099796,0.535763373289876,0.541109566810184,0.546126550225703,0.550806231767977,0.555143624240166,0.55913786297328,0.562792632861853,0.566119165143898,0.56914329625975,0.57189060801661,0.574388256001157,0.576667751301267,0.578766436233312,0.580720636551351,0.582562852276157,0.584323877887238,0.58603740995118,0.587726408630404,0.589401648668907,0.591067199187848,0.592716020039283,0.594337993003795,0.595923475973408,0.597453565198533,0.598905386476698,0.600254003515304,0.60147394174187,0.602539044041812,0.603420647907326,0.604101641892313,0.604568140251801,0.604808240786111,0.604810921984244,0.60456468243138,0.604060785006443,0.603296159259856,0.602281225916478,0.601011474321153,0.599473964295205,0.597656928166848,0.595547641359014,0.593133908364013,0.59040274743083,0.587347265818113,0.583959064194725,0.580232101448607,0.576138274318885,0.571661154535238,0.566818049198611,0.561620616757699,0.556077645440519,0.55020143157496,0.544011627756343,0.537527742573376,0.530765612183583,0.523735037055036,0.516439412708171,0.50887129796173,0.501008141878217,0.492811713133357,0.484225391485765,0.475175471010355,0.46557119734014,0.455308701428053,0.444270478697615,0.432323426117533
0.441328291596193,0.429136859513705,0.416230380136954,0.402678465603028,0.388648940001302,0.374445855541131,0.360503658440475,0.347254080346589,0.334853834679029,0.322946217076177,0.310726548387564,0.297221400031862,0.281586542661674,0.26342636165641,0.243497659407061,0.226314584897512,0.225142081270739,0.241119179525806,0.263145170527949,0.286623593784872,0.309746450788206,0.331696642800429,0.352131068666181,0.37094216686562,0.388129106447953,0.403739608833867,0.417843298685977,0.430520405785368,0.441857692353184,0.451937636683961,0.460839333901536,0.468635231318746,0.475394789506625,0.481175491061831,0.486029519734261,0.490011137227248,0.493165259591492,0.495529176764927,0.497136997400351,0.498030962209725,0.498255024225627,0.497860940702033,0.496903556537136,0.495440039410693,0.493531292130983,0.491240106692531,0.488630023259455,0.485766008201879,0.48270079893559,0.479478457108077,0.476141014837043,0.472723927526269,0.469245690113401,0.465710541449446,0.462110406722736,0.458429066388362,0.454644692190645,0.450735469338448,0.446682530607357,0.442479139670569,0.438125921385003,0.43363874996373,0.429054489487332,0.424422044544256,0.419810157498191,0.415331190156389,0.411137396336402,0.407420518370924,0.404407374407642,0.402347155013857,0.401477237208296,0.401957628776909,0.403817591583279,0.406929490482383,0.41103658039442,0.415829043268534,0.420989662625345,0.426234231614076,0.431328877882957,0.436092624622088,0.440395410064619,0.444149426828596,0.447304568299957,0.449826861777074,0.451709268719346,0.452967495807036,0.453635537187779,0.453765925855562,0.453432909039255,0.452735356143413,0.451796361884717,0.450763738286247,0.449809665389493,0.449125737534686,0.44891065158133,0.449352555216747,0.450604877275117,0.452765135761535,0.455859986547825,0.459842953989674,0.464608647171603,0.470014854965788,0.475903764660386,0.482120470551014,0.488525644158138,0.495003762172072,0.501467061679957,0.507850347604889,0.51410625393773,0.520200465514028,0.526107786965413,0.531811569016681,0.537297308436135,0.542554892458671,0.547575475508495,0.552350375643756,0.556872311131745,0.561135724074632,0.565137217270459,0.568875948094087,0.572353825178125,0.575577705070699,0.578564921059797,0.581331708623704,0.583894557636001,0.586271974043679,0.588486301273426,0.590558966438698,0.592508779987174,0.594353474822287,0.596109195413542,0.59778931086297,0.599402510862602,0.60095491624266,0.6024458666068,0.60386727686331,0.60520783228036,0.606459920760639,0.607613049337227,0.608654404957513,0.609569614848067,0.610343564140801,0.610960917644084,0.61140427509882,0.611655616345286,0.611704146429992,0.611540898147644,0.611156726159237,0.610541286253385,0.609686724922841,0.608589200128293,0.60724207041305,0.605639384321658,0.603783076599722,0.601668134819198,0.59928489105181,0.596624426921078,0.593681337113557,0.590447953771511,0.586916397143955,0.583063065929012,0.57888050271021,0.57437210653725,0.569549612693286,0.56442522097712,0.559002008938371,0.553282298936152,0.547268025776069,0.540963383937168,0.534367898299004,0.527474848214675,0.520270102183959,0.512731532422118,0.50482965169088,0.496524999488348,0.487770120255046,0.478511780691026,0.468692544790988,0.458251518274912,0.44713568052114
0.457945835417461,0.447487214012127,0.436640888334078,0.425463599015731,0.414030597430993,0.402421775929294,0.390700992008831,0.37887683995284,0.366864286809617,0.354465591734697,0.341385245193639,0.327283969485782,0.311875009265935,0.29512065099657,0.277804588023968,0.263583863996608,0.263321535224827,0.278507689520305,0.297802870302695,0.317214668163435,0.335829110773823,0.353415413833563,0.369901836809872,0.38526192642691,0.399493688865452,0.412611712473583,0.424643027149548,0.435616708381053,0.445564066413772,0.454518286959494,0.462518919770911,0.469608399858513,0.475824124351166,0.481203958617735,0.485790430604581,0.489618441490671,0.492716147240905,0.49511561359995,0.496847493710711,0.497943504757308,0.498436477872497,0.498364043446909,0.497764344486329,0.496675489779139,0.495135018166379,0.493179043367622,0.490841316940098,0.488152252212356,0.485141341471522,0.481837171243596,0.478260070535996,0.474419545725638,0.470318341194767,0.465955020399387,0.461320147804309,0.456397954348285,0.451167769700203,0.445606934142009,0.439697413229606,0.433427588028046,0.426794490077607,0.4198021373109,0.412468544148316,0.404845267755067,0.397014589463681,0.389101334777139,0.381296351566342,0.373885096219118,0.367290902319348,0.362125361678969,0.359171904964464,0.359157654347241,0.362337273470725,0.368268735752154,0.376066805952523,0.38483688633986,0.393898234676699,0.402800871566011,0.411267787720924,0.419136839054018,0.426320099120416,0.432780706049664,0.438519556681838,0.443551715121802,0.447902995898499,0.451617755443542,0.454752842260201,0.457377189584887,0.459570270545351,0.461422159163171,0.463033283554389,0.464512120894067,0.465971966659304,0.467526248998521,0.469281814796008,0.471333352551664,0.473755950735796,0.4766008254663,0.479892769909431,0.483627850839879,0.487776035424319,0.4922871454316,0.497096372236963,0.502134933722117,0.507334536684308,0.512630948008102,0.517966590978837,0.523291633355595,0.528563943448563,0.533749234173124,0.538821227892398,0.543757373567946,0.548540178581795,0.553157672676133,0.557598940334866,0.561855125535414,0.565919164396298,0.56978573123272,0.573451239442108,0.576913844307007,0.58017346715457,0.583233325384136,0.586104115149289,0.58879501143785,0.59131488675437,0.593673484876973,0.595883237560828,0.597956247548204,0.599904846340582,0.601738233557031,0.603461869621347,0.605082665107327,0.606609006661381,0.608045472022801,0.609392997563997,0.610649067718829,0.611807355044846,0.612857621134024,0.613794199959699,0.61461038604969,0.615298093784524,0.615848549747242,0.616251753710944,0.616496765681957,0.616572581279305,0.616466632415171,0.616165495319495,0.615661028285971,0.614946177807409,0.614017852139931,0.612870798793557,0.61149875081746,0.609894971227282,0.608054671826666,0.605972967323912,0.603644973644715,0.601070641164006,0.598251448330972,0.595183202187193,0.591856819363216,0.588248045086986,0.584353248335645,0.580173427596087,0.575709767189894,0.570963624655663,0.565942050177895,0.560649522513935,0.555083227125271,0.549237683848873,0.543104920730585,0.536677642951623,0.529946284360248,0.522897299967477,0.515513514202287,0.507774641065542,0.499658352922985,0.491140169272115,0.482199132979363,0.472821858402835,0.4630039788212
0.475040158187734,0.466260007529484,0.457248558260216,0.448034363161825,0.438647907282971,0.429117785638662,0.419466921886842,0.40971111252597,0.399863493923601,0.389949442795671,0.380036760760365,0.37028558042843,0.36101948577684,0.352806719224433,0.346500113084967,0.343111222354665,0.343413940799982,0.347477850136219,0.354625899206213,0.363860206256291,0.374273527334291,0.385198425377458,0.396189773444254,0.406962407694247,0.417335549006879,0.427190386516064,0.43645047835755,0.445071236499058,0.45302706602171,0.460309579367609,0.466915576950924,0.47284721317218,0.478110093752598,0.482712852314145,0.486671510477449,0.490002547671968,0.492723914442816,0.49485394459992,0.496410354619376,0.497410923045263,0.497875245923305,0.497825691422632,0.49728392090551,0.496270491803343,0.494804345185094,0.492904004217361,0.490587137902945,0.487868526923852,0.484758673688171,0.481263749452034,0.477385130223713,0.473118862117369,0.468455756193185,0.463381741351848,0.457875549694354,0.451908519753045,0.445450865001748,0.438472498621637,0.430940526907748,0.422815932815889,0.414063398335025,0.404660130146797,0.394597151479777,0.383889677240204,0.37258668063029,0.360781839101268,0.348619478751209,0.336286194215804,0.323985775551255,0.311981772747292,0.3012166210004,0.297023085675186,0.307313309105049,0.323372852141899,0.339626649574797,0.354966560595598,0.369158265831831,0.382172229058055,0.394042092954895,0.404823856608566,0.414581469693045,0.423381712318428,0.431300006371771,0.438410203910105,0.444779739741932,0.450478313836863,0.455580068663398,0.460160314365785,0.464295928961179,0.468065064472631,0.471546442440846,0.474818198291312,0.477956604936421,0.481033841915491,0.484116534192491,0.487263342622705,0.490522264957261,0.493929157025073,0.497506396099662,0.50126286299992,0.50519656871909,0.509295108591648,0.513537797663467,0.517898086284144,0.522346333593097,0.526852527742411,0.531386335190789,0.53591891490369,0.540423699987637,0.544876766302056,0.549256928824792,0.553545661176078,0.557726919923665,0.561786934833506,0.565714314887626,0.569501596465796,0.573142139117903,0.576630463106623,0.579962402079323,0.583135003868428,0.58614642681831,0.588997326944907,0.591693507178835,0.59423916673317,0.596638171555329,0.598894725908314,0.601015312100145,0.603008015176417,0.604878834377634,0.606631680287188,0.608269156439206,0.609794171827685,0.611211241346471,0.612523620279099,0.613732448972615,0.614836817582382,0.615833928464736,0.616719251476854,0.61748492825089,0.618124585603534,0.618633892066055,0.619007499417941,0.619239231240392,0.619322252185292,0.619249213718726,0.619012374825234,0.618603698455313,0.618015601517626,0.61724119995766,0.616274836086549,0.615111901119546,0.613747271120101,0.612175455815138,0.610392335564211,0.608394330168063,0.60618070205993,0.603750728333112,0.601102228889586,0.598231944629451,0.595129796112959,0.591779098776993,0.588177537901765,0.584325115079145,0.580222984422619,0.575871954689005,0.571272506986539,0.566423669352739,0.561325691575799,0.555980696241691,0.550385553691224,0.544533771251956,0.538418298346548,0.532031247570274,0.525367004455333,0.518418204253967,0.511179828592947,0.503649299731169,0.495826346541357,0.487714941761568,0.479324003272197
0.4920782720399,0.48492128730651,0.477655325483642,0.470308370010746,0.462912939887443,0.455507092149075,0.448136378822398,0.440857236801537,0.433742170376067,0.426886678408699,0.420417046450333,0.414496777981327,0.409327706427731,0.405140434453124,0.402169417582609,0.400613000948513,0.400588330556599,0.402099708248671,0.405032730655389,0.409180356091055,0.414288412160632,0.420092281188528,0.426345320756658,0.432834298150787,0.43938338685524,0.445852608139575,0.452132473649151,0.4581424347545,0.463819912199344,0.469115539514391,0.47399107442292,0.47842224631845,0.48239464654052,0.4859010093485,0.488935735382617,0.491496267854497,0.493582414443304,0.495195491149076,0.496337926496112,0.497011982369169,0.497223758645756,0.496981764462251,0.496295739044486,0.495174442083443,0.493625986977582,0.491656203717544,0.489268812744933,0.486464982689079,0.483242850249353,0.479597012639497,0.475517937818765,0.470992210613907,0.466001816244827,0.460523550663331,0.454528177955401,0.447983053235329,0.440847142912717,0.433076630860085,0.424623009566654,0.415432012107421,0.405444202551796,0.394596482230709,0.382825328415262,0.370075406552038,0.356319556888599,0.341607332740126,0.326191468193232,0.310830832997143,0.297399787639772,0.288983241252529,0.287426822644954,0.292438274089811,0.303104093269692,0.317292516396429,0.332700184694947,0.347965645144042,0.362487418465767,0.376043581852301,0.388579825057827,0.400113878291965,0.410693810707511,0.420379959043006,0.429240007670989,0.437348462526419,0.444773246091179,0.451577498260458,0.457824134853938,0.463576713611068,0.468897127756634,0.473845669285256,0.478480857995806,0.482858900619678,0.487032966170564,0.491052089862327,0.4949610497682,0.498799743652584,0.502602166420531,0.506395929567211,0.510202040239104,0.514034932390427,0.517902780123528,0.521808064662524,0.525748338875277,0.529717116022072,0.533704804537025,0.537699617317532,0.541688399139447,0.545657335278164,0.549592524149759,0.553480413700467,0.557308113604742,0.561063602600437,0.564735852982259,0.568314893446715,0.571791828384624,0.575158827525721,0.57840909549196,0.581537237176357,0.584540030653396,0.587414155770919,0.590156846352943,0.592767391341018,0.595248258195175,0.597600502526617,0.599824975000678,0.601923550220086,0.603900082000676,0.605757686932173,0.607498713776325,0.60912553318572,0.610640020801196,0.612043147340033,0.613334937910087,0.61451688835783,0.615589877242598,0.616553598801293,0.617406605455366,0.618146378651368,0.618769422787025,0.619271333804663,0.619645328526523,0.619886765564414,0.619991980281613,0.619956725242436,0.619776258844281,0.619445426877938,0.618959998905473,0.618317191058186,0.617512681933503,0.616541850120961,0.615399801733523,0.614080385907059,0.612577162818982,0.610886943773824,0.609009432887703,0.606944600024297,0.604691370647182,0.602248019579071,0.599611792084332,0.596769744473838,0.593715590931478,0.59044833352958,0.586966949787121,0.583270642986767,0.579360178266213,0.575236454229887,0.570900094437364,0.566351449488203,0.561590624361463,0.556617540151142,0.551432356571306,0.546036385053666,0.540430920390899,0.534616564980472,0.528595674952022,0.522370951351188,0.515948214844651,0.509336769972215,0.502548545545513,0.49559848597356
0.508573087331207,0.502972564403354,0.497356777117176,0.491755266837251,0.486202038990379,0.480736274093124,0.475403136686871,0.470254600673978,0.465350116602899,0.46075683048295,0.456548951448321,0.452805808039393,0.449608201880287,0.447032932562179,0.44514584987678,0.443995702789388,0.44360650180777,0.443972306016449,0.445057406219629,0.446799311139812,0.449114597645184,0.451906273863537,0.455071785352271,0.458507984290262,0.462116465233947,0.465809545819576,0.469507332579928,0.473139571504074,0.476646424878569,0.479977059543213,0.483088677611704,0.48594847703114,0.488529925514797,0.490810578955886,0.492772259876337,0.494400303603066,0.495683182156351,0.49661225957436,0.497180718160629,0.497382009498512,0.497213263744231,0.496673461280582,0.495761774765795,0.494477169507798,0.492818175552319,0.490782559010787,0.488367002411811,0.485566795888387,0.482375541055264,0.478784870206881,0.474783703834664,0.470357351635267,0.465489437077398,0.460162840927784,0.454358461943107,0.448054668333141,0.441227574862647,0.433851191752564,0.425897632460002,0.417339316600496,0.408150254343391,0.398309100837976,0.387804661313994,0.376646121180717,0.364883342671535,0.352650839361363,0.34027447073033,0.328551753272482,0.319412255099756,0.31609743052654,0.319499675174524,0.32690842999203,0.336189437515779,0.34640633400904,0.357092972120238,0.367938874318472,0.378709587850962,0.389230683210332,0.399381126067549,0.40908425073364,0.418296635302409,0.426999694881188,0.435192528149332,0.44289075953959,0.450118549384302,0.456903014980096,0.463273684177314,0.469261940878195,0.474902596409635,0.480230923807749,0.485281920595747,0.490089722792785,0.494687076739935,0.499104857984598,0.50337163878604,0.507513313797032,0.51155279750145,0.515509807354901,0.519400743746212,0.523238672595547,0.527033409614957,0.530791698119548,0.534517465911278,0.538212142068863,0.541875012012573,0.54550358909401,0.549093982919264,0.552641248097643,0.556139701431563,0.559583200051503,0.562965377100259,0.566279834913917,0.569520298059006,0.572680730062621,0.575755418334434,0.57873903181631,0.581626655519383,0.584413805518765,0.587096427335985,0.589670880066077,0.592133909357927,0.594484645180872,0.596724099967723,0.598852434840734,0.600869873288449,0.60277619364017,0.604572322548874,0.606259892123446,0.607840031074519,0.609313799672353,0.610681793704516,0.611944080664446,0.613100159166104,0.614148704466983,0.615089425470325,0.615922106053394,0.61664587729924,0.617259241882646,0.61776011109941,0.618145852350272,0.618413344697215,0.618559040064632,0.618578354234992,0.618466445277203,0.618220759783971,0.617840180849163,0.617322469323045,0.616664977563783,0.615864811569883,0.614918848202055,0.613823750906182,0.612575984348603,0.611172118439482,0.609611257888875,0.607892760198261,0.606015596942792,0.603977683408779,0.601777145270516,0.599408779271715,0.596864347369636,0.594143625471491,0.591246705493552,0.588173800170199,0.584925258141329,0.581501573170502,0.577903544645301,0.574133256823385,0.570192650767373,0.566083868201577,0.561810305733614,0.557375872965554,0.552785126366905,0.548043434123302,0.543157166342935,0.53813390925585,0.532982700939349,0.527714812675277,0.522343378069573,0.516883205406892,0.511351748476551
0.523770310173147,0.519552931982043,0.515371307286597,0.51124887564797,0.507211270404185,0.503286210120616,0.499503601117801,0.495895777798417,0.492496268436072,0.489339376604511,0.486459201476738,0.483888561546224,0.481657501705624,0.479791706827878,0.478310778414902,0.477226694787093,0.476542619334469,0.476252206333768,0.476339510929594,0.476779524151489,0.47753926698977,0.478580713516841,0.479861546554743,0.481335680898649,0.482955787574405,0.484674764748816,0.486446941381578,0.488228937704976,0.489980237603198,0.491664174433279,0.493249464503465,0.494707014691274,0.496010981821367,0.497138764687253,0.498070512371034,0.498788826722142,0.499278480847315,0.499526061728611,0.499519962471689,0.499248645287831,0.498704054308159,0.497880183535936,0.496771699414304,0.495373820429392,0.49368214254684,0.491692492783872,0.489400815406324,0.486803096655898,0.483895335764595,0.480673315704875,0.477133492424141,0.473273434483526,0.469091496894852,0.464587270918758,0.459762224683574,0.454620593701421,0.449170604277458,0.443426143021133,0.437409024795285,0.431152058033728,0.424703151420801,0.418130721291111,0.411530572882348,0.405034080614645,0.39881657901658,0.393102970154619,0.388164504195557,0.3842978826851,0.381780297695362,0.380808138293821,0.381443428337962,0.383601945159193,0.387088678939292,0.391654962533872,0.397048436719367,0.403040010500559,0.409434703218774,0.416072573060347,0.422825559776872,0.429593182361589,0.436298250479404,0.442882962175486,0.449305476749616,0.455537045021682,0.461563119622618,0.46737626356418,0.472973566391432,0.478357219816996,0.483532512798259,0.488508170797628,0.493295868951142,0.497908552785808,0.502359844037906,0.506663539881132,0.510833193294258,0.514881766209463,0.518821349807432,0.522662947940428,0.526416320314167,0.530089881941347,0.533690654728289,0.537224266119866,0.54069498874438,0.544105814171784,0.547458553373063,0.550753956327479,0.553991843482873,0.557171242390277,0.560290523724146,0.563347531958267,0.566339707086688,0.569264194863016,0.572117944007349,0.574897789651966,0.577600522945566,0.580222947214546,0.582761921407942,0.585214391759187,0.587577412715058,0.58984815824072,0.592024424021117,0.594105929953775,0.596091908754734,0.597981263515839,0.59977336821413,0.601467317747626,0.603063202596691,0.604561505706379,0.605962867160604,0.607267401369536,0.608474962561233,0.60958513597601,0.610597221683426,0.611510225648644,0.612322731737369,0.613033191448267,0.613640898019313,0.614144894426311,0.614543896470787,0.614836311908291,0.615020264562218,0.615093624436556,0.615054845103269,0.614902490723139,0.614634519742041,0.614248558101547,0.613741529502016,0.613111723268805,0.612357476989466,0.611476981267641,0.61046833347337,0.609330612224319,0.608062954858979,0.606664650353617,0.605135359125744,0.603474659836623,0.601682027239417,0.599754836850223,0.597687009597081,0.595478555103487,0.593130099568789,0.590642255293889,0.588015869213873,0.585252449552786,0.582353840760267,0.579322070333856,0.576159915813083,0.572870685890002,0.569458478909499,0.565928531168681,0.562286721998798,0.558539626929624,0.554694619296649,0.550759981262352,0.546745023434336,0.542660211978409,0.538517301879707,0.534329474775439,0.530111479487709,0.525879772862159
0.536836167293674,0.533758170378625,0.530726961090015,0.527757552899491,0.524865520920798,0.522066851737992,0.519377745774528,0.516814367862961,0.514392544127728,0.512127406974687,0.510032994849211,0.508121819180212,0.506404416972973,0.504888912978031,0.50358061921713,0.502481700903493,0.501591540676691,0.500906359836407,0.500418418633404,0.500116641823012,0.499986868082958,0.500012203016835,0.500173450894493,0.500449596095254,0.500818304597005,0.501256418221073,0.501740418898435,0.502247368974977,0.502755872295345,0.503244488740107,0.503692698742034,0.504081110531949,0.50439157174247,0.50460723425056,0.504712580165712,0.504693416941778,0.504536839439919,0.504231149472146,0.503766002218179,0.503131215852252,0.502319027889337,0.501323458463442,0.50013973053496,0.498764043740359,0.497193560837648,0.495426332968832,0.493461541837816,0.491299875567616,0.488943311200059,0.486395267912681,0.483660823351731,0.480746991236322,0.477663068006497,0.474421055732076,0.47103616674866,0.467527411747452,0.463918266158197,0.460237398036984,0.456519422296584,0.452805618835921,0.449144514368522,0.445592180128241,0.442212045669242,0.439073986825249,0.436252470677102,0.433823655163107,0.431860947920328,0.430429973720607,0.429583238962544,0.429355802869351,0.429762193049982,0.430794971251678,0.432426416698532,0.434611853155873,0.437294175692139,0.44040870749629,0.443888059930871,0.447665527108229,0.451677671723708,0.455866486659698,0.460180112168833,0.464573214399955,0.469006977728705,0.473448821654684,0.477871948073267,0.482256282327,0.486587664952575,0.490853563084476,0.495044755331359,0.499154854632304,0.503179740302125,0.507116718242294,0.510965585069323,0.514727509330369,0.518404497779873,0.521999120691267,0.525514276703206,0.528952994935596,0.532318272008658,0.5356129414875,0.538839573144775,0.542000399292267,0.545097265296527,0.548131601285412,0.551104411991629,0.554016281681144,0.55686739118666,0.559657544209298,0.562386200258782,0.565052511861315,0.567655363959827,0.570193413746334,0.572665129485073,0.575068827193837,0.577402704339043,0.579664960016719,0.581853965474644,0.583967875893604,0.586004813235688,0.587963060364946,0.589841549614702,0.591639727030914,0.593356474362046,0.594990812985161,0.596541783053495,0.598008449885738,0.599390528036269,0.600687670882554,0.601899526956861,0.603025656463792,0.604065525336784,0.605018494048861,0.605883809138602,0.606660597685151,0.607347864875786,0.607944494718913,0.608449172556472,0.608860407093429,0.609177598214744,0.609400472402514,0.609528318364948,0.609560311347032,0.609495529492989,0.609332963690828,0.609071528747017,0.608710075693864,0.608247405055295,0.607682280925575,0.607013780612496,0.606241493149992,0.605364552224543,0.604381809658112,0.603292869549538,0.602097756373601,0.600796743761421,0.599390116998926,0.597875416872513,0.59625071446616,0.5945170571897,0.592675721254798,0.590728232456246,0.588676388438874,0.586522282658402,0.584268330240632,0.581917295927246,0.579472324265314,0.576936972148408,0.574315243747472,0.571611627776946,0.56883113692443,0.565979349128971,0.563062422998471,0.560087324328284,0.55706191819394,0.553994754864608,0.550895102548264,0.547772982704693,0.544639198829829,0.541505355957267,0.538383867556287
0.547143720981213,0.544958656474102,0.542808929300306,0.540702589438883,0.538647623410489,0.536651859668388,0.534722904962925,0.532868189130904,0.531094533398076,0.529408124533421,0.527814408305601,0.526317961488034,0.52492237039999,0.523630120936111,0.522442505055805,0.521359548380954,0.520379962872829,0.519501127554051,0.518719098975595,0.51802865170303,0.517423347632502,0.516895631573359,0.516436949366901,0.516037883939505,0.515688656549537,0.515379412017674,0.515099491285084,0.514838002692506,0.51458397716671,0.51432650536854,0.514054863318735,0.513758625162384,0.513427762535514,0.513052730705242,0.512624542248343,0.51213482950559,0.511575863313005,0.510940682565905,0.510223103545377,0.509417083239739,0.508518333916945,0.507523678434046,0.506431042276003,0.505239424413305,0.503948841188146,0.502560373665628,0.501076223486022,0.49949977741372,0.497835680817523,0.496089919658456,0.494269909713498,0.49238459068569,0.490444521504966,0.488461971482718,0.486451000043704,0.484427515562045,0.482409301483251,0.480415995630162,0.47846900670548,0.476591351005394,0.474807392878829,0.473142475225037,0.471622431999395,0.470272983725151,0.469119029292303,0.468183861963826,0.467488352635565,0.467050156273845,0.466883005029771,0.466996281412515,0.467394823459169,0.468078523956512,0.469042419655857,0.470277040784858,0.47176895234738,0.473501433323771,0.475455232733638,0.477609337792266,0.479941777791213,0.482430250550882,0.485052684582418,0.487787718937555,0.49061507530246,0.493515827690926,0.496472572032627,0.499469506875481,0.50249253316357,0.505529860133854,0.508572411224252,0.511610997424155,0.514637658178121,0.51764562056504,0.52062917679297,0.523583560060102,0.526504821451618,0.529389468553369,0.532234780053354,0.535038749406578,0.53779971486147,0.540516370245622,0.543187631570666,0.54581255882083,0.54839030165131,0.550920054605996,0.553401021149579,0.555832401466841,0.558213402257083,0.560543147238696,0.562820698516977,0.565045059723429,0.567215240514853,0.569330165440979,0.571388685663622,0.573389602520603,0.575331672876634,0.57721361338256,0.579034106363039,0.580791867041221,0.582485620705115,0.584114297024328,0.585677339546793,0.587173862438147,0.588602951706052,0.58996368848762,0.591255147594418,0.592476418464406,0.593627028559316,0.594706408304605,0.595713970583721,0.596649124670488,0.597511246267157,0.598299747301471,0.599014146219809,0.599653836518102,0.600218188607177,0.600706556240076,0.601118278342092,0.601452681738289,0.601709084752712,0.601886762145038,0.601984844978788,0.602002883429578,0.601940486311773,0.601797258057021,0.601573105121769,0.601267926201001,0.600881541110782,0.600413799897556,0.599864588576446,0.599233835212588,0.598521516393021,0.597727661319329,0.596852373477964,0.595896060675531,0.594857381571583,0.593735910269593,0.592532685891678,0.591248937099727,0.589886092970022,0.588445793965177,0.586929799252002,0.585340158752656,0.583679274692715,0.581949792969065,0.580154616948253,0.578296921228787,0.576380165191119,0.574408106110154,0.572384811548901,0.570314670688401,0.56820240417869,0.566053072018881,0.563872078892644,0.561665176299981,0.559438460739613,0.557198367111843,0.554951656433919,0.552705394833898,0.550466922623885,0.548243910659466
0.554176111380711,0.552680203201335,0.551202453201508,0.54974657775517,0.5483161577606,0.546914601513759,0.545545106538969,0.544210620996617,0.542913805382112,0.541656995311531,0.540442166251188,0.539270901084668,0.538144361416534,0.53706326348308,0.536027859475112,0.535037924975891,0.534092753081885,0.533191155609764,0.532331483084419,0.531511899906541,0.53073008446686,0.529983236736583,0.529268200684658,0.528581504649904,0.527919406288128,0.527277941230268,0.526652974551218,0.526040254149976,0.525435465177165,0.524834284710829,0.524232435969476,0.523625741455985,0.523010174539787,0.522381909101145,0.521737366973908,0.521073255109089,0.520386593989738,0.519674867062986,0.518935922166178,0.518167710843949,0.517369081584767,0.516539494697749,0.515678947576571,0.51478798195021,0.513867843884376,0.512920418012008,0.511948213244754,0.510954375106142,0.509942693972776,0.508917608378794,0.50788420236508,0.506848195692576,0.505815925602674,0.504794318714364,0.503790851617993,0.502813498781433,0.501870666549377,0.500971112311527,0.500123848357172,0.499338030529315,0.49862283253533,0.497987307639651,0.497440240413514,0.496989992182144,0.496644344707619,0.496410347379946,0.49629417366249,0.496300992665327,0.496434861442392,0.496698646845856,0.497094080968823,0.49762169499358,0.49828074559245,0.499069264681325,0.499984129713624,0.501021159455828,0.502175230366426,0.503440408054736,0.50481008805814,0.506277140317856,0.507834052193013,0.509473065548885,0.511186304298521,0.512965889682709,0.51480404146853,0.516693164075558,0.518625917363393,0.520595272413661,0.522594553107487,0.524617464639789,0.526658110336489,0.528711584608381,0.530773491256776,0.532839132189159,0.534904164343175,0.536964583563316,0.539016704356675,0.541057137546742,0.543082766720527,0.545090724227518,0.547078367357817,0.549043255204004,0.550983126598952,0.552895879421006,0.554779520403692,0.556632155230889,0.558452080120757,0.560237681539852,0.561987420954953,0.563699824842526,0.565373476342549,0.567007008421963,0.568599098401748,0.570148463696468,0.571653858615114,0.573114072076299,0.574527926098308,0.575894289931754,0.577212341214257,0.578481219102431,0.579700012757662,0.580867837220596,0.581983832398909,0.583047162343215,0.584057014791057,0.585012616550341,0.585913487164603,0.586759070467201,0.587548773785842,0.588282084515474,0.588958492457018,0.589577506105235,0.59013865306042,0.590641480227938,0.59108556922332,0.59147060508,0.591796253054106,0.592062198691298,0.592268161107843,0.592413895424962,0.592499195396792,0.592523896212812,0.592487877456808,0.592391066206459,0.592233440002585,0.592014929109685,0.591735607693664,0.591395714408918,0.590995538532159,0.590535423910878,0.590015140534994,0.589434247069069,0.58879338070731,0.58809336360245,0.58733513002873,0.586519731402151,0.585648341173278,0.584722259539299,0.583742917931424,0.582711883228568,0.581630861641952,0.580501702207738,0.579326399816143,0.578107097695633,0.576846089259943,0.575545819213949,0.574208883802045,0.572838030070115,0.571436153999668,0.570006297360966,0.568551643121556,0.567075509238329,0.565581340655931,0.564072699333166,0.562553252122905,0.561026756341292,0.559497042879828,0.557967996740555,0.556443534910955,0.554927581542498
0.557703233990441,0.55675322622559,0.555807372675638,0.554867175688657,0.553934073782873,0.553009441981167,0.552094544488432,0.551190544740508,0.550298498447733,0.549419346586269,0.548553909277611,0.547702880687392,0.546866825066442,0.546046174045736,0.545241225282453,0.544452142537086,0.543678957241875,0.542921571599091,0.542179763224525,0.541453191327585,0.54074140439525,0.540043849323442,0.539359881916873,0.53868877865756,0.538029749623531,0.537381952423149,0.536744506997186,0.536116511130442,0.535497056507312,0.534885245141132,0.534280206005145,0.533681111693223,0.533087194940599,0.532497764838447,0.531912216140186,0.531330043062406,0.530750894467419,0.530174555625155,0.529600950828829,0.529030009445508,0.5284619467755,0.527897231187267,0.527336514042993,0.52678063412225,0.526230620201517,0.525687691670769,0.525153234656797,0.524628831823577,0.524116288382879,0.523617579153419,0.523134837179813,0.522670340174763,0.522226494520077,0.521805816860982,0.521410913371386,0.521044456817034,0.520709161597832,0.520407757008995,0.520142959020992,0.519917440938513,0.519733803356086,0.519594543879453,0.519502027124452,0.519458455535624,0.519465841582424,0.51952598188934,0.519640433835851,0.519810495122366,0.520037186739432,0.52032123970108,0.52066308581193,0.521062861825841,0.521520449019024,0.522035416688359,0.522607033545898,0.523234281473695,0.523915869742761,0.524650252288242,0.525435647559205,0.526270060422812,0.527151305583518,0.528077031977748,0.529044747621469,0.530051844420271,0.531095622495858,0.532173313636603,0.53328210353957,0.534419152574569,0.535581614864399,0.53676665553722,0.537971466065185,0.539193277656328,0.540429372713531,0.541677094414353,0.542933854498444,0.544197139375266,0.545464514684169,0.54673362845201,0.548002213001129,0.549268085763253,0.55052929075468,0.551783990447572,0.55303022444524,0.554266108654464,0.555489834594538,0.556699667256967,0.557893942763221,0.559071065902134,0.560229507617089,0.56136780250233,0.56248454635745,0.563578393839702,0.56464805624512,0.565692299441835,0.566709973655697,0.567700065771904,0.568661542946654,0.569593414180097,0.570494734770225,0.571364604765768,0.572202167605469,0.573006608942655,0.5737771556524,0.574513075017243,0.575213674086311,0.57587832171305,0.57650655018826,0.577097836407094,0.577651672595765,0.578167594916178,0.578645202415927,0.579084119816536,0.579484007312508,0.579844561943816,0.580165517795318,0.580446646316163,0.580687756753603,0.580888696695274,0.581049352713496,0.581169651104887,0.581249558718147,0.581288907004972,0.581287512122898,0.581245439778401,0.581162805823043,0.581039777593321,0.580876575738801,0.580673476039726,0.580430811194426,0.580148964251651,0.579828380772841,0.579469614836404,0.579073287797484,0.578640086571883,0.578170764311357,0.577666140882661,0.577127103130188,0.576554604901505,0.575949666814611,0.575313371910913,0.574646854721997,0.57395133663733,0.573228103900744,0.572478502282286,0.571703935060821,0.570905860576007,0.570085789324126,0.5692452805741,0.568385938482404,0.567509407688743,0.566617368378279,0.565711530800999,0.564793629244511,0.563865415463273,0.562928651574889,0.561985102442794,0.561036527574188,0.560084672572546,0.559131260195198,0.558177981078148
0.55764532643926,0.557170387738309,0.556693328038643,0.556214704448613,0.555735059797781,0.555254921496467,0.554774800514857,0.554295190492975,0.553816566991999,0.553339386896506,0.552864087976173,0.552391088614161,0.551920787708048,0.55145356474763,0.550989780072195,0.550529775308131,0.550073873985848,0.549622382332997,0.549175590239051,0.548733772384223,0.548297189523724,0.547866089916371,0.547440710884639,0.547021280491377,0.546608019316717,0.546201142317064,0.545800860746635,0.545407384120708,0.545020922198694,0.544641686964232,0.544269894578891,0.543905764737655,0.543549523747691,0.54320141384804,0.542861688712043,0.542530614699946,0.542208472121389,0.541895556311423,0.541592178500756,0.541298664603341,0.541015321232099,0.540742498962507,0.540480581910943,0.540229971011969,0.539991083287502,0.539764350830813,0.539550219505574,0.539349147363471,0.539161602787101,0.538988062368252,0.53882900853501,0.538684926944501,0.538556303661303,0.538443622144762,0.53834736007137,0.538267986021149,0.538205956059407,0.538161710247351,0.538135665466241,0.538128212998711,0.538139726012985,0.538170547666506,0.538220987553778,0.538291318568777,0.538381773955114,0.538492544576485,0.53862377643732,0.538775568480533,0.538947970685727,0.539140982487323,0.539354551527918,0.539588572757747,0.539842887886559,0.540117285189643,0.540411499665187,0.540725213535721,0.541058057082234,0.541409615410492,0.541779427641127,0.54216697996311,0.542571712360836,0.542993020801498,0.543430259622454,0.543882744094721,0.544349753132873,0.544830532121455,0.545324295828454,0.545830231377185,0.54634750124916,0.546875246292091,0.547412588708997,0.547958635006498,0.548512478882573,0.549073204036477,0.549639886885852,0.550211599178566,0.550787410489128,0.551366390591883,0.55194761170537,0.552530150604254,0.553113090597203,0.553695523370722,0.554276555924097,0.554855314675166,0.555430930617633,0.556002549232278,0.556569331998812,0.557130457480211,0.557685122299894,0.558232542019069,0.558771951921872,0.559302607715907,0.559823786155911,0.560334785598055,0.560834926492246,0.561323551819493,0.56180002748109,0.562263742645958,0.562714110062089,0.563150566337551,0.563572572196069,0.563979612711663,0.56437119752637,0.564746861054517,0.565106168242974,0.565448741748656,0.565774202159094,0.566082188829764,0.566372366435408,0.566644425094291,0.566898080493952,0.567133074018655,0.567349173919855,0.567546180293059,0.567723915700787,0.567882227952212,0.56802099104233,0.568140105236781,0.568239497150322,0.568319119816702,0.568378952747421,0.568419001976636,0.568439300089169,0.568439905755015,0.568420898511358,0.568382392104026,0.568324529938639,0.568247482093233,0.568151445122835,0.568036641817686,0.567903320911816,0.567751756738807,0.567582248831661,0.567395121463906,0.567190723129217,0.566969425957112,0.566731625062531,0.566477737827419,0.566208203112802,0.565923480400236,0.56562404886194,0.565310406359414,0.56498306837085,0.564642566848236,0.564289449005619,0.563924276040665,0.563547621792319,0.56316007133807,0.562762219535083,0.562354669510195,0.561938031104564,0.561512919279525,0.561079952491017,0.560639751040678,0.560192935412483,0.559740124604511,0.559281934466082,0.558818976051155,0.558351853999367,0.557881164956599
0.554100348552168,0.554100348552168,0.554100348552168,0.554100348552168,0.554100348552168,0.554100348552168,0.554100348552168,0.554100348552168,0.554100348552168,0.554100348552168,0.554100348552168,0.554100348552168,0.554100348552168,0.554100348552168,0.554100348552168,0.554100348552168,0.554100348552168,0.554100348552168,0.554100348552168,0.554100348552168,0.554100348552168,0.554100348552168,0.554100348552168,0.554100348552168,0.554100348552168,0.554100348552168,0.554100348552168,0.554100348552168,0.554100348552168,0.554100348552168,0.554100348552168,0.554100348552168,0.554100348552168,0.554100348552168,0.554100348552168,0.554100348552168,0.554100348552168,0.554100348552168,0.554100348552168,0.554100348552168,0.554100348552168,0.554100348552168,0.554100348552168,0.554100348552168,0.554100348552168,0.554100348552168,0.554100348552168,0.554100348552168,0.554100348552168,0.554100348552168,0.554100348552168,0.554100348552168,0.554100348552168,0.554100348552168,0.554100348552168,0.554100348552168,0.554100348552168,0.554100348552168,0.554100348552168,0.554100348552168,0.554100348552168,0.554100348552168,0.554100348552168,0.554100348552168,0.554100348552168,0.554100348552168,0.554100348552168,0.554100348552168,0.554100348552168,0.554100348552168,0.554100348552168,0.554100348552168,0.554100348552168,0.554100348552168,0.554100348552168,0.554100348552168,0.554100348552168,0.554100348552168,0.554100348552168,0.554100348552168,0.554100348552168,0.554100348552168,0.554100348552168,0.554100348552168,0.554100348552168,0.554100348552168,0.554100348552168,0.554100348552168,0.554100348552168,0.554100348552168,0.554100348552168,0.554100348552168,0.554100348552168,0.554100348552168,0.554100348552168,0.554100348552168,0.554100348552168,0.554100348552168,0.554100348552168,0.554100348552168,0.554100348552168,0.554100348552168,0.554100348552168,0.554100348552168,0.554100348552168,0.554100348552168,0.554100348552168,0.554100348552168,0.554100348552168,0.554100348552168,0.554100348552168,0.554100348552168,0.554100348552168,0.554100348552168,0.554100348552168,0.554100348552168,0.554100348552168,0.554100348552168,0.554100348552168,0.554100348552168,0.554100348552168,0.554100348552168,0.554100348552168,0.554100348552168,0.554100348552168,0.554100348552168,0.554100348552168,0.554100348552168,0.554100348552168,0.554100348552168,0.554100348552168,0.554100348552168,0.554100348552168,0.554100348552168,0.554100348552168,0.554100348552168,0.554100348552168,0.554100348552168,0.554100348552168,0.554100348552168,0.554100348552168,0.554100348552168,0.554100348552168,0.554100348552168,0.554100348552168,0.554100348552168,0.554100348552168,0.554100348552168,0.554100348552168,0.554100348552168,0.554100348552168,0.554100348552168,0.554100348552168,0.554100348552168,0.554100348552168,0.554100348552168,0.554100348552168,0.554100348552168,0.554100348552168,0.554100348552168,0.554100348552168,0.554100348552168,0.554100348552168,0.554100348552168,0.554100348552168,0.554100348552168,0.554100348552168,0.554100348552168,0.554100348552168,0.554100348552168,0.554100348552168,0.554100348552168,0.554100348552168,0.554100348552168,0.554100348552168,0.554100348552168,0.554100348552168,0.554100348552168,0.554100348552168,0.554100348552168
