-2.32023063879741,-2.32023063879741,-2.32023063879741,-2.32023063879741,-2.32023063879741,-2.32023063879741,-2.32023063879741,-2.32023063879741,-2.32023063879741,-2.32023063879741,-2.32023063879741,-2.32023063879741,-2.32023063879741,-2.32023063879741,-2.32023063879741,-2.32023063879741,-2.32023063879741,-2.32023063879741,-2.32023063879741,-2.32023063879741,-2.32023063879741,-2.32023063879741,-2.32023063879741,-2.32023063879741,-2.32023063879741,-2.32023063879741,-2.32023063879741,-2.32023063879741,-2.32023063879741,-2.32023063879741,-2.32023063879741,-2.32023063879741,-2.32023063879741,-2.32023063879741,-2.32023063879741,-2.32023063879741,-2.32023063879741,-2.32023063879741,-2.32023063879741,-2.32023063879741,-2.32023063879741,-2.32023063879741,-2.32023063879741,-2.32023063879741,-2.32023063879741,-2.32023063879741,-2.32023063879741,-2.32023063879741,-2.32023063879741,-2.32023063879741,-2.32023063879741,-2.32023063879741,-2.32023063879741,-2.32023063879741,-2.32023063879741,-2.32023063879741,-2.32023063879741,-2.32023063879741,-2.32023063879741,-2.32023063879741,-2.32023063879741,-2.32023063879741,-2.32023063879741,-2.32023063879741,-2.32023063879741,-2.32023063879741,-2.32023063879741,-2.32023063879741,-2.32023063879741,-2.32023063879741,-2.32023063879741,-2.32023063879741,-2.32023063879741,-2.32023063879741,-2.32023063879741,-2.32023063879741,-2.32023063879741,-2.32023063879741,-2.32023063879741,-2.32023063879741,-2.32023063879741,-2.32023063879741,-2.32023063879741,-2.32023063879741,-2.32023063879741,-2.32023063879741,-2.32023063879741,-2.32023063879741,-2.32023063879741,-2.32023063879741,-2.32023063879741,-2.32023063879741,-2.32023063879741,-2.32023063879741,-2.32023063879741,-2.32023063879741,-2.32023063879741,-2.32023063879741,-2.32023063879741,-2.32023063879741,-2.32023063879741,-2.32023063879741,-2.32023063879741,-2.32023063879741,-2.32023063879741,-2.32023063879741,-2.32023063879741,-2.32023063879741,-2.32023063879741,-2.32023063879741,-2.32023063879741,-2.32023063879741,-2.32023063879741,-2.32023063879741,-2.32023063879741,-2.32023063879741,-2.32023063879741,-2.32023063879741,-2.32023063879741,-2.32023063879741,-2.32023063879741,-2.32023063879741,-2.32023063879741,-2.32023063879741,-2.32023063879741,-2.32023063879741,-2.32023063879741,-2.32023063879741,-2.32023063879741,-2.32023063879741,-2.32023063879741,-2.32023063879741,-2.32023063879741,-2.32023063879741,-2.32023063879741,-2.32023063879741,-2.32023063879741,-2.32023063879741,-2.32023063879741,-2.32023063879741,-2.32023063879741,-2.32023063879741,-2.32023063879741,-2.32023063879741,-2.32023063879741,-2.32023063879741,-2.32023063879741,-2.32023063879741,-2.32023063879741,-2.32023063879741,-2.32023063879741,-2.32023063879741,-2.32023063879741,-2.32023063879741,-2.32023063879741,-2.32023063879741,-2.32023063879741,-2.32023063879741,-2.32023063879741,-2.32023063879741,-2.32023063879741,-2.32023063879741,-2.32023063879741,-2.32023063879741,-2.32023063879741,-2.32023063879741,-2.32023063879741,-2.32023063879741,-2.32023063879741,-2.32023063879741,-2.32023063879741,-2.32023063879741,-2.32023063879741,-2.32023063879741,-2.32023063879741,-2.32023063879741,-2.32023063879741,-2.32023063879741,-2.32023063879741,-2.32023063879741
-2.35064776533356,-2.34640648554834,-2.34214179109767,-2.33785973382218,-2.33356628405269,-2.32926732224168,-2.32496863134718,-2.32067588994889,-2.31639466606681,-2.31213041165404,-2.3078884577312,-2.30367401013062,-2.29949214581405,-2.29534780972999,-2.29124581217521,-2.28719082662413,-2.28318738799205,-2.27923989129741,-2.27535259068854,-2.27152959880445,-2.2677748864349,-2.26409228245359,-2.26048547399173,-2.25695800682849,-2.25351328596953,-2.25015457639251,-2.24688500393531,-2.24370755630676,-2.2406250842028,-2.23764030250678,-2.2347557915633,-2.23197399850801,-2.22929723864121,-2.22672769683732,-2.22426742897545,-2.22191836338849,-2.21968230231958,-2.21756092338265,-2.21555578102126,-2.21366830796247,-2.21189981666366,-2.21025150074953,-2.20872443643886,-2.20731958396058,-2.2060377889584,-2.20487978388644,-2.20384618939395,-2.20293751570319,-2.20215416397959,-2.20149642769648,-2.20096449399633,-2.20055844504757,-2.20027825940124,-2.20012381334591,-2.20009488226235,-2.20019114197821,-2.2004121701226,-2.20075744748044,-2.20122635934426,-2.20181819686388,-2.20253215839064,-2.20336735081361,-2.20432279088719,-2.20539740654303,-2.20659003818579,-2.20789943996624,-2.20932428102748,-2.21086314672118,-2.21251453978447,-2.21427688147519,-2.21614851265777,-2.21812769483538,-2.22021261111846,-2.22240073110811,-2.22468828834538,-2.2270733588069,-2.22955408050713,-2.23212851839834,-2.23479466327947,-2.2375504306109,-2.24039365924146,-2.24332211004819,-2.24633346449786,-2.24942532313168,-2.25259520398214,-2.25584054092783,-2.25915868199384,-2.262546887608,-2.26600232882081,-2.26952208550283,-2.27310314452953,-2.27674239796868,-2.28043664128494,-2.28418257157914,-2.28797678587932,-2.29181577950486,-2.29569594452452,-2.299613568333,-2.30356483237097,-2.30754581101658,-2.31155247067782,-2.31558066911758,-2.31962615504425,-2.32368456800527,-2.32775143861826,-2.33182218918197,-2.33589213470483,-2.33995648439619,-2.34401034366083,-2.34804871664293,-2.35206650936324,-2.35605853349327,-2.36001951081246,-2.3639440783892,-2.36782679452814,-2.37166214552238,-2.37544455324565,-2.37916838361606,-2.38282795595763,-2.38641755328031,-2.38993143349099,-2.39336384387481,-2.39671055501386,-2.39996729636815,-2.40312859662315,-2.40618902034687,-2.40914318309553,-2.41198576731413,-2.41471153896424,-2.4173153648004,-2.41979223019971,-2.42213725743806,-2.42434572429348,-2.42641308284629,-2.42833497833258,-2.43010726790281,-2.43172603912755,-2.43318762808724,-2.43448863688269,-2.43562595040074,-2.43659675217221,-2.43739853916576,-2.43802913536731,-2.43848670400599,-2.43876975829985,-2.43887717061029,-2.43880817990814,-2.43856239747769,-2.43813981079861,-2.43754078557109,-2.43676606586661,-2.43581677241056,-2.43469439902047,-2.43340080724619,-2.4319382192729,-2.43030920917033,-2.42851669258051,-2.42656391495627,-2.42445443846807,-2.42219212771182,-2.41978113435228,-2.41722588084475,-2.4145310433808,-2.41170153420068,-2.40874248341977,-2.40565922050769,-2.40245725555842,-2.39914226048188,-2.3957200502401,-2.39219656424435,-2.38857784802005,-2.38487003523553,-2.38107933018395,-2.377211990794,-2.37327431223756,-2.36927261119154,-2.3652132108002,-2.36110242637753,-2.3569465518765,-2.35275184714775
-2.3598331547449,-2.35100781161293,-2.34219115118797,-2.33339539241214,-2.32463224657176,-2.31591292267233,-2.3072481350615,-2.29864811296922,-2.29012261166138,-2.28168092492325,-2.27333189861906,-2.26508394509001,-2.25694554131813,-2.24892650242009,-2.24103446253697,-2.23327642212711,-2.22565901341343,-2.21818851505922,-2.21087086665446,-2.20371168292263,-2.19671626756835,-2.18988962670065,-2.18323648177192,-2.17676128198166,-2.17046821610708,-2.16436122372404,-2.15844400579385,-2.15272003459526,-2.14719256298841,-2.14186463300416,-2.13673908375723,-2.13181855868784,-2.12710551214135,-2.12260221530091,-2.11831076149428,-2.11423307089838,-2.11037089467269,-2.10672581855296,-2.10329926594609,-2.1000925005645,-2.09710662864607,-2.09434260080666,-2.09180121357403,-2.0894831106541,-2.08738878398178,-2.0855185746084,-2.08387267347779,-2.08245112214246,-2.08125381346831,-2.08028049237663,-2.07953075666706,-2.07900405796183,-2.07869970281018,-2.07861685398391,-2.0787545319934,-2.07911161684598,-2.07968685006581,-2.08047883698537,-2.08148604931818,-2.08270682801249,-2.08413938638325,-2.08578181351456,-2.08763085946657,-2.0896720530308,-2.0919004962386,-2.09431459222276,-2.09691270643774,-2.0996931664826,-2.10265426172837,-2.10579424273947,-2.10911132047609,-2.11260366526757,-2.11626940554292,-2.12010662630703,-2.12411336735086,-2.1282876211823,-2.13262733066498,-2.13713038635414,-2.1417946235128,-2.14661781879769,-2.15159768659716,-2.15673187500773,-2.16201796143075,-2.16745344777161,-2.17303575522315,-2.1787622186108,-2.18463008027961,-2.19063648349801,-2.19677846535658,-2.2030529491336,-2.20945673610535,-2.21598649677155,-2.22263876147372,-2.22940991037756,-2.23629616279978,-2.24329356585278,-2.25039798239139,-2.25760507824413,-2.26491030871836,-2.27230890437213,-2.27979585605594,-2.28736589923137,-2.29501349758631,-2.30273282597752,-2.31051775274073,-2.31836182143039,-2.3262582320625,-2.33419982195658,-2.3421790462958,-2.35018795854972,-2.35821819093303,-2.36626093510492,-2.37430692335317,-2.38234641054319,-2.39036915715696,-2.39836441379687,-2.40632090757471,-2.41422683086336,-2.42206983294344,-2.42983701512887,-2.43751493001551,-2.4450895855413,-2.45254645459594,-2.4598703579976,-2.46704207222479,-2.47404432430675,-2.48086122807208,-2.48747652474632,-2.49387363864268,-2.50003574333552,-2.50594583453357,-2.51158587710042,-2.51693929942046,-2.52200209452873,-2.52676189579118,-2.53120137333171,-2.5353043906911,-2.53905646679137,-2.5424438046156,-2.54545342630046,-2.54807330559569,-2.55029249483979,-2.55210124361616,-2.55349110639912,-2.55445503675379,-2.55498746601579,-2.55508436482206,-2.55474328636587,-2.55396339078334,-2.55274545059877,-2.55109183766593,-2.54900649247609,-2.54649487709121,-2.54356391325533,-2.5402219074589,-2.536478464874,-2.5323443941491,-2.52783160506483,-2.52295300100863,-2.51772236814764,-2.51215426306307,-2.50626390047051,-2.50006704249932,-2.4935798908321,-2.48681898283735,-2.47980109264878,-2.47254313797158,-2.46506209322713,-2.45737504147902,-2.44950023948771,-2.44145494747144,-2.43325587733225,-2.4249209255157,-2.4164706136976,-2.40792146571338,-2.39928935107661,-2.39058970184663,-2.38183748861,-2.37304720176049,-2.36423283764614
-2.34463634364281,-2.33127824349616,-2.31802565622456,-2.30489370358771,-2.2918963949266,-2.27904669148673,-2.26635656981816,-2.25383708383953,-2.24149842525176,-2.22934998206896,-2.2174003950996,-2.2056576122664,-2.19412894068485,-2.18282109645832,-2.17174025216326,-2.16089208201657,-2.15028180472488,-2.13991424654246,-2.12979835250976,-2.11994180133234,-2.11034863660506,-2.10102258873734,-2.09196710262884,-2.08318536326819,-2.07468031926679,-2.06645470433365,-2.05851105670519,-2.05085173653712,-2.04347894127354,-2.03639471901099,-2.02960097987735,-2.02309950545905,-2.01689195631191,-2.01097987760401,-2.00536470295149,-2.00004775651768,-1.99503025346233,-1.990313298841,-1.98589788506969,-1.98178488808536,-1.97797506234775,-1.97446903484225,-1.9712672982555,-1.96837020350883,-1.96577795183995,-1.96349058663509,-1.96150798521049,-1.95982985074724,-1.95845570457523,-1.95738487899973,-1.95661651084328,-1.95614953587113,-1.95598268424071,-1.95611447709778,-1.95654322441906,-1.95726702417148,-1.95828376283538,-1.95959111731007,-1.96118655819409,-1.96306325768038,-1.96518812375124,-1.96755293932616,-1.97015577542851,-1.97299470696908,-1.97606781457683,-1.97937318642027,-1.98290891994162,-1.98667312342851,-1.99066391735617,-1.99487943544322,-1.9993178253725,-2.00397724914354,-2.00885588303074,-2.01395191713356,-2.01926355451711,-2.02478900994346,-2.03052650820728,-2.03647428208709,-2.04263056992833,-2.04899361287205,-2.05556165173887,-2.06233292357546,-2.06930565785752,-2.07647807234043,-2.08384836853176,-2.09141472675284,-2.09917530074047,-2.10712821172869,-2.11527154193618,-2.12360332737298,-2.13212154986464,-2.14082412818511,-2.14970890817073,-2.15877365168434,-2.1680160242841,-2.17743358144371,-2.18702375316388,-2.19678382680586,-2.20671092797205,-2.21680199925305,-2.22705377665368,-2.23746276350656,-2.24802520167671,-2.25873703985486,-2.26959389873484,-2.2805910328651,-2.29172328896132,-2.30298506046307,-2.31437023812024,-2.32587215638934,-2.33748353542875,-2.34919641848627,-2.36100210448639,-2.37289107564871,-2.38485291999807,-2.39687597655873,-2.40893607812673,-2.4210141104787,-2.43309626613837,-2.44516743988775,-2.45721111598951,-2.46920600398688,-2.48112861713099,-2.49295802407154,-2.50467145209071,-2.51624416091393,-2.52764934168345,-2.53885803215987,-2.54983905510721,-2.56055745189092,-2.57097204032687,-2.58104481456901,-2.5907362959478,-2.60000519913144,-2.60880872443135,-2.61710458540373,-2.62487737649224,-2.63209387125365,-2.63871079373785,-2.64468608815767,-2.64997972950688,-2.65455454606896,-2.65837701120118,-2.66141796030455,-2.66365319271075,-2.66506392721676,-2.66563709287277,-2.66536545119408,-2.66424755966775,-2.66228759706846,-2.65949507737824,-2.65588448084576,-2.65147482873145,-2.64628922394131,-2.64035437454836,-2.63370011233646,-2.62635891471157,-2.61836543583508,-2.60975605151939,-2.60056842191902,-2.59084107596531,-2.58061302147383,-2.56992338467209,-2.55881108245215,-2.54731452993852,-2.53547138504337,-2.52331833067138,-2.51089089421454,-2.49822330305606,-2.48534837402701,-2.47229743416405,-2.45910026971978,-2.44578510015865,-2.43237857380929,-2.41890578191527,-2.40539028799046,-2.3918541696195,-2.37831807011807,-2.36480226221884,-2.35133060698483
-2.30351927731028,-2.28622931944952,-2.26914172250327,-2.2522741356877,-2.23565036555699,-2.21930679628731,-2.20325521074289,-2.18750301550465,-2.17205662607523,-2.15692156525145,-2.14210255457096,-2.12760359950999,-2.11342806902836,-2.0995787699789,-2.08605801682033,-2.07286769700198,-2.06000933231974,-2.0474841364848,-2.03529306908657,-2.02343688608725,-2.01191864567017,-2.00075002111055,-1.98993311529111,-1.97946861024649,-1.96935711432449,-1.95959919106878,-1.95019538497301,-1.94114624403115,-1.93245233900647,-1.92411427933349,-1.91613272557093,-1.90850839833027,-1.90124208361617,-1.8943346345308,-1.88778696932192,-1.88160006578146,-1.87577495204081,-1.87031269385287,-1.86521437849962,-1.86048109552424,-1.85611391454141,-1.8521138604492,-1.84848188642648,-1.84521884516377,-1.84232545883555,-1.83980228837113,-1.83764970262352,-1.83586784806425,-1.83445661963779,-1.8334156334097,-1.83274420160897,-1.83244131062025,-1.83250560241595,-1.83293535982994,-1.83372849597818,-1.83488254802014,-1.83639467533662,-1.83826166208347,-1.84045235667655,-1.84291812317773,-1.84565584887508,-1.84866311852003,-1.85193753350496,-1.85547672148626,-1.85927834626115,-1.86334011746442,-1.86765979968798,-1.87223522068788,-1.87706427840859,-1.88214494663343,-1.88747527914688,-1.89305341237876,-1.8988775665658,-1.90494604553919,-1.91125723529688,-1.9178096015628,-1.92460168656441,-1.93163210527446,-1.93889954136318,-1.94640274309836,-1.95414051940853,-1.9621117362897,-1.97031531370401,-1.97875022306745,-1.98741548538246,-1.9963101700164,-2.00543339408287,-2.01478432233078,-2.02436216740534,-2.03416619030084,-2.04419570079109,-2.05445005759106,-2.06492866797639,-2.07563098656748,-2.08655651296723,-2.0977047879296,-2.1090753877272,-2.12066791637957,-2.13248199540083,-2.14451725071989,-2.1567732964237,-2.16924971497063,-2.18194603351035,-2.19486169593998,-2.20799603031002,-2.22134821117289,-2.23491721644373,-2.24870177830524,-2.26270032764848,-2.27691093148674,-2.29133122271208,-2.30595832148185,-2.32077582579449,-2.33575745439854,-2.35089927709385,-2.3661970231884,-2.3816454915166,-2.3972310565038,-2.41293865022855,-2.42876004389736,-2.44468537177803,-2.46070287020727,-2.47679858842491,-2.49295606239282,-2.50915594579334,-2.52537559156163,-2.54158845332073,-2.55775488411566,-2.57383408065376,-2.58978531014236,-2.6055615124957,-2.62110845236389,-2.63636381577072,-2.65125629366691,-2.66570473045267,-2.67961746738613,-2.69289207923619,-2.70544379168735,-2.71719755453069,-2.72802704215014,-2.73780310283096,-2.74640032922274,-2.75370397487091,-2.75961684061772,-2.7640647884072,-2.76699971307053,-2.76839948489882,-2.76826527730403,-2.76661736755582,-2.76349065821908,-2.75893085505835,-2.75299171954592,-2.7457333577595,-2.73722124580984,-2.7275256254361,-2.71672096556763,-2.7048853021732,-2.69209938577962,-2.67844565505037,-2.66400710693462,-2.64886615250408,-2.63310354184185,-2.61679742165324,-2.60002256452542,-2.58284978523234,-2.565345540607,-2.54757169649173,-2.5295854378573,-2.51143929528925,-2.49318126137549,-2.47485497288182,-2.45649993798589,-2.4381517915592,-2.41984256508449,-2.40160096102953,-2.38345262424061,-2.36542040516305,-2.34752461146862,-2.32978324602254,-2.31221223013732
-2.23654114243958,-2.21628314647808,-2.19636217404062,-2.17677981464065,-2.15753665793844,-2.13863960254666,-2.12011019335577,-2.10199281711298,-2.08429950733695,-2.06702965754788,-2.05018202855287,-2.03375483507351,-2.01774582760129,-2.00215237021778,-1.98697151492948,-1.97220007291186,-1.95783468292347,-1.94387187703698,-1.93030814374238,-1.91713998840111,-1.90436399096716,-1.8919772313418,-1.87999194921031,-1.86841367764828,-1.85724020290224,-1.84646951353435,-1.83609983595877,-1.82612966615387,-1.81655779722652,-1.80738334248505,-1.79860575365562,-1.79022483386181,-1.78224074497447,-1.77465406511657,-1.76746590755939,-1.76067756072574,-1.75429061801341,-1.74830697135297,-1.74272877723082,-1.73755841524654,-1.73279843935718,-1.72845152215109,-1.72452039271237,-1.72100776887366,-1.71791628490318,-1.71524841591874,-1.71300640055525,-1.71119216360336,-1.70980724049473,-1.70885270558237,-1.70832910617274,-1.70823640417567,-1.7085739270579,-1.70934032951253,-1.71053356690113,-1.71215088110864,-1.7141887989882,-1.71661949972627,-1.71935324768001,-1.72235774301553,-1.72562328121993,-1.72915126935838,-1.73294299258462,-1.73699962629693,-1.74132224826347,-1.74591184917594,-1.75076934035108,-1.75589555759576,-1.76129126059665,-1.76695712754844,-1.77289374507088,-1.77910159378299,-1.78558103016322,-1.79233226554448,-1.79935534324245,-1.8066501149081,-1.81421621723116,-1.8220530500966,-1.83015975723096,-1.83853521026666,-1.8471779970144,-1.85608641457553,-1.86525846775553,-1.87469187305881,-1.88438406837347,-1.89433222828414,-1.90453328479311,-1.91498395309359,-1.92568076191217,-1.9366200878404,-1.94779819299247,-1.95921126526809,-1.97085546046481,-1.98272694545975,-1.9948219416879,-2.00713676815187,-2.01967963275784,-2.03247315423388,-2.04551959574719,-2.05882086459644,-2.07237912723238,-2.08619680712927,-2.10027657790848,-2.11462135135454,-2.12923425998655,-2.14411863243819,-2.15927770782752,-2.17471501257353,-2.19043438572915,-2.2064396069109,-2.22270198887145,-2.23920016349173,-2.25593970399845,-2.27292617152975,-2.29016444351591,-2.30764280976606,-2.32535897221278,-2.34331837833134,-2.36152590245261,-2.37998566236626,-2.39870081653084,-2.41767333902869,-2.43690376842495,-2.45639092531678,-2.47613159144125,-2.49611686719761,-2.5163209768717,-2.53673033675071,-2.55733037793301,-2.57810161166434,-2.59901892192521,-2.62005029837825,-2.64115513173855,-2.66228187412939,-2.68336473569242,-2.70431888888447,-2.72503332866527,-2.7453605463794,-2.76516763304404,-2.7842248181836,-2.80214479857549,-2.81840404512543,-2.83236344001615,-2.8434059462127,-2.85118107512341,-2.85574383937776,-2.85742115927642,-2.85657340106506,-2.85346418618323,-2.84824897000851,-2.84101183602513,-2.83180671033566,-2.82068878517199,-2.80773389654203,-2.79304702421027,-2.77676219114261,-2.75903658128182,-2.74004176893407,-2.71995450441898,-2.69894870315827,-2.67718943589884,-2.65482904831367,-2.63200513554856,-2.6088399315529,-2.58544066460273,-2.56190050108326,-2.5382997945713,-2.51470744661104,-2.49118225725717,-2.46777419559212,-2.44452555566056,-2.42147198562561,-2.39864339121056,-2.37606472169661,-2.35375665010778,-2.3317361602704,-2.31001705317327,-2.2886103841237,-2.26752484096564,-2.24676707233198
-2.14571149026721,-2.12362344548761,-2.10198160468319,-2.08077767776401,-2.0600029134355,-2.03964821495395,-2.01970651309379,-2.00019652064173,-1.98114950476973,-1.96261300957608,-1.94458068480137,-1.92704479147546,-1.90999728565529,-1.89342989312902,-1.87733418513738,-1.86170165494171,-1.8465237949279,-1.83179217383328,-1.81749851362059,-1.80363476548954,-1.79019318450564,-1.77716640234005,-1.7645491564358,-1.7523597200014,-1.74060092967237,-1.72926801913014,-1.71835675395786,-1.70786348175451,-1.69778517787685,-1.68811948626973,-1.67886475475226,-1.6700200640337,-1.66158524959768,-1.65356091547743,-1.64594843881042,-1.63874996395092,-1.63196838484162,-1.62560731430589,-1.61967103896971,-1.61416445863877,-1.60909313584144,-1.60446354347579,-1.60028202910486,-1.5965550762955,-1.59328922656928,-1.59049092303884,-1.58816634419067,-1.5863212318504,-1.58496071819713,-1.58408915735476,-1.58370996749463,-1.58382548946886,-1.58443269611168,-1.58547803899503,-1.58694929892295,-1.58885081824183,-1.59118489689324,-1.59385545876627,-1.59679623063831,-1.60000992362047,-1.6034988598417,-1.60726504827091,-1.61131026617611,-1.61563613982059,-1.62024421852533,-1.62513603712205,-1.63031316297343,-1.63577722504156,-1.64152992382916,-1.64757302229676,-1.65390831900032,-1.66053760563269,-1.66746261185968,-1.67468494081013,-1.68220599881228,-1.69002692299654,-1.6981485102324,-1.70657115057609,-1.71529476801456,-1.72431877082398,-1.7336420133693,-1.743262770653,-1.75317872642576,-1.7633869751907,-1.77388403799868,-1.78466589153017,-1.79572800962473,-1.80706541612487,-1.81867274767277,-1.83054432492663,-1.84267423055075,-1.85505639227421,-1.86768466931416,-1.88055294050433,-1.89365519256315,-1.90698560705881,-1.92053864478581,-1.93430878741103,-1.94828988079742,-1.96247776833047,-1.97686905329804,-1.99146096240006,-2.00627017997322,-2.0213553069814,-2.03672625582239,-2.05238975611027,-2.06835308223433,-2.08462402751216,-2.10119662808794,-2.11801566461774,-2.13508451725931,-2.15241529332009,-2.1700207256604,-2.18790709143377,-2.20606052507634,-2.22449338568008,-2.24322134415388,-2.26226025038546,-2.28162596579592,-2.30133418198502,-2.32140022573285,-2.34183885070278,-2.36266401617585,-2.38388865297278,-2.40552175691094,-2.42754848577742,-2.4499717039847,-2.47279860830846,-2.49603410758064,-2.51968045693942,-2.54373683855961,-2.56819886374918,-2.59305795700228,-2.61830055863377,-2.6439070399008,-2.66985023853187,-2.6960944613669,-2.7225891946753,-2.7492962756271,-2.7762307204953,-2.80322021588086,-2.82988333034102,-2.85515069486428,-2.87544536192522,-2.88651032597483,-2.89213222534631,-2.89539884446978,-2.896834874183,-2.89621196678095,-2.89305580309143,-2.88682909301729,-2.87708059369295,-2.86358712562332,-2.84643568357189,-2.82599911530034,-2.80282575402287,-2.77751188277698,-2.75061101432266,-2.72259172762777,-2.69383012801179,-2.66461945650577,-2.6351851461281,-2.60569959533966,-2.57629459105627,-2.54707105142446,-2.51810641475726,-2.48946016060904,-2.46117791737862,-2.43329452441607,-2.40583632832999,-2.37882291967202,-2.35226845978229,-2.32618270599517,-2.30057172402295,-2.27543818061294,-2.25078278315013,-2.22660429037515,-2.20289975457989,-2.17966480355727,-2.15689387791594
-2.03417941499688,-2.01143026147339,-1.98918993031825,-1.96744253050976,-1.94617203763183,-1.92536236083116,-1.90499740967558,-1.88506553744613,-1.86559055860597,-1.84659797459444,-1.82815890205612,-1.81026533870435,-1.79290409151701,-1.77606172981076,-1.7597246793998,-1.74387932212942,-1.72851209935576,-1.71360961788737,-1.69915875694524,-1.68514677480638,-1.67156141396681,-1.65839100386064,-1.64562456039054,-1.63326488658511,-1.62133539490649,-1.60982982861111,-1.59874123697148,-1.58806357224707,-1.57779176277021,-1.56792178230508,-1.55845071534033,-1.54937681770143,-1.54069957152135,-1.53241973317944,-1.52453937232237,-1.51706189953073,-1.50999207962706,-1.50333602705944,-1.4971011793073,-1.49129624390184,-1.48593111451909,-1.48101675178731,-1.47656502504502,-1.47258851238751,-1.46910034403742,-1.46611472245816,-1.46364508219264,-1.46170410768871,-1.46030198115577,-1.45937019129957,-1.4588806210112,-1.45884966239239,-1.45929174152485,-1.46021904024907,-1.46164129574412,-1.46356568800668,-1.46598137725553,-1.46872441491221,-1.47175249930332,-1.47506793951951,-1.47867219088599,-1.48256613190198,-1.48675034538803,-1.49122538366432,-1.49599200037594,-1.50105133552844,-1.50640504488955,-1.51205536964369,-1.51800514661529,-1.52425776316259,-1.5308170637987,-1.53768721761456,-1.54487255670866,-1.55237739614199,-1.56020584560296,-1.56836162213729,-1.57684787213466,-1.5856670094232,-1.59482057490269,-1.60430912176091,-1.61413212899734,-1.62428794478372,-1.63477376012183,-1.64558561232398,-1.65671841704128,-1.66816602687877,-1.6799213140796,-1.69197627429451,-1.70432214811915,-1.71694955684112,-1.72984864871861,-1.74300925210857,-1.75642103187153,-1.77007186250857,-1.78394973334932,-1.79804512696423,-1.81234896507421,-1.82685273372072,-1.84154860057348,-1.85642952102588,-1.87148933291006,-1.88672284001393,-1.90212588482756,-1.91769541106734,-1.93342951652461,-1.9493274966585,-1.96543795386079,-1.98181930240766,-1.99840084805952,-2.01519222018272,-2.03220953456556,-2.0494700996089,-2.06698456468876,-2.08473361330411,-2.10273359053924,-2.12100728534663,-2.13957821380798,-2.15847039946695,-2.17770812302846,-2.19731563972928,-2.21731686291159,-2.23773501241103,-2.25859222613261,-2.27990913245764,-2.30168293850449,-2.32390550296021,-2.34659101998975,-2.36975018219131,-2.39338937515572,-2.41750975841291,-2.44210613352622,-2.46716550385645,-2.49267688821757,-2.51862874527062,-2.54496503463632,-2.57160834907652,-2.59845853475949,-2.625391510841,-2.65223376216232,-2.67890546756362,-2.70514567237176,-2.7305934811102,-2.75487243278329,-2.77767027271229,-2.79882370224506,-2.81834865203195,-2.83637669617458,-2.85301598454029,-2.86815502209501,-2.88111873819873,-2.88985016669545,-2.88945059137686,-2.87439253929771,-2.84708593418711,-2.81386334549637,-2.77830258802905,-2.74191738618383,-2.70538389623584,-2.66904219133223,-2.63308342462268,-2.59762546399099,-2.56274663692386,-2.52850218739161,-2.49491918119776,-2.46201172310344,-2.42977001034637,-2.39818789989889,-2.36726826634108,-2.33701072485803,-2.30741190994025,-2.2784657061255,-2.25016500746846,-2.22250116547987,-2.19546416423119,-2.16904281693057,-2.14322493674941,-2.11799748706896,-2.09334671451429,-2.06925826712392,-2.04571729950595
-1.90559397119146,-1.88323935192236,-1.86140775137804,-1.84007934837365,-1.81923406479527,-1.798851617714,-1.7789115727557,-1.75939340435683,-1.74029621864852,-1.72164819032371,-1.70348508955901,-1.68589091166111,-1.66885056657003,-1.65234590523243,-1.63635845382313,-1.62086956950437,-1.60586060182938,-1.59131305618439,-1.57720875602755,-1.56353000120043,-1.5502597202171,-1.5373816150979,-1.52488029799157,-1.51274546920747,-1.50100887526818,-1.48967163808016,-1.47872371297649,-1.46815625701631,-1.45796172778795,-1.44813398189453,-1.43866837436191,-1.4295618598054,-1.42081309559802,-1.41242254650046,-1.40439258918957,-1.396727613871,-1.38943411864529,-1.38252079053493,-1.375998621269,-1.3698807448348,-1.3641825325934,-1.35892186054813,-1.35411834320232,-1.34979349615656,-1.34596498527899,-1.34265146387843,-1.33981320435874,-1.33737932732923,-1.335388782372,-1.33387652917969,-1.33287228215549,-1.33239998024596,-1.33247702505947,-1.33311550044104,-1.33433910359291,-1.33616115743446,-1.33854514453658,-1.34127092367925,-1.34430619341115,-1.34764912048432,-1.35129623108144,-1.35524320907023,-1.35948567374383,-1.36401987853947,-1.36884328503709,-1.37395498227623,-1.37935593776619,-1.38504908155106,-1.39103923694573,-1.39733292038591,-1.40393803808948,-1.41086350926075,-1.41811884495855,-1.42571370925223,-1.4336574855918,-1.44195886707509,-1.45062548498967,-1.45966358597146,-1.46907776458686,-1.47887075515949,-1.48904328426154,-1.49959398338263,-1.51051935980638,-1.52181382255356,-1.5334697593138,-1.54547765949816,-1.5578262778713,-1.57050283263584,-1.58349323135045,-1.59678231769769,-1.61035204570102,-1.62418238940285,-1.63825699178701,-1.6525595797806,-1.6670741260612,-1.68178507548887,-1.69667755051213,-1.71173753333851,-1.72695202400576,-1.74230917477485,-1.75779840239171,-1.77341048065264,-1.78913761628752,-1.80497351140926,-1.82091341565861,-1.83695417070841,-1.85306593550595,-1.86913432642636,-1.88515312042357,-1.90124480290821,-1.91749933632171,-1.93393656310467,-1.95053402155496,-1.96729540399147,-1.98424838137819,-2.00142202794473,-2.01884657663614,-2.03655312019405,-2.05457325149083,-2.07293863768283,-2.09168052394931,-2.11082916393092,-2.13041317533868,-2.15045527237745,-2.17093482357072,-2.19185891033508,-2.21325199849343,-2.23518606280254,-2.25766818446583,-2.28068759751089,-2.3042655438471,-2.3283738380812,-2.35295778913286,-2.37794933405456,-2.40326554058632,-2.42880723331798,-2.45445800732046,-2.480084062863,-2.50554142506911,-2.53086430106696,-2.55598085305788,-2.58072592465677,-2.6049512010938,-2.62853364311388,-2.65136433092275,-2.6733449305437,-2.69435837570436,-2.7141988143219,-2.73242258803955,-2.74800996522584,-2.75861080910452,-2.75961105434716,-2.74653511019715,-2.72128979167516,-2.68935157522899,-2.65435331910587,-2.61804209864356,-2.58126266089264,-2.54446308202576,-2.50790632340496,-2.47176124521075,-2.4361369528583,-2.40110852731331,-2.36673746208021,-2.33307170325269,-2.30014950865756,-2.26800145762134,-2.23665157719988,-2.20612061684187,-2.17642344148779,-2.14751362826192,-2.11930405347812,-2.09177438346281,-2.06491295723897,-2.03870640433395,-2.01313992628951,-1.98819754214003,-1.96386230036131,-1.9401164588252,-1.91694163433133
-1.76353208897478,-1.74244564408321,-1.72185842159416,-1.70174990853715,-1.68209886322749,-1.66288333574694,-1.64408069035712,-1.62566764606396,-1.60762381207667,-1.5899880187105,-1.57276477517293,-1.55604338495074,-1.53988430608239,-1.52426321395185,-1.50915545521673,-1.49453695917348,-1.48038208324931,-1.46666529860999,-1.45336173112617,-1.44044740326237,-1.42789945461945,-1.41569633948176,-1.40381800122678,-1.39224679493181,-1.38101808906984,-1.37014916277741,-1.35963805714384,-1.34950826232489,-1.33973970392282,-1.33031186090982,-1.32120745779355,-1.31241226635491,-1.3039146756325,-1.29570122199364,-1.28776413129056,-1.2799859546121,-1.2723188516827,-1.26480803058066,-1.25750126887469,-1.25044893938592,-1.24370400925036,-1.23732198559956,-1.23136077347838,-1.22588040458084,-1.22082160948856,-1.2161310458135,-1.21188385362645,-1.20815297989196,-1.2050038234643,-1.20250395727296,-1.20071676263085,-1.19969607754785,-1.19948572590791,-1.20008535413016,-1.20147472846475,-1.20364699474005,-1.20651096686027,-1.20976123186958,-1.21333166581359,-1.21717608805156,-1.22124296995998,-1.22547773690367,-1.22982593094715,-1.23437186898396,-1.23921694483068,-1.24435148819684,-1.24976525766943,-1.25545390266828,-1.2614185750612,-1.26766528479817,-1.27420408487446,-1.28104816408779,-1.28821291417364,-1.29578426947273,-1.30384176415782,-1.31236671930448,-1.32134188969353,-1.33075140990022,-1.34058056752163,-1.35081566626577,-1.36144397153689,-1.3724537301587,-1.38383425557975,-1.39557606994944,-1.40767109454087,-1.42011287992773,-1.43288706937733,-1.44594894546765,-1.45927928701768,-1.47286296065043,-1.48669243454333,-1.50076304182823,-1.51507323369865,-1.52962483637387,-1.5444232544899,-1.55947761340209,-1.5748008357038,-1.59032899979191,-1.60595753778927,-1.62166821080422,-1.63744479764418,-1.65327290757034,-1.66914001166694,-1.68503545918067,-1.70095048840535,-1.71686663031194,-1.73263629096121,-1.748216665929,-1.763610723693,-1.77882433134059,-1.7938663860348,-1.8088625175926,-1.82389346815109,-1.8389847760132,-1.85416911812431,-1.86948133278692,-1.8849581883978,-1.9006380638444,-1.916560525661,-1.93276578918173,-1.94929405408365,-1.96618470886182,-1.98347909387028,-2.00129093040193,-2.01962600984,-2.03851095565001,-2.05803258197448,-2.07819128423724,-2.09896775485883,-2.12033231257934,-2.14224371025407,-2.16464804642502,-2.18747782448955,-2.21065120717048,-2.23408861302009,-2.25770874798411,-2.28137794504945,-2.30494731012102,-2.32826077833749,-2.35138410782422,-2.37427511502728,-2.39672928443461,-2.41852582254831,-2.43942087988688,-2.45913505381973,-2.47733762206618,-2.49361504134127,-2.50743273378602,-2.51811210138953,-2.52483603173127,-2.52673123251377,-2.5230610480013,-2.51348277572265,-2.49821325819805,-2.47796728730869,-2.45371960787488,-2.42646024619891,-2.39703418486088,-2.36612818491945,-2.33427808153738,-2.30189345127375,-2.26928782469807,-2.23670349682166,-2.20433022300605,-2.17231772911284,-2.14078617803335,-2.10983495639455,-2.07954618033499,-2.04998823312689,-2.02118629833081,-1.99315712283768,-1.9659332903795,-1.9395411322364,-1.91400168697851,-1.88923147393075,-1.8650737053863,-1.84151074361385,-1.81852817328644,-1.79610992866751,-1.7742386328008
-1.61116295553431,-1.59202813565974,-1.57334443154519,-1.55509313447491,-1.53725928070251,-1.51983822901749,-1.5028040269216,-1.48613094355339,-1.4697910022131,-1.45379729230697,-1.43817664026945,-1.42292021461266,-1.40817721547011,-1.39395295496602,-1.38021445834721,-1.36692633432865,-1.35405690653483,-1.341577363714,-1.32946103413202,-1.31769635116895,-1.30625982452449,-1.29512637546528,-1.28434182343032,-1.2738957247735,-1.26378797826481,-1.25403310197917,-1.24453521518421,-1.23519160294388,-1.22600541495636,-1.21698225663672,-1.20807649264647,-1.19900652534257,-1.1897840399115,-1.18047371501389,-1.17115667111031,-1.16204541445795,-1.15319604904084,-1.14462590750755,-1.1364004070932,-1.12856378348311,-1.12110243181307,-1.11401342570871,-1.1072509732888,-1.10064157544018,-1.09423834190992,-1.08811772555297,-1.08236184315007,-1.07705706716479,-1.07229751469257,-1.06818327106928,-1.06480828694984,-1.06225947046414,-1.06061274698074,-1.0599592470701,-1.06046353286437,-1.0621992043837,-1.06512587231785,-1.06901903198282,-1.07370524407663,-1.07897394492783,-1.08469275376769,-1.09068319956557,-1.09683410571127,-1.1030447038247,-1.10922416796902,-1.11529290714019,-1.12118278045451,-1.12693970693525,-1.13304110689491,-1.13967047518281,-1.14679529686707,-1.1543994501914,-1.16243385263556,-1.17079624769626,-1.17948618031974,-1.18850937562173,-1.1978712545549,-1.20757638257305,-1.21762809866296,-1.22802829860174,-1.23877735153994,-1.24987557115244,-1.26131965525319,-1.27310396552932,-1.2852233246673,-1.29767337363648,-1.31044988188815,-1.32353601104884,-1.33690339644554,-1.35053905783291,-1.36443311202828,-1.3785773223514,-1.39296221118217,-1.40750652047069,-1.42212958964297,-1.43681326069546,-1.4515427272994,-1.46634120256339,-1.48132152239641,-1.49651919259409,-1.51196753940689,-1.52770409300421,-1.54361000371146,-1.55944867260072,-1.57520424545235,-1.59074996593642,-1.60595141112045,-1.62080504861726,-1.63531049311931,-1.64947055317644,-1.66329139066765,-1.67672794751594,-1.68976158245764,-1.70264972912299,-1.71549775067756,-1.72834556099887,-1.74123635458312,-1.75421640331611,-1.76733469224845,-1.78064263544688,-1.79430031444285,-1.80843858824328,-1.82312951034278,-1.83849158171888,-1.85448917719014,-1.87113257258113,-1.88842675366333,-1.90636700767282,-1.92493707058705,-1.94411573266266,-1.96392830400194,-1.98432100735507,-2.00522960948465,-2.02659554860622,-2.04828295255392,-2.07013681799492,-2.09198582050068,-2.11364302469716,-2.13490805513711,-2.1558280284228,-2.17636829270884,-2.19628406189066,-2.21531129312501,-2.23316381611484,-2.24952982140657,-2.26406874818642,-2.27641163402772,-2.28617249840934,-2.29294921037782,-2.29635553056582,-2.29606398013908,-2.29185402095577,-2.28365422464961,-2.27156517751804,-2.25584895347018,-2.23689203039846,-2.21515453432059,-2.19112113262182,-2.16526358477617,-2.13801773873398,-2.10977287125562,-2.08086949958141,-2.0516004036157,-2.02216053389287,-1.99273972184567,-1.9635075293719,-1.93460081427619,-1.90613616541049,-1.87821321486571,-1.8509175169403,-1.82432294166561,-1.79849368287819,-1.77348596462189,-1.74933915921683,-1.72601758096032,-1.70353570171636,-1.68192444418391,-1.66105781193359,-1.64072101525658,-1.6208777461883
-1.45276631171331,-1.43594103097064,-1.41954976023294,-1.40360118685373,-1.38811807495251,-1.37308811420604,-1.35837832398914,-1.3439464475487,-1.32975020524737,-1.31579461382846,-1.3021539818126,-1.28881812146917,-1.27586347475529,-1.26338763807657,-1.25135290671846,-1.23972784021599,-1.22849581689458,-1.21761855023666,-1.20707022328596,-1.19694872421685,-1.18721505302422,-1.17757815795975,-1.16796741720539,-1.15838185247437,-1.14885287400539,-1.13945368076214,-1.13021050507246,-1.1210397121202,-1.11144853994195,-1.10141893832775,-1.0912603528473,-1.08122545670178,-1.0712955803439,-1.06157715451046,-1.05199042752789,-1.04251146819346,-1.03317859727706,-1.02402525258414,-1.01508760180695,-1.00639888085192,-0.998001020745762,-0.989708139284129,-0.981386872942652,-0.973107540664127,-0.964969331648103,-0.957079899941357,-0.949544929730928,-0.942496939043143,-0.936092477652663,-0.930483617790123,-0.925817041096924,-0.922222738201838,-0.919820855251052,-0.918850203486604,-0.919394422403612,-0.92142327302254,-0.92472282841211,-0.928810363164654,-0.933622647894823,-0.939285715002139,-0.945779460117102,-0.952892843341034,-0.960582553501922,-0.968658767765645,-0.976834627779767,-0.985260996482262,-0.993922306131656,-1.00267662522248,-1.01121731288912,-1.0193742287626,-1.02725163433597,-1.03531343358683,-1.04366247072103,-1.05236023462673,-1.06144076920592,-1.07076354389707,-1.08035186250442,-1.09021846661788,-1.1003788652496,-1.11084854010689,-1.12163497834485,-1.13273784841262,-1.14414928923264,-1.15585646687424,-1.16784850096805,-1.18011247264764,-1.19262836201755,-1.20537991673168,-1.21835123584645,-1.23152680783768,-1.24489243448211,-1.25843615082619,-1.27214909376004,-1.28601930693097,-1.29997982408146,-1.31413035970015,-1.32866246731565,-1.34329668509123,-1.35784757605994,-1.37230596244644,-1.3866707764099,-1.40094991437903,-1.41535281902703,-1.43002826746587,-1.44499250987858,-1.45997013090791,-1.47448204166694,-1.48847056895827,-1.5019302515847,-1.51485863166751,-1.52725232253126,-1.53902693642694,-1.55015840331306,-1.56066420901705,-1.57074601576333,-1.58066428431222,-1.59046814740294,-1.60022285500887,-1.61016910222133,-1.62042271508436,-1.63115785002764,-1.64251072611041,-1.65452198161967,-1.66718777714443,-1.68047644968995,-1.69441909012288,-1.7090793031368,-1.72456325327079,-1.74087635603142,-1.75808796805958,-1.77614634572628,-1.79495702199248,-1.81440301716212,-1.8343445164272,-1.85461929522026,-1.87504383296745,-1.89541499292628,-1.91551209694853,-1.93510124260837,-1.95425212866099,-1.97293726878272,-1.99088961099963,-2.00783251422733,-2.02348152903098,-2.03754668526786,-2.04973594428633,-2.0597605813671,-2.0673419392472,-2.07223488117743,-2.07422809573126,-2.07315971953806,-2.06893685169383,-2.06154696373619,-2.05106245325323,-2.03763685496165,-2.02149328176865,-2.00290688578279,-1.98221360853752,-1.95980757813445,-1.93599583458889,-1.91107394574572,-1.88531822264958,-1.85897690327161,-1.83227687736607,-1.80543996447117,-1.77866589466831,-1.75211906503508,-1.72583839846555,-1.69992303482216,-1.67448124577117,-1.64962354866,-1.62543001430847,-1.60196386715915,-1.57927975914848,-1.55742543071152,-1.53644332725932,-1.51637102652922,-1.49716465051994,-1.47882754556014,-1.46131773594
-1.29885409382344,-1.28497845522108,-1.27151481914361,-1.25824807253004,-1.24514675186119,-1.23225801383624,-1.21960881879502,-1.20719955117922,-1.19507765051682,-1.18320315607699,-1.17147532317611,-1.15986419750174,-1.14835159854245,-1.137177586194,-1.12644797086647,-1.11617386068277,-1.10639723604308,-1.09693147723247,-1.08757946446135,-1.07839736713675,-1.06931295239272,-1.06024422265224,-1.05116288888964,-1.04202026015117,-1.03285771868982,-1.02354550841933,-1.01356067809444,-1.00336607726118,-0.993131543646172,-0.98286161206445,-0.972737955671537,-0.962587367947135,-0.952401261215102,-0.942314157125346,-0.932360806411481,-0.922530591361464,-0.91284638013897,-0.903221209052181,-0.893545149194676,-0.883878757428223,-0.873961296787523,-0.863744971157102,-0.853306777742177,-0.842731630565887,-0.832110511707644,-0.821574813545457,-0.811290747463932,-0.801445406657482,-0.792261855169654,-0.784036806815377,-0.777330387959199,-0.77243526295507,-0.769579955895682,-0.768921710953749,-0.770529871379017,-0.774387315021697,-0.780237938398725,-0.787368815029703,-0.795325804747749,-0.803628209291592,-0.81191720275991,-0.820118500033338,-0.828620389517041,-0.838175714461205,-0.848613769537453,-0.859580714917068,-0.870852497410949,-0.882271870487674,-0.893232327686849,-0.903383247197815,-0.912698313375999,-0.921197739862292,-0.92899418307709,-0.936817543931496,-0.944887622504651,-0.953256077997962,-0.961986385947287,-0.971140720682995,-0.9807364291504,-0.990792329077609,-1.0013187083795,-1.01231223281637,-1.02375638506855,-1.03562199371158,-1.04786471465207,-1.06042020757656,-1.07324216659861,-1.08628856660916,-1.09950075580664,-1.1128224834304,-1.12622369621261,-1.13965304962535,-1.15305745224654,-1.16646437398572,-1.17994487887295,-1.19349990451125,-1.20713850071669,-1.220836489125,-1.23450702410304,-1.24815672086199,-1.26169943106,-1.27488073061557,-1.28823487132478,-1.3014478985498,-1.31430558055063,-1.32696016362075,-1.33965234817934,-1.3524424235265,-1.36479958327968,-1.37642723724532,-1.38730281061039,-1.39730839239318,-1.4064227450192,-1.41465577974773,-1.4220250929934,-1.42869539912101,-1.4352446906204,-1.44185410506944,-1.44872582081755,-1.45602999374532,-1.46381808420884,-1.47214860959667,-1.48108561776026,-1.49065077743453,-1.50097921583675,-1.51216563982863,-1.52437980240447,-1.53771402808356,-1.55215483333829,-1.56766539351138,-1.58418142750542,-1.60160810333441,-1.61981827050593,-1.63865220777617,-1.65791892791625,-1.67739892700707,-1.69684812897913,-1.7160026787299,-1.73458899221737,-1.75271322056448,-1.77033692705743,-1.78717118333277,-1.80292944558835,-1.81733145872873,-1.83010438676206,-1.84099259707457,-1.84976155178536,-1.85620206555307,-1.86013731318966,-1.86144054467345,-1.86002359049318,-1.85584443258484,-1.84891464224124,-1.83930965692425,-1.8273100303273,-1.8130714861905,-1.79675091965647,-1.77850238069227,-1.75856273629996,-1.73718300372231,-1.71461336130595,-1.69110313367983,-1.66689373630159,-1.64221472476245,-1.61728177734124,-1.59232376741565,-1.56755122082156,-1.54312365582868,-1.51918564063979,-1.49585743019299,-1.47321258466292,-1.45129530747424,-1.43015751431091,-1.40983055488987,-1.39034000721305,-1.37173951154076,-1.35400872616804,-1.33712482819287,-1.32113874333113,-1.3060660073269
-1.14764087831989,-1.13563948893372,-1.12455097771829,-1.11413601250896,-1.10388779494232,-1.09372299966913,-1.08363218234786,-1.07360039522498,-1.0636398692211,-1.05384332082752,-1.04433095163823,-1.03523357043603,-1.02634200065595,-1.01759855333368,-1.0087877068784,-0.999815874964623,-0.990764466977217,-0.981638452462864,-0.972466814831759,-0.963164603270669,-0.953695585492749,-0.944198604185586,-0.934837535883926,-0.925518751396084,-0.91566214015677,-0.905540720727028,-0.895114549857595,-0.884724566739195,-0.874236124607113,-0.863858804263716,-0.853707027553147,-0.843733085077099,-0.834043766669801,-0.824356261459308,-0.81443431884133,-0.804276590888896,-0.793907195253014,-0.783350926954636,-0.772605725016172,-0.761298875102765,-0.749352647298282,-0.736928945973825,-0.724092484187674,-0.710856760154979,-0.697280158466581,-0.683456684771873,-0.6695501808449,-0.655969281666235,-0.643263624391645,-0.631826235373894,-0.622135938683344,-0.614663604256974,-0.609934572454362,-0.60851573085214,-0.610799238503885,-0.616777660437522,-0.625936229803501,-0.637332989272358,-0.650191388294257,-0.663760982833207,-0.677593467236791,-0.691981658414504,-0.706278615194288,-0.719562912688795,-0.731475432664949,-0.742298118190916,-0.75270662271679,-0.762942555733897,-0.773093060272869,-0.783146784669439,-0.792606283473102,-0.801288334430378,-0.809214214693351,-0.816399817513339,-0.823189652121827,-0.830519759901256,-0.838475887577503,-0.84705049547169,-0.856226396161553,-0.865977957581198,-0.876310555569659,-0.887352281807577,-0.899079611737295,-0.911436932902891,-0.924227143844156,-0.93737092157156,-0.950801260380801,-0.964448009274812,-0.978239646061411,-0.992105472380194,-1.0059781791081,-1.01971006181438,-1.03313234423636,-1.0463022874346,-1.05927391271484,-1.07203272308697,-1.08457996061247,-1.09707258370587,-1.10975137688418,-1.12260401526928,-1.135475763691,-1.14828722542603,-1.16106502483994,-1.17345780050682,-1.18480988489531,-1.1951286739601,-1.20533671574772,-1.21523658678789,-1.22521798288288,-1.23531188742122,-1.24469857631471,-1.2529542001153,-1.26004928451414,-1.26597893543933,-1.27084972581074,-1.27494922717092,-1.27853611063068,-1.28227117228582,-1.28622629860926,-1.29045129726062,-1.29501154638218,-1.3000200257461,-1.30575667963451,-1.31227697789745,-1.31977478765131,-1.32843108088007,-1.33831468618925,-1.34948055072426,-1.36196075660121,-1.37575563700426,-1.39082586950409,-1.40708642489021,-1.42440311076699,-1.44259218226498,-1.46142313941545,-1.48062445412857,-1.49989163677046,-1.51889682103683,-1.53731117855012,-1.55527835098673,-1.5727163121228,-1.58930104443688,-1.60472141624244,-1.61869241422965,-1.63095474533308,-1.64127720524716,-1.64945936044926,-1.65533412726805,-1.65877033383101,-1.65967752327496,-1.65799425791454,-1.65393891347794,-1.6475969272085,-1.63891425291279,-1.62794140579069,-1.61481275866443,-1.59969231005498,-1.58276783830292,-1.56424378775694,-1.5443327235796,-1.52325710583379,-1.50124133901028,-1.47856452697452,-1.45547612236147,-1.43219047155318,-1.40915841769018,-1.38659297751038,-1.36461944746277,-1.34337668713562,-1.32290500125785,-1.30305647400777,-1.28382341793587,-1.26514598979187,-1.24706814207996,-1.22966501684854,-1.21294753468612,-1.19696040199376,-1.1817646587892,-1.16742407423786,-1.15398685347675
-0.999096836386971,-0.988465218743032,-0.978834076935823,-0.970318502481107,-0.962814218381337,-0.955703344408135,-0.948658005792356,-0.941650191207714,-0.934635330743424,-0.927576376510786,-0.920611809684334,-0.913761959988677,-0.906332065440982,-0.898552465926187,-0.890870352918783,-0.883104440208664,-0.875177565937231,-0.867037346615458,-0.85869968932955,-0.850146531940889,-0.841385548054259,-0.832404006872338,-0.822676406241907,-0.811830255625488,-0.800183890279293,-0.788478940419785,-0.77739224525897,-0.767253362608321,-0.757787610237582,-0.748771874214393,-0.739763740171576,-0.730427970263337,-0.720774555858037,-0.710803421234116,-0.70049903778931,-0.690176760541867,-0.679869716277852,-0.669411037815271,-0.658302997406078,-0.646335163964462,-0.633491690326631,-0.619757009189833,-0.605116474552844,-0.589566946885275,-0.573172133716771,-0.556244260179133,-0.539062979725856,-0.521688776280681,-0.504320389200079,-0.487382682361268,-0.471645802652683,-0.458173794428955,-0.448233370089602,-0.443346940830694,-0.444588919328831,-0.451985458548256,-0.465024129202277,-0.481849245867925,-0.50070398424776,-0.521032269718263,-0.542407194244992,-0.562909173090194,-0.581451832284485,-0.597917400337673,-0.612278910741651,-0.624091980343537,-0.633627947746391,-0.641447694351613,-0.648927382498415,-0.656974769665516,-0.665813044402183,-0.675505527590527,-0.68506982033418,-0.694167237675713,-0.702718093914241,-0.710681596660596,-0.718995461076338,-0.728083570642783,-0.737916842960279,-0.748435470418312,-0.759573795871861,-0.771260818794777,-0.783420272207637,-0.795958062322572,-0.808818865911582,-0.822202771190085,-0.836087602706332,-0.850269117976956,-0.864556136176533,-0.878738084709872,-0.892709248145378,-0.906378243205708,-0.919668055517172,-0.932521134070811,-0.944903839738095,-0.956729385520091,-0.967835578759071,-0.978464071957646,-0.988724385884164,-0.998707817875711,-1.00880895979425,-1.01938174735671,-1.03038508017773,-1.0415800937513,-1.05269377993481,-1.06313084774593,-1.07232061364349,-1.08013981374459,-1.08660848079441,-1.09340664459851,-1.10046457796951,-1.1070924814804,-1.11230805220302,-1.11632384186627,-1.11931219541118,-1.12150648386886,-1.12301574427366,-1.12403068788557,-1.12501275533224,-1.12604263683747,-1.12741556030143,-1.12928993581175,-1.13189130563937,-1.13550530333549,-1.14017579235566,-1.14605010108755,-1.15327941601089,-1.16200462572914,-1.17234020293299,-1.18435738658999,-1.1980685773128,-1.2134149896084,-1.23025934969339,-1.24838480890274,-1.26750038339153,-1.28725231011359,-1.30723990814411,-1.32703399844357,-1.34622433539585,-1.36497596491179,-1.38311576974499,-1.40026919261693,-1.41609990511806,-1.43031190374887,-1.44265091666458,-1.4529043157735,-1.46090030330858,-1.4665067241993,-1.4695947328168,-1.47044334648828,-1.46902983487738,-1.46522139854834,-1.45905432383653,-1.45060329826057,-1.43997390138019,-1.42729938349193,-1.41274144501754,-1.39648490133621,-1.37871379532204,-1.35963766154426,-1.33955918958278,-1.3188404407973,-1.29804654987331,-1.2773289715228,-1.25685558799309,-1.2365604691348,-1.21625045377696,-1.19609197697683,-1.17624797665579,-1.15687613619332,-1.1381959653254,-1.12034808601393,-1.10343403415178,-1.08727136765946,-1.07173827157852,-1.05687624788007,-1.04272952975634,-1.02932321851713,-1.01665893317918,-1.00473526229036
-0.854750464585082,-0.845227606261805,-0.83670234204729,-0.829390665307831,-0.823464526314108,-0.818989234839285,-0.81526693738839,-0.811652206863196,-0.808051519909199,-0.80430804046087,-0.799583544407237,-0.793721988308021,-0.787086590496468,-0.780120003309378,-0.773191969523761,-0.766599890114567,-0.759879325383113,-0.752827283410106,-0.745412136002735,-0.737581641814091,-0.729327638718723,-0.720221710832346,-0.710361764439081,-0.700161825782275,-0.69011415133743,-0.68039317692098,-0.670953058741926,-0.661776341665535,-0.652211377228909,-0.64268033549983,-0.633401794551993,-0.623950616518425,-0.614605251793704,-0.605328674892822,-0.596022348557686,-0.586585937287926,-0.576947513930158,-0.566689652257873,-0.555349343765034,-0.542894250680096,-0.529298980014883,-0.51452783612376,-0.498529770645748,-0.481443768078319,-0.463582131134958,-0.444828008162348,-0.425086424563078,-0.404195087290139,-0.382019891322337,-0.358638887014423,-0.334723308240118,-0.311827696539582,-0.291784500820011,-0.277999722404067,-0.274072037531411,-0.282136589704643,-0.301036529618755,-0.326354820388414,-0.354778713240156,-0.383178144883454,-0.409241739541323,-0.432496021906766,-0.45241162083465,-0.469540776196824,-0.484499944823099,-0.497299185133575,-0.508788829675464,-0.518877640124514,-0.527307299824289,-0.534909794425784,-0.543119549370594,-0.552674959377043,-0.563504814096747,-0.575257204300659,-0.586669971784469,-0.597554244073123,-0.6077389870392,-0.61808385857149,-0.629188931688866,-0.640953309915825,-0.653301481633976,-0.666158801464947,-0.679440641740141,-0.693039752572045,-0.706858215034615,-0.720790506132856,-0.734720358083293,-0.748611545304365,-0.762741051674325,-0.777008411872382,-0.791078810124864,-0.804779654910841,-0.817799814759028,-0.830019589361672,-0.841374340227311,-0.851841397183869,-0.861443318149881,-0.870252323284229,-0.878321306745923,-0.885527873990512,-0.892282214428906,-0.898784230594337,-0.905459691184921,-0.912480567822829,-0.91966262263104,-0.927119875161526,-0.934977662617091,-0.942689476865053,-0.949327044837273,-0.954360609919221,-0.957774222739667,-0.960829424565066,-0.964706747958525,-0.9675481734426,-0.969446646158873,-0.970387927801494,-0.970303888159685,-0.969148691953899,-0.967398489284246,-0.965700671303306,-0.964113609129655,-0.963001701710991,-0.962653494558444,-0.963146103078821,-0.96457601221765,-0.96719577640801,-0.971284070042804,-0.977122722271252,-0.984968218959735,-0.995019748264657,-1.00738795281698,-1.02206921964609,-1.03892988232216,-1.05770318845075,-1.07799974528069,-1.09932996180399,-1.12113518858401,-1.1428230758243,-1.16385804241928,-1.18438578095739,-1.20411121939968,-1.22259672677414,-1.23947238645531,-1.25443506577128,-1.26724376362611,-1.27771337980286,-1.28565137747836,-1.2912536583039,-1.2946122994199,-1.29549780731333,-1.29390913901858,-1.28990179875533,-1.28355497089428,-1.27498076835218,-1.26429820089225,-1.25164780797812,-1.23718909047486,-1.22109808647643,-1.20375091915373,-1.185931548236,-1.16788532985078,-1.14974412886077,-1.13117733015011,-1.1120640621344,-1.09258115620723,-1.07290267514403,-1.05320190764877,-1.03365332428425,-1.01449851145958,-0.995983355804276,-0.978281248168042,-0.96152239109545,-0.945810917168296,-0.931254346179783,-0.917793378860905,-0.905097833674552,-0.893061069172317,-0.881512730310031,-0.870402233477933,-0.859800018375302
-0.715208309836528,-0.706222270212906,-0.6983203061291,-0.691909469270435,-0.687258929580709,-0.68449325058867,-0.683615970319263,-0.683872630845858,-0.683340470557371,-0.681367651918057,-0.678068570886688,-0.673934697987306,-0.66916967604442,-0.663601338710324,-0.657426488442812,-0.651277984550643,-0.645423918784989,-0.639483940331907,-0.63331146309848,-0.627183785868475,-0.620242207663709,-0.612364006115066,-0.604234019762724,-0.596313848356011,-0.58868297279821,-0.581664302491277,-0.57441458640678,-0.566354964780909,-0.557481454684288,-0.548071594747585,-0.538480550891163,-0.528911093331481,-0.52010832123421,-0.511626676853847,-0.503008667136023,-0.494309667872208,-0.485136720073243,-0.474787399118456,-0.46329194974638,-0.450544818943477,-0.43647859771769,-0.421125062393817,-0.404993345659398,-0.388105764052337,-0.370271876498396,-0.351215365151048,-0.330550853988464,-0.307834693529155,-0.282581227078594,-0.25405261687683,-0.220894264483068,-0.183181448774509,-0.143188048852274,-0.107646386191941,-0.0890912761127021,-0.0995250055287329,-0.136269454802619,-0.182216685120563,-0.222994920677083,-0.256287729370471,-0.283681710856338,-0.306373089813836,-0.325077763758844,-0.341137168213897,-0.355384074972518,-0.368258054617673,-0.380870180513202,-0.39327052267725,-0.405416283589776,-0.416474990078154,-0.426903804368208,-0.437315516599992,-0.449400441034255,-0.462884813017547,-0.477626909668426,-0.49191583553082,-0.505337519015722,-0.517675768071341,-0.529906082799841,-0.542737579403919,-0.556111299941208,-0.569966379322891,-0.584220455307767,-0.598782497115215,-0.613562257188377,-0.628451284846708,-0.643320117227386,-0.65801672993645,-0.672362287019613,-0.68616237898087,-0.699736401277459,-0.713053407281806,-0.725663012012897,-0.737389651946419,-0.747899406443757,-0.757045699789958,-0.76485381101968,-0.771412044486455,-0.776859814587718,-0.781424605239784,-0.785416030044377,-0.788618033267497,-0.791430736121813,-0.793653198011771,-0.795966111616138,-0.798639227705613,-0.80169876882599,-0.805331241739583,-0.809428543317006,-0.813178936943145,-0.816312717869324,-0.818407227441076,-0.819796371863939,-0.821292363497912,-0.822835909830868,-0.823096223096425,-0.821964837907463,-0.819646935974756,-0.816176714093107,-0.812085084816866,-0.808027917994025,-0.804207535840485,-0.80074707572023,-0.797770795535806,-0.79544334657528,-0.794156059529797,-0.794374662268294,-0.796604609040828,-0.801342132173544,-0.809013437030286,-0.819911162191225,-0.834140037983655,-0.851582787650515,-0.871892929523316,-0.894515412808865,-0.918731175926843,-0.943718275980305,-0.968612620867927,-0.992697336454193,-1.01605063517123,-1.03821063146279,-1.05867491128712,-1.07705754224411,-1.09307463520936,-1.10652175792976,-1.11721316630861,-1.12558661752797,-1.13140518254817,-1.13459241517683,-1.13517125633283,-1.13320720947089,-1.12877847442538,-1.12199560248847,-1.11297457384504,-1.10185335193164,-1.0887896654432,-1.0742574781181,-1.05923632591264,-1.04387897258225,-1.02798796762628,-1.01108470770862,-0.993334615974003,-0.974910854872157,-0.955976780306172,-0.936687324860963,-0.917193414409247,-0.897657323132255,-0.878366851820081,-0.859552013995995,-0.84141265207474,-0.824173572353337,-0.808110362583868,-0.793451291228903,-0.780403771247407,-0.768970256545248,-0.758793192884139,-0.749059763121073,-0.739403568177948,-0.72966312337833,-0.719943872976167
-0.580303115722241,-0.570806683037563,-0.562830325543374,-0.557076002018505,-0.553850691004186,-0.553164520260348,-0.554392826027718,-0.556250322300041,-0.557848724632157,-0.557961690529812,-0.557028265242001,-0.555279279117478,-0.552591459244946,-0.548908369667971,-0.544334069922994,-0.539244863050663,-0.534591686187153,-0.530652490433506,-0.527298577324951,-0.523200317245429,-0.517925014135962,-0.512550762639449,-0.507402883451228,-0.50264448405206,-0.497980901403523,-0.492469037009619,-0.485892466103238,-0.478727871402769,-0.471488570610777,-0.46408146667597,-0.456385162074008,-0.448216539409289,-0.439508980649001,-0.430367072559632,-0.421869182543334,-0.413466132972606,-0.404013006205359,-0.393478537173406,-0.381684132345387,-0.368606560280898,-0.354484411376371,-0.339824731011826,-0.32461846371222,-0.308799520263355,-0.292240375863824,-0.274712560209483,-0.255912745884575,-0.23555276111264,-0.211916233909001,-0.183181513122849,-0.146406657983583,-0.0970219190148931,-0.0297151956761542,0.0560443427440585,0.138318440893478,0.143018825449896,0.02679637466314,-0.0654512465439357,-0.107078105955018,-0.140427920585709,-0.169923652980042,-0.193967808392543,-0.211420501557038,-0.223465566894303,-0.232682232419507,-0.24168360740337,-0.252344155861246,-0.265117955749906,-0.280399953641547,-0.297042047771296,-0.313135856848055,-0.328305959713368,-0.342872477847872,-0.357763214873188,-0.373878504030797,-0.391126488956729,-0.407587688307888,-0.422703871483105,-0.43634162867689,-0.449970226336527,-0.464150495497852,-0.478832357944593,-0.493940371290091,-0.509334589000579,-0.524786899595553,-0.540244068748757,-0.555623418813206,-0.570694464038333,-0.585335817716123,-0.599380203987041,-0.612572969834544,-0.624740591978748,-0.63628826972039,-0.646884061664156,-0.656111665624661,-0.663901671821142,-0.669961569632129,-0.6743515601662,-0.677334862415838,-0.679230296066046,-0.680374179472661,-0.681218377140486,-0.681548820670793,-0.680847136479759,-0.679555326156103,-0.677985804085911,-0.67677163392718,-0.67594626403982,-0.675618008290004,-0.675826361026306,-0.67635538523755,-0.67673675197342,-0.67740682014077,-0.679156489635546,-0.680480883994354,-0.680043892456675,-0.679185880864923,-0.676830530230551,-0.672811589249448,-0.667505740830347,-0.661716407304152,-0.655536783429311,-0.649037305363818,-0.642337104592267,-0.635667367385267,-0.629621108094213,-0.624919294529035,-0.622410533531924,-0.622992215644065,-0.627494503148699,-0.636547199223423,-0.650461850880426,-0.669159805191152,-0.691947196761835,-0.717738382974545,-0.745550828802425,-0.77423211790842,-0.802601714157812,-0.829773197256998,-0.855712741554269,-0.879807397409595,-0.901607150282891,-0.920834567506391,-0.937313501585755,-0.950990680398329,-0.9623568657446,-0.971150427832629,-0.977392707047121,-0.981099030803367,-0.982276601508114,-0.980937649533474,-0.977104185648409,-0.970827008323121,-0.962142749860601,-0.951356041070986,-0.939469747702112,-0.926838055323413,-0.913180974935816,-0.898205673130885,-0.882101652346311,-0.865049855172679,-0.847215342126913,-0.828740966902198,-0.809743767020922,-0.790344701673014,-0.770727419655857,-0.751135633328272,-0.731720970802947,-0.712639006022781,-0.694181159760908,-0.676693574852664,-0.660641292598988,-0.646541089231739,-0.634773792181109,-0.625337964678942,-0.617763217059998,-0.611042577965416,-0.603686994822746,-0.5950264732609,-0.585283017925495
-0.448143670358578,-0.436414823964924,-0.42781727791056,-0.423123913459671,-0.422247021961904,-0.423524277007037,-0.425872205931289,-0.428864948250757,-0.432203068671905,-0.435313208795902,-0.43745192380257,-0.438497713100093,-0.438524998069717,-0.437636019284672,-0.43614318797499,-0.434341526512665,-0.432475418779701,-0.430608520620217,-0.428944008473007,-0.426868657981256,-0.424925572660102,-0.423219032328929,-0.421897512227678,-0.419973713187006,-0.416472522495251,-0.411678018782226,-0.406546970416166,-0.40120587544325,-0.396213950636976,-0.390844050471744,-0.384849872180144,-0.378253738171267,-0.371026305749911,-0.363070285576872,-0.354293460540664,-0.344252959187047,-0.333878568774341,-0.322524981219744,-0.310010620993865,-0.296880102254824,-0.283463150407183,-0.269718758538729,-0.255611308354448,-0.241214609980197,-0.226588702026546,-0.212115579442838,-0.19750728820042,-0.182012051655373,-0.165214008352859,-0.146243517742775,-0.122848947120361,-0.0902636717173183,-0.0363878635311836,0.0718211118782723,0.305087515597065,0.680829319606154,0.328041762275259,0.11544787952303,0.0312208267325738,-0.0255228462393611,-0.070359027329095,-0.100503707713151,-0.113115782216197,-0.115771084108194,-0.116680540017177,-0.119924268542966,-0.126919247813512,-0.138132668900253,-0.153583189067712,-0.172701385916699,-0.194633682029593,-0.216261874182526,-0.236490902017239,-0.255608444464829,-0.273930333220113,-0.292750367711928,-0.312371876846674,-0.330646369186133,-0.347064393139989,-0.36182000383433,-0.376555769073142,-0.391369984183899,-0.406310021487975,-0.421421707987569,-0.436699916211576,-0.452126765562186,-0.467638404316515,-0.483119081869851,-0.49839036856009,-0.513196193535266,-0.527189889870955,-0.539935049165392,-0.550936429155464,-0.560218162266494,-0.567936271260478,-0.573491192282131,-0.576963483943174,-0.578544147061374,-0.578327688214122,-0.576863712636238,-0.574693273734027,-0.572125856708358,-0.569091195759445,-0.565833874973288,-0.561923111785528,-0.55762423931079,-0.553191599501301,-0.549272710163543,-0.545716301193838,-0.543112831236568,-0.541869844849351,-0.541485335642436,-0.540886078599748,-0.540292057572124,-0.541211558468587,-0.543167475864384,-0.542767956372056,-0.540961229997305,-0.537818031339671,-0.532885402958203,-0.526278808733322,-0.518503053816564,-0.509524092842731,-0.499392080578355,-0.488268424896909,-0.476793794043947,-0.465957592671936,-0.457050586439855,-0.450918991024728,-0.448956921892972,-0.452627849116025,-0.462815222940366,-0.479678414741194,-0.502696745521666,-0.531322159842032,-0.563903766971946,-0.598362553446768,-0.632647565921259,-0.66530296961365,-0.695850988981917,-0.723452422410555,-0.747704292325437,-0.768439893770769,-0.785694112923131,-0.800078540899002,-0.811493993825737,-0.820033720442967,-0.825782233142891,-0.828825946232614,-0.829256547893844,-0.827174744367973,-0.822694317075393,-0.816087001607678,-0.808531380735882,-0.800546148385357,-0.791560342138549,-0.781326933510292,-0.770127532086023,-0.757507644660269,-0.743115023747389,-0.726960382587073,-0.709218948592861,-0.690905893541204,-0.672237397844041,-0.653263712704,-0.634118966046599,-0.614793694997223,-0.595258798755651,-0.575577494264795,-0.555989681041137,-0.53700684603001,-0.519373154497059,-0.504082095099061,-0.492115023028095,-0.484179760803568,-0.480172420093875,-0.4782823037341,-0.474789987524629,-0.466592948257701,-0.454561531865411
-0.311450733366591,-0.296503439002809,-0.288867964824204,-0.287605390940119,-0.289698047153621,-0.293637593644187,-0.298522852709108,-0.303725715062783,-0.309098144389661,-0.314929838773202,-0.320842193818106,-0.326048481982469,-0.330554466616234,-0.334123394353268,-0.336666164091219,-0.33831572471598,-0.33939843557081,-0.340118088015957,-0.340276558478689,-0.341326308394524,-0.343328904810127,-0.345490839153331,-0.34675841213474,-0.345979821679323,-0.343859697651698,-0.341397454014105,-0.338608199517509,-0.335547839583138,-0.332282498326724,-0.328626905809416,-0.324231192361728,-0.319020273518372,-0.3129702425561,-0.306167460947713,-0.298108074474697,-0.28798181080803,-0.275728974297625,-0.262110962050426,-0.24898676822381,-0.235836460991359,-0.222620950815802,-0.20935721449548,-0.195952333621291,-0.18256011551724,-0.169941918138125,-0.157702950513798,-0.145943512344686,-0.135219289973256,-0.126225699989674,-0.119752230476024,-0.117647452018699,-0.121854223169122,-0.137583603205815,-0.177949663358513,-0.209497584301308,0.139712524107395,0.237284360055333,0.196949883380934,0.135048034461963,0.076265982689513,0.0185465181277416,-0.0313664438454372,-0.0174846044095355,-0.00376966733811223,0.0035564826754962,0.00464632421307397,-0.000117757566036221,-0.0103232959587611,-0.0256118175560765,-0.0456231592438454,-0.0699649639078956,-0.0976603034270738,-0.125695589387699,-0.151905831114188,-0.176212306324159,-0.198647767581076,-0.220539972027882,-0.242227504677566,-0.261092519298214,-0.276921847126435,-0.290984343990145,-0.305189091523816,-0.31951601650729,-0.334099842005058,-0.349021991826719,-0.364303899052863,-0.379912809779505,-0.39576991929069,-0.411737208206126,-0.427574373332647,-0.442881306714887,-0.457046771056664,-0.469245363545647,-0.478536937499774,-0.484380526953298,-0.487280378655577,-0.486955664877318,-0.484020137503683,-0.479347083830277,-0.473300352820257,-0.466666965696842,-0.459932182908353,-0.452991863886804,-0.446242658036539,-0.439966817621688,-0.433774005124618,-0.427438263324503,-0.421221596124503,-0.41620855926259,-0.412665504238878,-0.410956130688687,-0.410718936769592,-0.411046136083112,-0.411106366871925,-0.411421003651212,-0.413174830187021,-0.414852957144812,-0.415140379472994,-0.413195002520664,-0.410178204439163,-0.404370686602543,-0.39616063718964,-0.385608645081301,-0.372537758935795,-0.355929006267964,-0.335553486044102,-0.312863179968149,-0.290033508346816,-0.270082812122442,-0.257732312956589,-0.255808309426374,-0.265518136162057,-0.286504546180455,-0.317062731379221,-0.355145630610753,-0.39802357689946,-0.442488518529984,-0.485373267515604,-0.52464016468889,-0.559653150524222,-0.589826423786234,-0.615191972593481,-0.636008556665541,-0.653309338695433,-0.667202556998814,-0.677905113064308,-0.685583786965307,-0.69037336340944,-0.692391635586818,-0.691750626720692,-0.688564958878382,-0.683718971968885,-0.678160795120236,-0.671552036941042,-0.663076440186576,-0.652953256300357,-0.641394505198243,-0.628634605504914,-0.614924685097745,-0.600521718645453,-0.585671358660749,-0.570601353269152,-0.555957774660772,-0.54089482897221,-0.524206051499737,-0.506127346279425,-0.487774728351909,-0.468916048161498,-0.449250033172557,-0.428537794092992,-0.406958071658471,-0.38527779306043,-0.364887384452991,-0.348177960547103,-0.338250121553145,-0.337664860971316,-0.345793661428046,-0.352662212323099,-0.342176513384399,-0.321290935044103
-0.150782374357515,-0.140801124288487,-0.141722292132735,-0.147920205175523,-0.156475858970793,-0.16579103354627,-0.174866023019046,-0.183379620615201,-0.191690410307366,-0.200794809172178,-0.211619214357072,-0.222479711890232,-0.232034075366126,-0.240134834298616,-0.246733187461262,-0.252022902285002,-0.256311421336501,-0.260199686824777,-0.263759869559007,-0.267774540500174,-0.273122685174339,-0.278034875961186,-0.280549103388348,-0.281524757931544,-0.28197998779826,-0.282005117824708,-0.281543119101542,-0.28057355183702,-0.279095140177619,-0.27708467869764,-0.274287969379776,-0.270460505621535,-0.265574004018335,-0.259535810098826,-0.251512301992194,-0.241209125304146,-0.228628272273224,-0.214641572062389,-0.199707445205773,-0.185497043087942,-0.171658758825067,-0.157809967407725,-0.14420235736957,-0.131238911138526,-0.118316025069755,-0.105697819139071,-0.0940530143988676,-0.084211164929649,-0.0770345278647071,-0.0735209386656264,-0.0748650622385121,-0.0829775207134963,-0.0963887853647932,-0.100265555629657,-0.0509908947900597,0.0636825444260291,0.162767383474867,0.205785309975797,0.207111165546696,0.185831389889293,0.155936913752532,0.133857450372874,0.131790962767951,0.138121903205746,0.142133164213404,0.140867068851134,0.133754475940605,0.120985320580225,0.10300764668243,0.0802384774965563,0.053090262707096,0.0222400655816857,-0.0115722450379904,-0.0461945217751631,-0.0783406140266798,-0.107553032859581,-0.132713775139141,-0.1555290609269,-0.17625698757301,-0.19342271191351,-0.207182745166228,-0.220186419282504,-0.233405116892592,-0.247110657027573,-0.261430084764083,-0.276356543056873,-0.291835418584242,-0.307822689962038,-0.324293980510199,-0.341159210260465,-0.358158917765681,-0.374686124984738,-0.38947492459347,-0.400703955956195,-0.406443984436366,-0.405759688990241,-0.399914049125486,-0.389953529329401,-0.377902441097603,-0.365634705088665,-0.353869425333174,-0.342734135086756,-0.332213455007188,-0.322461593381959,-0.313697579559011,-0.305976300355434,-0.298801619960284,-0.292061658650767,-0.286606530116719,-0.283472984499482,-0.28262400180698,-0.28354641772441,-0.286073229461732,-0.289384213548804,-0.291991702349473,-0.295052128092368,-0.298936334227274,-0.301405387381151,-0.302561126656076,-0.301339504551528,-0.298289435098161,-0.290160604669132,-0.275942350419116,-0.255376699448915,-0.228183294294678,-0.196822003347689,-0.163477708554415,-0.130296567414921,-0.100316189926037,-0.0788498029402333,-0.071568805348016,-0.081163807730663,-0.106404036154879,-0.144681693221007,-0.19359039622322,-0.249477982727653,-0.306822193816307,-0.360279828305435,-0.406708231736022,-0.445140445566836,-0.475978642798537,-0.500425043498316,-0.520322257106085,-0.536314964047106,-0.548831185613387,-0.5581436511084,-0.564437248744232,-0.567850795114937,-0.568500649188983,-0.566640093720727,-0.56371290926103,-0.55991112001391,-0.553897190608896,-0.545883425708048,-0.536046158932337,-0.524583123685378,-0.511728433339822,-0.497754925378728,-0.482972286688052,-0.467717640254623,-0.452334734478054,-0.437138405846526,-0.422363820848097,-0.408242084453589,-0.394841274996613,-0.38192060293013,-0.369317262465639,-0.354495364613316,-0.33583059568437,-0.314235554698177,-0.289255882214264,-0.26079985677922,-0.229880446247578,-0.199730153476616,-0.176130385714773,-0.166757096657962,-0.179231310660124,-0.215280326253766,-0.190833028812759,-0.160963673236518
0.048891479979251,0.0313536714170358,0.0104214043760616,-0.0100831251461478,-0.028803366559967,-0.0451864365255447,-0.0593306756862697,-0.071912811550464,-0.0850849073212856,-0.0993126132264349,-0.11428267410948,-0.12965965152749,-0.144085114904818,-0.156746409159919,-0.167805570309172,-0.176573831328995,-0.184496976643004,-0.191905802083218,-0.198988435615409,-0.206331588807572,-0.213680864361897,-0.219811557687532,-0.224387278635671,-0.228061570581416,-0.231056448756212,-0.233436106594171,-0.235184015694263,-0.236267726422144,-0.236602403072581,-0.236158905092136,-0.234892820889609,-0.232451395051353,-0.228693939393432,-0.223020447068815,-0.214672121290999,-0.203827866545742,-0.191492460768477,-0.177900881699762,-0.163000333417563,-0.146912264567644,-0.130692424243418,-0.115328884751283,-0.100492501590346,-0.0854885638398598,-0.0699987885452879,-0.0544366819691533,-0.0393915048008113,-0.0253419385652384,-0.0117469759286922,0.000803275926345999,0.0118342001988086,0.0229099541173284,0.0387550733046272,0.067478176136343,0.116506751722194,0.182584053867645,0.24703395194264,0.292262469867691,0.314603959361448,0.31884769409972,0.313349128301326,0.306350483701836,0.30209538592313,0.299147000539637,0.294453681115742,0.285703940341979,0.272103526363949,0.253462252905851,0.230117303817789,0.202441465477579,0.170976980140137,0.136349359045064,0.0996304004246505,0.0610734039258904,0.0225433673777477,-0.0119286306632552,-0.04204416024157,-0.0672853787858513,-0.0894889830732097,-0.10779886704905,-0.121639419829303,-0.132737279357104,-0.144121040490798,-0.156464704723464,-0.169902249551847,-0.184185341633158,-0.199144844635809,-0.214839892713925,-0.231493714734869,-0.249384522936851,-0.268672088563595,-0.289045881454621,-0.309066097631065,-0.325466129881198,-0.333302477879303,-0.328909366787265,-0.313550522675487,-0.293032535145531,-0.271413002219155,-0.251454883415869,-0.234443249478665,-0.21950650138553,-0.206226703285634,-0.194475920930687,-0.184102252378451,-0.175197142434863,-0.167842322945262,-0.162151794722745,-0.158117391994867,-0.156329608785553,-0.157128550171781,-0.160155642027522,-0.165629279901278,-0.173120513343614,-0.181014677757868,-0.187888850636714,-0.195605517245583,-0.203092625680078,-0.207514302797401,-0.206151908746381,-0.199057013293271,-0.186363778674051,-0.17070457383014,-0.151583773351512,-0.12708128764438,-0.0945589274006967,-0.053333433609535,-0.00486364098978121,0.0458164040500735,0.0877266860377936,0.105482281218803,0.0921299860260079,0.0567179441475367,0.009633185647023,-0.051151478098253,-0.125296726863676,-0.198622368858037,-0.26420045561982,-0.31717693876139,-0.35482220614266,-0.381958688428478,-0.403143215085819,-0.420253246567321,-0.433859854755994,-0.444271617691753,-0.451672318015638,-0.45618961892835,-0.457924275711973,-0.457479476477409,-0.456350356978649,-0.45371490035364,-0.448314989323362,-0.44073744876978,-0.431164750907898,-0.419754109561439,-0.406698512783377,-0.392241095297845,-0.376685942033634,-0.360406495813835,-0.34384639665528,-0.327504231697744,-0.311891053356854,-0.29750567773101,-0.284875297188153,-0.274112006743553,-0.264870584194523,-0.256231272382822,-0.246771262378877,-0.234672232671491,-0.218011677615435,-0.192649836924889,-0.156512405666582,-0.109864774889023,-0.0545125176721903,0.00226526902289999,0.0473440177258561,0.0689622667084405,0.0689139766016539,0.0541227489927652,0.053266800842401
0.246425852706214,0.189631199433647,0.145732774509793,0.111008221958664,0.0832617833255244,0.0608661684456125,0.0416971936982952,0.0234643430435848,0.00513651557990802,-0.0128904174385065,-0.0310269334713675,-0.0495564254251606,-0.0682024437474966,-0.0855777060655197,-0.100532225886351,-0.112833863872352,-0.124313054592913,-0.135112627882498,-0.145898419070788,-0.15627412757682,-0.164533278837476,-0.171842495792054,-0.179238524977061,-0.185569280469083,-0.191068323711211,-0.195768120879024,-0.199640199715025,-0.202657088434471,-0.204789331876369,-0.205940709166756,-0.206049570700508,-0.204982164059521,-0.202187090992426,-0.196507813003556,-0.187782753882029,-0.177095722024231,-0.16499748554843,-0.151462872067661,-0.13635188331754,-0.119624840986088,-0.10145121830548,-0.0829578030308783,-0.0648855629208534,-0.04582987630983,-0.0259117813790574,-0.00523258308295764,0.0161525061593481,0.0399207972112831,0.0652714570375523,0.0916722644229016,0.119848109654758,0.150824694807082,0.186886505044747,0.229444201747105,0.279547542992992,0.334096502438302,0.385237988163828,0.425790454894837,0.453635824411418,0.469277583177305,0.475118095135707,0.474364962446356,0.469445248719782,0.461018827649945,0.448298934774446,0.430960972090145,0.408918342519677,0.382638274858835,0.352946875311482,0.320228402553987,0.284707281279991,0.246598874091935,0.206706012966658,0.166967524232494,0.127188114250263,0.0877596694071978,0.0520514858835287,0.0219445846622694,-0.0021299354753794,-0.0215684538046592,-0.0356152021831635,-0.0448159693297801,-0.0531583189133027,-0.0635405932389716,-0.0759017608728644,-0.0887255200585131,-0.101741029589118,-0.11526003115315,-0.129865834340196,-0.146379067879939,-0.165829981232548,-0.189359635806895,-0.217435009706725,-0.246330458249318,-0.263464957075055,-0.254294488058576,-0.223618360960352,-0.187109530538421,-0.154628776657763,-0.127783974315011,-0.106346002932323,-0.089019847882087,-0.0744374245466002,-0.0619910828669845,-0.0513121022195404,-0.04225094021408,-0.0356537681655228,-0.0318561787954386,-0.0306080334421354,-0.0314692428569256,-0.0347625847649029,-0.0411603748045469,-0.0504085576087112,-0.0621506512285537,-0.0756416411825823,-0.0891905547780132,-0.101017953159349,-0.109922432194736,-0.112807871638775,-0.111382456594943,-0.108860163292436,-0.104745354068162,-0.0974653073218081,-0.0859691230906136,-0.0658197382829079,-0.0344521122028825,0.0108005412426136,0.0721394376831287,0.148944222151099,0.230587361030886,0.271582288635137,0.231971858896899,0.169675165182811,0.111056356534674,0.0435048675611725,-0.0449581941206886,-0.124119556830905,-0.196234738733477,-0.257938003458815,-0.282386187809972,-0.302624802333543,-0.319608157462365,-0.333481227428038,-0.344386327264977,-0.352430274362404,-0.35769505939374,-0.360251246172569,-0.361134511185378,-0.361582334596649,-0.359751411526464,-0.355042884692625,-0.347993827706307,-0.338809641948123,-0.327613732528766,-0.314539652738828,-0.299752548439774,-0.283477588902613,-0.26602222236972,-0.247802730612334,-0.229370459398051,-0.211425171857132,-0.194790376563613,-0.180548683388618,-0.169658155291951,-0.162502260904607,-0.158635995978008,-0.156776637613336,-0.154953080903746,-0.15066337824112,-0.140949452612325,-0.121703521963166,-0.0873420513434852,-0.0307652942473307,0.05498268316873,0.163889422215553,0.270955497765668,0.330655454640258,0.345784091510307,0.355643779017309,0.281579502572467
0.349607891060014,0.288978140003653,0.239795902359045,0.201138715723515,0.170403606576402,0.144272700778553,0.120850190741595,0.098585198004612,0.0773628939634839,0.0569861499813469,0.0365028239531441,0.0154933611217783,-0.00607334313966545,-0.0271538840108612,-0.0449774342419141,-0.0608426435076231,-0.0758135621222114,-0.090052032101613,-0.104172295659262,-0.116492366475975,-0.126099785105859,-0.135326783461985,-0.145049207478195,-0.153985367786886,-0.161951107921096,-0.168946565808597,-0.174931618520076,-0.179865453726616,-0.183706854546207,-0.186415289652856,-0.187911189526865,-0.188086165589802,-0.185835821334727,-0.180072175682571,-0.171807804183918,-0.161652691982099,-0.14961281304788,-0.135817591780271,-0.120176548345543,-0.102511198851228,-0.0831813987687859,-0.0620619788237924,-0.0385736331600986,-0.0142265578101312,0.0115525147929305,0.0392037667989591,0.0711749973931912,0.106668729659761,0.145213912945371,0.186705943610113,0.230176755084924,0.276293149753721,0.327031569702153,0.379852652162223,0.434125840284609,0.487339063825016,0.536299487830681,0.577488794760664,0.608993586447764,0.629708595444753,0.639649517917293,0.639897195096598,0.631909029788398,0.617129132292404,0.596251084945639,0.570191881339355,0.540232310260006,0.507113340769498,0.471284154460179,0.433180637328619,0.392890098170512,0.351036073026353,0.30886498335267,0.267300112158447,0.225757464531711,0.184528665525162,0.145367911735942,0.110451160893066,0.0827351495533401,0.0611800662843831,0.0465874029326208,0.0385235927385802,0.0343304960418025,0.0257001942664604,0.0150151418069229,0.00539333954108732,-0.00356144670838829,-0.0123398395004544,-0.021591718405619,-0.0322339116795877,-0.0456971278293591,-0.0643666971766461,-0.0927450701692249,-0.139483813268242,-0.194586900032446,-0.169392527665594,-0.108550558726171,-0.0577202914021179,-0.0194788966469592,0.00909474782644192,0.0312619379211443,0.0488348179404425,0.0626359960048412,0.0740793017258067,0.0836843078039164,0.0911599951321496,0.0958221278875157,0.0969652062485488,0.094746450082482,0.0903099779330768,0.0831461017933019,0.0728357707363592,0.0593242917307455,0.0428489826262752,0.0263827998444318,0.0127482173034049,0.00227822053796448,-0.0102916977030071,-0.0245102569515818,-0.0376556114538995,-0.0470922488663292,-0.0520624107032774,-0.0521831489549562,-0.0483140494419597,-0.0397090087488719,-0.0205238870854039,0.0140274265935693,0.069451042246135,0.151180896886213,0.258911744752939,0.323697858562926,0.255926268327795,0.183062064495987,0.117701058400979,0.0525752169991991,-0.0149168200168705,-0.0795070125946506,-0.136539968387722,-0.181770694442633,-0.21150907800211,-0.231595328009773,-0.246621541596759,-0.258100101731817,-0.266587921677236,-0.27232825127376,-0.275453005164107,-0.27743737433926,-0.279026966468749,-0.277922372985638,-0.273973912514252,-0.267501938057096,-0.258893272865942,-0.248178284730686,-0.235444018832428,-0.220781070482523,-0.20429980242235,-0.186168298066303,-0.166644088066602,-0.146121513318662,-0.125198142209918,-0.104755123512073,-0.0860811401418932,-0.0711438561649465,-0.0617169303587808,-0.0587889984756987,-0.0620003504592471,-0.0696013627561042,-0.0789184864907489,-0.0870492671845822,-0.0908643319131576,-0.0860058079498785,-0.0657973976757863,-0.0180065175328454,0.077241871387801,0.233963439090744,0.439904289756074,0.51661381954526,0.480578840613182,0.442364006739072,0.382732452592176
0.373005562197083,0.329395313143328,0.28988754570435,0.256151643385074,0.226713262107283,0.200303487678787,0.175932662571087,0.152707366388104,0.130678241650136,0.108973225772118,0.086983416821372,0.0645081357762322,0.0414773775562792,0.0190355725502627,-0.00107386182561653,-0.0209105744325833,-0.0390760752531767,-0.0567518121469931,-0.0733418463717649,-0.0868542693576543,-0.098992723402073,-0.110280238305954,-0.121733855481413,-0.133206132663031,-0.143605815706846,-0.152883059187416,-0.160985026648854,-0.167856154411516,-0.173438867886551,-0.177674951239422,-0.180507668415202,-0.181679231140989,-0.179679271532819,-0.174625342606117,-0.167323887066752,-0.157724976590235,-0.145801237215281,-0.131550615789381,-0.115125397018906,-0.0964268043556285,-0.0755991522678625,-0.0512805908022593,-0.0237195522232368,0.0069716412762937,0.039931316195513,0.0783919207062184,0.121558762677111,0.169291038208204,0.221042375145269,0.274650151316741,0.330102706820432,0.390197696223637,0.452287163078027,0.51368643187202,0.574120870578577,0.63283739035019,0.686897415151672,0.732792189445671,0.768532969624945,0.792522255195811,0.803470419245656,0.801377696615943,0.787535486848005,0.764528998580887,0.735509323697187,0.701600554285717,0.663991649594977,0.623537063506796,0.580888889331887,0.536576340457941,0.49156454472958,0.446961825686463,0.402446098318715,0.357908334034596,0.314726879258296,0.272902051106302,0.231828846214038,0.194323291523801,0.16175670370121,0.136777410145719,0.119449153123047,0.110051332937033,0.10537389001858,0.100684790754555,0.0959603168637037,0.09238085560038,0.0900750604515137,0.0887550159572253,0.0880869642220933,0.0876449815530298,0.087172372805293,0.0864197843185095,0.0845395947127599,0.0779273922817065,0.0307798586180424,0.0270837319591777,0.0742583501039687,0.111616751210714,0.136676342595615,0.156689708310573,0.173740497485726,0.188079723988137,0.199241464623758,0.207917594059494,0.214840487910745,0.219289920245744,0.220632455760146,0.218387409944145,0.212741744241543,0.203575255476688,0.19159062688454,0.177071092999263,0.161623464447127,0.148226022331185,0.136536420189991,0.120478537224924,0.0987269377605962,0.073447228745764,0.0469469727563398,0.0230476505395219,0.00210502928759855,-0.0148063969749148,-0.0271898658043789,-0.0359046522319293,-0.0425100406470345,-0.0462444627586885,-0.0407923994134039,-0.0193104132558231,0.0249663302288769,0.0873586697019097,0.130693509896414,0.129659024575153,0.103755919922456,0.0678506871747407,0.0267368735137464,-0.0170737129197716,-0.0601219961325398,-0.0986661494132204,-0.130558072369393,-0.154456273283863,-0.171943479807956,-0.184659866139781,-0.193766400291494,-0.199881789882543,-0.203380047464152,-0.206123067692694,-0.208445251156824,-0.207928876077476,-0.204688345200287,-0.198852898550013,-0.190875952783339,-0.180876530701522,-0.16884354666111,-0.154818265768013,-0.138838573520882,-0.120939738068835,-0.101195064769843,-0.079746407722465,-0.0568590401121464,-0.0330198289604591,-0.00908177806396858,0.0130794286643986,0.0305830826165323,0.0400221530035867,0.038674775341853,0.0265049662234217,0.00666980982818057,-0.0165017090236272,-0.0395637733439855,-0.0599588172597027,-0.0755963248506385,-0.0842718807297895,-0.079687277368794,-0.0287100336045583,0.147785259521345,0.338591331773885,0.436442019455732,0.451379401997722,0.431113391721751,0.394514840402812
0.356255045627699,0.332365765498784,0.306593567966716,0.280227820947104,0.254627336540399,0.230542443624858,0.207973280274461,0.18615470600866,0.164499229882253,0.142737747708322,0.120436231896638,0.0976819361072493,0.074639817482325,0.0526458540158683,0.03070802460825,0.007347614590205,-0.0142183454570095,-0.034664016663702,-0.0526112159452735,-0.0682610756111363,-0.0828596286824951,-0.0963847771361446,-0.109445566009767,-0.123082559197127,-0.135892068277979,-0.147449997906829,-0.157689437951024,-0.166538246071675,-0.17391981862074,-0.179754510919551,-0.183961762355782,-0.185654538155512,-0.184370510201695,-0.180787198222288,-0.174565853266413,-0.165618933649579,-0.153880146242715,-0.139307184126936,-0.121904176755996,-0.102372034852226,-0.0791325708243149,-0.0515575201532099,-0.0198238181648297,0.0161626798776931,0.0597327588127078,0.108930695438376,0.163578858469829,0.223099837321534,0.284412494816801,0.347687194997002,0.414730743977227,0.486015868350858,0.55670645960233,0.627478764984083,0.697790955802601,0.765845746017931,0.828633031338163,0.882404647110364,0.924216457062817,0.951786092439356,0.962660853088914,0.95605847660404,0.934659323179697,0.902474540698821,0.863604936057975,0.820600783772583,0.77438266336033,0.726076237422781,0.676558662777971,0.627007742031864,0.578792215682172,0.530985612111241,0.482430985094792,0.43466270117581,0.388935454546636,0.345277717014238,0.303604367409033,0.263511926152333,0.22880610919582,0.200845545595093,0.179575941823548,0.168576305185151,0.164967689516707,0.163863611234453,0.164581202696891,0.167364756747992,0.172453121621259,0.179764582286114,0.189004038800912,0.200463299056983,0.214871984247439,0.233316741596611,0.258200731468012,0.290743415685895,0.29582143579455,0.270796049320416,0.274269560593792,0.285586240308994,0.294595647074643,0.304602796904827,0.313959119451263,0.322835645683697,0.330651584364397,0.33626455629458,0.339427535072536,0.339905632256761,0.337126058952374,0.331013978585719,0.321167912804162,0.307152475894563,0.291244153022146,0.2787895307737,0.269034893181524,0.255143301159347,0.234093318945893,0.207569967031925,0.17778915999524,0.145189699692904,0.110206433917782,0.0769563800141108,0.0458962418363091,0.0160612516223128,-0.0117537148179149,-0.0370259643756188,-0.0621887866523765,-0.0904126378534515,-0.122962886360798,-0.153983205114192,-0.16770965008896,-0.134100700192963,-0.072030456072743,-0.0259939871795901,-0.00551368851005116,-0.0048727529743465,-0.0173382112611113,-0.0373779555456382,-0.0602844623238847,-0.0826740025744785,-0.102589844968293,-0.11839075167065,-0.130561148330142,-0.139358461721319,-0.14514657802718,-0.148289406418015,-0.150812871256173,-0.152775267197103,-0.15181971432378,-0.148282987473888,-0.142352264841082,-0.134358652288747,-0.124842889428338,-0.113714723065438,-0.100693541377317,-0.0857755960009299,-0.0689511458915777,-0.0501810029830945,-0.0294325928570933,-0.00669431598667855,0.017991550570174,0.0444537696569343,0.072189781644257,0.0993410461904999,0.122694000439715,0.136127166441032,0.13131500826227,0.106771636220316,0.0710406262429655,0.0326760506020531,-0.00401151673744176,-0.0370747882560643,-0.066236653393825,-0.0922572405544487,-0.115868515188077,-0.121805345764206,0.105844115554556,0.238751300953872,0.327203055841419,0.368352589901688,0.376392536133312,0.366020105456511
0.322585884947493,0.313860582120076,0.299034398909063,0.280718549426359,0.260664300387879,0.240303108175791,0.219942243720233,0.199700142313871,0.179674733685703,0.159001267540331,0.137698249386548,0.115929195621516,0.0940144755831043,0.0732633123792153,0.0497082148144526,0.0241517024148438,-0.000699857891125699,-0.0232681564127434,-0.0425147515926617,-0.0605440480370306,-0.0774628779491527,-0.0932431811487877,-0.108046727673529,-0.123421047080634,-0.138627227835945,-0.152478979536417,-0.164894273544151,-0.175782831267461,-0.185046727336977,-0.192581724953502,-0.198111357646314,-0.20046125576969,-0.20070582551894,-0.198711864914053,-0.193750396476196,-0.185623493419411,-0.174221659190011,-0.159459439126748,-0.141531654770347,-0.120447217669131,-0.0946989643362434,-0.0639527619661409,-0.0279123095410297,0.0166617186934923,0.069082100497268,0.128768562592472,0.194401631300276,0.26206134795984,0.331571243186085,0.403628086109105,0.480267455156344,0.55951425120756,0.639707162811484,0.720947787162621,0.802056897308401,0.881344847454045,0.955639168267088,1.02029766605553,1.0704868371504,1.1028953489628,1.11449733999567,1.10337409754108,1.07078155466881,1.02502358595184,0.973492909764311,0.920062118232776,0.865574489497724,0.810337966322015,0.755064895080753,0.701079609283213,0.648270022359735,0.595361358979759,0.543378939536631,0.492839810000457,0.444908134880148,0.399727775043224,0.357268494880132,0.31676597152026,0.280479427233573,0.251475839168748,0.229323910442751,0.215604448458612,0.213531304175946,0.216503990675728,0.222315764997002,0.231279387388917,0.243415912272386,0.258764826464285,0.277347487539298,0.299345036119681,0.324833821264464,0.353783806637875,0.384465620195599,0.411522092954305,0.425802607114296,0.428572034119521,0.431166912642639,0.435641677726509,0.439949638999264,0.444773435388322,0.448922151912974,0.452439915806394,0.455584565425431,0.457603589012317,0.456937731490734,0.453014610551186,0.445888103974041,0.435462040631573,0.421048943192235,0.407514861312857,0.396470337511472,0.384253693882137,0.365826990916858,0.342162421318915,0.314480970021844,0.282168463893289,0.246593232999315,0.20866125548106,0.166491630914149,0.124376650309816,0.0838057367104446,0.0442442404662446,0.00412747799865326,-0.0365278879480188,-0.0790688717854175,-0.126846735992737,-0.185713707954293,-0.261304174202169,-0.355354448688717,-0.325389611086537,-0.219116779090626,-0.144533594624133,-0.0985774561318213,-0.0749096552157852,-0.0669486181407973,-0.0689508822798086,-0.0761138204367175,-0.0856019212216808,-0.0952110227731935,-0.103584346252956,-0.109777087694157,-0.113873602566812,-0.115834495682828,-0.117590026088395,-0.118894239261267,-0.117194381877601,-0.112834999179764,-0.105985051455019,-0.0967782878942603,-0.0857976006943244,-0.0733553670965299,-0.0595487061467077,-0.0444877650112419,-0.0283154044293833,-0.0111120796231671,0.00775443217149642,0.0285454681892195,0.0513865596775457,0.0764330738326116,0.10391176529218,0.133674863842495,0.165015540619925,0.196963585604306,0.223806834166522,0.219283411973052,0.171828594873001,0.115691716141785,0.0636895380019261,0.018488445032921,-0.0190574939179314,-0.0485281987424295,-0.0677106859306449,-0.0677338981754898,-0.0243526186713781,0.0731442840730757,0.171817490308559,0.245348362310047,0.29289574790401,0.317166820709749,0.323960631235897
0.28460290984541,0.284119016800262,0.276062040307747,0.264484733873751,0.249918153870591,0.233368097155411,0.215540433910286,0.196918380121457,0.178042944735256,0.159260617083419,0.1399841865458,0.119895331553919,0.100158259977548,0.0805970293723652,0.0561022133576108,0.0292114101459184,0.00208806223778785,-0.0217954202820383,-0.0431533924749262,-0.0634042620007712,-0.0825156616421272,-0.100453132266369,-0.117204533085207,-0.134087345619053,-0.151587844784815,-0.167761059899911,-0.182408531193511,-0.195420892385501,-0.20667719657259,-0.216046051669838,-0.222734120837028,-0.22694555801993,-0.228960736606416,-0.228569920422343,-0.225057169440505,-0.217987687953233,-0.207152310021013,-0.192421297057848,-0.174332996673734,-0.151303824521033,-0.123080564867348,-0.0890144562070247,-0.0450780804833263,0.008003559217054,0.069116494302724,0.137237598246328,0.20932571476379,0.283800423664549,0.360359364073739,0.439469418576463,0.523324756855077,0.610618891887923,0.699317838664375,0.789720346356671,0.88111418399889,0.972228332323326,1.0600822484653,1.13873648255685,1.1998580663432,1.23852007264698,1.25397091411516,1.23936342066483,1.18515462536113,1.12138535307039,1.05721999609437,0.994445783339197,0.932641966420252,0.870724697273756,0.810629547278007,0.752450017691927,0.694805836565124,0.638484388991433,0.584044553494502,0.531533984949294,0.482204979081831,0.436388780771253,0.393980644703283,0.354725653398935,0.317804052906863,0.288239732504324,0.267543222125834,0.25398503405285,0.251219276110392,0.258505869037041,0.269695778987825,0.284542232462838,0.303413634956867,0.326079039033006,0.35302546839678,0.383976032835581,0.417298757145238,0.451351645186315,0.484274534396184,0.512911100906619,0.534266154705442,0.548463867582252,0.558276936781073,0.565962621926823,0.571685872973318,0.575983630837631,0.578925317907039,0.57940763501629,0.578454013485277,0.575486064771555,0.569788454042198,0.561374914510117,0.549774054470628,0.537041828975165,0.527115696758499,0.517306960645277,0.49943398903255,0.475468188663726,0.449681628431388,0.420667144474353,0.387468516617608,0.350114048078095,0.308960912939867,0.265274812929726,0.217612846360819,0.167594327999431,0.118891580415526,0.0710376283328667,0.0229105476686529,-0.0271055867155882,-0.0790994015418106,-0.135177627813367,-0.197853174066408,-0.267413715469961,-0.327110590741863,-0.322576402180602,-0.264354283134096,-0.204169050357218,-0.158330519518774,-0.128219282345338,-0.110929225043397,-0.102593292536216,-0.0995689713670112,-0.100034186423456,-0.101948093723319,-0.104282886701163,-0.105657571659816,-0.105341895374641,-0.105477139747408,-0.105626864465894,-0.103047602604205,-0.0980166451987785,-0.0905337071844086,-0.0806319918256531,-0.0685154695396455,-0.0547815146826461,-0.0396423246970053,-0.0232165203517007,-0.00564806083911405,0.0128888069208935,0.0322236302301116,0.0522285573825756,0.0727743755666897,0.0942041326965988,0.117492005998344,0.142959799871327,0.170205074616997,0.199287117314878,0.230915462485305,0.265152845285721,0.264503699517198,0.191869304673754,0.124707778682808,0.0679056513812667,0.0222100268688671,-0.0122263133097186,-0.0349751731283596,-0.0436416850119025,-0.0328014002567032,0.00352901223139655,0.0620142424422507,0.126982486129104,0.18591315528044,0.231746393321767,0.263041748290494,0.280749249656054
0.242949712813211,0.247951694553643,0.245682919156039,0.238229027047269,0.225840694156712,0.212661862811618,0.197359537467713,0.180616235102928,0.163456697707671,0.145960160292384,0.128265039171537,0.110351374532321,0.0934762928001379,0.0748643618173485,0.0503116092123786,0.022688699642764,-0.00557477321085997,-0.0307304131072736,-0.0541683056153741,-0.0765011942161367,-0.0976918522506775,-0.117700536104716,-0.136514548357326,-0.154991178027479,-0.174511895388279,-0.193047640195584,-0.210000381664406,-0.225241522560536,-0.238626126422306,-0.249879536244741,-0.258610543427596,-0.265109345451545,-0.269163562829721,-0.270559489510784,-0.268678696895635,-0.262906608857981,-0.25293740491687,-0.238740850125757,-0.220096530658181,-0.195101499861649,-0.163928349115049,-0.122837803931393,-0.0713916629429917,-0.0102891765092344,0.0581260072668819,0.130804168704366,0.207164768048508,0.286676851507672,0.367702674029001,0.453610494035797,0.544594406247028,0.637677191135019,0.732444617027325,0.829360772035139,0.92848182521771,1.02945648149882,1.13085205870276,1.22705000961701,1.30398212268132,1.34496206817829,1.34614664945653,1.31721162662035,1.24977371444323,1.17763769009101,1.10710523250123,1.03779581873176,0.969858738419325,0.904203008703235,0.84092529626627,0.778753851203706,0.718104860800244,0.660211313985549,0.604854994574695,0.551855271575948,0.50212158154375,0.456336111546988,0.414422808528056,0.376190422105851,0.340661242295265,0.31086853855441,0.29123585152025,0.280098283197365,0.279114196461087,0.28830067355306,0.30507436005788,0.326184374154913,0.351253647947455,0.381291317324705,0.415713929918022,0.452758611053269,0.491551981691376,0.530488888608077,0.567678903263989,0.601038207047219,0.629361059623915,0.65209688393802,0.669647207662472,0.682698815040329,0.691846392739808,0.698393588893046,0.702806665394164,0.702902962753131,0.698529985099618,0.690455636895809,0.678659533380694,0.664606657811161,0.654469265047168,0.647614014404566,0.635164192778687,0.614188920995155,0.588399621312532,0.558696914123574,0.52709702671494,0.493931091287471,0.456634524604445,0.414879574141433,0.368840692542576,0.319689914781304,0.267093479868262,0.210223375534962,0.153944992790962,0.0992882379882847,0.0460235980910252,-0.00785456762424849,-0.0626134933934494,-0.118129546672574,-0.174316327771254,-0.225993927135557,-0.262710566126655,-0.271057836785121,-0.250678382159823,-0.218474415454911,-0.186909359424017,-0.161650184954259,-0.14371220025208,-0.131850290345943,-0.123738460434285,-0.118635529248616,-0.115287353413529,-0.112928657219135,-0.110281306313047,-0.108198072843284,-0.106522074563061,-0.102753320810033,-0.0969653220221487,-0.0891520424841906,-0.0792239553503456,-0.0670318425910867,-0.0529252205201221,-0.0374487655084351,-0.0206628415340322,-0.00263876646792303,0.0164643002412193,0.0364950778773122,0.0572759206925737,0.0786306539713993,0.100072769158265,0.12133113664036,0.142116594010603,0.16241898296725,0.182096479750316,0.200457721553281,0.21545883383414,0.220228311834464,0.199000583321873,0.149011782875929,0.0917897994068869,0.0416913219368895,0.00351598794328508,-0.0223529679837554,-0.0361930925532959,-0.0371733844352373,-0.0236515538764135,0.00487338110889723,0.0452692098384797,0.0931641268929707,0.141053913944603,0.183192153776376,0.216024976494624,0.236819036122868
0.201388453163452,0.209096379324092,0.209808141953339,0.204741031310581,0.195552205505056,0.183161713877738,0.168575350458262,0.153580746312937,0.137931962144728,0.121688044637994,0.105062623728377,0.0885542271480206,0.0742997537253763,0.0564695142832947,0.0323499015489637,0.00494409414417835,-0.0231088619096602,-0.0497599468807832,-0.0751717086405707,-0.0994652555248152,-0.122635757326092,-0.144640862469118,-0.165509839444001,-0.185788714096744,-0.207101134482264,-0.228051487357999,-0.247396901374995,-0.264990364227763,-0.280662838954755,-0.294305931960394,-0.305867882341448,-0.315147589662928,-0.32183551926748,-0.325601811945231,-0.325920123710754,-0.321883356925864,-0.313049913742002,-0.299428862279113,-0.279357672677468,-0.252233281025373,-0.214892906110027,-0.166594174881092,-0.107597863934628,-0.0400359816208299,0.0320655492775423,0.108440985293585,0.188178588765808,0.270028388290414,0.356127007743498,0.448266185717007,0.544776837573257,0.64192757246004,0.740120441511291,0.840076408459964,0.942268769816666,1.04707250740315,1.15534673425868,1.26877623308763,1.36651914270144,1.39807356197965,1.36421312834339,1.31806195657727,1.25906307226894,1.19173619189654,1.12147846383667,1.0506698414694,0.981341992810566,0.915020414530024,0.849714799226594,0.785206005421402,0.723463947988425,0.664800820069363,0.609087323796488,0.555919941645188,0.505930477450371,0.460231634336638,0.418829699234995,0.381673656582494,0.348271515151627,0.31868702831059,0.299845459141277,0.291443406202115,0.293740880728004,0.306815313539399,0.327151996658734,0.354399601459789,0.38659190941206,0.422825181546168,0.462472254010852,0.504883211514378,0.549081466972744,0.593857230452364,0.637891370220508,0.679222777287037,0.716062313342326,0.747216014462322,0.772153674520468,0.790794648462298,0.803771696686183,0.812484973558184,0.817567335594578,0.81860522737252,0.813063271884319,0.800818244581781,0.785557084202224,0.774547226408601,0.765239712709559,0.748947328665996,0.726941750053085,0.700438924270016,0.669393234230414,0.634615398499239,0.598566102034872,0.562087059797864,0.521647075253347,0.476794996193533,0.427572114778429,0.374667725282282,0.318658945447417,0.257613340115457,0.195596436813056,0.134933973612348,0.0765197417348784,0.01974897983084,-0.0373202901032918,-0.0919136651031252,-0.142058642220224,-0.18403785726033,-0.212099276388111,-0.22521757416185,-0.223763833753697,-0.21110922068201,-0.194771038349221,-0.178163247858085,-0.163523029020933,-0.151297369864737,-0.141042136816855,-0.132857795319386,-0.126507718999555,-0.121280700003233,-0.117578028380746,-0.11506932182604,-0.110025597378227,-0.103068330771637,-0.0945487809853545,-0.0843280786211944,-0.0723455986093192,-0.0585777764063407,-0.0434801441182538,-0.0273024229642726,-0.0100723302737106,0.00823882640648115,0.027571835061076,0.0476779688939306,0.0683053782794025,0.0892354175001344,0.110014565774442,0.13005721799186,0.149116734147384,0.165250775108928,0.176206476611232,0.180951495567382,0.17762183197427,0.161372002799763,0.127810480350999,0.0798722124030928,0.030036525470719,-0.00917069654881599,-0.0339415524240173,-0.0469391738973242,-0.0504404735589051,-0.0449209773947582,-0.0301950619135022,-0.00680365178955748,0.0257912761213487,0.0649995863046547,0.106072784791103,0.144042024676805,0.173867160112613,0.194466818062086
0.160847341053114,0.168791504420756,0.169756731576268,0.165479014877581,0.15781934175946,0.147817920617094,0.135642080881317,0.119426273374119,0.104648105664456,0.0889502840721955,0.0726687137331766,0.0571434981897863,0.0436384939231328,0.02593839833277,0.00249606834395305,-0.0240034547169174,-0.051195558265163,-0.0788287156161801,-0.105759835410002,-0.131908174893501,-0.156970386765331,-0.180905556652238,-0.203813684267008,-0.226088122815102,-0.249040119838409,-0.272450848207177,-0.294522268287562,-0.315255918517715,-0.33460117229914,-0.352510029672269,-0.368252802276011,-0.381442142314938,-0.391672185173987,-0.398524169659776,-0.401487053099428,-0.399166621814318,-0.391090262147774,-0.377534389679371,-0.356142126621544,-0.324151351450469,-0.279440584103767,-0.223094823456666,-0.156753756611965,-0.0848407573906468,-0.00799283095835239,0.0728511369500422,0.155806209873034,0.241844545864174,0.332696049353507,0.42897992525802,0.529114251926299,0.62848008378433,0.727209737379708,0.825858633290732,0.924808829794137,1.02411438570605,1.12521922847485,1.22469640874832,1.29959979459031,1.32546678382854,1.31351352599118,1.27896292064281,1.22961351171735,1.17049324419442,1.10557572396599,1.03791434563453,0.971332661696241,0.906791674450339,0.841813865158276,0.777848763046902,0.716350361660128,0.657597428174656,0.601619934321235,0.548455993273439,0.498555785121481,0.453038847473345,0.412041578684664,0.375643093150834,0.343385232555832,0.314824946853035,0.29583666606313,0.289256895277668,0.294190775418147,0.311662773775949,0.336429212977809,0.36830525865427,0.406101824323231,0.447729845218439,0.492664775524209,0.540827680273397,0.592102368474662,0.64520242436661,0.698335247167923,0.749101262124308,0.795279560819906,0.83520574472797,0.867630860467403,0.89187487642595,0.908761426948843,0.919506385238002,0.925045978326736,0.92535412419535,0.91787152801727,0.908541754051747,0.90065851700311,0.883524985778936,0.857744815417139,0.830351346307853,0.801289520824744,0.768643675584036,0.733071268362697,0.695149348614092,0.655784462292897,0.616450818481711,0.573868664403948,0.527075322563551,0.476104515772413,0.421325033995029,0.363977800893008,0.301943537777032,0.238968044700788,0.176273364518692,0.114179251185625,0.05354724472689,-0.00515648491317564,-0.0610324952846864,-0.109078887343793,-0.147395416813455,-0.174125548004592,-0.187949376215683,-0.194829264982757,-0.194788506712528,-0.188530183733266,-0.179815746629556,-0.169840167786494,-0.159701178101164,-0.150153935660723,-0.141611349537472,-0.134382359880243,-0.129043124246819,-0.126016325419532,-0.121279182932549,-0.114330250472464,-0.105141924553813,-0.0944187738954348,-0.0822260038791644,-0.0685489137547974,-0.0535091517322934,-0.0377384656702108,-0.021305991126759,-0.00426681867786818,0.0133761361153668,0.0316436964132102,0.0504959271756442,0.0698095489694742,0.0892648518537314,0.108264706433874,0.12608492030352,0.141923236127121,0.153061319333394,0.157704491408669,0.153469714523721,0.137065057137709,0.107087535568776,0.0627806822571706,0.00756003947211499,-0.0445996930501732,-0.0717465937632385,-0.0776639397025336,-0.0756415666732933,-0.0692461295699533,-0.0585146389130397,-0.0431078526870376,-0.0213323101095714,0.00813162440308735,0.0428160864379936,0.0787099047638913,0.110382473952296,0.135811594812239,0.154263106670977
0.122943972915578,0.128844311296991,0.128165222924474,0.12273229458482,0.115103053140786,0.105776837178888,0.0947044002403964,0.0823277353996124,0.0662636068045071,0.0497797449221648,0.0336437494324586,0.0188711983267456,0.00477692964536008,-0.0145716233063892,-0.0385578937609982,-0.0636752018021445,-0.089765519785054,-0.117702375896686,-0.145762573945387,-0.173430987898381,-0.200304029223386,-0.226107379279436,-0.251046123976471,-0.275746782494408,-0.301432064720864,-0.328813265308837,-0.355269107757056,-0.380359096560136,-0.404874360213564,-0.427506216253519,-0.44765005603643,-0.464689380714589,-0.478064756110805,-0.487088359501605,-0.490872887256487,-0.488575805646195,-0.480037732102018,-0.464435743819921,-0.438448806650424,-0.39868342850561,-0.346225052688944,-0.282387146417987,-0.212345422439904,-0.136829840766678,-0.0562754657857789,0.0278771223373201,0.115144024229023,0.205418840637813,0.301008397684476,0.40069673288517,0.502349429392295,0.60205447822391,0.698945799826973,0.792780683644477,0.883582116494139,0.97197956091526,1.05818611193105,1.1363555924091,1.19581150621819,1.22748476869667,1.23133630250487,1.21170334390026,1.17487001636826,1.12575826526166,1.06816831600931,1.0072427711604,0.94631774886203,0.884595677990945,0.821968182700369,0.75998319094153,0.699622145498039,0.641441167041411,0.585641543085003,0.532395003291819,0.482253706365767,0.436965083361042,0.396485465911928,0.360813224333257,0.329643283805778,0.302824001126774,0.283339048994644,0.27778924830417,0.284884269317539,0.305662895726123,0.334735513031428,0.36945307758384,0.410422239335928,0.456641249930001,0.507722589790467,0.563514442573071,0.623399585149236,0.685881550912689,0.748868435422991,0.810065528507044,0.866792201092294,0.916441046553739,0.956909898417006,0.986925817004932,1.00739479972613,1.0195311698499,1.02444016044255,1.02297333544616,1.01918098123878,1.01187476690382,0.991716083442018,0.962192902352951,0.926658569104245,0.890440241527758,0.854348068441564,0.817906143064101,0.779434148438953,0.739018212006552,0.697229257101903,0.655326227696066,0.611293333735785,0.56329856615373,0.511339948408504,0.455634634819092,0.397665583397227,0.335789384584395,0.271961313407985,0.206805403386387,0.142049393278147,0.0801083621648853,0.0223682544771334,-0.0307782534796678,-0.0761658700201974,-0.112630593106375,-0.139453611699709,-0.156353637304818,-0.163939025419868,-0.17001904596328,-0.172727059613834,-0.171392811675275,-0.167607050238287,-0.160954215008342,-0.153257937975701,-0.145746453175199,-0.140035744833231,-0.137331701082022,-0.133534021572826,-0.127911805923856,-0.120242647722362,-0.110064610816539,-0.0976854563004116,-0.0837884754208536,-0.068419982524663,-0.0520668075894086,-0.0355732826522273,-0.0190094283441692,-0.00242387768908192,0.0142545835901761,0.0311312000002636,0.0481585204863758,0.0652078183837541,0.0821030970948897,0.0984669929086497,0.113516870533707,0.126182756550925,0.133634252779858,0.133792721227172,0.124028594093641,0.102521367600358,0.0666885780447311,0.0156190292950966,-0.0487949444105293,-0.122824623084864,-0.128833497079771,-0.113119440353935,-0.0999450559645371,-0.087480579505571,-0.0742050285815264,-0.0581815679731181,-0.0357214211460201,-0.00735003928928016,0.0242880966023454,0.0542596760521075,0.0805195272622223,0.101841983552919,0.117511998729177
0.0852447672205995,0.0888754288686512,0.0860467154825261,0.0790178908465535,0.0707598257335957,0.0607869954949581,0.0491300191317584,0.0365179718183692,0.0233108684581436,0.00804735370531579,-0.0112420814020162,-0.0252861829688183,-0.0404125974188136,-0.0616518109546877,-0.0873480346744892,-0.113127204605686,-0.138879093713702,-0.166389037105668,-0.195066065495009,-0.22366872225652,-0.252257852836036,-0.280638162489479,-0.309333947917493,-0.338392678675147,-0.368058733860172,-0.399683004201207,-0.430547587989033,-0.460669644387072,-0.489272379899357,-0.514786313745732,-0.536710340517707,-0.554765124210748,-0.568206009009089,-0.576558993392555,-0.579536307716043,-0.576398960800567,-0.566976668745527,-0.548088325482483,-0.514690607346895,-0.467941630785318,-0.408715820465002,-0.341299415645076,-0.268128384000543,-0.189518960203837,-0.105662477550518,-0.0175193627226461,0.0732912469132377,0.16696017815284,0.265273773848249,0.366736199981248,0.468416265449119,0.566669156870859,0.660567631430505,0.747905874415969,0.828900040789253,0.905345905297092,0.975058619898887,1.03698777660077,1.08952810143636,1.12513585671518,1.13917943037623,1.13197957383379,1.10688018766527,1.06782569716357,1.01954662293185,0.967326278885324,0.912356865018743,0.854200041464506,0.795264750031772,0.735965899985899,0.677292931816141,0.620075080055543,0.564689588732348,0.511442178199515,0.460870333996333,0.414926626729763,0.374266950850835,0.33892470957026,0.308507330370485,0.282923473510808,0.263428027719669,0.258356428609115,0.267427272364236,0.290413445508467,0.32160997027892,0.359505997551541,0.404031227198086,0.45607822545782,0.514751480889434,0.578758117467955,0.646797051530146,0.718002464709267,0.790519413937914,0.862102741455306,0.930078651517966,0.990775319158866,1.04037822071919,1.07649369078743,1.0997455752133,1.11003497683672,1.1106762989354,1.11045543372713,1.10250170352981,1.08112621100711,1.05226905732427,1.01711744051264,0.976353738110671,0.932512363251094,0.889813686958966,0.849404289820797,0.808736219501873,0.766538932594587,0.723157054321782,0.67899343522079,0.633915107287936,0.585276995258451,0.532961100913067,0.47715546366573,0.419271322001558,0.356739940666781,0.29072562305583,0.224210167939165,0.158078374009017,0.0954668312179746,0.0388858146275393,-0.0107740269596956,-0.0536752551689754,-0.0865456816815916,-0.109866819779229,-0.125263232524419,-0.135254228260086,-0.141680623821915,-0.149680981646995,-0.155286888104568,-0.156776233689203,-0.155390177818057,-0.151995547035912,-0.147900853600004,-0.146836888663164,-0.1449721535775,-0.141429619312883,-0.136114661960341,-0.128486986502161,-0.118104404244513,-0.104706288721485,-0.0893049473141382,-0.0723265666913333,-0.054527720757844,-0.0368550052524647,-0.0197462569032061,-0.00326328632561508,0.0126102651728364,0.0279917662376202,0.0429429733556905,0.057566426584779,0.0717018004983756,0.0851217655082661,0.0973573727291725,0.106969159764526,0.11153101127005,0.109594037605067,0.0989105411198894,0.0770591209189498,0.0418911979909321,-0.00591918255007745,-0.0635794515045152,-0.116403316974504,-0.132305550445016,-0.124151092191777,-0.112520009389345,-0.100713900362162,-0.0882982708253435,-0.0711205067499362,-0.0482793958482601,-0.0214200483052571,0.00513069974508942,0.0297373927337674,0.0512881212035323,0.0688541330404744,0.0812001873710171
0.0458519954405753,0.0467369596034971,0.0417057029719989,0.0338271223942455,0.0249991940939664,0.0141225118627217,0.00132544469527157,-0.0124338010170932,-0.0269569231200059,-0.0419566910774624,-0.0569127705105592,-0.0743809564347386,-0.0915145936885371,-0.114676027394149,-0.141920206049616,-0.168979560890552,-0.1965212521345,-0.22450704029268,-0.253399172108674,-0.283605971792349,-0.315408039203017,-0.347842564657695,-0.380622312229875,-0.413709598284562,-0.446990369342352,-0.481205632886616,-0.513953361863394,-0.545599525396097,-0.574442723408536,-0.600116100317254,-0.622322837729588,-0.6402262154354,-0.65341480023104,-0.661542613531633,-0.664222660699706,-0.660789159774473,-0.650384524052163,-0.624912819461922,-0.585363353655748,-0.532394135682483,-0.470234220162407,-0.400126677729676,-0.323955151506901,-0.242015900303962,-0.153966392665922,-0.0618116350793863,0.0326014480706313,0.129839755951555,0.230686030591228,0.333458728891895,0.43419919460034,0.529359978948059,0.6181185534158,0.699233569000156,0.772998884952708,0.837193689978813,0.890014447769307,0.934996873262694,0.984181081795519,1.02653451667757,1.04922889101553,1.05139745943861,1.03564417731735,1.00578122498131,0.966889765354753,0.92266445311134,0.872817237953886,0.818889165392979,0.763854325797551,0.707561238994063,0.650885766472413,0.594899615415713,0.540143315106445,0.487037165030266,0.436140605253543,0.389599762549739,0.348479641814028,0.31320922581083,0.283850983121562,0.259288624980413,0.24064783898962,0.235632202542909,0.245158244505675,0.267586076620347,0.30039543050028,0.34153553192917,0.392010541740987,0.451149956823762,0.517008766657754,0.58909453001628,0.66607606875117,0.746268256144224,0.828666891444204,0.911787499424492,0.992456228491125,1.06624989209445,1.12697851210668,1.16758276706993,1.18668535247107,1.19252021821025,1.19356797803265,1.18153600520432,1.16033351155462,1.13108711756053,1.09533012374804,1.05387497076274,1.00804245519593,0.960070387607185,0.912023666338206,0.866487492511329,0.823250809543025,0.779666530358731,0.73519843905806,0.689471288998835,0.643719499410082,0.595100439701839,0.543101339355001,0.487797131296122,0.428110090444041,0.363399032230243,0.295156127162122,0.227449510362272,0.161750206319884,0.09982997948853,0.0439926260339958,-0.00302183497627229,-0.0417274243811405,-0.0712995231859583,-0.0919834165138844,-0.104919975442398,-0.112340999729605,-0.115990604323756,-0.120916749156654,-0.131292608468786,-0.13979636932509,-0.144481434822599,-0.147196466046933,-0.150647310469679,-0.153044177262229,-0.153039080177418,-0.150796408612494,-0.146163199934529,-0.138792471946123,-0.128368258501996,-0.114477331909487,-0.0976191908318063,-0.0789732145384253,-0.0596676500075778,-0.040761537299868,-0.0229909601553154,-0.00672098276293978,0.0082645321134279,0.022321790784159,0.0354446919377288,0.0480413320601863,0.0600454565273143,0.0711599848547225,0.0811327501543401,0.0887480656748882,0.092213933074088,0.0900208072089558,0.0802205333689339,0.0610264673547517,0.0313187925203581,-0.00834407946670563,-0.0530762090524185,-0.0917957389005227,-0.112949146646313,-0.11795452923689,-0.114913600145516,-0.108602591843136,-0.0976097713638478,-0.0805306761412249,-0.0587843094446825,-0.0365268866682448,-0.0151275615676762,0.00456276577180648,0.0216807580559497,0.0348462302033279,0.0433964742485468
0.00429590786909506,0.00214710371015087,-0.00492882308126219,-0.0140422309283722,-0.0237598651708839,-0.0353929286009149,-0.0488994625247776,-0.0637997811302622,-0.0799951273738141,-0.0967146151523369,-0.11275170158387,-0.125297828675926,-0.145669664429013,-0.173330527124871,-0.201731490251092,-0.230261300844208,-0.259361505941274,-0.289575222110811,-0.321667001993879,-0.35488461668689,-0.389350362680779,-0.424833631514502,-0.460297614844677,-0.494519648837674,-0.526783203460276,-0.558934826151245,-0.591711578759188,-0.623099342155308,-0.651832383634897,-0.677620849757376,-0.699620603186687,-0.717480679324108,-0.730849922584659,-0.739299952807409,-0.742341645954644,-0.739503451337411,-0.724400050804712,-0.694253882031103,-0.649820402469054,-0.595104757478721,-0.531093942655264,-0.458697897271985,-0.379259885623834,-0.293262652259334,-0.200916396704944,-0.104506601560727,-0.00613519888374059,0.0951017504271368,0.198791396873725,0.30307009600893,0.403167354308152,0.495694255769037,0.579510616087796,0.656216564997842,0.724475733283394,0.780411368726829,0.821734514208468,0.845296237638285,0.895736907465664,0.943702619750052,0.970006170167328,0.977296054039485,0.968111096225281,0.945387960671086,0.914286186699403,0.876137594098859,0.830682078340759,0.781162624042545,0.729706431364906,0.676420745700027,0.621779661598256,0.567077050990794,0.513059834837118,0.460532476015474,0.410051300061426,0.363706336642568,0.322580403530367,0.287185351950893,0.258046614055655,0.23425348695636,0.216692963667605,0.210464446161662,0.217741548458448,0.239336029931844,0.274365540916802,0.320289331941929,0.37662365061417,0.442557875316933,0.517112310925001,0.59880101359255,0.687679752199558,0.781697643384906,0.879024777802264,0.977229919635596,1.07256680661896,1.15889108226649,1.22596433910803,1.26365802848915,1.27756208056893,1.27635906741735,1.25889821548478,1.2340703429033,1.20490013766749,1.16914259805781,1.12750358586911,1.08172021678572,1.0328606694239,0.981523124277572,0.929779975309445,0.878408945011493,0.830211186707276,0.784591154389501,0.73922284002837,0.692303214803784,0.644535170694438,0.595196485484656,0.543381421423692,0.485978932187009,0.423145602152489,0.356114354079288,0.286183597034032,0.218720268623951,0.154436848932162,0.0939954203053225,0.0406977111256669,-0.00317789767175136,-0.0376942303947428,-0.0644841158774052,-0.0824643766874597,-0.0927274421903146,-0.0977160023873989,-0.0991394987904547,-0.0986132291277189,-0.102537750571478,-0.114358389055382,-0.126171955676017,-0.137829372392286,-0.148206895963659,-0.15523087558103,-0.159482966325797,-0.16031655395279,-0.15739533796807,-0.151030745073753,-0.140913546037981,-0.126767938396867,-0.108770500142269,-0.0883607559147132,-0.067106830148159,-0.0464833359809725,-0.0279466762509103,-0.012151431309073,0.00122826279467434,0.0134476824183516,0.0253353686181781,0.0368934797804838,0.047857935270705,0.0581078092049099,0.0676294215047159,0.0746344766580907,0.0779773695840448,0.0766011774800862,0.069075591740609,0.0536834996528197,0.0292686160961899,-0.00243816279414875,-0.0370842946781316,-0.0699167984707143,-0.0941102331381241,-0.107132117230272,-0.112224227378995,-0.110728349273043,-0.101374677290752,-0.0859858873355078,-0.0690922402888149,-0.0521767411256751,-0.0359558137671283,-0.0211857440700529,-0.00924102908494873,-0.000851869081067547,0.00361995498179996
-0.038482389294693,-0.0438788692871717,-0.0535061129224665,-0.0645009181310627,-0.0756384096623871,-0.0884256480045879,-0.102911489899151,-0.118733479386529,-0.136009064593335,-0.154351784061372,-0.171821663528566,-0.186043266475895,-0.203760872949128,-0.23091648394675,-0.26453400270504,-0.294610949021812,-0.326670680985564,-0.360719819009215,-0.395976910169362,-0.431973497780519,-0.467613062421984,-0.502575238883004,-0.536198365136072,-0.567693150234398,-0.597273754043359,-0.627919077511304,-0.660655183947828,-0.691584591011024,-0.720138286001128,-0.745506597151681,-0.767414249390288,-0.785558550152109,-0.799526526227083,-0.808800959326105,-0.812776714643598,-0.807723112062037,-0.788472740379056,-0.754464864550546,-0.709438679543461,-0.65442064486916,-0.588861835951013,-0.514627822810335,-0.432415769747683,-0.342760383523537,-0.246226455528486,-0.145156315761883,-0.0420925646755644,0.0638074965068484,0.171050217934707,0.277505417840303,0.377712216527517,0.468580700618485,0.550200854504987,0.624164625965476,0.689191073354296,0.743322497798554,0.784072927362793,0.815597299108355,0.851089564936508,0.884979337203534,0.906313958932922,0.914003956314998,0.907565490816568,0.889863213360951,0.864347506567232,0.830256384105807,0.788652380213301,0.743003981036475,0.694644430387607,0.644046135825834,0.59155249898087,0.538778379524447,0.486429793862547,0.435041043275515,0.385170440684963,0.338937581888088,0.297642426624685,0.261876394519371,0.23227971534921,0.208299833738914,0.190895041784726,0.180982451389054,0.185176032913154,0.207145983554241,0.245576203246197,0.296498698842866,0.361750513168675,0.440382554255178,0.530487921422486,0.62895207946019,0.73018518055413,0.833793204231997,0.938914727951409,1.04402504834075,1.14451108549266,1.23777325204146,1.3179159930182,1.36556263535583,1.36290566226572,1.33888836984962,1.30829462971808,1.27389288180766,1.23595167088245,1.19368430000472,1.14759281665667,1.09865845063817,1.04713642579742,0.993361482727872,0.939218372752785,0.885495610373823,0.832797528654374,0.784223933810558,0.737036812932512,0.688665540841832,0.640852126858758,0.59271005275941,0.537720936430618,0.474131334677923,0.406470664852716,0.337749697882925,0.26835862403803,0.201633173626214,0.139433008664708,0.0830867172130265,0.0328035826924583,-0.00921206300253191,-0.0413191794465038,-0.065450746267542,-0.0806582256054913,-0.0885003411890578,-0.0910931633030776,-0.0907350187624149,-0.088223755678511,-0.0848082308169114,-0.0884026543154793,-0.103039203369329,-0.121169691466215,-0.13696689669971,-0.150531593684827,-0.160442890299359,-0.166288754797425,-0.167574673659244,-0.163649523518696,-0.154941982791271,-0.141558990166965,-0.123257260322873,-0.101067158725886,-0.0772496279365254,-0.0539378967462459,-0.0344806987405457,-0.0205465116149483,-0.00914761046630385,0.00188173429887853,0.0129608528958305,0.0239620188602907,0.0351825300029867,0.0464252171793729,0.0568148397842544,0.0646369229295334,0.0690120792525964,0.0696491996416733,0.0659052902675775,0.0556642610140588,0.0352400989470326,0.00679183953953553,-0.0232352876678044,-0.0512289416418412,-0.075834003610616,-0.0955087364203276,-0.106752748186117,-0.108118247873229,-0.101109655136334,-0.0909363292101356,-0.0796580421501165,-0.068030652854258,-0.0568328900534404,-0.047485453827272,-0.0407980498290564,-0.0372724523346742,-0.0372505769247989
-0.0848637890383889,-0.0925800867378708,-0.103989817586562,-0.116669554952781,-0.129615440209811,-0.14427689874291,-0.160173131174938,-0.177012194291057,-0.195049695865596,-0.213948890236649,-0.231644399210895,-0.247398271923546,-0.267462372715811,-0.294043071701533,-0.323169264710382,-0.360865248711119,-0.396216589486061,-0.431645151565628,-0.468348439512192,-0.505403466561104,-0.54021865356229,-0.572274967045759,-0.602408027612323,-0.630740325987479,-0.658077637655904,-0.687925851062316,-0.72000477589889,-0.750314737638914,-0.778057626948829,-0.803047589260812,-0.82508523624672,-0.843839582252066,-0.858839904463281,-0.869476833094215,-0.872728133816096,-0.864542202131431,-0.842339407357222,-0.808752985508144,-0.764844710940345,-0.709323741029133,-0.642576531711847,-0.566593662085816,-0.481641787272801,-0.388442251549176,-0.287822564189291,-0.182024714965288,-0.0733789131175191,0.0382903355971266,0.150534686668293,0.260056174857248,0.361028871803581,0.451004556877284,0.532419791508986,0.604817606586853,0.667934591744016,0.721635894606056,0.763082556465678,0.795637624165697,0.823403384481309,0.845430248113134,0.858258749309948,0.861906608326465,0.855123691800049,0.84055599031284,0.81832115950205,0.786803096770663,0.748471652610529,0.705926998949319,0.660522032916973,0.613120460935755,0.563456400488213,0.512824383535878,0.462023417783306,0.411644579891485,0.362273959426038,0.316028215674026,0.274383680591049,0.23798068881011,0.207526989867206,0.182622805098511,0.161584296926754,0.147457659966792,0.149600018695858,0.174169614461987,0.221024788224335,0.284799906610167,0.364266560931363,0.456376923218101,0.556052274482477,0.661393457103053,0.769511486788295,0.878586299206172,0.986519087085156,1.08937523019449,1.18709933059054,1.28416523089978,1.38850557166547,1.44217060553905,1.41155455163331,1.37797700832046,1.3413077452629,1.30097101695056,1.25728107242155,1.2114428991138,1.16172731983468,1.10966396261841,1.05545970602574,0.999161779696573,0.942503888703574,0.886813822425751,0.831695950906212,0.778460402598939,0.728852338556957,0.6782829406912,0.628253364058406,0.576176961160716,0.518848673193596,0.456668233520576,0.39060791404315,0.320939713809984,0.247314708925541,0.180396602497486,0.120716908755658,0.0672230481948999,0.0200719301384537,-0.0199894011602004,-0.0503899727813403,-0.0717997862115651,-0.086065587514053,-0.092571322309555,-0.0929414940531855,-0.0902467576990754,-0.0857117765339927,-0.0800227963445958,-0.0755631669468498,-0.082814065919435,-0.0983933745877741,-0.117860088036133,-0.137423394639833,-0.154219714213248,-0.166606154706558,-0.173543679011196,-0.174828700287313,-0.169830606473106,-0.158338192165853,-0.140978603784871,-0.118009767306159,-0.0919212617002788,-0.0650215102657299,-0.0433458497820468,-0.0323284233248538,-0.0232034322258586,-0.0131054077701418,-0.00204259175607481,0.0101422728690455,0.0229776696264733,0.0360794378790822,0.0483171254223501,0.0580840089797683,0.0647110962263473,0.0679994934496597,0.0680625710038721,0.0650794088938464,0.0461420614208299,0.0162748660612889,-0.0131838455801845,-0.0405475016323117,-0.0649348346893246,-0.0871489475486804,-0.103204599455638,-0.107844692900073,-0.10719406411654,-0.103573838460582,-0.0978759738843429,-0.0913246446795316,-0.0854701896462414,-0.0811822592557705,-0.0790282457985937,-0.0794787257325747,-0.0824287396974394
-0.140834676177914,-0.150407807237238,-0.162602541757823,-0.175530616482147,-0.188220679647327,-0.202441892671327,-0.2182414468565,-0.23569293802095,-0.254917099395955,-0.274870215585728,-0.292393732424927,-0.308267159852375,-0.329051448569575,-0.357576981745054,-0.38790778498494,-0.419614244168058,-0.459272314352977,-0.49915257866844,-0.534973600516624,-0.568772473032725,-0.600511525433791,-0.630295302779173,-0.657646139728906,-0.68327256774569,-0.709408866949402,-0.738248241873553,-0.76906362512452,-0.798016650193486,-0.824868235860334,-0.849564267251693,-0.871916813950861,-0.891582323615494,-0.908042941595915,-0.919399809387787,-0.919553741595065,-0.909651448201927,-0.888782748478838,-0.857811276713063,-0.814691824776653,-0.759330683809652,-0.692019205073799,-0.614506895650714,-0.526575794033553,-0.429039519064859,-0.323406349006471,-0.212044437007351,-0.0973375433888733,0.0198793274216019,0.1364621441562,0.248676907754816,0.350543534443533,0.441221348876575,0.522811936352675,0.594948246375504,0.657184585742714,0.707309806798538,0.747991733994144,0.779031591187161,0.802204401410411,0.817885521877493,0.82397075084625,0.82104151731964,0.811277909101533,0.797154425175901,0.775972483161212,0.746224259257481,0.710914674324474,0.671878213709304,0.629834210668541,0.58543909222162,0.538433202275272,0.489908261571791,0.440654044012084,0.391131644220211,0.342140838953602,0.295776488114784,0.253636937604813,0.216368473511109,0.184695459153076,0.156846449754417,0.130970165528725,0.11474209543054,0.121575932720527,0.155304250179859,0.213256782536692,0.287130462412667,0.3724252612064,0.468231295719067,0.57359905581728,0.685951327358399,0.802460233703525,0.912677302145571,1.01549295801752,1.11288894318911,1.20923859385433,1.30439467089612,1.38233010907602,1.42165547412277,1.41432381554731,1.38685183704377,1.35080359297527,1.3094829507338,1.26543046210239,1.21978379202723,1.16980252323859,1.11679739325929,1.06106978725834,1.00296378460574,0.943991530487942,0.885661622900067,0.827737390409701,0.769759486882703,0.714723252880414,0.66221792733703,0.608492632745501,0.552620001619548,0.491596992982717,0.427218935068652,0.361773969611379,0.295736982621985,0.229779778666272,0.165348274391388,0.10348327971449,0.049754119381134,0.0043961933485324,-0.0336720407869763,-0.063742418829884,-0.0838836760934694,-0.097312648198389,-0.102836862621239,-0.102084736786957,-0.0975247090992847,-0.0905850143147496,-0.0827911700772102,-0.0760351259101033,-0.0719432017396466,-0.0784571280659152,-0.0958250376331749,-0.117159628242163,-0.140177268279361,-0.159956517354831,-0.174525246473377,-0.182397122332911,-0.183355090928575,-0.176889639814472,-0.162325370289621,-0.141060815948409,-0.115483424278739,-0.0855693255923597,-0.059143538363693,-0.0521315287633157,-0.0430025880486318,-0.0319610452991506,-0.0185697956355155,-0.00348403682092784,0.0122993032705128,0.0281145722667661,0.0426481257683079,0.0544580147498905,0.0630250803498259,0.0678598711218669,0.0683277819565354,0.0631524710684385,0.0443534323960135,0.0157588461608171,-0.0137396891573824,-0.0420748049603057,-0.068112794248472,-0.0892470342381549,-0.104230691910601,-0.116659062853556,-0.123193451652178,-0.126027328277721,-0.12628239710815,-0.125531765448447,-0.124989950827523,-0.12553224637409,-0.127780743464315,-0.131708676899484,-0.137311403297218
-0.204362360870343,-0.215412372687851,-0.228171212355547,-0.241294055479855,-0.253829150255925,-0.2676339365343,-0.28285746716044,-0.299863284306464,-0.318423505045634,-0.337943858859735,-0.355152806898952,-0.371670106506072,-0.394518972006136,-0.425455969932586,-0.459103662426371,-0.493237461833226,-0.526397285677943,-0.562118194398594,-0.59898067610581,-0.628346034758823,-0.65520641509967,-0.680705429553859,-0.704784273544361,-0.72803958317105,-0.752485060533543,-0.778567834402797,-0.806675006273965,-0.833987073204162,-0.859886423586564,-0.884304620608169,-0.907089085366993,-0.927909218746142,-0.945881651612964,-0.954163065014047,-0.953234603668578,-0.945316248606807,-0.928390100344946,-0.899627674650349,-0.858456403365984,-0.803899011051963,-0.736359493393903,-0.657501419203635,-0.567371308511891,-0.466810068464629,-0.357176574708817,-0.240504817074664,-0.118732949364355,0.00576916987241521,0.128182829099507,0.243314856040118,0.345858991842016,0.437826966515084,0.519467304718008,0.590953486490841,0.650062493562843,0.697165983863275,0.733737448670621,0.763053277005863,0.783889701912842,0.795720199082944,0.797770378349144,0.79074330501273,0.777725951966585,0.760958632388504,0.738558325158941,0.710420012162256,0.67850082032873,0.642717588994645,0.603524200681406,0.56157053707458,0.516739198401444,0.469870565038456,0.421916863480928,0.373543814390539,0.3253460449711,0.279029279444796,0.23696304914326,0.19982802948174,0.165922006746233,0.133265536180753,0.108208897414297,0.0977580560040906,0.110782373985307,0.149865814535163,0.208239143260216,0.282015558053229,0.371796057602246,0.474963619429483,0.588089855119752,0.706550455709349,0.822161970990812,0.932669210390185,1.03272432242749,1.13140843765234,1.22307577651834,1.30084753302739,1.36185967040458,1.39513861037307,1.39784946443341,1.37910990820442,1.34785256124381,1.30918187351254,1.26577393801122,1.2200410742698,1.17016470931446,1.11752472912323,1.06278089516683,1.00549377974998,0.945801176396543,0.885514469332605,0.824300181752463,0.763407395469357,0.70413394864584,0.646846291313053,0.587359446976036,0.525881940686933,0.461313687087844,0.395072881288392,0.326804285590291,0.261319899873932,0.198375849550421,0.142005687904937,0.0897031199384071,0.0384208112511475,-0.00983726569110971,-0.0487962598520061,-0.0788962294508707,-0.0997000939163515,-0.112988138772038,-0.118663875150655,-0.117083516941971,-0.110385208775955,-0.101573504950776,-0.0925471664057291,-0.0816342642073072,-0.0722108805881627,-0.0676103775160992,-0.076978524028321,-0.0968361194281826,-0.120344342428789,-0.146382712414229,-0.169120335900735,-0.185613181176243,-0.194333127239066,-0.194763303121187,-0.187220693947064,-0.171325041456704,-0.148429017255959,-0.122089429864656,-0.0986584463196663,-0.0824680381187373,-0.0683146145025463,-0.0523949033460134,-0.0345450443605916,-0.0156514815593563,0.00371408900124579,0.0226180604757412,0.0394294396939864,0.0519372468521914,0.0597084043780746,0.0625448936573267,0.0599050943042679,0.0502028391784217,0.0312648644374687,0.00487140697634494,-0.0243641801181181,-0.0539987498196984,-0.0809975601148607,-0.10090521383058,-0.11742596488848,-0.13372573764626,-0.148790196353479,-0.158077843358099,-0.164813644515064,-0.170148749794625,-0.174871667709106,-0.179989718868725,-0.185670250789949,-0.192248559033451,-0.199960033531391
-0.274624320781508,-0.287077745796243,-0.300457993120297,-0.31452771666576,-0.328224688218119,-0.34328117586711,-0.359666502870598,-0.377561003135046,-0.396554174107714,-0.415424509185689,-0.430687491711061,-0.447541299557414,-0.471929245325943,-0.504258120972839,-0.539978605967152,-0.574887052336496,-0.605709935534721,-0.631971603654039,-0.657383489350865,-0.687398207222051,-0.711164760117991,-0.731689611629426,-0.75211154837714,-0.7737707876267,-0.796467997872589,-0.817885243689129,-0.840455669748623,-0.862832520305004,-0.885001155453068,-0.907237858494346,-0.92969031611108,-0.951788368027465,-0.966767402523482,-0.973809162795677,-0.975274994448113,-0.971951689010281,-0.958621718883348,-0.933825709089707,-0.895836240350476,-0.843036567791607,-0.77655303094838,-0.698053439645799,-0.60764018049448,-0.505574077643323,-0.392475393414541,-0.269667626726324,-0.138605739554104,-0.00368490710448263,0.12710817020707,0.24648300665248,0.351051065735106,0.442172742679132,0.521875694589026,0.589671171374549,0.644910856182675,0.688531218709843,0.721955539136315,0.747634676909803,0.766819110415864,0.776395982894245,0.775730489942464,0.765944703747519,0.751852215361007,0.732971433296111,0.708408305451786,0.681366706095814,0.651887889475404,0.619021656220406,0.582255510751621,0.542249788650499,0.499190052711977,0.453655879149906,0.406695989497467,0.359339603951053,0.313114785293697,0.268618978503102,0.226380013080221,0.186769152572852,0.152315179796614,0.124926059857437,0.106009178862579,0.0993676708896835,0.106671910055759,0.137225029024934,0.193493795147111,0.27104819020059,0.367965955198262,0.479878065309378,0.599409166534724,0.716892672659767,0.830301940304055,0.93850275282022,1.04602031889734,1.13774102034207,1.21784088047576,1.28669737732794,1.33870141018534,1.3677904352272,1.37361844612824,1.36114666526882,1.33562368058526,1.30139747402858,1.26134880195652,1.21777753301578,1.16951658849333,1.11713341212959,1.06120466275102,1.00233697188562,0.941601375834422,0.881396070077191,0.822066653414318,0.762766151156981,0.70130955736774,0.635792202664661,0.569792855247296,0.504468796499991,0.437283352172986,0.366427398239577,0.296174096742615,0.229072577968112,0.164945698156733,0.108222916104272,0.0597301956515202,0.0188700002841206,-0.0202243497080488,-0.0591472190605136,-0.0935005505347534,-0.117280599406744,-0.130721013504995,-0.137596222944322,-0.135735892871269,-0.127465404894799,-0.117748833620798,-0.105001803808803,-0.0911467192706873,-0.0787049932889272,-0.0679353389012428,-0.0666138151762956,-0.0796871701972672,-0.102170422522476,-0.128349953922212,-0.157475634885192,-0.183177320822572,-0.201671109969722,-0.212240038223442,-0.213486699110971,-0.204666510480196,-0.186322983576249,-0.163006228317338,-0.138876985650934,-0.116092048330071,-0.0937402157127145,-0.0712914417934839,-0.0485288694315844,-0.0253587005011711,-0.00293199693294847,0.0169724648770418,0.0331981696632075,0.0445303136372213,0.0506599389586356,0.0512953337522432,0.0458924796701863,0.0336184518696219,0.0139809562015965,-0.0120445815539362,-0.0422470174460507,-0.0733728433918123,-0.0995992941663936,-0.122449611637905,-0.143367335823691,-0.162642021723087,-0.181749332853176,-0.19914031709247,-0.211696704003521,-0.222356010606398,-0.2321164997295,-0.241208319445545,-0.250233793624823,-0.259445506160652,-0.269308449739289
-0.351381520109693,-0.367079810070298,-0.383647778224445,-0.400280771835703,-0.415968967048914,-0.432592382331417,-0.450317715733412,-0.469138537344672,-0.487856330689878,-0.506113108066788,-0.522308228033492,-0.540282104680508,-0.565064382725468,-0.596267061655493,-0.629215105856663,-0.659074163840993,-0.685684104916771,-0.708149797681332,-0.726336786551266,-0.741860908479534,-0.763010089559189,-0.782725642259133,-0.799991289306149,-0.819559009667396,-0.839478786834614,-0.857601211517076,-0.875435053139149,-0.892461030791881,-0.909668449574647,-0.92743935352686,-0.946041721013665,-0.961457384873314,-0.971574234843004,-0.979375399940573,-0.986617283315928,-0.987266644302467,-0.979001828402124,-0.959655090162551,-0.926890277632594,-0.878040273062525,-0.813940471915177,-0.736549016141125,-0.647059496399345,-0.545496833084331,-0.430846622949298,-0.302070406936293,-0.158805916483562,-0.00833294219371042,0.135502222917453,0.260800806446626,0.365936724806846,0.454089762861275,0.528900192788972,0.590396659463253,0.640482506017589,0.680515736625606,0.711815181462474,0.734853389751973,0.750511383533898,0.758824495221549,0.756713144645976,0.745599837921845,0.731876195181364,0.713134213816224,0.687841428959914,0.659494412508314,0.630528507552174,0.599720212942686,0.5657731659452,0.527937161650111,0.486321809097217,0.44243702608845,0.398474677489297,0.353271341184966,0.306364364436802,0.259809480683091,0.218092625794776,0.184967583856605,0.158506123676925,0.139908122076942,0.119379966772759,0.101474959088835,0.0974981861794972,0.120202268204741,0.172413998017436,0.251481340521536,0.354330103969075,0.471620910867392,0.591016055379892,0.707604556592053,0.82101308860598,0.933557265279462,1.03531270290914,1.12670884354978,1.20298011946969,1.26566174363729,1.31148923839422,1.33733757683797,1.34407348724354,1.33394514779755,1.31137258723419,1.28017967340554,1.24296304375209,1.20172185428915,1.15577081570096,1.10507796434226,1.05056648865257,0.992728295887871,0.932632089886089,0.873164718170655,0.815637990138585,0.759155977624906,0.698603873757271,0.629954064514536,0.559113064016059,0.491489739174786,0.420323817790485,0.347162957164119,0.275128766789051,0.205965588085866,0.13971355993961,0.0808055076707685,0.0300657111460785,-0.0122333847100021,-0.0460125478442242,-0.0742865186747299,-0.102703679770596,-0.130412637186202,-0.148517316899633,-0.156760301079646,-0.155167602880549,-0.147684097436804,-0.135243458989874,-0.119145302740412,-0.103212223586797,-0.0885534046664302,-0.0754892830943621,-0.0667112331144934,-0.0697506407106283,-0.086799433451239,-0.112447871868557,-0.142007104522587,-0.175068535205344,-0.205235233546683,-0.227442943566527,-0.238578833157789,-0.237667642064248,-0.225180411287,-0.203060705980116,-0.176087912560512,-0.146620006290285,-0.116586001771899,-0.0870718774044988,-0.0594980347749136,-0.0347783606447163,-0.0125552932361526,0.00673968648679571,0.0220500711147883,0.0322012744578903,0.0367509658310595,0.0354282967859128,0.0278989625380725,0.0138348180401675,-0.00678037526985881,-0.0332575556124488,-0.0642959202690102,-0.094601073440792,-0.12322641774175,-0.151243605036854,-0.177552828877823,-0.201336776116144,-0.223533539877621,-0.245816894878919,-0.26533066170841,-0.280582549958011,-0.294531845895326,-0.307632892006825,-0.320011681445612,-0.33200319266206,-0.344531420214388
-0.439462786121508,-0.459292646520786,-0.478693333539054,-0.497388970000168,-0.514646944725259,-0.532511014336803,-0.550797360652711,-0.56931042548735,-0.588070911613333,-0.608326622765985,-0.626220222271413,-0.645323236750449,-0.669743089963313,-0.696585820630332,-0.721839094079762,-0.743144125995678,-0.761840504128679,-0.779219175683294,-0.79404935194425,-0.804955946590184,-0.812282604246462,-0.825084777213774,-0.845341950910204,-0.863345009837617,-0.879606819370287,-0.894399682924124,-0.909455953808276,-0.922046064309901,-0.933885964138672,-0.946746100495403,-0.958137438418783,-0.965210269827198,-0.971754470759904,-0.979537256664221,-0.986480040754956,-0.989533912551309,-0.987279394960689,-0.976273854840076,-0.952136419517622,-0.908729613100055,-0.846325959760513,-0.769811787831401,-0.682960935248736,-0.58570735303645,-0.474352997619088,-0.342521687781485,-0.184206794097477,-0.00833035468665835,0.156723948091512,0.287992030874722,0.388781655757841,0.470489184996665,0.537455018458288,0.592407824919763,0.637062574155061,0.673478034364373,0.702533286764008,0.723870458830149,0.736830311807008,0.742394272489929,0.740089419805453,0.73058153437822,0.717847874948177,0.699544990345203,0.675357834596982,0.647399829880349,0.616867814386993,0.585624616678825,0.552789209855455,0.517686337876493,0.480726275630265,0.440206812956532,0.395720141217439,0.348669437971051,0.300354829741688,0.258886010185245,0.227570960910651,0.203605348106802,0.184627496171935,0.16211368398899,0.133463238910551,0.104126859190545,0.0847467545143972,0.0895111654482559,0.131071478387166,0.213606701948436,0.326806419975103,0.450225705412151,0.573511369101904,0.697015006851622,0.815030201544204,0.924141482371711,1.02597878325303,1.11844972167911,1.19592304760814,1.25459097041422,1.2955785570794,1.31937697804332,1.32518341484955,1.31521591660004,1.29301415005137,1.26189184811809,1.22451371298297,1.18256789297857,1.13615266605954,1.08414028954495,1.02845265592966,0.97085074116288,0.912263063885459,0.85543698342003,0.801805468732982,0.74657955369116,0.686134723828492,0.620812758990747,0.552387159681657,0.48288965552056,0.41090009430266,0.337330548218141,0.26410148068761,0.193155814216434,0.125014660057867,0.0640580856278087,0.0109668641066796,-0.0341019941448458,-0.070777404523001,-0.0987118433872991,-0.118606420300326,-0.137489599809776,-0.155822297351796,-0.17058124096903,-0.174561738424665,-0.166380071075282,-0.151644503567924,-0.134036583855681,-0.1167740827069,-0.100344433238335,-0.0855724365153285,-0.0749477211914072,-0.0692632300933221,-0.0775477879757739,-0.0986457720664063,-0.128621059017647,-0.164118894656006,-0.203432482089954,-0.237148580217439,-0.260070203195174,-0.269124682642808,-0.261518590133592,-0.239343949843877,-0.207221561106395,-0.171158590977046,-0.135087439903887,-0.101820496405229,-0.0723439548132224,-0.0467217618345875,-0.0246254291693439,-0.006384188999377,0.00765593783007265,0.0166033659038199,0.019878479537831,0.0172211178598628,0.00835545164312634,-0.0068517906523568,-0.0283128092843469,-0.0555522250084784,-0.0852579103851554,-0.116410699543129,-0.150082698275389,-0.184365223884308,-0.217659492165077,-0.24843266500567,-0.275352044836575,-0.299388912316304,-0.322695736045866,-0.342569283866401,-0.358713809567492,-0.374724479616867,-0.392228792032616,-0.410756896390808,-0.42979682238871
-0.536543011269213,-0.560681028695568,-0.582194300235832,-0.601853146801772,-0.619470683130171,-0.636614697313253,-0.653769383370878,-0.671555972091007,-0.691883867253225,-0.713828608649789,-0.733040292752903,-0.75249392764935,-0.773010686940394,-0.791721924959764,-0.807821488026567,-0.819674748693651,-0.829182759154067,-0.83766244728541,-0.846035743522481,-0.854166579043168,-0.859763477789582,-0.863085606530598,-0.870835036023537,-0.890250496045947,-0.907595929788652,-0.920315561229552,-0.934006461064735,-0.945724116260717,-0.954691048689303,-0.96151262799782,-0.963944946724685,-0.965983560984158,-0.969968803761486,-0.975214396541619,-0.982223904555619,-0.985837921160097,-0.98485912084804,-0.980384627686783,-0.968694675678694,-0.932785632731774,-0.868606049291097,-0.791850227267859,-0.709959423706189,-0.622876532180106,-0.52446258512124,-0.399152455570322,-0.225741462756112,-0.00809897751803298,0.196214855717305,0.325361242862957,0.413308678944028,0.484726117266134,0.544152792057108,0.59354054574481,0.634501304486268,0.668188148441585,0.694681142716961,0.713976341322493,0.725686614605481,0.729290140552984,0.726977734327858,0.720599754588931,0.709163016070315,0.691709197863129,0.669293169013752,0.643296601671601,0.613167543980524,0.580449160963479,0.548673404728029,0.516234048925087,0.479273427219736,0.437394306126692,0.391893298046057,0.345677825758426,0.30690477467538,0.278258045219859,0.257999571135792,0.236973188856575,0.209919174390773,0.179427018045294,0.143193137147755,0.104411991060112,0.0705907650681103,0.053830550155062,0.0807800130613168,0.174282396216048,0.303330056557228,0.437774888292468,0.572698405991663,0.69840355868913,0.816388366947721,0.927048684264886,1.02883621578118,1.11989450194106,1.19802129458871,1.25749238111593,1.29627567101803,1.31678314072825,1.32074457885227,1.30975469597211,1.28618168216873,1.2530860141986,1.21302471997189,1.1681943363535,1.11959868283603,1.06567130991595,1.00905133087376,0.950869848701208,0.892306114279584,0.835564652697726,0.780660421657488,0.722519067907992,0.662137325839417,0.600648898826013,0.536568010979519,0.473127180551268,0.407267415521722,0.336601223318949,0.262683667036255,0.190184446812072,0.120429484819545,0.0576144737648546,0.0022551000282249,-0.0452794625493318,-0.084653717951326,-0.115469418704657,-0.136904547875776,-0.148642932084395,-0.156311365557758,-0.167641486997933,-0.178556400510926,-0.175463668642124,-0.161137911177915,-0.143542553027581,-0.12680180352768,-0.110226028760161,-0.0945449632231896,-0.0829021773667431,-0.075729672308788,-0.0745463453062795,-0.088866809478114,-0.116041897422598,-0.152812483755111,-0.193910488385473,-0.237471262803188,-0.273497114892444,-0.294582178158475,-0.292367643019928,-0.266221779492206,-0.228439698960593,-0.188095138985067,-0.149938420440133,-0.115308410013157,-0.0845570662843525,-0.0582356617301824,-0.0361519508491026,-0.0187227435682983,-0.0062923901945187,0.000857590230777326,0.00268255046450498,-0.00130046426817224,-0.011243873655581,-0.0273927996162811,-0.0497128645794119,-0.0764671296667943,-0.106059923037117,-0.140057719182713,-0.177897391594442,-0.218913681674893,-0.261155675054739,-0.30029139572044,-0.33184717020729,-0.356468401828067,-0.378595697215119,-0.400917568238473,-0.423401863669795,-0.446299599727355,-0.471571396471092,-0.497964486759087,-0.523929073388472
-0.637992851690614,-0.665154465375975,-0.687130668548573,-0.705151493867354,-0.71966894629486,-0.733842410994813,-0.749249559246338,-0.768078490340999,-0.79016100893535,-0.813982235896536,-0.83466533768157,-0.852414378794637,-0.866712892419695,-0.876178324064837,-0.881749085349814,-0.883356175731165,-0.883350550125352,-0.883060735051601,-0.883436141580256,-0.88600075545868,-0.891729926587729,-0.892364756411128,-0.893059919560551,-0.896420885248892,-0.91014838303457,-0.927818238500028,-0.941242555279207,-0.952502938722124,-0.960833702728454,-0.96122396482741,-0.958720944118702,-0.957589196254656,-0.958434069875953,-0.963637698175831,-0.973352430751656,-0.977180591049003,-0.972446883416173,-0.969863288948348,-0.970985980179123,-0.945226893845377,-0.869111775998444,-0.793408545308538,-0.719569177221394,-0.64847634984487,-0.577566715886033,-0.480154892475489,-0.305045409608078,-0.0362520333756662,0.263198037597583,0.349296745844752,0.424389826203985,0.489923158599297,0.545661446715597,0.592521623116844,0.632023886939636,0.66420196307121,0.689033109875716,0.70645866452067,0.717189806786629,0.721540289884775,0.719013676034304,0.71460732264304,0.705138073791711,0.689221910739369,0.669228176097214,0.645895924525849,0.620149356892368,0.591200898824802,0.556835786461451,0.518561529687261,0.4771598154943,0.432484370980011,0.388794725373703,0.354918095045432,0.331931233511186,0.315641379888332,0.289301136448267,0.256375477343735,0.224473293920031,0.197349903583159,0.165014430998245,0.124222179354599,0.0825097852573654,0.0468972855247039,0.0302389929290735,0.15497249648701,0.308364059102321,0.453156272061904,0.587795656146598,0.714334369309501,0.833615528648195,0.944578766314872,1.04551690523332,1.13477560993054,1.21166772995225,1.27265791233856,1.31225890356747,1.33025811781404,1.33103651032327,1.31731975902543,1.29089393127867,1.25395118160861,1.20929963171639,1.15953129111015,1.10743912449404,1.05181211260903,0.994179977979737,0.935612833542444,0.877249136078967,0.820113939305547,0.761246442822629,0.700400074407212,0.640226998481671,0.577571513956208,0.513620826681681,0.453503072109739,0.394989666052962,0.334654315688802,0.268103390632276,0.196670205248501,0.125503644964161,0.0609266325054774,0.00363820592447236,-0.0460180985434576,-0.0876012279506323,-0.120267904846256,-0.143561129591379,-0.157275753029118,-0.161580050018143,-0.160020958837193,-0.163248557034892,-0.16541640581358,-0.157249977959835,-0.142416309166892,-0.126270457467557,-0.110393587552409,-0.0954868373977226,-0.083677982132444,-0.0760889683111774,-0.073986797490781,-0.0807611517618379,-0.102769090520308,-0.135307632446433,-0.176666249896481,-0.222459605134277,-0.270733339878532,-0.309459182478241,-0.312458784521767,-0.279019992203246,-0.237922759147953,-0.197299043194133,-0.158644286115392,-0.124086053655151,-0.0938246083560813,-0.0676734910942854,-0.0459921862139131,-0.0295049329032056,-0.0183785487407013,-0.0131165866664634,-0.0131859564136526,-0.0184815890684552,-0.0292791479981448,-0.0458043671210613,-0.0677225737647734,-0.0935516479044857,-0.124319730432662,-0.159846908532038,-0.200503696706404,-0.247828828247821,-0.301319033689636,-0.352364991364264,-0.3885871458306,-0.412219763164171,-0.434489555016935,-0.4612348564048,-0.491586313649481,-0.5228688786879,-0.555389220260632,-0.589566025071747,-0.622640019975219
-0.736107872953025,-0.763800895619256,-0.782182415407646,-0.795960604732534,-0.806378695466897,-0.817215507374104,-0.832240004910215,-0.851875198069275,-0.875177403850321,-0.899893413009188,-0.91932634007202,-0.934481120813192,-0.943764784949849,-0.941330014919362,-0.934610465474673,-0.925628857634973,-0.916130976261978,-0.906930607114941,-0.89881214589611,-0.895091594910923,-0.897600671455173,-0.893027795282968,-0.893457058543694,-0.89416705596072,-0.895875227221841,-0.904573360894947,-0.923693983063858,-0.939668506828376,-0.943630159802215,-0.941482158209564,-0.936426575058193,-0.931038727241406,-0.929728912393188,-0.934831012885555,-0.946078237277799,-0.948766042904431,-0.939168223522823,-0.93271620110556,-0.928160997391128,-0.899454834210793,-0.834523556930957,-0.76697555392839,-0.703583745932766,-0.646745432734212,-0.61266931703658,-0.582781161793216,-0.420897821198065,-0.152977045564446,0.146168558614552,0.313032149350007,0.41078851249022,0.482951888630309,0.54094430495093,0.589362993792205,0.629475939822043,0.661509118192958,0.685654094174642,0.702976249842481,0.713858276325857,0.718191586066354,0.717341586867263,0.713345419972947,0.704885854639208,0.691527038822601,0.675830300743092,0.659415254156269,0.639168840248,0.610659194565098,0.572524065311303,0.526457695077157,0.476618522748967,0.431413423994699,0.398105574211813,0.377156984959208,0.361459967350466,0.337546450226625,0.306633093372128,0.273192564808237,0.243979721444401,0.233754025492009,0.216519394851936,0.177714009346,0.138107279627959,0.123354255858107,0.136891835580099,0.226599619674928,0.360422745461365,0.495023278359384,0.624917039661856,0.74953871614115,0.867665321977268,0.977355783273661,1.07710863519854,1.16548332469629,1.2403225570956,1.29954638532397,1.33997164380128,1.35828953724222,1.3558884694226,1.33737029828555,1.30592174037321,1.26366840687986,1.21310152891164,1.15790427338184,1.1016825667933,1.04300418894293,0.983699533361339,0.924720855078086,0.866447031747204,0.806373899467231,0.744501523860582,0.684055599566432,0.623902686992619,0.560989647113486,0.498437399477545,0.438625651707881,0.380395281950726,0.322272528164117,0.263904364827994,0.203318008174995,0.138649098718184,0.0736804727582176,0.0148331895782435,-0.0363739895942489,-0.0790660711334975,-0.112822398674344,-0.137498999482125,-0.153360032481419,-0.159349197320802,-0.154552041395673,-0.145013530002455,-0.138721514383463,-0.132801324611872,-0.126077052932131,-0.114446513669752,-0.0992572531173141,-0.0850454511266704,-0.0740280392070461,-0.0668912779695314,-0.0653635267137762,-0.0701727780614372,-0.0837120428524639,-0.108746377374831,-0.143722723426874,-0.187627207468657,-0.236690178520326,-0.289925320626356,-0.302392772623031,-0.265702136560509,-0.227399657307036,-0.190139386262308,-0.154943202092059,-0.122291968543452,-0.0938991951921323,-0.0695978981193616,-0.0491556817206641,-0.0337293698398242,-0.0239458202104711,-0.0201001638402201,-0.0220052192185066,-0.0290618825792993,-0.0411102431398333,-0.0578316970573659,-0.0790588718325228,-0.106002970907072,-0.137399980695249,-0.173497492820582,-0.215586238863871,-0.266106588901732,-0.331364373171668,-0.405282866263204,-0.445080578083153,-0.467895995516824,-0.49225481867911,-0.522134495107873,-0.558052116229766,-0.597264323096659,-0.636939790644843,-0.677902283695247,-0.718085083593095
-0.822546699914048,-0.846003186635734,-0.856272449186749,-0.865232223615535,-0.872493679942759,-0.882750467458869,-0.898506081028611,-0.919360908725364,-0.94354645359101,-0.966014351129493,-0.98098729213747,-0.994165860064949,-1.00066111424492,-0.981940939958428,-0.964299912672027,-0.946122432458149,-0.928005583923081,-0.91024334440029,-0.894588389864728,-0.881967514940896,-0.869427862736428,-0.868507809436382,-0.868949137539799,-0.86894922166121,-0.869889057821545,-0.872445589093156,-0.879946922940004,-0.888541725225785,-0.89582986446564,-0.89478362058981,-0.88869152078686,-0.882881882488136,-0.879990807474457,-0.882070929750595,-0.891425077137661,-0.89070183644372,-0.874337985636844,-0.864257968323727,-0.851310106070948,-0.822743571656722,-0.776579337054981,-0.722106929733125,-0.666517512634522,-0.609327078000096,-0.589725983532479,-0.598698346418194,-0.42262637414341,-0.162666197793277,0.0822999208264084,0.270370994762864,0.386253481464205,0.468377040337263,0.532781858043127,0.585330681797727,0.627733564216365,0.660794801180616,0.686172881853747,0.704511867493115,0.715907707547743,0.720445802962088,0.72070185978584,0.718267834981744,0.709641876249037,0.700493911098323,0.692802003125912,0.680643537703137,0.662007476585328,0.634839448387835,0.595815998507957,0.542596543253523,0.488579829240236,0.444380933698056,0.412042042877385,0.389593512318707,0.371683470665313,0.353504589753588,0.329343454119474,0.303795292551349,0.277558816760787,0.302299762458911,0.309443640686725,0.268449421377046,0.227257766288565,0.214815267724405,0.283216377122846,0.346297173582948,0.446259147474153,0.562934615972218,0.683437603766484,0.80285899037835,0.917690194893035,1.02598183630153,1.12496164626843,1.212048957691,1.28442885739354,1.34009593474366,1.37828072416901,1.39648533393144,1.39275642949876,1.36903419694317,1.33037937354645,1.28098251528197,1.22445365984361,1.16391842181291,1.1025134859928,1.03953828768994,0.977620632028471,0.917361277862277,0.857524940183375,0.794035851371384,0.73231678673982,0.673065766323657,0.612776664060841,0.55230467128788,0.491655662592033,0.432608954063063,0.374875718709976,0.315693373676218,0.258025461274359,0.200903069910046,0.144345315248749,0.0896381667871403,0.0355103107418194,-0.0158325421645836,-0.0588579466382132,-0.093234217192525,-0.119101931483236,-0.135632952881637,-0.142173680175609,-0.1383199346245,-0.127465254583396,-0.110862015095723,-0.0961588437489996,-0.0881242846727776,-0.0851206359974359,-0.0760278099271972,-0.0629574312119567,-0.0528316304229362,-0.0475150866519947,-0.0469236064376329,-0.0499708704565246,-0.0574438710645627,-0.0727927051250964,-0.0972300642415532,-0.130679705549964,-0.171363548271223,-0.210685355939188,-0.229321873027412,-0.217277387587331,-0.192139506419095,-0.163606216731002,-0.134940426291595,-0.107501649215565,-0.0823360459154892,-0.0609729751141222,-0.0434574655809329,-0.0299616234406047,-0.0217383350815655,-0.0195827179239778,-0.0232071105692161,-0.0323090588309624,-0.0461816451721723,-0.0644312686513428,-0.0870096859500595,-0.114410466236779,-0.146127050729374,-0.182360870576272,-0.222892408731152,-0.269040309051017,-0.331070531684887,-0.470794913382738,-0.489481771350954,-0.513209875605746,-0.542576863442715,-0.577151095236546,-0.617683089506732,-0.66168961836132,-0.707648007931592,-0.753112258199441,-0.800008587498595
-0.871382086772551,-0.893742513034937,-0.903301910211232,-0.911012972128553,-0.919051022859743,-0.931683061768402,-0.949239668696654,-0.971302766541855,-0.994210667176533,-1.0120481636783,-1.01780933177262,-1.02390621642009,-1.01398522687106,-0.993329512738454,-0.970668324667493,-0.94605215120245,-0.920960493728649,-0.897016234200758,-0.875917830643192,-0.85789090176457,-0.843339193623666,-0.835174786742753,-0.830633358520562,-0.827124458877944,-0.825556531131153,-0.826976632273812,-0.824845438615298,-0.818819527678175,-0.81448225622385,-0.815562556761416,-0.815631765566309,-0.809751165415234,-0.802679793127868,-0.797570405120376,-0.795437757451401,-0.783572908780423,-0.777214012863598,-0.771947262102454,-0.760728237955991,-0.738091075809558,-0.705243203186094,-0.665558009858525,-0.624351689101614,-0.589445241082894,-0.60110418758164,-0.557069770117375,-0.378971670377578,-0.118541474037536,0.123473796199728,0.254189111221083,0.364253013596069,0.453361311474322,0.525333694047173,0.583059177168376,0.628629484469076,0.664461991491075,0.691891582857767,0.71143843147358,0.723461889762736,0.728401469628722,0.729847362472545,0.72905851142732,0.725367753256847,0.718969153708535,0.711994924366406,0.702079833632197,0.686544643342255,0.66359153309559,0.629120218482174,0.575795967409103,0.515553609627842,0.464487848019597,0.418845591512546,0.383614862904163,0.370162632545557,0.371989695481246,0.357298409537923,0.349622387753816,0.3576121427679,0.402171413102887,0.447900891361015,0.385257444344301,0.341157441615238,0.333400501397826,0.384316595799953,0.454389636217966,0.542201560977794,0.645666631793728,0.757651516583237,0.871148719261418,0.98315804616176,1.09020623893276,1.18816124451835,1.27356868151344,1.3430769561473,1.3946653721458,1.42796924127391,1.44279231931589,1.43660792782013,1.40911337599271,1.36340723419738,1.30613109326452,1.24275371831821,1.17607824116107,1.10907468653749,1.04133421810319,0.97563080977766,0.912903973999537,0.848868026449003,0.7845981613682,0.72463126139244,0.665637420522332,0.608468189280943,0.551174403078556,0.492869801952947,0.434987179193348,0.377502161831907,0.318091888760652,0.259108472956181,0.202847584465471,0.148756763677557,0.0998917304318892,0.0547828399573412,0.0125680360293746,-0.0271341721421683,-0.0617458843303904,-0.0873030373906966,-0.10345946743053,-0.110266383954464,-0.107643696163403,-0.0975010854696203,-0.0815023692937911,-0.0592979674711126,-0.0412864155537474,-0.0342978080736315,-0.0333805868239907,-0.027817654804248,-0.0209339812653501,-0.0169430946300985,-0.0160728263412736,-0.0171444858762157,-0.0201551187286952,-0.0273448449630481,-0.0402651303015685,-0.0620603905314626,-0.0899066924233597,-0.118294881209381,-0.137379088470299,-0.143225558448779,-0.135023035020427,-0.118749755182592,-0.0989944498421529,-0.0788079832668768,-0.0591827670465827,-0.0416597893002569,-0.0278569387750086,-0.017819132602694,-0.0120311420555154,-0.0119197936237899,-0.0174688493917619,-0.028523129910524,-0.0455019383905037,-0.0663901653456386,-0.0910849299884005,-0.119378848518596,-0.151319848907398,-0.186511770357071,-0.226365949738431,-0.272437003399039,-0.325046175945907,-0.424769335032871,-0.49546464040883,-0.539825134567709,-0.579852827736856,-0.620377304646473,-0.663061625832265,-0.708950394228222,-0.756263825457082,-0.803879845435973,-0.850026652955963
-0.88632360267942,-0.910615028744223,-0.925510485238026,-0.936763377927474,-0.948327531199171,-0.96403286102628,-0.983886736829551,-1.00492404191455,-1.02439259848133,-1.0403763048811,-1.04155159437228,-1.02729678003846,-1.00599280954911,-0.981421945297541,-0.955416790956312,-0.9262976310184,-0.896646448457825,-0.869016039446394,-0.844349376334643,-0.823302418392983,-0.805654435635456,-0.791697469653943,-0.781519080782335,-0.774120288646244,-0.767918269051447,-0.757347594448645,-0.748357487083375,-0.739073807504272,-0.728756506555737,-0.718256394730525,-0.712517354681164,-0.710160666863871,-0.70276256170624,-0.688110922802272,-0.667925852739066,-0.648342125979404,-0.655265174232075,-0.661524379521423,-0.657529879300236,-0.643242496001144,-0.62120050728855,-0.593363526502515,-0.564509498968168,-0.543144800665152,-0.53053055519853,-0.470744578128743,-0.337527455243989,-0.154497011879856,0.0618549250531572,0.220964388892188,0.34420089531536,0.44353993199208,0.523081159047966,0.585913888230638,0.63563685755218,0.674439821412237,0.70371606808045,0.724274704056809,0.736710112016717,0.742012277779546,0.746541013782514,0.74993930762893,0.747615024029112,0.739389315221852,0.729030731383835,0.71883268429144,0.707168896753394,0.6915027958428,0.67615708023512,0.623399329511581,0.557922375051823,0.489830973784499,0.419918826596723,0.360487221532859,0.353183651966969,0.371106160532917,0.381600329942595,0.392091175919844,0.413242502540474,0.454144403082075,0.483615010998884,0.468480508448136,0.451634781077764,0.45890852893958,0.4994919296333,0.562159702276682,0.641398340474621,0.73552152002745,0.840730483314191,0.951300041121878,1.06149962944539,1.1671265526202,1.26440569826459,1.34848811926753,1.41484054513614,1.46175033489215,1.48893360953483,1.49675403612097,1.48520772216687,1.45270825984219,1.40223817821276,1.33840745132442,1.26677042198598,1.19269063730972,1.11966686000959,1.0472928052269,0.977078703297199,0.909278498996443,0.841800135330462,0.778218995090472,0.718957523066802,0.663125067861782,0.610553903135997,0.55723823620147,0.501800701650531,0.445026593462004,0.387874140767672,0.329025356988256,0.268388958259331,0.21123971633331,0.159362688512541,0.113956320336832,0.075046034979662,0.040937377031108,0.00942811999524568,-0.0188868748149289,-0.0413429544319356,-0.0570707206826792,-0.0641225466129927,-0.0624397059108483,-0.0528737321044807,-0.038664212070326,-0.019241072838006,0.00506250993281392,0.0232498619748476,0.0297074390673244,0.0265691789526948,0.0246569994619937,0.0259076624361906,0.0283171553300003,0.029792158767375,0.0301871987958066,0.0287164162060294,0.0212178355591121,0.00986462681774514,-0.0056823483909076,-0.02318761811806,-0.0400422159559495,-0.0528990504076964,-0.0587989969937192,-0.0566801746359028,-0.0483831010658494,-0.0364804301630023,-0.024140562649202,-0.0119090077125876,-0.00251273706820004,0.00329214296236741,0.00526276923332272,0.00279882279132591,-0.00540847152068304,-0.0204772165336832,-0.0398387144622838,-0.0629691132897095,-0.0895078355693139,-0.119041672426066,-0.15150439892101,-0.190454144063768,-0.23562895489302,-0.286760320672895,-0.347669212109755,-0.424029304597054,-0.49558299001275,-0.551637577751372,-0.599354163392406,-0.643947352963332,-0.688559791778188,-0.735129044421382,-0.782487946896985,-0.829058163638529,-0.869547328537956
-0.887273867754864,-0.911215395219402,-0.929299599412337,-0.945692231538818,-0.9615578648699,-0.979865798725391,-0.999544434477833,-1.01683281456584,-1.03109812019373,-1.04428004830408,-1.0427331973399,-1.01252594620865,-0.980471473341768,-0.950591793654474,-0.921267037859789,-0.889059731015637,-0.857270512641177,-0.827161553102239,-0.800009368054577,-0.776178856808924,-0.755136133376086,-0.736964390010045,-0.721866661440383,-0.708896578127419,-0.690597229542127,-0.670597842529693,-0.654304730911418,-0.642083665665875,-0.631544750509352,-0.619857961531373,-0.606253737479401,-0.591824278881956,-0.578616783826926,-0.564241265069211,-0.539991401857724,-0.514704471976876,-0.532397805613386,-0.543273839762038,-0.542922905763546,-0.534103300254481,-0.519016122443591,-0.498586994150494,-0.475525726552633,-0.450664766068259,-0.416699754717057,-0.356582081087598,-0.264868275265773,-0.232095986246451,0.00883719696869318,0.19727362049246,0.337778324868714,0.44611006590215,0.531000542344037,0.598130840208797,0.65080868980151,0.691067688354342,0.720740980765705,0.740862906600592,0.75276325289906,0.760743947938592,0.768831346793739,0.770649179151948,0.764357457357022,0.752997389776682,0.739183605730177,0.725066691654916,0.708709068682112,0.701529628266556,0.713167169759678,0.680951417295789,0.594536101724837,0.511527868908835,0.430851833195156,0.358220698961706,0.354341632707737,0.381167011715072,0.405140222204354,0.428766908639054,0.452890852021528,0.472324516066017,0.498965274796672,0.528708360767393,0.544231805144969,0.567167112907825,0.608702113277519,0.666341946843825,0.740598534575368,0.82941354963269,0.929473127381995,1.03720818850509,1.14706101374573,1.25301565880434,1.35086524369273,1.43448849666752,1.49776631551346,1.53817829050271,1.55814578573647,1.55847068417787,1.5379678697734,1.49857553204854,1.4420391951645,1.37259386792369,1.29455702054126,1.21257039959991,1.13297667118719,1.05499627673462,0.980316356735566,0.90634027749728,0.83691047334328,0.773446098353235,0.715458323454011,0.664885876719182,0.61830220330724,0.570332354801641,0.51797575639758,0.462583545162483,0.405300511907979,0.346520607410431,0.285474648007709,0.227355288579735,0.177373187527917,0.13610903415728,0.101431288267768,0.0732661699366035,0.0511222180267914,0.0319409364065069,0.0149104396345687,0.00261870521447934,-0.00379664287115248,-0.00266149098786323,0.00638103424685142,0.0187466131773333,0.034832167671233,0.0560484679980239,0.0798478791125531,0.0968535398540966,0.0994806760745287,0.0905334775398452,0.0857424996189618,0.0867702458066716,0.0902721329842224,0.0925080526112999,0.091096259619241,0.0874601000871314,0.0828532142759825,0.0772690250682908,0.0690753925403085,0.058892455823323,0.0460028202192758,0.0320807627241901,0.0224563381949115,0.0181445301409022,0.0185883354495615,0.022979080031744,0.027944283418117,0.0320883461133964,0.0332386582266148,0.0308837899473229,0.0236280701094711,0.00999220661596806,-0.00753834731456029,-0.0283591635398069,-0.0527723969301615,-0.08061651005819,-0.113667847935534,-0.153159556027917,-0.197663460915986,-0.247239342872043,-0.302690707704303,-0.363803253335928,-0.42947856200295,-0.493303066493523,-0.55042329698237,-0.601718124593995,-0.649951489201136,-0.696806605262918,-0.743914689564631,-0.790733201873632,-0.833759046313622,-0.871932995555318
-0.874503077067799,-0.898783263290696,-0.92009683855675,-0.940331091628696,-0.959992068574701,-0.978726636942125,-0.99474862749111,-1.00689107907839,-1.01428782542387,-1.01587826294368,-1.00564939965864,-0.973560737955061,-0.936823522381028,-0.90272575321036,-0.870717370818654,-0.837389555849983,-0.804150300971196,-0.772331093675483,-0.743619291648799,-0.717585860264561,-0.693263161566662,-0.671137290517749,-0.649745595458961,-0.623415130311419,-0.596751368272933,-0.571424236789011,-0.550553494083493,-0.533271501878544,-0.519389539448821,-0.507533653253583,-0.493801350773302,-0.477474299646345,-0.457562804793949,-0.435495302162507,-0.416280594180498,-0.408824004133646,-0.415454917800635,-0.421632637947548,-0.420423516982368,-0.412664501860604,-0.399298443708333,-0.380888370515074,-0.357816268665986,-0.328741682006763,-0.28898093949951,-0.23274535981644,-0.155765505999179,-0.0643910884231642,0.0732129838116023,0.227542340402333,0.360026191690822,0.46607429937968,0.550621227997174,0.617631832794513,0.669701062380912,0.708804847622488,0.736759343009468,0.755948367542333,0.769710461564802,0.779520069947485,0.784273894535966,0.780928228648174,0.76990811609247,0.754426152279166,0.733545290412511,0.707978601101764,0.692286833681203,0.690290367989062,0.692702521044147,0.661773708273162,0.596655506129103,0.5238444620294,0.455117741466075,0.403340747224522,0.387958453928099,0.403378466893075,0.430785520914174,0.461800145761678,0.495847496098503,0.53170314416164,0.564078268183252,0.595443711031452,0.625015494058757,0.659495348940959,0.70500787633359,0.762800906464428,0.834698117786248,0.919936669686581,1.01634732588309,1.12128626453835,1.23052412438596,1.33932077454183,1.44135567030682,1.5284899746075,1.58872770902204,1.61831758154268,1.62961506071041,1.62531167110856,1.59674335763491,1.54507787497394,1.47938018709221,1.40334656249521,1.32031864630407,1.23382284200461,1.14740016114662,1.06342762398928,0.982103653959859,0.904233992889511,0.833438498129378,0.768290761716633,0.714091219342361,0.669600425023612,0.630839566987467,0.59003304411457,0.541539636339207,0.486688262062752,0.428322163334045,0.369065034404507,0.309303297866081,0.251832509067334,0.203772379363664,0.166215392675479,0.137344146896192,0.115352340414375,0.0995774335318997,0.0892148007250682,0.0810353585941008,0.0738891972085707,0.0695181534609875,0.0719628432885722,0.0801116206254011,0.0905968059726343,0.103525667968496,0.121217663424402,0.140908532451746,0.162006186314234,0.175794467905716,0.176162774780211,0.167018931771224,0.162454322629193,0.162197794210466,0.161972206292208,0.160768746407383,0.159508710181518,0.158563969567709,0.158699265993193,0.158155890958823,0.154601607392271,0.147011855161028,0.13357612884146,0.115346011993647,0.100312002567653,0.0893625305037335,0.0820946038895434,0.0784714636509543,0.0756084752516227,0.0717182961100688,0.0629385840808322,0.0484469629242202,0.0318147055433525,0.0126579953483771,-0.0100398548567253,-0.0364373132600646,-0.0696331605059291,-0.109446814920814,-0.154443804677897,-0.203722869076598,-0.254853506230119,-0.308611128045504,-0.365756444999251,-0.425245746407071,-0.484178124695549,-0.540035107486107,-0.592347328093584,-0.642140186224894,-0.690525783453087,-0.737197435475411,-0.782233266908853,-0.823172518969092,-0.858868312371477
-0.847876575361158,-0.875645112980023,-0.899872112928302,-0.922944173474484,-0.943640259917242,-0.959940415122082,-0.971181621353583,-0.977567373037183,-0.97810600471156,-0.970784665088702,-0.949717354043817,-0.915974865584763,-0.876798309786052,-0.83985171682524,-0.807027181537441,-0.772987996839168,-0.738709856589506,-0.706630280754372,-0.677019707866426,-0.648260353662273,-0.62009251703729,-0.590918361051815,-0.557279468877185,-0.523383317540566,-0.49160818954894,-0.462792019985876,-0.438487242378007,-0.416742733230054,-0.397662835445521,-0.381951391767864,-0.368516920785395,-0.353263725568882,-0.335941922178628,-0.317104261500237,-0.297755366553916,-0.283393133631171,-0.280051699007018,-0.282700770789087,-0.283692823996514,-0.277462880011625,-0.264416719263229,-0.245432451756418,-0.220521801061418,-0.188288772064916,-0.146281673018239,-0.0938333371480337,-0.0253686741253311,0.0608167870235584,0.169241470651897,0.289896525820081,0.403588937449979,0.49883608081456,0.577057071255064,0.639764381610996,0.688333645480977,0.724256613586786,0.751264020241345,0.771829974681174,0.785067383543653,0.790160921043047,0.789304693849663,0.780163654302244,0.7635449676598,0.737239753261765,0.706768137536819,0.684886315336269,0.676479425964525,0.676215025363695,0.6635145032375,0.630963233345403,0.580864295110469,0.52578411987038,0.474059600064923,0.434721551764948,0.417411953663648,0.425656243638929,0.453241677825884,0.493542769415875,0.540845477770101,0.586029269221022,0.624405126097497,0.659125615530736,0.695369271611806,0.736489676003343,0.785908826191439,0.845573939612174,0.916871406275321,0.999787942934353,1.09387215884901,1.19631510246971,1.30411187966245,1.41391622399732,1.52212700816724,1.62048189136549,1.68150122445139,1.68621799090845,1.68950191498076,1.69448509325568,1.65885032124844,1.58992293939555,1.51064576782732,1.42745217289389,1.34019633043391,1.25033706471258,1.16059788724774,1.07137292954427,0.983043058192888,0.90164793104757,0.827453209513328,0.762752583963765,0.712237911985883,0.674984218730203,0.646444272102552,0.616471117193159,0.57212476881571,0.515013898729616,0.454659394933449,0.3952255285211,0.338438918062621,0.283971908915668,0.239006578848646,0.206524911362488,0.183956763002367,0.168910278319882,0.159253001219441,0.154284061831159,0.153681035162564,0.155172886128874,0.156957832136162,0.160046430271121,0.168265715118925,0.17702285904162,0.186693316814364,0.200113578225498,0.215192830014803,0.231740086375176,0.252328060284486,0.265955225272365,0.266645465120621,0.254991307008285,0.244992492669234,0.239734732308801,0.237808278315547,0.237625370953355,0.238868105162489,0.241851155988275,0.245146117374666,0.247489541251596,0.245251219344962,0.236852340395051,0.219919809567936,0.195463304032248,0.174108073739703,0.156266314254957,0.141826038111477,0.129123207304283,0.115785434660862,0.0999313921284238,0.0820271178642161,0.0617911001414995,0.0394331800562241,0.0130823360045769,-0.0202229144557291,-0.0594348471781392,-0.103443215560418,-0.150201094404137,-0.199092480267371,-0.249875657727665,-0.302128654300649,-0.356237740849267,-0.411687400387454,-0.467023169118777,-0.52087037236024,-0.572660838833125,-0.622544620479036,-0.670413668810158,-0.715719881094621,-0.75875627628854,-0.798916535525201,-0.832825725060733
-0.81085088441908,-0.841451312374851,-0.869734881166232,-0.893752443720115,-0.912383955542593,-0.924478562701743,-0.931109834007047,-0.931624392862632,-0.925616810742687,-0.911072005904073,-0.883836034881306,-0.845961966211356,-0.803920927447839,-0.76567964094078,-0.732116232909609,-0.697674112492029,-0.663903096589244,-0.63203958563034,-0.599870496024326,-0.566883092365868,-0.531029282090605,-0.491399380012549,-0.451570122112682,-0.413844058307165,-0.378565194919253,-0.346106175227313,-0.318210834285228,-0.292831598335287,-0.269437588440131,-0.248702246016522,-0.231603980056834,-0.217421599903909,-0.202671112358395,-0.187984012909761,-0.173398986940032,-0.158908877652133,-0.147214048650752,-0.136705226047198,-0.12675973162087,-0.117054054228182,-0.106781081146147,-0.0919788380384083,-0.0696792426907297,-0.0387302546622337,0.00075273206087384,0.0480192468787695,0.108515108317479,0.181565747047015,0.267474134512033,0.361206514408681,0.455465446002275,0.540499071335331,0.609922405509991,0.664237194705594,0.707091915146189,0.741003822895706,0.768017405435919,0.785931206538099,0.792466018491443,0.79153830437782,0.784236537280084,0.765732192146806,0.737393692914845,0.705525491357097,0.680407931963623,0.666786338775642,0.662961451748333,0.652316711464421,0.629640846265167,0.595773178793074,0.556594627546819,0.516176148634884,0.475961348106246,0.44636958709535,0.433757443723411,0.442755028178167,0.472917784384671,0.521370987399111,0.575670343107662,0.62837186741889,0.673985624507489,0.715133315161091,0.756585860416842,0.800459052749664,0.851381079265007,0.911396539692959,0.982481463351148,1.06466486407523,1.15614062911213,1.25487249853124,1.3589018135236,1.46632300288679,1.57426324563702,1.68103039849131,1.76673106400876,1.70236008997117,1.70848294354042,1.75470696497359,1.70474238622697,1.62018311097011,1.53271498238694,1.44305755555844,1.35258320648747,1.25987593818807,1.16769111055462,1.07489080162241,0.983177402308671,0.896718790197114,0.818357810887015,0.753944622269695,0.706732822628017,0.676198280768312,0.658848897357584,0.648466579543706,0.606024843255724,0.541614203972208,0.48062892520335,0.42385560008544,0.371683194908735,0.323442161149522,0.284838722376438,0.258419765464722,0.242476157318241,0.233885361453823,0.230743237735663,0.231498106586455,0.235855902492467,0.243680854755965,0.253652642489719,0.263343631679258,0.271268614162957,0.278433435838671,0.284661935929646,0.292396080625866,0.302987597792906,0.31657673395786,0.335083585162634,0.355126313229314,0.364914442463563,0.359234768993139,0.341640930417044,0.328446581739888,0.323260764034439,0.322818948177145,0.324690475898485,0.329258757177604,0.334481754853591,0.338990561164321,0.341422630104639,0.33761401356891,0.325466084617332,0.301858799572792,0.271348019439485,0.243458832455918,0.218414487351108,0.193448713046959,0.168543555576192,0.146090146938784,0.12338078492524,0.0990467616885549,0.070050202463359,0.0357989728883471,-0.00264711914061378,-0.044225666075713,-0.0882335601098123,-0.134593470151334,-0.183164678487514,-0.233365050993385,-0.284709703760658,-0.336509241278801,-0.388792950230792,-0.441119721245833,-0.492748815198996,-0.54322208858587,-0.591545689913134,-0.637245862220884,-0.680944394485495,-0.722137127032742,-0.761143001538593,-0.795317771764012
-0.76487194870229,-0.797510124780601,-0.828941594496941,-0.852074246255676,-0.866877653189135,-0.874464890373953,-0.876340711939596,-0.871627674212616,-0.859618644143172,-0.839366404500325,-0.807457313992768,-0.766278005633772,-0.722304031240964,-0.682455624901622,-0.64823845168031,-0.614528626725093,-0.580875320534652,-0.546465173456473,-0.510086318138706,-0.469004512596854,-0.424840758547473,-0.380625633635191,-0.337869276561329,-0.296986745473535,-0.258323577979884,-0.222370645527864,-0.190752590506091,-0.161599591304503,-0.134740949145816,-0.109922265688632,-0.0881721723079869,-0.0706935571165507,-0.0571421375299339,-0.044950602937421,-0.0329156361361329,-0.0198382346348881,-0.0065459586806445,0.00730476881201383,0.0228780882528701,0.0395525648170044,0.0568690227204445,0.0748883623451819,0.095303586770702,0.119854446563818,0.150455090153062,0.188847307030731,0.237585407353807,0.296327389053854,0.364664122476308,0.439064949138712,0.515161152098037,0.585368731412549,0.645015833953698,0.692999053422275,0.730389850127036,0.761199160824108,0.782743266054904,0.792415955467594,0.791321216039957,0.783205369371074,0.763816090652816,0.735908637352283,0.702384516689964,0.67542789782976,0.65997309731933,0.652501715700674,0.639348077424434,0.618877558387379,0.591594189372979,0.558135904979639,0.521321380296821,0.488277439894642,0.461659196883856,0.444108688968766,0.439306526643397,0.452648826207132,0.487096707241331,0.537271166934896,0.595186519412474,0.65686096156269,0.712957266229185,0.763130710258184,0.807337331062468,0.850474372496759,0.899420799198123,0.958399524914235,1.02932092215837,1.11105359757921,1.20068502733328,1.29505277190778,1.39316408637972,1.4927747397153,1.58874061792584,1.67119669641071,1.70825379007914,1.67392814829345,1.69226190077731,1.72174476769538,1.69296034777179,1.62291755738383,1.53907899482336,1.44910154398159,1.35551046806125,1.2613329076196,1.16768917900175,1.07207153494979,0.97810986191314,0.887338949683277,0.806309533620087,0.74039025200667,0.694727600396179,0.667792932077123,0.65569892401813,0.64911499894702,0.613664301755223,0.557441347843267,0.503800756101181,0.45422616144966,0.410087406963992,0.371535481815936,0.341276078982944,0.322667696032701,0.313577155970891,0.311454454724154,0.314498011778253,0.32138018842687,0.331002689761282,0.343297569738255,0.358303562894388,0.374891002580675,0.388142691203203,0.395425576698989,0.397827072278794,0.400799020601861,0.406352072064161,0.416714024848558,0.431319164548739,0.445011245401996,0.457212403685557,0.459842808189482,0.449491025304427,0.430845167882317,0.41888232828061,0.41595903813165,0.418070174757415,0.422536786461874,0.428770771593402,0.434189142399524,0.437260249284517,0.436326342865902,0.428485736861323,0.409577306961113,0.378516807297482,0.341630171446755,0.303775440269405,0.267885546375769,0.235159679702566,0.204074099548878,0.173751934562104,0.139619860631153,0.102688399930758,0.0637625216928552,0.0233079279313862,-0.0190132186900289,-0.0633320636549527,-0.109353957114602,-0.157112606569703,-0.206427717031488,-0.256583859886698,-0.306936528520698,-0.356837842336552,-0.406452407899195,-0.455752368831542,-0.503575723616936,-0.549158102990541,-0.592507038151429,-0.633830876154134,-0.673466746678745,-0.710928950323173,-0.74791395299378
-0.709789216098744,-0.744866724155396,-0.775521122055025,-0.797647836719987,-0.808583842938295,-0.811788584815383,-0.808820338453324,-0.799364813668354,-0.782234782014114,-0.757003715184262,-0.721683971309697,-0.679061324421881,-0.633761379946263,-0.592422425680503,-0.557132652626945,-0.52260324352668,-0.487024398243534,-0.448265190148425,-0.403969964746469,-0.357208416497223,-0.309838260560433,-0.26309417963386,-0.217501701132038,-0.173521249425005,-0.131554323755234,-0.0922353632314139,-0.0569972840223894,-0.0239184929272393,0.00649816262183522,0.0345458338644065,0.0603231591333237,0.0822452732452606,0.0992159191969075,0.110978843607355,0.121017636171842,0.131673557055845,0.143333685964778,0.156967614042178,0.172392407937024,0.188518790460805,0.205298996375959,0.224171910852447,0.246307250093649,0.272540032770483,0.302142419631104,0.334701986087324,0.371235763723154,0.414011054475838,0.464759093853753,0.521499197689093,0.580639023093526,0.636437473377299,0.684731002049335,0.726419867906174,0.760387666342711,0.781703197274875,0.791203998370816,0.79100869113032,0.779065146241945,0.759682509891835,0.733169529369655,0.699453170957613,0.670733113956054,0.653423741951631,0.643787281557181,0.626720762433712,0.600630613637438,0.571413181495113,0.540981291941199,0.509490361581963,0.48076706582867,0.456132032521957,0.437606286464388,0.429205326125859,0.434047016779224,0.454557016285918,0.491645480790225,0.538939682412074,0.597553119531464,0.666883467607416,0.739245895050074,0.802536149164799,0.846112452670803,0.881651353191733,0.925670329338185,0.983812020935462,1.05548580535154,1.13738604194202,1.22517425122015,1.31666206636651,1.40883635482282,1.49797986321808,1.57903648025674,1.64134281491011,1.67295631935023,1.678309590957,1.6858641134599,1.6887943238464,1.66217004816899,1.60560981731427,1.53011233820784,1.44332687870762,1.34987334402234,1.25356185073734,1.15743631447551,1.06055851468324,0.963212322047899,0.870348584063351,0.788303683859301,0.721422167840664,0.676610740117393,0.652037151867157,0.639197890810306,0.626634259707849,0.601481076662293,0.565493864823731,0.52694498940803,0.490904848759342,0.457906282629379,0.429389893264125,0.40933159706185,0.400303436075187,0.398510336848289,0.402997736130612,0.411792241622907,0.42432162333796,0.439394443068668,0.456311793356202,0.475168144370065,0.494409226471173,0.512625723621118,0.524408076933377,0.526376696075039,0.526001742596359,0.529100286916338,0.532937902981982,0.537376987181479,0.543021734008203,0.548620688052039,0.554125882952599,0.553481265831017,0.543625770633268,0.527408172217724,0.519030949943071,0.519677319990364,0.524288871322226,0.530263638373496,0.535229366188773,0.538077136601148,0.536888940503581,0.530278816208302,0.514754276867166,0.485300582603725,0.442451911308319,0.397662687938445,0.353406573057906,0.312355462301057,0.272725512992411,0.232077159621917,0.189878376476469,0.146501991247263,0.102862932490057,0.059218644248783,0.0153445468907926,-0.0293858413739146,-0.075290780474379,-0.122093462520961,-0.170107720170502,-0.218848711628169,-0.267675966789433,-0.315942095782058,-0.363295989253247,-0.409305628805179,-0.453573290028205,-0.496082607481222,-0.536827168888662,-0.575784695655073,-0.613337841536778,-0.650763405692854,-0.690275292029741
-0.644656914253341,-0.682148347075776,-0.710384860506394,-0.73008427153694,-0.738931751997094,-0.737950072449795,-0.730437626448808,-0.716308258307691,-0.694876004416968,-0.665958761383997,-0.628703543612036,-0.58428007583052,-0.537703725271751,-0.494881110047436,-0.457055497658064,-0.420851614259,-0.380893192292881,-0.336104597724682,-0.288106191858848,-0.238723938091364,-0.189059251834686,-0.139717989816067,-0.091255902642478,-0.0441773691933451,0.00106393254333248,0.0436576546943307,0.0824787006148418,0.119230574543944,0.15364681874946,0.184703302170722,0.212895087024238,0.237866667762278,0.257187931509738,0.270240100597696,0.278566366126802,0.286453014428427,0.296350784001761,0.309120421136381,0.324070361233835,0.339444496092542,0.354817458046626,0.371275967364677,0.389772190775589,0.410857987534004,0.434477165952917,0.459245992701093,0.485671207359943,0.518086761627102,0.55800110947455,0.602637823283434,0.648508834284981,0.694138607485406,0.735623180460165,0.770548392784335,0.793401350209175,0.803331909765398,0.800210952424131,0.782890186479559,0.758044577577148,0.728980222235245,0.693165820256598,0.659542202471356,0.636894841573969,0.62319990069672,0.604269945818348,0.57783763572655,0.547232334782639,0.516082163967791,0.485635763405957,0.45774082956954,0.436017609814077,0.420548563582251,0.410561418136572,0.409037550929923,0.421181398967319,0.448471736306871,0.482222751466067,0.524165309966105,0.57874160480183,0.649468283099194,0.743757980243899,0.834570118889826,0.863328028975362,0.882095553243161,0.922912304408137,0.983951403615284,1.05946427997988,1.14308044119556,1.23128340456922,1.32098303634706,1.40843222005974,1.48962113941626,1.55960164825489,1.61348917996225,1.6470595851823,1.66317952309785,1.6688898550473,1.66188749868284,1.63376836639638,1.58250351455625,1.51276728714978,1.42932090312616,1.33665739386778,1.23891484734206,1.13836070285049,1.0366791426512,0.935860641268786,0.842383419202786,0.760562615980542,0.6919796534234,0.654106722340834,0.637530507889571,0.625601535743493,0.613285629608874,0.597038197725926,0.578541651039631,0.557909957276941,0.537129494240921,0.517748138600537,0.503070560507929,0.494985939539789,0.493649004587566,0.498736453710436,0.509260502631898,0.523898577805409,0.541250159238777,0.561265955478814,0.582847720781274,0.605075902336501,0.626094634781573,0.644893773382164,0.660159812716718,0.667027282363779,0.668538813315655,0.667053740302669,0.663225559550773,0.658605721037852,0.651674944884044,0.647084007152137,0.646910255846975,0.650847062796474,0.651491328036285,0.645813442513034,0.635197791793437,0.63209283830946,0.635973475191471,0.641447341747008,0.645516240446853,0.646699375001486,0.643613659738849,0.633692181832579,0.614299099540972,0.584557347294135,0.543796568042246,0.495035073215855,0.44680694863385,0.398280874698914,0.349071578480636,0.300552409486831,0.253163977364709,0.205373905084036,0.15688394383161,0.108390678643309,0.0607438413483967,0.0138343812482846,-0.0327237096033998,-0.0791389971141571,-0.125621247905346,-0.172614833525979,-0.219615551640562,-0.266188713842217,-0.310964514560061,-0.353248113817227,-0.393772793952998,-0.432957135513965,-0.470864085790903,-0.507490239964508,-0.543518364000634,-0.582180183144606,-0.623565973747639
-0.569234472391622,-0.607305746423832,-0.634230752175428,-0.650841573265251,-0.658447578176612,-0.654115798005022,-0.642015384918527,-0.623106981872161,-0.597919323607031,-0.56620362706998,-0.526667226972459,-0.481199621789326,-0.433001605735017,-0.388464251559718,-0.349144000122904,-0.309621981773589,-0.265515760330682,-0.217376817675824,-0.167041584912915,-0.115492617073449,-0.0633810329022708,-0.0113254953392983,0.0400891833765582,0.0903166893327419,0.138852869594071,0.184540240630299,0.22642221183384,0.265818074885319,0.30213581857512,0.33465899150518,0.36296237013683,0.387799639822746,0.408889469902457,0.423913355348235,0.434091561435711,0.442636757798537,0.451296844533681,0.463072132416868,0.477418535436678,0.491881512430589,0.505640384635418,0.519344402844502,0.533695988744034,0.548838394620869,0.564422747105473,0.578374804316319,0.592647910870413,0.612728263198596,0.638821701417434,0.669174154337824,0.703023487580108,0.740442401321874,0.773657975622698,0.796192716043241,0.806166492932063,0.802375826923813,0.785409844427697,0.756737274011355,0.7184636777747,0.677628257331841,0.641452605090137,0.615735288338373,0.598934005372703,0.577918154440618,0.55044735155092,0.519903123285075,0.488516192321609,0.457303093245899,0.428920393731532,0.406846132332364,0.391413514755346,0.382806745070064,0.381836676693719,0.389225819524231,0.407476546315975,0.431454157464632,0.458566898017428,0.491502138960353,0.536059902398024,0.598822052894081,0.689105009663879,0.80418149379507,0.81025496193175,0.831289762378969,0.883576310391912,0.956808067347093,1.04124711608404,1.13079304728581,1.22193542697714,1.31114134635763,1.39539416299967,1.47125611234987,1.53600026077081,1.58652774186968,1.62086280819539,1.63978756993926,1.64475369051142,1.63494610662632,1.60716677580794,1.55953767939027,1.49325108914291,1.4124913399108,1.32107529352223,1.22182473593071,1.11675394340448,1.00593673860176,0.897592550515724,0.802158412246242,0.72480853827285,0.666294190719422,0.636431781644208,0.625302907471746,0.618337648561419,0.613067555350771,0.608258292614486,0.603676058552377,0.598475417925395,0.593555652258192,0.589706820925417,0.590932761792088,0.595993507298768,0.603555175059566,0.615045549019736,0.631171707299416,0.651180820310544,0.673303161137907,0.697171262812318,0.722881757933216,0.747680878728628,0.769852844507118,0.788947447422694,0.805185345596036,0.81625923876674,0.820497222813002,0.817159463613598,0.806179291602599,0.793125161043771,0.776852746757445,0.759418049835475,0.746164981462398,0.744554556511532,0.751710471267114,0.75913847633056,0.762264468628766,0.759316364823535,0.760703003629225,0.76480731055355,0.767316933083968,0.763793291071658,0.75384776817401,0.737421873805816,0.713614613083068,0.68172659965768,0.642703236600658,0.596339430280132,0.542012833992355,0.487476885545897,0.433747280937189,0.380870392045347,0.327750404890152,0.275475072470709,0.223235907996616,0.171279641854707,0.120066867083711,0.0699617271375231,0.0212436649668438,-0.026102930083143,-0.0724162109612368,-0.118070484690883,-0.163412663721954,-0.207302565013125,-0.248907371047474,-0.287948269080603,-0.324785907088834,-0.360413851751434,-0.39527129445751,-0.429692847328227,-0.465999370300313,-0.505786882130236,-0.548458698096961
-0.482230054196526,-0.518489526927753,-0.545523681575162,-0.559692648644083,-0.564187617378459,-0.558158855102304,-0.541626375339379,-0.519349603218205,-0.49093449833138,-0.456797128048189,-0.416117400018803,-0.370314955908214,-0.322719539878507,-0.277596765846396,-0.235212080336603,-0.192550917597367,-0.145152759457284,-0.0948114990455102,-0.042333713242379,0.0116027901947854,0.0663545664852442,0.12123469114365,0.175315229654327,0.227954044806948,0.278578773660008,0.325546221373711,0.36858083474633,0.408527961022244,0.445084308572929,0.478023392606621,0.506734476979761,0.531465683190596,0.552875640850922,0.570471726124113,0.583858032982837,0.595791182118061,0.606505433667251,0.6176593392567,0.631674620719715,0.645445563481718,0.657481761141923,0.668131835520363,0.677828263300025,0.686188287828787,0.692434164230781,0.695522328582156,0.699027414317218,0.707121531604215,0.720267572000578,0.740005666645941,0.764322747260268,0.791006392953033,0.809889538201746,0.81850651758506,0.813998916862209,0.796939794608282,0.767744523720858,0.727722484473755,0.679728340631879,0.635174772958456,0.601144501265862,0.57693132784881,0.551264822341969,0.52121953528758,0.489240200847444,0.457675555534785,0.427402525096254,0.398602197776154,0.374076320213314,0.357807972395995,0.347849513720642,0.346107037874538,0.352645195030742,0.367711626135594,0.388591125412975,0.408288787803032,0.427129036518124,0.446197807582154,0.472115736712265,0.506601183668876,0.547959545715412,0.598288021915728,0.65909756754177,0.725304169824416,0.809728386208026,0.906242381882818,1.00625801498762,1.10549408832207,1.20093868182456,1.29075840617193,1.372910611031,1.44610890954422,1.50856006809512,1.55837158326549,1.59343045794893,1.6132884787234,1.61848486816975,1.60830550752701,1.58161257867604,1.53719601447825,1.47516953849186,1.39760336696706,1.30864929800754,1.20851624676134,1.09797505429662,0.977584498509025,0.857218318890066,0.752955802071011,0.681406279583557,0.640854249498003,0.621006865061983,0.614010174110168,0.613365970290493,0.617219636927102,0.625059188274015,0.636301283790825,0.648158309578479,0.660138199241672,0.672938900981851,0.690256135893716,0.709821554934795,0.72914934399848,0.748281602142243,0.770098481862357,0.79448126410155,0.820821787770464,0.848120098490365,0.875925629409357,0.902306050976713,0.925256911720761,0.945460776629066,0.963044713836193,0.973461086606985,0.976675045785072,0.974217946742088,0.962070798968122,0.941553911603782,0.915837656431764,0.888044947381528,0.862355463433597,0.844891469779849,0.845730252444038,0.864939532601991,0.88686206338452,0.901219649147552,0.902827487322472,0.900961210320859,0.896607167355461,0.886813723091087,0.868962146281926,0.845447649726148,0.817711210167709,0.786005291201601,0.746297004498876,0.69784402332324,0.640056738117495,0.580741026952153,0.522318397693002,0.46531498864589,0.409387248416142,0.354087449853675,0.29909093152404,0.243828164382479,0.189783954611248,0.137553848513786,0.087372133469345,0.039148158768619,-0.0073463025281704,-0.0523497633332418,-0.0954693466153982,-0.13634466032375,-0.174851046885942,-0.211169908874687,-0.245212131262866,-0.277550821269873,-0.309386363055908,-0.342877633894052,-0.380188282414172,-0.420913325508822,-0.46241638582596
-0.379941079781095,-0.413746889594604,-0.440491208114759,-0.454287610633799,-0.455827403480292,-0.448503243994935,-0.430553481779624,-0.405456538340303,-0.375950239976311,-0.342542923891278,-0.304201355772594,-0.25895617867464,-0.209890223650543,-0.163055274493645,-0.117090548641708,-0.0714168303978026,-0.0222682667057586,0.0302300667169105,0.0847703305473146,0.140605567655027,0.197087526407183,0.25350367569075,0.308814317356138,0.362302102069734,0.413338600047568,0.460450812640787,0.504002211475235,0.544373019670584,0.581228124999663,0.614339778070325,0.643597261665651,0.668456803453975,0.689845496325454,0.708933886552757,0.725967807148398,0.742063652787129,0.757056219655224,0.771414905322625,0.78545351564502,0.799379042009701,0.810268970060548,0.817691154798357,0.822221549107938,0.822737615172374,0.818582477144791,0.811727846619508,0.804078324946221,0.800501210743022,0.804326969596875,0.815315509830085,0.828063678498077,0.840011331860287,0.845812292146952,0.840156596147523,0.82142369544134,0.790005484260785,0.747425953944266,0.695504330401901,0.64501589755973,0.605762761199009,0.572772344081436,0.534811735952962,0.495119626402163,0.457184788409835,0.42331573368788,0.392649952032893,0.364492427753837,0.339748523911578,0.321461050506132,0.310092224353273,0.306584935089789,0.312042564671518,0.325040765817692,0.3445932711338,0.363240971845835,0.378672015225323,0.390560544984405,0.399657757646368,0.407098333336972,0.411007362065623,0.410836967700872,0.422751830196845,0.490219365628487,0.593260660089269,0.719728332765153,0.846433608865609,0.964984343008731,1.0736501264987,1.17292667013148,1.26300428310288,1.34427283167575,1.41621474763257,1.47773347128883,1.52749241075047,1.56414487816595,1.58585980940031,1.59212531057113,1.5831086036808,1.55792502920522,1.51659772739729,1.4595596409392,1.38802112254933,1.30340909348249,1.20472977030194,1.09130976523624,0.963871037626808,0.82593303398256,0.698357167264458,0.637355393907349,0.619654044684939,0.610956755570546,0.606923626181836,0.60850328296875,0.617765534990182,0.63601215936715,0.662353206149983,0.693556432318143,0.727289110579799,0.762188354350798,0.799732228863059,0.836553258236013,0.869141894791543,0.897555222063464,0.925415267142376,0.954214345627927,0.984229518090059,1.0143845845553,1.0428054530482,1.06863900503514,1.09258669204048,1.11352542246669,1.13007949127407,1.1391945620431,1.14069926026533,1.13701150592668,1.12607332842411,1.10473983311512,1.07227353082054,1.03330652677474,0.992784036915485,0.959446610818754,0.946860056517593,0.963895398773007,1.00524927391177,1.04125280569135,1.05776729412845,1.05202419898434,1.03636645413739,1.01772116807884,0.993985151610509,0.966452159847139,0.935489615489787,0.898303472355642,0.854751099874084,0.803728268889333,0.744511899678329,0.678259319043756,0.613576076756537,0.551627309661522,0.491952359158094,0.433838307600275,0.377387052038978,0.321636776384691,0.266550785052233,0.212880189298298,0.161393623488343,0.112819247703859,0.0671867662589075,0.0246011093782283,-0.0148369792455066,-0.0517985084092611,-0.0868091519667454,-0.119880868540096,-0.151259385474116,-0.180975725076555,-0.210727444256095,-0.244281438151223,-0.282362401786376,-0.322418661874024,-0.361478178454206
-0.262504267698317,-0.294256203042638,-0.319873200755897,-0.33544917185568,-0.338189643112627,-0.331102699257251,-0.315833462653697,-0.292811569389059,-0.264154851250085,-0.230392210172698,-0.191360544587199,-0.146648147983904,-0.0956161204239588,-0.0456344582672073,0.00346926237249987,0.0508832464005381,0.100240211373345,0.153442049202213,0.208975013131399,0.265571176920196,0.322550206491161,0.379226360203236,0.434903068214189,0.488885503426646,0.540444709339517,0.588038098279791,0.632332419886696,0.673288453627682,0.710521050176004,0.743781897034241,0.772994986792307,0.798243603775018,0.819748019890662,0.839568192571387,0.858752297421708,0.879074631821927,0.899390458510689,0.919140786981695,0.937737900668233,0.952672212175414,0.963308373048723,0.968223351927114,0.967107813165059,0.958312268315696,0.943954039661551,0.926598813017032,0.907950135638955,0.895382046982608,0.889997302374557,0.888079077445061,0.887396176203273,0.885995012914944,0.880127360301141,0.862971580061997,0.829838809859481,0.781617391626964,0.723047343699745,0.66499724577869,0.618202481595722,0.580638652179624,0.537924219853793,0.488703973273264,0.438692807949817,0.394273559914682,0.356529484774366,0.324893547708037,0.299989869356542,0.281144930953754,0.269749688076508,0.264488083885135,0.268270699597699,0.280732678232671,0.299748029238839,0.318493094866231,0.334286857199274,0.346430108079928,0.353768391409121,0.356807207077171,0.355067133221357,0.345723113702156,0.33276657532895,0.324447683181539,0.337157157733724,0.473684862605026,0.646584197049746,0.798873040438001,0.929279673311948,1.04213970690254,1.14176780326626,1.23114253437047,1.31136878870373,1.38242907373997,1.44357301905206,1.49380731506973,1.53209848056422,1.55674140966926,1.56624666916285,1.55953988624788,1.53713977355143,1.49951567471135,1.44794134239081,1.38456911225912,1.30751291817155,1.21410908220349,1.10678977543176,0.984586773102468,0.84340481614609,0.680134241337056,0.643236151010669,0.635093202274619,0.61911806821541,0.605492994332104,0.601380874658116,0.611410032841806,0.637477545066874,0.677958149614051,0.728575594903672,0.78558381635673,0.845620308206984,0.907007836666685,0.965366704886843,1.01587242281004,1.05824805721603,1.09449749980516,1.12866505105529,1.16181024090878,1.19346225587515,1.22162756087753,1.24717978604853,1.26997146159952,1.28902756065657,1.30417396398269,1.31260460608765,1.31361291719017,1.3092885434929,1.29808316415846,1.27852179727466,1.24693562010043,1.19934570049814,1.14012147220921,1.07989617729365,1.04702888405012,1.0712370957315,1.12774693167948,1.18349755713514,1.21714826563045,1.22032478035479,1.19653821540923,1.16684398062687,1.13709895100871,1.10397013580279,1.0648667433028,1.01973676764401,0.969449971832517,0.914451671351853,0.852652846671632,0.78361427505075,0.710821142721359,0.641166942525361,0.575027009987113,0.512823456377908,0.453557570460506,0.396857373421417,0.341595405948812,0.288292786457641,0.237690395423894,0.190375050753339,0.147210055503254,0.108559145931037,0.0736730967699402,0.0416771066194563,0.0117633350360247,-0.0167691472842025,-0.0440933999962078,-0.071044138239243,-0.100183538565659,-0.133467359896837,-0.170315255584594,-0.208228840207202,-0.245038145123732
-0.138143019990196,-0.170248698456651,-0.196991848508221,-0.216743869519763,-0.223919898765401,-0.218233110102913,-0.20410338101781,-0.182041772331218,-0.152795407148203,-0.118951866225183,-0.0802446822581615,-0.0345645257947291,0.018045843123506,0.0696180084477088,0.119836689611732,0.16852702701967,0.217178791439996,0.269424137719977,0.324575234375575,0.381305353235939,0.438665593588922,0.495936093252992,0.5523814224831,0.607252136388128,0.659669376787809,0.708176465591334,0.753515533264677,0.795285631099985,0.833020413737313,0.866413368298883,0.895375155648069,0.920292857087492,0.942295471943804,0.962076418557116,0.981744368256992,1.00502458379671,1.03069496846039,1.05763357115119,1.08345833699808,1.10451682812559,1.11675367215576,1.11940334799759,1.11244319993846,1.09425242277873,1.06893188682873,1.04123624072227,1.01325641917411,0.990155961241812,0.97065933804053,0.954331264825973,0.938758327233285,0.923808354501078,0.908909625777733,0.885018825582722,0.837133740736599,0.768530275743693,0.699677048983733,0.641405975174339,0.593619728824388,0.544749967937627,0.490970470693666,0.435890901023686,0.384500397557511,0.336929053568423,0.294656520948359,0.26117331894672,0.236299298430304,0.221902217793116,0.218034408296801,0.221464916538603,0.232740785796789,0.25231858884153,0.273266376474731,0.290865643081322,0.304840164260539,0.314855595633095,0.321466866113301,0.323515559533673,0.322185825205594,0.313748223583033,0.303518406500916,0.301329282120894,0.326367583959018,0.458459314119168,0.633902563781144,0.786606350929712,0.91051978135069,1.01630055002224,1.11083385358445,1.19670084952832,1.27467317490835,1.34450725173928,1.40552497781343,1.45678955132648,1.49722024566018,1.52548134968403,1.53920862278925,1.53726985712687,1.51955525744725,1.48725614612006,1.44289953218924,1.38839233826278,1.32129952594549,1.24072186876207,1.15110951294122,1.05165296865604,0.94409963689193,0.838266529312056,0.759477980159713,0.700426305164045,0.650426410476702,0.612339592575564,0.591758395627763,0.594723882043429,0.624865754367266,0.679519191803007,0.751759169630737,0.834672718144522,0.923101033057478,1.01036662143756,1.09100521687952,1.15948523718398,1.21588608424266,1.26201046320323,1.30322859753367,1.34133326278898,1.37565845546876,1.40572591801886,1.4303695264363,1.44935235152081,1.46543412705168,1.47924592108597,1.48738899433149,1.48873975381592,1.48535803625683,1.47581839338924,1.45896150653205,1.43255339925389,1.38812322432392,1.31982674354179,1.22718607568584,1.13957179405659,1.20394818560665,1.2908464214293,1.35405984062648,1.39120478004553,1.40147805491283,1.38355557348798,1.34279148214549,1.29836234632453,1.25271812409447,1.20395209902425,1.15011841272908,1.09185439344346,1.02996500329505,0.963868345459633,0.892369845729164,0.814947533716081,0.737092901423161,0.663353946031979,0.594035243074602,0.529370101655214,0.468763002986009,0.412048800401507,0.358431378693752,0.308407948676402,0.263221660371055,0.224155702087031,0.190610966908583,0.16202855669489,0.136848340443305,0.113605742431537,0.0911739386921486,0.0688201766115221,0.0446296088354279,0.0163903182541043,-0.0152918969287891,-0.0491402107231619,-0.0845848513496991,-0.120646745209238
-0.0185954473050733,-0.0522698626320229,-0.0794264274509612,-0.0995744623536886,-0.109719705684124,-0.107340565704839,-0.0945212675121762,-0.074609401418569,-0.0469199467121943,-0.0134179045066088,0.026268849707051,0.0727110964631426,0.124670477735818,0.176432208318515,0.226600698629647,0.275811323356975,0.323916160296367,0.375186188026411,0.42974846772545,0.486762830191052,0.544916288558638,0.603225401626485,0.660895314358397,0.717114924698545,0.770787894258651,0.820762592565515,0.86754900406073,0.910466692919147,0.948925713166249,0.982504710727557,1.01112676107998,1.03564348820314,1.05682729449749,1.07582031319546,1.09450175913773,1.11866561045281,1.14903296710227,1.18411568946886,1.22037982730531,1.2511405743617,1.26965280451603,1.27257721161612,1.25877614010344,1.23022000647137,1.19534830886727,1.15774291021122,1.11809392556914,1.08040456454653,1.04392773833451,1.00967229179872,0.97760387730617,0.947043343941658,0.920025662313107,0.892191246645309,0.828526038553646,0.747060080271108,0.677919233028604,0.618032184476361,0.558154346589876,0.496578488114466,0.435627400609949,0.378632261132354,0.327100117322068,0.280510070228055,0.239591839505918,0.204820317555642,0.180273472182234,0.169402492791975,0.169412192230857,0.179019884113026,0.19846181039643,0.223507082604014,0.244925047917383,0.262741792690577,0.276557839862667,0.287269368466274,0.295171342660482,0.30075592024284,0.304295529400138,0.304560424560861,0.31097721068773,0.336957839755977,0.399815441069858,0.51654193148903,0.672734281341341,0.805878406323069,0.905113899000088,0.997387903798872,1.08403235262924,1.16488394108534,1.23957558948159,1.30765379019834,1.36847122108765,1.42113166212912,1.46448740333819,1.49698406986175,1.51618636128017,1.52078035043,1.51035197951497,1.48583753705115,1.44995217276981,1.40294099170867,1.34349590641162,1.27660555111096,1.20674141587487,1.13585256088119,1.07039192383385,1.00633693862257,0.898509277775624,0.78302910781592,0.689292363466883,0.618762981734318,0.575099862311259,0.565718212005441,0.596405757297219,0.664732139396214,0.761880066348735,0.876101036018994,0.997311170023882,1.11324081794382,1.21611354291659,1.30124297633335,1.36907197347675,1.42342933113815,1.4693145586536,1.50992024531664,1.5463375863968,1.57671427512134,1.59932339015068,1.61697976444489,1.63174906876858,1.64487330617708,1.65411656290526,1.65733425918052,1.65714525432426,1.65385708638918,1.64568898375039,1.6308405924808,1.60184047177527,1.55258517070176,1.47901251245073,1.41327122742797,1.45634308773455,1.52566455222836,1.57725461918961,1.60511762805954,1.60644858653806,1.58069645500006,1.53458469364329,1.47321466491642,1.41081489550934,1.3496635231988,1.28688266981743,1.22066423736947,1.15144265216897,1.07888782053574,1.00281424831598,0.922894884768162,0.838586006174715,0.756758585198266,0.67993900766932,0.608577058709406,0.542517813864023,0.481666232103671,0.425474982781752,0.374652527831832,0.330707883286453,0.294434350698247,0.26571815591726,0.243224557467733,0.2254467114472,0.20950276436442,0.19360306398773,0.17581560068638,0.15421519719772,0.129320658774818,0.102107547313285,0.071997994776186,0.0375938233232522,0.000131102829323465
0.0969722329552148,0.0608841101549774,0.0326414067659125,0.0113129563086177,-0.00231690724462372,-0.00412582327583189,0.00603469800386518,0.024606526648944,0.0499174804798799,0.0840816630625164,0.124006966401934,0.168757804349232,0.218972809766966,0.270819156160774,0.320984709906733,0.371101033524973,0.419660531344148,0.470324058446435,0.524541889691572,0.581714027436301,0.640868722015068,0.700676701045178,0.760076988259331,0.818172006373369,0.873564615186138,0.925696090168177,0.974460744390441,1.01901169169829,1.05858799992058,1.09262067218934,1.12136905641391,1.1450823559955,1.164349310316,1.18058060176752,1.19621698880692,1.21853339674691,1.25202665038365,1.29696451465453,1.34757257162247,1.39275368564344,1.42076849436325,1.42683824652229,1.40774444115406,1.36991733922983,1.3238809712374,1.27444467597346,1.21854655386987,1.16117513059212,1.10518734000676,1.0516421756796,1.00081394732666,0.951168398714704,0.903148880554467,0.849149589221524,0.784097224947781,0.715221322663239,0.649208408999861,0.579353946155896,0.508742394133456,0.441218233288377,0.377548124204455,0.318712076842675,0.266512941070116,0.221869655937939,0.184623644986343,0.154501392473778,0.134451927468031,0.126410307826601,0.129684983410066,0.143941223157395,0.167574191150713,0.191073370691514,0.21321494405156,0.233262530865967,0.249816620747717,0.262916338021335,0.272481890174074,0.28169574893173,0.291759406051756,0.303823689579554,0.328659515825683,0.373142064936937,0.446864615872652,0.553151628135134,0.68382568499437,0.797293171548321,0.886385361844794,0.970839404637998,1.05175063471225,1.12843650754002,1.20045911370968,1.26747304274106,1.3289748258062,1.38412892208941,1.43157786646344,1.46913373720648,1.49520225443966,1.5074186158317,1.50510200727616,1.48923537448062,1.46140638306612,1.41896253003311,1.36576573717365,1.30844407217663,1.25175398723806,1.19826439308078,1.15351629554866,1.11219942365187,0.983931690569492,0.83946765747442,0.715597760631356,0.614801996750457,0.543905281981858,0.516345421411201,0.545498380029148,0.632301210707353,0.763217288378216,0.917687514915202,1.07649553232052,1.22249591949104,1.34539063631618,1.44252474378415,1.51714415492306,1.5761726300433,1.62340661697942,1.6642417975469,1.69884299884619,1.72722266138986,1.74749018579465,1.76258700740976,1.77616066667118,1.78945158906661,1.80099554842871,1.80906144414827,1.81574786089844,1.82270470281262,1.8286109896964,1.83407780654054,1.83156356741541,1.817257307161,1.80062552559279,1.79445206003899,1.80699483861564,1.81966841705791,1.84470315761149,1.85485124533715,1.8284130570069,1.78334295626856,1.72205125295823,1.65045918983224,1.57366089069374,1.49859623363141,1.42625125407244,1.35335070845248,1.27754112808013,1.19847236892065,1.11626173228189,1.03157311841848,0.943936134993591,0.854504025899592,0.769592555573787,0.690731756893478,0.618304783186736,0.551918455242183,0.492658315682924,0.440519029594159,0.396388535995813,0.361585414056122,0.3368255195643,0.320860991317022,0.310602246773877,0.302088826919109,0.29110493060143,0.275553113058289,0.257056669381614,0.238810987489834,0.220330728524203,0.195275011072562,0.159191611316683,0.117509086278216
0.196785410712057,0.158341325031056,0.128983058392239,0.107489242770832,0.0927435266676813,0.0874106735700957,0.0937282629956697,0.111396463344054,0.136913951339722,0.169834861708298,0.208715880432243,0.251762286680525,0.300480040051736,0.352408157832281,0.40277789975718,0.453836062133981,0.503830392570771,0.55432611988473,0.60860055105558,0.666164783972206,0.726299364395121,0.787878076239416,0.849526541640101,0.91005413373861,0.967870424513159,1.02282652552437,1.07424632644847,1.12111184961684,1.16245738466401,1.19794069121917,1.2272460019346,1.25011176898923,1.266817256544,1.27849454329096,1.28772167498403,1.3031543524177,1.33570041263788,1.39365562310652,1.46722302227843,1.53374674199064,1.57492852647891,1.58356566526626,1.55943971457117,1.51495599800152,1.45407230005267,1.38279486533334,1.30567869115232,1.22738455281969,1.15123659359472,1.07805344837065,1.00774136275934,0.938318333963952,0.868788147824853,0.803464026774678,0.740263244640832,0.675554396993995,0.602487616782919,0.524931064790924,0.450859049904813,0.381445992921966,0.316282866503295,0.256835787015993,0.205711136118908,0.162981957596748,0.128791818172089,0.10498947001893,0.0939182289331214,0.0927351269566187,0.0997578109258931,0.117543099614764,0.140110867697529,0.162574749027323,0.183642607544957,0.202882088990395,0.21995054767506,0.234036965756718,0.246643924051347,0.260238406010409,0.276060502147134,0.299148539984444,0.336928631747773,0.39127345827325,0.464783362002509,0.555987199873899,0.658049481739408,0.757176043143947,0.8477309877318,0.931566500264607,1.00957612169576,1.08299926561654,1.15255672771253,1.21866088630275,1.28130405264935,1.33985079502586,1.39241531388453,1.43726785698298,1.47221335394675,1.49440406533395,1.50192918551596,1.49526135597992,1.47222115928181,1.43227526518697,1.3824869843346,1.32864089406605,1.27560609493922,1.22390273782814,1.17014760961831,1.09927281870231,0.992701941600905,0.861919526326098,0.728251847168754,0.60294756213067,0.498983463120754,0.440524594814065,0.461531346634496,0.576317810004372,0.75852357822791,0.968138842151956,1.1724544368794,1.35100382453697,1.48872041555004,1.58694842659574,1.66031057587577,1.71819870444027,1.76291543742841,1.79764565801125,1.82679139021595,1.85321645352454,1.86962673023196,1.88242079250275,1.89579371774654,1.91034550849601,1.92450115621486,1.93680788294091,1.95057727711682,1.96701583697778,1.98664478077112,2.01408464983564,2.03855697797286,2.05701105476165,2.08573346963805,2.1276991557235,2.15173505259457,2.08989775034354,2.11907276149189,2.11688328681408,2.03593753731011,1.96263466699005,1.89483515519,1.81906332132004,1.73473296841722,1.64796195745002,1.56463418829004,1.48482816577753,1.40444873865373,1.32030810167008,1.23248642906696,1.14205967755361,1.049900700392,0.955729113641045,0.862482745807924,0.775475922845521,0.695463741408659,0.623500678782176,0.559644040425852,0.504505688752664,0.45831470954833,0.423214591487808,0.401511137260465,0.393044118111891,0.393177521826059,0.392517327492265,0.38234583980129,0.364143051150916,0.34658459281409,0.334929871206255,0.329452836965513,0.31602943508136,0.270370166008511,0.219396263202708
0.266711419145525,0.229798197296262,0.202540360885314,0.183188263925235,0.170470188142348,0.164904172845293,0.170110530309719,0.187036047648317,0.212745797261496,0.243309563523238,0.280343281413085,0.322129724059842,0.369254816034344,0.420904625455079,0.471789437876979,0.523420314662295,0.575285712409804,0.626688125958904,0.68139314249468,0.739807864198456,0.801173954812521,0.86461170466364,0.92883823523689,0.992289881168851,1.05335627554324,1.11186412242544,1.16674829800497,1.21681887802209,1.26126438302526,1.29932413461337,1.33004540318514,1.35283334853042,1.36757800091721,1.37473144607679,1.37561319199555,1.37653510365002,1.39535924778303,1.47187025940008,1.5873964781341,1.68581548301775,1.7443522710403,1.75358230020266,1.71708057208928,1.6508080891688,1.56701021882213,1.47305796012119,1.37430400776442,1.27521305892881,1.17914947817942,1.08670405902187,0.997644577331331,0.910744857259705,0.831546583548784,0.763102017129999,0.696419806864933,0.62166655562133,0.541960302044403,0.462442257572415,0.387487031797948,0.317106183991588,0.251722035260519,0.193611928467438,0.144446918395869,0.104591568119849,0.0749285501093824,0.0582730660980997,0.0544150996210745,0.0603284317480585,0.0754442229966554,0.0949037368675211,0.114733518010315,0.135372767736985,0.155864916796545,0.174936200672523,0.190331739128619,0.20228425858519,0.213966823852641,0.229314683759626,0.249618953189389,0.280881299776306,0.327140189210124,0.387112489066068,0.459012420260285,0.539824742413361,0.627867223657453,0.716444379773032,0.801370170869805,0.881726145240533,0.956555859862909,1.02620315766526,1.09267065597868,1.15747087571031,1.22137299156666,1.28372238376643,1.34335188296298,1.39833742796134,1.4455952915251,1.4812805867598,1.50145793627173,1.50318637471609,1.4807720961806,1.43956063055028,1.38759674537071,1.33289412224225,1.27964668599601,1.22718641952999,1.17004750694139,1.09856945197108,1.00383516833149,0.886355001608815,0.752404535099984,0.608790507176418,0.465115096310844,0.346503160991735,0.332347659290854,0.500613486453676,0.762588734079212,1.04027268693414,1.28600644273395,1.49603275956484,1.64055361187519,1.72241679801917,1.79096534899475,1.84626063243021,1.88517166650289,1.91068292748477,1.93182251059007,1.95043211159193,1.9658771693394,1.97974945746498,1.99435070575101,2.01068824345126,2.02699672540274,2.04245288532468,2.06025291699805,2.08253369130494,2.10815982167949,2.13963671635679,2.17764215678772,2.22530335120185,2.28068467705392,2.34420646606126,2.35461394378337,2.30707561772217,2.28685071833701,2.24509714580289,2.17417980307278,2.09903399843509,2.03104007579167,1.96074758253906,1.87646803825585,1.7943868300898,1.70531804653192,1.6149950190773,1.52709253038848,1.43830800826239,1.34538614048875,1.24953204883475,1.15212942058263,1.0539007119418,0.95475060809315,0.859137054692996,0.771815163038276,0.693135365532298,0.623206825077648,0.561905357621725,0.51016644599635,0.470123470136549,0.447179306750718,0.445567016651175,0.461054018827615,0.472677880443818,0.454814543603095,0.426981120640216,0.405575272076533,0.394816420740603,0.394368854342295,0.390640597500255,0.340454864654661,0.288968948051384
0.301806084446108,0.273385434609321,0.252804200091557,0.239563693532976,0.232300494733446,0.230629682739055,0.237151115722482,0.252406369002477,0.276385971666671,0.305938508205462,0.339877972299671,0.380393231224208,0.425774816451206,0.476425884200616,0.527690054038422,0.57944842995835,0.633244706480958,0.686900575681974,0.742400517365735,0.802119525197563,0.865247489986934,0.930816807893481,0.997772352013134,1.06440905127579,1.12947540013747,1.19225163948066,1.25146297241594,1.30609127648861,1.35512473366554,1.39706517372004,1.43057835196894,1.4548494140692,1.46984881764171,1.47626557809744,1.47540612964638,1.46951477522276,1.46545397037975,1.57855528789498,1.73497218137477,1.86926388520164,1.94667930080564,1.93559182687032,1.85726647845415,1.75643579108279,1.64655683661375,1.53199899691851,1.41540259327579,1.29803758719151,1.18434667132584,1.07506541479759,0.970705321809935,0.877620729185807,0.794770901071765,0.71805615354053,0.638735548272507,0.55611490837136,0.473793510136419,0.39324059680292,0.317646163004508,0.247523888836533,0.183634263048861,0.127588507688861,0.0813527851655605,0.0455945621390643,0.0222647922468534,0.0125295568749742,0.0145989538362264,0.0262388733206556,0.0442634021501411,0.0637261201604121,0.0841026584853217,0.104310159578417,0.125943048955058,0.148259848046362,0.163905869802872,0.170453736523082,0.177024663737296,0.189798996928152,0.211056560537083,0.246781814047756,0.296257207650455,0.358800179018488,0.430704491296547,0.508487327832377,0.590686374594766,0.673407124872307,0.751984322991701,0.824560130086514,0.892106585916007,0.955532115362491,1.01690581010391,1.07899650981995,1.14315667994358,1.2097895608194,1.27857439758693,1.34739778046576,1.41217034772167,1.4671789329375,1.5051844155133,1.51392761066508,1.48892292405965,1.43794505398118,1.37488979851541,1.31487305933958,1.26422533196081,1.21999675232564,1.17406673203755,1.11693594104927,1.04099028724191,0.942883214142616,0.822100509820152,0.679228101667126,0.516784528096736,0.337115843122178,0.164970817886556,0.494444542383887,0.816750522289137,1.13094097504307,1.37929012363094,1.57528336106544,1.72105357340201,1.81467524969804,1.88991509009052,1.95003509052217,1.98759266818024,2.00007392328913,2.01606989577759,2.02862842176434,2.04014074008697,2.05345715933092,2.06947910845059,2.08879253110168,2.10971958210759,2.12987593082707,2.15068759730765,2.17413738383752,2.1995320814384,2.22810632286018,2.26484071805271,2.31921528390974,2.38412249099855,2.43758139896627,2.44187881395336,2.41547200216992,2.37956422054832,2.32250378988715,2.25637537010194,2.18511725175224,2.11870421429394,2.05119029574409,1.97651602938039,1.91396617715331,1.84129435380369,1.75210684539775,1.64975139132864,1.5483837327191,1.44786211126004,1.34643588075609,1.24392292853415,1.14090582906486,1.03815230469451,0.936421929945625,0.841107031502442,0.754608261389341,0.67699521838151,0.607714368746037,0.546593991590647,0.494816874879079,0.459792281455589,0.459714073775577,0.487888204610284,0.521562533152304,0.483565173114896,0.446427018838192,0.420949781400241,0.405618886294446,0.395804065436527,0.3808547998773,0.352423936477711,0.318161280725482
0.31161594038339,0.296426240060606,0.286053911220522,0.281282849282214,0.282046945160565,0.286442563279418,0.294372459093524,0.308896332270737,0.330215344310588,0.358131248061643,0.390025408771623,0.427400559973951,0.47070662432541,0.519554094685174,0.570275812651451,0.621947502861688,0.677154434341511,0.733629617253917,0.791151202882525,0.852644937797989,0.918079298458835,0.986338421134072,1.05622337624028,1.1261832433038,1.19554930478901,1.26301165565401,1.3275118275606,1.38805925988791,1.4430300460573,1.49043991659253,1.52826978359476,1.55537347562079,1.57249681430149,1.58249812448476,1.59069882194817,1.60658695433981,1.65386755369041,1.75853115334991,1.90873476031791,2.06516564336849,2.13370251503883,2.06438556515429,1.9390493493781,1.80870791293673,1.67798092835816,1.54765272737078,1.41805385676285,1.28889097863193,1.1616982079078,1.04034690515304,0.932427592455742,0.836966899554135,0.746017704160384,0.655561676884909,0.568091906888082,0.48229902697838,0.398049076858439,0.316276762860276,0.240704081874101,0.17166637229614,0.109742846437428,0.0565970353744897,0.0143147701884089,-0.0163041840088075,-0.0334284771112972,-0.0373224727765466,-0.0306887390851751,-0.016457958569544,-3.99099682997298e-05,0.0182965211873628,0.0385196806563988,0.0608611417827022,0.0857700294053413,0.113578211921767,0.137265743966512,0.129676778576684,0.130821433048146,0.141364161859196,0.163530001138979,0.200132932522059,0.249385429196249,0.311308055767199,0.382419221514768,0.460633313144624,0.542426242958202,0.62372073695383,0.69775242817643,0.759729325702843,0.813525081940573,0.865637748841562,0.919019751304643,0.975842032549669,1.038588967836,1.10944650457945,1.18900597738722,1.2756216659789,1.36499356591212,1.44927256072061,1.51337629541569,1.5339637172032,1.5006523780465,1.422723135861,1.33171885859213,1.26098938329449,1.22083566357171,1.2015686239464,1.18537392197185,1.1579946319422,1.1118707574337,1.04481064662688,0.955800341343837,0.845783554902806,0.722091155831974,0.611094102161125,0.589985266666588,0.731479015249166,0.962813421480521,1.20690705136961,1.42534085045144,1.60641804994107,1.75020701793543,1.86051423248945,1.94726681565935,2.01379253538961,2.05336647447137,2.07152691051907,2.08053181741526,2.08562204808379,2.09170888263829,2.10451767305661,2.12515739568721,2.15185405939003,2.18024176604518,2.20515169623914,2.22763933164527,2.25056545662821,2.27416303399783,2.29902026194491,2.3258254814366,2.37477239393736,2.43405905631901,2.47449107024581,2.47988048561275,2.46038275387756,2.42528912739165,2.37488688824329,2.31193385531816,2.23867651283459,2.17601962802958,2.12135117549975,2.06351034058006,2.00929323721942,1.95089836629724,1.87462982588336,1.7747961517112,1.65921014817415,1.54204392136011,1.42968034269346,1.31994568183149,1.21245994725017,1.10685764108198,1.0028608689538,0.900948629356708,0.806329363654805,0.720101665581055,0.642460000279179,0.572210423703379,0.50820551323948,0.449963711630212,0.442743602164848,0.457848764306649,0.460931064860751,0.443015801860461,0.416177495194532,0.393322867228586,0.377545775757296,0.365844620372611,0.353625904880493,0.337824966271454,0.3201778168283
0.308114772883468,0.30752885908174,0.309605176163821,0.314947964904752,0.322951444813736,0.333194023319687,0.344286232084368,0.358607800685583,0.377878639826051,0.402414079890961,0.432141010731827,0.465669652575712,0.505076400749416,0.550811137013437,0.599694128481857,0.651121210267964,0.706518760854531,0.765883705683506,0.827133597073579,0.891121969468623,0.959469190518504,1.03095961792481,1.10406601809156,1.17753003610436,1.25083993753463,1.32300898969099,1.39315310400362,1.46014126590672,1.52229783393931,1.57709790966055,1.62080259779172,1.65043601419127,1.66779347444053,1.68035978304551,1.69726510357154,1.72902905430519,1.78764821874195,1.87804158658543,1.99207744038079,2.10204872907449,2.12853540131921,2.04460521524062,1.92260174488014,1.7882803253166,1.65072860320136,1.5135044372432,1.37702218146637,1.24104678918507,1.10978211780808,0.989735508742461,0.880409529879151,0.775728926622971,0.674274988174423,0.576715896464271,0.485028221671914,0.397258224738836,0.311420194080131,0.229083092832634,0.153538041657634,0.0856537306431061,0.0261541848318815,-0.0229671587198085,-0.0603705497634646,-0.0846893670191949,-0.0956210134024595,-0.0944307099034556,-0.0848764417709735,-0.0727674829314951,-0.0585212764504435,-0.0422161295738486,-0.0232132706833099,-0.00205050683393176,0.0205830153097098,0.0433284058945005,0.0595884410722507,0.0659960147371503,0.0721193465916156,0.0839806181218141,0.107251070551869,0.142684018796057,0.190867466441381,0.25073577871671,0.319097169929217,0.396432996302952,0.48070612217987,0.566919115366408,0.641637956835141,0.684909958985775,0.716259682434026,0.750074712244927,0.790315333890938,0.838130733940557,0.896470207764769,0.969399119010869,1.05938075461875,1.16631652206987,1.2870557604133,1.413335272654,1.52164940111889,1.57541273959337,1.5272645764383,1.38172809735532,1.22412901933023,1.13659327399753,1.13167474072787,1.16807940339483,1.20316465562648,1.21903692608458,1.21318779694452,1.18697898102177,1.14251856001478,1.08367667620992,1.01488276158906,0.958678517280935,0.955089489445199,1.02913730156904,1.1664142266026,1.3325723743009,1.49905202807611,1.64947365096505,1.77805233766174,1.88527109130582,1.9740031767823,2.04465171560242,2.09712564719145,2.12069374623427,2.12562514559722,2.1249203452892,2.12339925669686,2.13864962893109,2.16536955187194,2.20660580413448,2.24725345234102,2.27739289613933,2.29894282601504,2.31934588009976,2.34079824690277,2.36405609865447,2.39096491735696,2.42489635625572,2.45947673684667,2.48278532483713,2.48687502842083,2.47197121169202,2.44168282208476,2.39874188168927,2.34634165428466,2.28962646741653,2.23518776132828,2.18240582760157,2.12965712243666,2.078961145739,2.03094478759385,1.97320572213844,1.86971924122205,1.75551664925444,1.63252515926809,1.5090212048827,1.38927353927917,1.27415048268857,1.16336763236391,1.0559296954047,0.95155448802525,0.850138983048186,0.75666109452634,0.671525155916545,0.595356786000759,0.529298053966173,0.477141397523742,0.444090679211055,0.424389505384165,0.404407901984447,0.37980584742501,0.354619738551232,0.334120404636092,0.321134909045621,0.314757151374746,0.311796618010828,0.310063140969486,0.308714054919587
0.299733412859176,0.315077355274273,0.330035644718353,0.345130948234416,0.360314860670765,0.375476167838965,0.390617632806137,0.405359969341882,0.42259823481446,0.443349304489069,0.468619648292198,0.49790540154893,0.531039600872547,0.571271181641027,0.616840052116511,0.666659334806538,0.721341369938889,0.783187896678955,0.849129360027719,0.91764264473511,0.989786625019786,1.06507287508449,1.14159282035211,1.21852990096929,1.29510919977589,1.37093263774051,1.44533778449307,1.51752256615492,1.58689380402739,1.65163762802593,1.70638492190565,1.73854392083871,1.75148238284386,1.76188148522164,1.77853038230968,1.80703557494835,1.85023184807375,1.90541617605428,1.96250619695656,2.00032882067978,1.99090286803761,1.92641966556693,1.82403651801143,1.70080517315092,1.56753646327864,1.43033582947174,1.2929508005669,1.15943713480572,1.03394143290046,0.916021073868795,0.800394779200341,0.688713714808773,0.583455084792633,0.484335204683289,0.390321252986242,0.301827851130991,0.215484264465916,0.131882496943452,0.0555102582111131,-0.0114539276842949,-0.0673564796917433,-0.111479442362189,-0.142555597271567,-0.16001617040982,-0.164648666465752,-0.159823162339517,-0.152142208733551,-0.142528637017859,-0.131018709380191,-0.11676155564184,-0.099949579889773,-0.0818821915462544,-0.0625389179027588,-0.0430178128274349,-0.0254392135573739,-0.010252997830457,0.00374829470079109,0.0202003303676474,0.0445510096800675,0.078750179039169,0.12429284727529,0.179672437998899,0.242817754116614,0.314844589893193,0.394517894002859,0.479682610445305,0.557117110362597,0.57818929709452,0.59182642401478,0.608853884504923,0.631251633780171,0.66312251196067,0.709777359778888,0.778041010600829,0.873330285020457,0.997197666924192,1.14778817210933,1.31659423993324,1.49141937877328,1.64136579833795,1.60135867190496,1.27415585788312,0.963494637162702,0.867704863152763,0.979706213797236,1.13290950917212,1.23266043571918,1.29047112008514,1.3263864978826,1.34357860942262,1.34351824715308,1.33719872254998,1.31055249994636,1.26115888873763,1.24965738947729,1.28695393470525,1.36637556971288,1.47249583528791,1.5888536658434,1.70305370329348,1.80828725180577,1.9021768741688,1.98450945784696,2.05448183326435,2.11095573784586,2.1378919243244,2.14506615112471,2.14726320778311,2.15242799424278,2.17957592384866,2.22238316364399,2.27843902210686,2.32777324859556,2.34946620689256,2.36099202663243,2.37536804044274,2.39095996336254,2.40800641542493,2.42716189101554,2.44880959919663,2.46825995435791,2.47972377664254,2.47936704390964,2.46597293799153,2.44051566839134,2.40507060489048,2.36232141706764,2.31557135728761,2.26787458138305,2.22029063464175,2.17108251090138,2.11932207237479,2.06563815528354,2.00046997663876,1.91416322822229,1.81141580237993,1.69880034268472,1.57873624455339,1.45575846845841,1.33665787131524,1.22099348867768,1.10692805570855,0.997088295280282,0.890660046320946,0.788900212993727,0.697155818790782,0.615219193843176,0.543851867048808,0.483349970028495,0.434738187511795,0.392762747411803,0.350387954271472,0.308279535621106,0.274083210339156,0.253258604156247,0.246371817911864,0.250567887238435,0.261684545255939,0.276341760893665,0.291928847052977
0.295128161455937,0.325355069301273,0.352530574767998,0.377338737850787,0.399933010594862,0.420225858199305,0.43830637069455,0.454099511772014,0.469200286199455,0.485844967357491,0.504808622833944,0.52684774659086,0.552421172632718,0.583119653289126,0.622637785040876,0.668379732574571,0.722177997423613,0.785555382838471,0.857016261034575,0.932776692898787,1.01053111315853,1.09026826248557,1.1704831744943,1.25034824652194,1.32909372001978,1.40615835090974,1.48187915306449,1.55666427910337,1.63058993332522,1.70422559186124,1.77795878279308,1.80741965640744,1.80544747360238,1.80828151341001,1.81690979998235,1.83043219687845,1.84837223968037,1.86849355123683,1.88246364392995,1.87809238226883,1.84417151569563,1.77710086465166,1.68308377669288,1.56895538020211,1.44184716049978,1.30912886692249,1.17922440915344,1.05448486962088,0.929904964998168,0.806185834640186,0.687505553797154,0.576633287049949,0.473726424052341,0.377517717143492,0.286584064441363,0.199726705547297,0.113123984169251,0.0252108825572557,-0.0547745708088947,-0.120542449395379,-0.17136276368143,-0.208449456849787,-0.231345147459751,-0.2414330096699,-0.240941867166756,-0.237271116980494,-0.23190529602582,-0.224820493198601,-0.215559589938123,-0.203042706326185,-0.1886461807493,-0.172328830054969,-0.154047834854591,-0.134680526744275,-0.114887314913268,-0.0949760217725723,-0.0753785153364942,-0.0525037785349624,-0.0242807748344514,0.0106223003111206,0.0528617734201944,0.101723641137079,0.157171541809459,0.218928265254232,0.284188002691076,0.347470461698516,0.398554923924821,0.42916671969172,0.444603962389752,0.451429711930588,0.453654864857803,0.458245161222019,0.478634238325884,0.530146897647852,0.62263038439712,0.755609851660932,0.919028819845132,1.0999281774643,1.28758082395986,1.45418652164248,1.40522153622617,0.984505368412641,0.498445302266853,0.362749525788181,0.799242830965033,1.16006428495563,1.25831273366386,1.34566750492657,1.42621037436493,1.48862085349356,1.50886426553712,1.51173827282562,1.50120593846171,1.47851758347013,1.46965742840016,1.48758422267268,1.53228251603064,1.59785210840558,1.67552852420827,1.75735136107416,1.83784448422304,1.9136412098141,1.98361567242986,2.04437325597284,2.09257210663115,2.12675037340479,2.14967302254845,2.16776101186353,2.19038646953162,2.22487735427845,2.27404389507312,2.33280437755764,2.36848046681233,2.38292011407601,2.3924941678184,2.4028076177979,2.41383018930837,2.42551211905117,2.4374599652993,2.44934826302233,2.45957759426219,2.46398152476944,2.46005873963144,2.44691500297708,2.4247565555797,2.39464928995323,2.3582712957192,2.31751627684084,2.27394158161619,2.22834666472938,2.18032043408185,2.12918107683983,2.07278757405348,2.00678533332417,1.9203851907414,1.8285475893054,1.73012270923264,1.62391589915199,1.51111482487488,1.39286851365089,1.27591163503489,1.16239573764011,1.05062687455735,0.939949717451699,0.831040368069335,0.727989169967798,0.634844430865723,0.551183453118024,0.478118274667031,0.415871654369448,0.36232246500022,0.293607991396319,0.222985603125929,0.174402692057967,0.154045061396158,0.159214804331638,0.180903853763791,0.211217487443533,0.245052310572066,0.27897903456144
0.302095971647011,0.345420361560078,0.383749807241829,0.417778029544689,0.447583196783318,0.473251382015947,0.494514082497057,0.511397101699086,0.524342551793872,0.536262618781039,0.547654039216776,0.559551715687339,0.573428896316886,0.591647811921031,0.618632995564891,0.657050986848199,0.708624840613713,0.774111531251253,0.852905315482511,0.938491762597238,1.02576903167282,1.1117324646013,1.19695463973776,1.28032169891924,1.36106594696334,1.43887456743211,1.51383931164944,1.58531616375649,1.65236644412031,1.71379283402335,1.76417853781013,1.7937527967434,1.80432679313829,1.80630255431609,1.80552300236844,1.80352719019204,1.79951767804768,1.79226753586433,1.77655593562789,1.74496996220214,1.69253370345807,1.6179177915235,1.52325078924337,1.41329851967746,1.29426334167588,1.17253013442868,1.04891537514075,0.921250650853393,0.792220757606802,0.666277371575589,0.547280364409891,0.437857760918751,0.33961788855734,0.251985644641754,0.172322766610826,0.0965671799826533,0.0106539207673036,-0.0927531629434053,-0.182571865738698,-0.244590748822575,-0.284824323076728,-0.310469164633836,-0.323849072964684,-0.327215894118663,-0.326908165968731,-0.325180309284598,-0.32205848338258,-0.31701702747778,-0.308794370085503,-0.297910479998236,-0.284625462187963,-0.268707841107854,-0.250555793548662,-0.230480022257058,-0.208923640679514,-0.186860969215931,-0.163142419019603,-0.136355653687059,-0.10473166344427,-0.067296843018117,-0.0249981879797785,0.019910170969625,0.0680470220755943,0.118751155881054,0.170482329333347,0.219359430728076,0.26069548395122,0.290515927734349,0.306906477473897,0.308395787992637,0.290048405371283,0.251520476581331,0.215005324343852,0.226966279703698,0.314054455248493,0.453973190496445,0.615675319523449,0.777774068719742,0.916247025009486,0.989624052403482,0.940084368383557,0.724930637105353,0.467838114934507,0.49874391819462,0.742798254401794,1.01118521346955,1.20656375181179,1.3494642020567,1.46767082552988,1.55914286386753,1.5982466537211,1.61749456869471,1.63023613244247,1.62310326783777,1.61547091510738,1.6237298547487,1.65007006973551,1.69182274635,1.74454599940265,1.80331010950927,1.86384113081284,1.92430187607987,1.98270082384941,2.03568896253026,2.08047898213653,2.11751500591666,2.14857673793264,2.17663263534972,2.20630613672306,2.24208161370995,2.28254838976211,2.32251852979568,2.35386860433093,2.37401803705953,2.38794167688536,2.39948639333946,2.4093074467765,2.41794884567069,2.42526123644654,2.43084641253839,2.43441337437507,2.43415308807353,2.42802314138705,2.41489517885139,2.39473707859756,2.36805735456092,2.33568762763054,2.29855672902567,2.25745610674522,2.21281797653714,2.16428889931535,2.11094638284441,2.05079869547147,1.98268637285507,1.90542406584997,1.8210693791887,1.73258965469269,1.64061287978452,1.54187104979237,1.43683697133888,1.32637740785805,1.2127411779818,1.10136028525602,0.992300691779262,0.884049461118401,0.776399252159366,0.669950449377859,0.569642482540132,0.476964453542175,0.391065520198241,0.305914664192457,0.211073431576146,0.115863146942379,0.0497224086398397,0.0382816549430392,0.0704786241718037,0.120583663547856,0.175185725368347,0.228627022682265,0.278695719169979
0.331987767048206,0.384353638548545,0.431209354617492,0.47270953142885,0.509210667237634,0.540383569558858,0.565748396062211,0.584860493600289,0.597636455187808,0.604577961560412,0.60761081902449,0.607382467506879,0.60536733743022,0.604782711813749,0.612298797858935,0.63587854532329,0.683292915148297,0.755959467714226,0.848000478436661,0.950253382037803,1.05224358736934,1.14960602443167,1.2409554385686,1.32594948127673,1.40442854665673,1.47641800361469,1.54217136767884,1.6022905106668,1.65617644524925,1.7021772756271,1.73666685284868,1.75739327787948,1.76525865184777,1.76320096981305,1.75396965242883,1.73893875276392,1.71792137023317,1.69030128538342,1.65350402183268,1.60281218432782,1.53624761808311,1.45452318268907,1.35928782670891,1.25519233282868,1.14452043799855,1.02452494266788,0.897541127673543,0.767425559216003,0.63618428462899,0.506774703228376,0.384301423051828,0.275134295208441,0.182675507805212,0.10403023735351,0.0334444929672551,-0.0350760803196563,-0.119312650353115,-0.230688477902786,-0.340192237973246,-0.373716080932994,-0.39417105706229,-0.407687535978303,-0.413951002310171,-0.416883040202426,-0.418667038600738,-0.419515225770576,-0.418638202334849,-0.414893924428087,-0.408120649444275,-0.398165398205363,-0.385176436423927,-0.369383005385344,-0.350948104862314,-0.33033967011431,-0.307885287088532,-0.283775876084204,-0.257977715212173,-0.228635517548616,-0.194621595059355,-0.15594049132959,-0.114545439942356,-0.0714573655007146,-0.0261074715338851,0.0201410419742527,0.0654369078492207,0.107593087253511,0.144333174954385,0.17468377582964,0.197352809578754,0.209081158637806,0.194857229387537,0.105974092238974,-0.0439604828813766,-0.128459252289763,0.000807247602358341,0.160309696615761,0.318160386499071,0.463542151796787,0.581988385671647,0.654743311161759,0.668370498002978,0.63618391168863,0.617006984023651,0.678954183340429,0.825926208215189,1.0106355135637,1.18912945275961,1.34246284818401,1.46631450094194,1.55850681327596,1.62031903169495,1.65990040956497,1.68442226355004,1.69269115461727,1.69586126213925,1.70599877102021,1.7260724861088,1.75603673500487,1.79426973375915,1.838333151121,1.88597745868686,1.93509109425239,1.98388673679071,2.0304117265176,2.07210979964589,2.1091546951128,2.14265571975413,2.17324340146462,2.20272814170885,2.2333808157701,2.26489193674314,2.29550341415982,2.32189944163565,2.34262083880434,2.35881723777045,2.3717721455971,2.38159474414972,2.38883591824449,2.39356215517408,2.39551912762578,2.39473993806329,2.39107177206762,2.38294925973239,2.36970060842039,2.35083464415167,2.32629587888253,2.29645974347314,2.26173943672964,2.22244794752328,2.17866967352027,2.13015422287549,2.07619067972104,2.01570442274826,1.94908868020734,1.87730394029306,1.80112936237139,1.72138311908056,1.63692114628443,1.54941677511364,1.45818265781534,1.36115639990142,1.25903958717954,1.15201789255514,1.04326818210747,0.935440277237667,0.827509327805757,0.718490733858843,0.609042744781468,0.50227946054801,0.396756940356694,0.288555672582738,0.172779024111122,0.0486549463746453,-0.0770333655681698,-0.0488348689537457,0.0305115708008906,0.106209219342234,0.177367714199394,0.243319849671969,0.303842303976883
0.404704178014981,0.460207181874005,0.51126065052281,0.55738825627662,0.598973391945318,0.635713217828117,0.666857457921188,0.691108063874216,0.706958421932997,0.713186167269395,0.710524434678635,0.699204102383914,0.679854301571429,0.654519483697153,0.629692191866554,0.62266902003189,0.660131185421243,0.75200530521079,0.871647424676821,0.995292681741224,1.11188524606638,1.21616593041183,1.30717335881138,1.38611024002043,1.45570265035065,1.51712083329141,1.57105414577611,1.61705215562096,1.65417684574142,1.68217662811848,1.70030443765943,1.7083225132415,1.70630910592964,1.69508297043941,1.67567152816646,1.6486588420873,1.61409030897278,1.57146693326778,1.51939213684019,1.45588553315822,1.38016117502576,1.29602215091091,1.20411626761596,1.10063145327659,0.986835016016788,0.865939884418741,0.739955824711272,0.609880430685654,0.47717194196661,0.343086673590964,0.210801811386513,0.0936109083253485,0.0134508953612862,-0.0518990966676347,-0.115788568606378,-0.183532073372815,-0.259091747256657,-0.339398422508993,-0.408185516737316,-0.451133864306927,-0.474798693634576,-0.489271314970919,-0.49918430532455,-0.506508204745992,-0.512653187283655,-0.516879271240983,-0.518256376915436,-0.516378123962848,-0.510646923426623,-0.501376847561975,-0.488878341557151,-0.473361000790008,-0.454988753674001,-0.43385919327491,-0.410691286663886,-0.38593776121682,-0.358341445083655,-0.327134857604443,-0.291435763503611,-0.252515226456604,-0.212285091833296,-0.170145916811448,-0.126427418855544,-0.0822403635649677,-0.0389535394608096,0.00174859097813312,0.0386293663849321,0.0708337342024438,0.0978797680912498,0.11908934614591,0.126095322933096,0.0396228072409159,-0.106073186410262,-0.179255359230474,-0.12998610593456,-0.0225414223548589,0.104001832728927,0.235861824618328,0.360701632339156,0.466640721221028,0.549165420211464,0.617728329953552,0.691847501153697,0.79112313139313,0.921218802736473,1.07225007681968,1.22780690753164,1.37246036805436,1.49032053369433,1.57321886448162,1.62919179487437,1.66795766520064,1.69482794300461,1.71338908930185,1.7285802199392,1.744773190888,1.76509439314175,1.79077400658941,1.82178982222447,1.85789158392319,1.8979045257194,1.94007236697489,1.98275441336045,2.02414971305648,2.06164690639543,2.09488473222437,2.1250256220677,2.15295933345327,2.17892608321948,2.20389446363797,2.22902226038824,2.25364549981134,2.27607060545989,2.29550695927959,2.31227993055439,2.32580074983051,2.33567502820345,2.34218921868046,2.34546755533954,2.3454688735697,2.34214942568228,2.33579967698016,2.32626823269097,2.31236371238515,2.29389846518825,2.27084072306598,2.24285114687487,2.21000547627319,2.17240138011111,2.1300212016071,2.08296706535971,2.03119823069436,1.97373871137983,1.9104989216447,1.84323836564628,1.77260272011369,1.69936730419344,1.62333283473834,1.54403513429821,1.46187453305283,1.37693602834642,1.28803302440452,1.1938932557699,1.09437150991522,0.989836630551001,0.882856978255813,0.77629473928318,0.669366657198486,0.560709762273225,0.452724937948938,0.345978351177878,0.241722061414507,0.146100608028246,0.0804181538942288,0.0778224072416071,0.123414123934938,0.185163423511421,0.250310997089789,0.314453825129785,0.375606857862749
0.523259008129727,0.578846546378966,0.631622092314828,0.680631629705387,0.725629785742975,0.768540429367888,0.809260397971895,0.843059545434862,0.867200709475942,0.879632051249364,0.878963653742855,0.865067151705027,0.836505610779479,0.791783671663553,0.729824378452883,0.651981772556957,0.642309211870422,0.809743677567763,0.967505377560309,1.10386852125417,1.22080967014369,1.31983472895913,1.40194074845194,1.46940252267783,1.52389407933451,1.56773185142157,1.60211831808765,1.62809800323867,1.64592468148742,1.65548260136142,1.65680817459389,1.64995917774211,1.63503794595995,1.61227277386168,1.58176821774692,1.54369138344301,1.49839042047436,1.44468838704465,1.38143420880014,1.31117242623301,1.2328745891493,1.14464657808395,1.04732615482668,0.942001523319532,0.829704207225305,0.711441416064112,0.588666061141494,0.463076677608196,0.335345900964344,0.20598253133319,0.0778202240736917,-0.0359696554302109,-0.11421249880334,-0.178006210541671,-0.239637959473802,-0.301502391441521,-0.363949841145352,-0.42440322118722,-0.47695480905414,-0.515271114831918,-0.542888245857351,-0.564376325167519,-0.580992360419989,-0.595195970436077,-0.606785324740465,-0.614828694998221,-0.61904930624753,-0.618850978305131,-0.614575865892684,-0.606511780938654,-0.594914031130901,-0.579782649939302,-0.561480232572079,-0.540550891287276,-0.517766366219388,-0.492118737119159,-0.463007213730538,-0.430050441183819,-0.393371412003733,-0.354815955498844,-0.314807697322885,-0.272732593488558,-0.229397795635327,-0.185937928469216,-0.143632258822896,-0.103623576211904,-0.0672131646303382,-0.0360321888816535,-0.0125253375281301,-0.00178153560048661,-0.0130530272262091,-0.05304185577878,-0.106846386791998,-0.143387839021944,-0.142351489189329,-0.102819626882479,-0.0223911205670661,0.101138784321673,0.249358082220663,0.394444080103591,0.524146100677759,0.640757306895918,0.753187157751019,0.870569759873577,0.997593779472604,1.13322956184808,1.2735402013175,1.41466836719762,1.5377976172142,1.58435118555216,1.62424346302739,1.65819023460598,1.68579732598385,1.70930673933447,1.7305396458744,1.75158933308761,1.77415952697916,1.79930464012692,1.82777538081203,1.85934115922297,1.89339816468421,1.92924156096363,1.96572376303359,2.00178643716151,2.03510599100561,2.06499349480209,2.09223832771657,2.11710211981292,2.13960836550082,2.15988165259423,2.17929198458539,2.19812507188152,2.21778941731029,2.23622969110961,2.2525480551075,2.26572010592307,2.27515878728321,2.28103159089357,2.28344080301799,2.28239867518937,2.27784736344572,2.26989756863508,2.25888857787289,2.24465450450369,2.22628395974998,2.20372207266541,2.176992668823,2.14599844797045,2.11063975918238,2.07102331249881,2.02710609763658,1.9787830111327,1.92557348441429,1.86717433427561,1.80480422806481,1.73971136737626,1.6722883793233,1.60292796302802,1.53089797336098,1.45587838265016,1.37829464771381,1.29854760761537,1.21699490322828,1.13141686222085,1.04112876680012,0.947098358663776,0.849649429888607,0.750444713646982,0.652192398975589,0.555740372741234,0.463979939970097,0.382524172466964,0.317952014856831,0.279100544159584,0.271712494629984,0.29224134200168,0.331809231196611,0.382135596815268,0.437617311547635,0.494826207989859
0.666653957175847,0.721614448672511,0.776549866059979,0.830191954267629,0.88191337387421,0.93318639057972,0.983689571619695,1.02931176053408,1.06702334107391,1.09393376234202,1.10750998799147,1.10685360850878,1.09263501777975,1.06541761559332,1.02929268528999,1.00068062020163,1.02324483469705,1.11146992080183,1.21989732074117,1.32115253348606,1.40681828600025,1.47648106873967,1.53155722971097,1.57282365593273,1.60215266306095,1.62134460031628,1.63245916915167,1.63638642267687,1.63358799914733,1.6243046931635,1.60856889541724,1.58629441568951,1.55743177564977,1.52203237992538,1.48031161422015,1.43208773604847,1.37752787079646,1.31713606632568,1.24789422683441,1.16945110118862,1.08317491132065,0.990632925602354,0.892337260712689,0.7886774420933,0.680028662531561,0.56724233370396,0.451381432807557,0.333756963537819,0.216309142986592,0.101145290802486,-0.00863026896530873,-0.107778036089023,-0.193047708930214,-0.266758554060867,-0.33304603843195,-0.394404802448333,-0.451486195362814,-0.503821711038774,-0.549265114566682,-0.588349320392583,-0.620649703241662,-0.647038302255859,-0.669486003701805,-0.688151262517769,-0.702838297486174,-0.71351624467568,-0.719719676097442,-0.721652761983423,-0.719370977201885,-0.71272710109076,-0.702217827613846,-0.687944600103501,-0.670679007546796,-0.650952144198902,-0.628010006758437,-0.601203456958246,-0.570527222820914,-0.536190513942408,-0.499291192408455,-0.460708344738773,-0.419762239588064,-0.376815677138451,-0.332897112376928,-0.288854814357544,-0.245565861342694,-0.204131349902567,-0.165760109232555,-0.131876380760684,-0.104438132628253,-0.0857283085457227,-0.0775913100689351,-0.0800127329451996,-0.0893824926371611,-0.0990946879258254,-0.108158273944894,-0.118696501203841,-0.107632764463531,0.0462411562530146,0.266543121337274,0.443050811522691,0.586631857085994,0.710394768793515,0.824606746367135,0.936345029860758,1.04890186877208,1.16273637759232,1.27633019981369,1.38341209553386,1.47199859457321,1.53619302751739,1.58374150820228,1.62092931806103,1.65219279666424,1.67959901749504,1.70459263507246,1.72841891040815,1.75250293114292,1.77781277734513,1.80470886350831,1.83323322575163,1.86318291654938,1.89426392396125,1.92608580838739,1.95791261623747,1.98806605225697,2.01588562989952,2.04134403918763,2.06476191860577,2.08589060599301,2.10460138763971,2.12142973943533,2.1378062344842,2.15383614922887,2.16904136865005,2.1829780109648,2.19455201694834,2.20290675521232,2.20786893600729,2.20945663237682,2.20767256127713,2.2024874179107,2.1938538112494,2.18196342693225,2.16709301015146,2.14912712421911,2.12736582357716,2.10199579772376,2.07305562996622,2.04055810826611,2.00440752077241,1.96426140961585,1.91997738200519,1.87130692616782,1.81823562320211,1.76093502089568,1.7010157469173,1.63899277965291,1.57527032290282,1.5100103870519,1.44244556254539,1.3725555040063,1.30088944819234,1.22757561180268,1.15338436369061,1.0786616235011,1.00296136090396,0.924798427150128,0.844747087191387,0.764090662805744,0.684734754515997,0.610994376415495,0.547051257832696,0.498865144799642,0.469955700314238,0.462054972088485,0.473829859637643,0.501607557622316,0.5409138110078,0.58793519261665,0.639745862463119
0.822690383103593,0.877624831621293,0.935331361119423,0.994794610287229,1.05532036857688,1.11668324815532,1.17828680564746,1.23849410905764,1.29508784789294,1.34494747441858,1.38333212381061,1.40820024466619,1.4248404902394,1.4385218846241,1.4521962694058,1.47014139187154,1.49884134522769,1.53973312607564,1.58327503863846,1.62062947247008,1.64874422269738,1.66763195323826,1.67865131946895,1.68346800332037,1.6816578014358,1.67367054205603,1.65982337898764,1.64045970755945,1.6165272396066,1.58805347634597,1.55513222502717,1.51749086891911,1.47465849759088,1.42675809312014,1.37543303946558,1.31934737989269,1.25620641603622,1.18595871490769,1.10854953075443,1.02433363040483,0.935133024484847,0.841867062291128,0.744743146967523,0.644224211593659,0.540435136713539,0.433998254102125,0.325938946787028,0.217638195963857,0.110666616686585,0.00704956976827618,-0.0913141427839922,-0.18325475121445,-0.267397277225269,-0.343245304315444,-0.411758126252548,-0.474043091097526,-0.530398519988225,-0.581501434230866,-0.628577568355023,-0.670950447604808,-0.708640786827128,-0.740710728121637,-0.767387038149065,-0.789255352967378,-0.806492997603492,-0.818778181527948,-0.826048642770794,-0.828814725364772,-0.827225815817186,-0.821454483138112,-0.811825808921615,-0.799254876299785,-0.783561656383679,-0.764133679488523,-0.740389659300602,-0.712315622988673,-0.680108503690253,-0.645145481640059,-0.607952182799947,-0.568079383825219,-0.525550426121245,-0.481035630253006,-0.435124653066571,-0.388449444532083,-0.341740351792248,-0.295575084545432,-0.250498740172766,-0.207036452872324,-0.165760633954138,-0.126774703857319,-0.0902107493704418,-0.0545077530366523,-0.0165992032869951,0.024664739551442,0.0708320799290142,0.125900891131026,0.217906232986217,0.402904311329585,0.528864476178925,0.627391070800802,0.717266992427718,0.804269282971647,0.89096838165007,0.978550406326879,1.06701244756403,1.15568339304995,1.24227484385821,1.32343288338261,1.39658142355234,1.45865947047307,1.50909294793728,1.55082328497074,1.58643432112293,1.61769672385618,1.64607825311614,1.67304844498908,1.69944883060606,1.72585727509124,1.75263257057825,1.77993491993038,1.80775928038158,1.83602770453025,1.8646134679365,1.89367684400569,1.92209771181722,1.94842358708899,1.97247511625421,1.99460502034212,2.01487301647071,2.03324942339355,2.0498025215126,2.06489137111304,2.07865326678031,2.09111573874425,2.10267137901605,2.11222555397956,2.11931560819767,2.12336600284017,2.12424496433721,2.1219388852226,2.11641661611624,2.10763941456383,2.09561311971649,2.08069274997483,2.06313832586496,2.04298791798158,2.01958663857638,1.99284653934413,1.9627836360269,1.92941504250656,1.89276280651624,1.85262280632119,1.80862479707872,1.76084626163891,1.7093742804483,1.6549297617673,1.59870160306173,1.54097436498571,1.48230310467619,1.4229826276395,1.36196774893324,1.29952588905982,1.23620735839302,1.17259665335072,1.10918867142923,1.04640977480441,0.984815883860697,0.925173866933426,0.867284600194942,0.811503083912592,0.759651774970775,0.71408471161801,0.676964816806345,0.653292886359919,0.645505145684908,0.653115352168156,0.674459672921125,0.707122831624536,0.748622635025047,0.796758433225602
0.979347364881921,1.0341729363034,1.09403470622669,1.1581409917808,1.22601858516788,1.29691208043422,1.36995012641804,1.44455746465727,1.51996234983791,1.59582666611759,1.665453041406,1.70481637363154,1.74892190253561,1.80141559832537,1.86210385526212,1.90766804854928,1.93058944869931,1.9488204619739,1.95003091228399,1.92500503621002,1.88772512579994,1.84930949422374,1.8125437402724,1.77722934657328,1.74257496198886,1.70719301965428,1.6698527526206,1.62996266928814,1.58700103846731,1.54074950562315,1.4919664294348,1.44050007363837,1.38531118081469,1.32649759760569,1.26468301874352,1.19874768026701,1.12804944704457,1.05214046899001,0.970940628126393,0.884573243217505,0.794059767487905,0.701111429834967,0.605802439511056,0.508448727366205,0.409720805557192,0.309853545858503,0.209508865528386,0.109649196163321,0.0114063468754045,-0.0839909788568339,-0.175226493323221,-0.261598780733324,-0.342706397478831,-0.418056053121842,-0.487187663928698,-0.550682516326187,-0.610078958206755,-0.665292292603421,-0.71624775941876,-0.762445823546378,-0.803533994012186,-0.840295831468197,-0.872343208135657,-0.898082652583541,-0.917427582514778,-0.931318495048488,-0.940425057274926,-0.944823022826802,-0.944589574734952,-0.940482555261804,-0.932597668382551,-0.920762259039315,-0.904445850868447,-0.883441689854099,-0.857707432717229,-0.827465033068799,-0.793965573920204,-0.757976821597748,-0.719247125895463,-0.677221916725277,-0.632251394678605,-0.584792675340694,-0.535343167261243,-0.48427553962343,-0.431793464101339,-0.377976492340593,-0.32286857887918,-0.266479624693483,-0.208117911019103,-0.147503381940112,-0.0824937333368231,-0.010359287685909,0.0715243074108794,0.168013902338459,0.28748263729936,0.441715147471129,0.64006926810936,0.784436968225138,0.782228623306113,0.794110389629407,0.824299688164842,0.868429811259037,0.922544176114783,0.9835551266364,1.04893036156667,1.11652609430689,1.18456633020682,1.25082159471268,1.3120167549966,1.36665406776522,1.41482991271924,1.45737988737408,1.49514441951345,1.52939056743259,1.56107053360858,1.59092401022407,1.61955002712327,1.64740488894527,1.67480725664861,1.70194913596112,1.72891245563368,1.75586506923256,1.78313787308831,1.81064895894321,1.83771364275773,1.86310790630089,1.88655489061232,1.90799435291916,1.92772690641636,1.94572916541521,1.96191642186634,1.97545171890471,1.9871802615315,1.99770681789076,2.00717032077967,2.01486276859423,2.02061295061535,2.02417358325578,2.02491508732991,2.02276747210807,2.01772857678404,2.00979493922709,1.99896875908935,1.98525202753391,1.96876690062834,1.9497523056378,1.92834133192601,1.90414417315996,1.87691323402756,1.84668971380416,1.81352054988984,1.77712670056794,1.73752401304509,1.69490060941548,1.64937079354386,1.60097079805414,1.551133454125,1.50055524310334,1.44929251330904,1.39762325855395,1.34585531497567,1.29365410118854,1.24109035445417,1.18862402405469,1.13680847734731,1.08625100177052,1.03756034156375,0.991397647572831,0.948685725699387,0.910504588280342,0.878080525372769,0.852226297201166,0.833027779700134,0.821359092099171,0.817960120145978,0.824738371420841,0.842131010737351,0.870599101168771,0.908578679166451,0.954171426460288
1.11843624538688,1.17232102273344,1.2320983381314,1.29800874213352,1.3694507424897,1.44552521521637,1.52491980846445,1.60581123017833,1.68582167499063,1.76140720964647,1.82971803223217,1.89346834778808,1.95820393679028,2.02682926666321,2.09753790005405,2.16000693130108,2.1938041504027,2.21024857937192,2.19585844446567,2.11569819830515,2.03288887315295,1.95576184484504,1.88491634494431,1.81958363983421,1.75836748228214,1.69997920975925,1.64342265039405,1.58703896141888,1.52976060230763,1.47117247858361,1.41078000412839,1.34814660093144,1.28362273596457,1.21744251521967,1.14881202984939,1.07684901357478,1.00125198886631,0.921627876871476,0.83793546922985,0.750413806053351,0.660176369512182,0.568174172151123,0.475396735989521,0.381929630705723,0.287910573929349,0.193804058382965,0.0998492179394051,0.00669490401752006,-0.0848725382953853,-0.174053947935662,-0.260086515297719,-0.342228014184627,-0.420159825946313,-0.494510568758417,-0.56606271966595,-0.63385414624226,-0.697201188713169,-0.756144980480539,-0.810349518002946,-0.859534639994194,-0.903688914010124,-0.943556078408726,-0.978859608142764,-1.00884645809129,-1.03298823041364,-1.05116044197934,-1.06372595377533,-1.0714276157929,-1.07431950595183,-1.07250835011654,-1.06574300342767,-1.05374537518914,-1.03640126251484,-1.01362962101506,-0.985899106797077,-0.954341365323104,-0.919590938355425,-0.881663353179371,-0.840015626694263,-0.794685301382239,-0.746055081766127,-0.694508281753164,-0.640299197291063,-0.583478644120004,-0.524055775340182,-0.462036274843902,-0.397012848215508,-0.328707757354513,-0.256642606785567,-0.17925032066316,-0.0951307324426586,-0.0034004418809435,0.0973155163223927,0.20902936513047,0.332408744848891,0.463783599826467,0.590172725108449,0.688271505930508,0.745542764613272,0.78196255951354,0.814662739699525,0.85056570877812,0.891660661067721,0.938201049610975,0.989952222529262,1.0453260576336,1.10185120837429,1.15703337591828,1.20936062310307,1.25819394981882,1.30345139161964,1.34536678040077,1.38422223255119,1.42037139748375,1.45422810557077,1.48620468657274,1.51667361582645,1.5459464012049,1.57426424181544,1.60182725625998,1.62904530584381,1.65608554329536,1.68301924035186,1.70982648857239,1.73616500748912,1.76089141431356,1.78381233724492,1.80490297502523,1.82443901831357,1.84229788601355,1.85813554729507,1.87112835965648,1.8814383149372,1.89059190168064,1.898442557645,1.90468562356126,1.90921914834516,1.91195029356503,1.91278454732435,1.91131399025595,1.90724364888767,1.90052906652385,1.89116282283023,1.87914936164479,1.86449854018149,1.8472466253497,1.82762567393975,1.80572710599002,1.78162945518132,1.75495382361303,1.72563780697269,1.69338954659991,1.65834502585723,1.62089220733221,1.5815077935907,1.54026890406309,1.49750989048771,1.45427129474228,1.41075671025766,1.36729406936128,1.32415791543401,1.28169129274117,1.23968089353866,1.19811750998154,1.15749609308199,1.11837516717891,1.08140312108087,1.04739184951404,1.01705021943029,0.991131210083809,0.970413339120174,0.955540897993324,0.947161119013078,0.945784824144803,0.951736442783446,0.965108049010503,0.98538582602224,1.01354814412767,1.04985151915288,1.09388283124771
1.21353745052454,1.26508209935384,1.32356757482803,1.38834288856799,1.45879722602269,1.53453737289048,1.61504230152164,1.69774634951656,1.77138097478834,1.83821279932666,1.89700668092664,1.95660136648905,2.01962827320508,2.08572375723693,2.1516143449907,2.20974615207924,2.2349301830046,2.19961488647942,2.15286547804926,2.08733697102772,2.01187995373482,1.93352144337417,1.85569920372812,1.77987055026551,1.70711542201277,1.6373973280762,1.56977605945067,1.50363024748399,1.43841449374756,1.37323488632357,1.3071933815781,1.24013000074773,1.1718668039952,1.10174949843094,1.02888122989564,0.953320663293533,0.874891125819737,0.793526180398212,0.709280905185637,0.622529374597882,0.534167017802969,0.444683747425733,0.354346382576884,0.263963712596683,0.173919072496532,0.0843149691679677,-0.00443269805846663,-0.0921718934357692,-0.178511025045544,-0.262899178636983,-0.344829775396112,-0.424871864772006,-0.503133916442582,-0.579032945275634,-0.652232442157159,-0.721933920417212,-0.787862901560106,-0.849584344784759,-0.906318002059893,-0.958263823697232,-1.00603149651722,-1.04937031711321,-1.08808688460302,-1.12232772289693,-1.15190216823425,-1.17632423102761,-1.19522393901155,-1.20817514569851,-1.2148063428588,-1.21516139538163,-1.20918374712554,-1.19700535129731,-1.17859291092663,-1.15485072497779,-1.12645519912412,-1.09375562456645,-1.05672166501265,-1.0153238164892,-0.969970625800282,-0.920739454652163,-0.867893483785417,-0.811605029288583,-0.751984477995068,-0.68919999340723,-0.623194016468818,-0.553851928519755,-0.481295695156244,-0.404726158433198,-0.32366311126287,-0.237637762380444,-0.146995420648311,-0.0519489683383122,0.0475295096694666,0.150713597014319,0.25557736098616,0.358514481461782,0.454509803421567,0.537969516976905,0.606902074812195,0.663372519575188,0.711872756502482,0.757043367865366,0.802059408844018,0.848148545548619,0.895501020951387,0.943672765621391,0.992131899232137,1.03988663976046,1.08663722392001,1.13204551080521,1.1755802114338,1.21702549479573,1.25628078520509,1.29342487512358,1.32861978095663,1.36205708727668,1.39393235914502,1.42443907508,1.4539681291683,1.48274731282917,1.51088399920817,1.53847067683113,1.56560033358164,1.59229217618472,1.61841158994517,1.64299484673772,1.66578444088546,1.68674601483219,1.70603763989733,1.72387145873971,1.73956543383777,1.75268422634712,1.76318538521007,1.77182535567911,1.77899724467044,1.7846379878243,1.78867670256522,1.7910464416991,1.79168601948882,1.79054103582773,1.78737622651494,1.78194392456509,1.77421861439852,1.7641159545616,1.75163262970164,1.73679242476421,1.719629656289,1.70023389426159,1.67881054481657,1.65544739389853,1.63031581802064,1.60306092235906,1.57382742366317,1.54278805513184,1.51001478775159,1.47559025670054,1.43977379418533,1.40326735125014,1.3669879208414,1.33113175905202,1.29600220925078,1.26186603150649,1.2290108027704,1.19748606876096,1.16716809941561,1.13859760089049,1.11229530871062,1.08883823282536,1.06880188713529,1.0527299469642,1.04108979137124,1.03438785089203,1.03307760897798,1.03744219710546,1.04773033835399,1.06409187969536,1.08657178311612,1.11512477848452,1.14963776821918,1.19049547432534
1.26798156459079,1.31224863204293,1.36111599921164,1.41511159983118,1.47397058399023,1.53670064838892,1.60149825903283,1.66521961786539,1.72430061584571,1.77849823435471,1.82996858369873,1.8802370160031,1.93002078444831,1.97929988026657,2.02677815671573,2.06779588725606,2.08596883422054,2.05709336312995,2.00001757049915,1.93606997858662,1.86930779125838,1.80115161355768,1.73186318390322,1.66237029407547,1.59276976320556,1.52320024922025,1.45413117829103,1.38582384174526,1.31780926330165,1.2497827857802,1.18184855819621,1.11386487747095,1.0450802233893,0.97442885056495,0.901693664973229,0.826582792395572,0.748842887238453,0.668567233159713,0.585895383925378,0.501303649003573,0.415584228016857,0.329198876048949,0.242362997547148,0.155325337640624,0.0685887786418783,-0.0171939159740519,-0.101859875852113,-0.185241890654806,-0.26787445187526,-0.350058446137812,-0.431503482596984,-0.511872495882206,-0.590265161113482,-0.666226784274611,-0.739461669402839,-0.809875792783724,-0.877007766608225,-0.940391708005045,-0.999960743939261,-1.05605811724535,-1.10856612539699,-1.15724826160123,-1.20183766784763,-1.24203429118607,-1.27730231139039,-1.30696644084995,-1.33098968055835,-1.34878221052328,-1.35974096798643,-1.36364840177484,-1.36006127841293,-1.34929392135144,-1.33177161281912,-1.30784723087685,-1.27800325827125,-1.24235905697324,-1.2013786255784,-1.15567948792989,-1.10572890745033,-1.0516888033072,-0.99372178305342,-0.932173590644024,-0.867233429425475,-0.799077933570658,-0.727995459760339,-0.653572841205377,-0.575752697265564,-0.494516371769532,-0.409878784855076,-0.322699797408265,-0.233436735443822,-0.142412655954585,-0.0502423430368136,0.0420963566792646,0.133529140229376,0.221859205384061,0.305202245753739,0.382222950597039,0.452289421926228,0.515643868435781,0.573191595538836,0.626452571089283,0.676730733945046,0.724897716817831,0.771751881081304,0.817533521959467,0.862517804286875,0.907018412992517,0.95089805254185,0.993863892557008,1.03563990916646,1.07609047481312,1.11513148364861,1.15266195119965,1.1886137042461,1.22303325070633,1.25619738747503,1.28820430611933,1.31916134823919,1.34916891194879,1.37831025344701,1.40666485879488,1.43432431950726,1.46132191410564,1.48762653730152,1.5125080842014,1.53561650848016,1.55693819368253,1.57648266114148,1.59427405453202,1.60979997171227,1.6229887673791,1.63406642563489,1.64298582966313,1.64990652822991,1.65539409147602,1.65937282304927,1.66179787181493,1.66262793881431,1.66182621438434,1.65936108100771,1.65516386149603,1.64896660677455,1.64073029651158,1.63047105439459,1.61827629550937,1.60425739172607,1.58848159159602,1.57106270952326,1.55214299164019,1.53163769437811,1.50946448512624,1.48569356620553,1.46057393503456,1.43405597473416,1.4063014358315,1.37751015636989,1.34790588346973,1.31825896761888,1.28922266727847,1.26110934194754,1.23428503709,1.20896159589561,1.18538814806854,1.16388970077651,1.14433256048612,1.12690079097229,1.11200135111093,1.10003907810997,1.0914344109231,1.08657483103533,1.08579660718591,1.08934984157964,1.09745372581913,1.11032138240452,1.12806178589051,1.15068959216249,1.17820279018823,1.21054528483931,1.24766658660035
1.27761969917413,1.31434393306736,1.35393207936323,1.39588624433597,1.43953597676606,1.48400350878262,1.52839468959419,1.57202010440154,1.61371713523994,1.65239941650988,1.68723018146486,1.71751718771121,1.74243326542552,1.76049570074429,1.76975824242544,1.76960496787048,1.76525748259387,1.75462524407208,1.73125884649022,1.69591905214269,1.65156024887961,1.60084831887187,1.54607565264574,1.48833784176406,1.42819382817841,1.36639868082536,1.30327047388491,1.23882261209585,1.17349550649711,1.10773467871969,1.04163878846255,0.974779175972329,0.906517159474228,0.836772165556519,0.765551509731234,0.692638926139102,0.617863314476552,0.541167765181971,0.462616464686763,0.382557724056526,0.301623010072732,0.220060395911454,0.138094951911979,0.0559714083222364,-0.0264527964388985,-0.109334492511641,-0.192278941350478,-0.274872877372666,-0.357006142343079,-0.438533266662071,-0.519011606006389,-0.598165340089097,-0.675673968512031,-0.751203925003278,-0.82450678435265,-0.895372902103353,-0.96355455772996,-1.02905611979231,-1.09206972276902,-1.1522775952576,-1.20953089322351,-1.26370886489296,-1.31418776540906,-1.36064920311399,-1.4027121166255,-1.43929367566978,-1.46968868453598,-1.49310624687651,-1.50893954581621,-1.51707596280016,-1.51706007331656,-1.50860562514346,-1.49178304294738,-1.46662710447366,-1.43367867916216,-1.393811299767,-1.3478204442404,-1.29657123070341,-1.24085639608178,-1.18120774713913,-1.11791728901717,-1.0514767248349,-0.98201543133112,-0.90958187168312,-0.834378348808204,-0.756561068150752,-0.676260294896158,-0.593799774908997,-0.510073130753324,-0.425371984019813,-0.339993343056086,-0.254302186058041,-0.16849571351202,-0.0835173800303107,-0.000387535786876697,0.0799846742140028,0.156817335459529,0.229523065767852,0.29780356644272,0.361882958856727,0.422044997905319,0.478510572493368,0.531855687369848,0.582416045600758,0.630608127605553,0.677061131083638,0.722011595720042,0.765678201190136,0.808288285697865,0.849884117762215,0.890422963218237,0.929734384006559,0.967787373231465,1.00470966669223,1.04057017883261,1.07538461369846,1.10918263061109,1.14199785438119,1.17385546067353,1.20476329600642,1.23473540373469,1.26381963560328,1.29207212528341,1.31951402698919,1.34615182979707,1.37148640240746,1.39509286043089,1.41695837907444,1.43700134567167,1.45478868066685,1.47042998100835,1.48396645450453,1.49557697223317,1.50507218385947,1.51242702963161,1.51786327897818,1.5219438541775,1.52466149280268,1.52599906879176,1.52594666444669,1.52449558488128,1.52166093634074,1.51745418535558,1.51181151376093,1.50463179994284,1.4959944012556,1.48589690478165,1.47436262854709,1.4613723982105,1.44686793207116,1.43075076958845,1.41311332084685,1.39410672386344,1.37404010274587,1.35306696178701,1.33133916897991,1.30905888059019,1.28636202379383,1.26336640027499,1.2407946160015,1.21920767662646,1.19885444227621,1.17998144571858,1.16288498459092,1.14773182072689,1.13474108468595,1.12411518397488,1.11570039706516,1.10969840026963,1.10638716347272,1.10602347910749,1.10883943460768,1.1150516001377,1.12481435492626,1.13823231336739,1.15533846547719,1.17612196451588,1.20055970772783,1.22871792379562,1.26049682381101
1.24637229360253,1.27424124273367,1.30358499538877,1.33393526415044,1.36472710030078,1.39525798324517,1.42478187745786,1.45251424985685,1.47765431755678,1.49940304101418,1.51695057988914,1.52945237928268,1.53614352229947,1.53640513551452,1.5300325107696,1.51860672356316,1.50692484454534,1.4949603140279,1.47702205152603,1.45153158523099,1.41896973167475,1.38026280585824,1.33651409643472,1.28870792159082,1.23787322137227,1.18461845265134,1.1291477137268,1.07195342235437,1.01336327853178,0.953528959347897,0.892123880394159,0.828893593185708,0.764073429700704,0.697695874829858,0.629565282482515,0.559706233812714,0.488235499778014,0.415215736182279,0.340743108875268,0.26494108833922,0.188194029246896,0.110583416887854,0.0321784605375964,-0.0469361589695923,-0.126620291598425,-0.20675586972063,-0.287209397317941,-0.367772343709832,-0.447867613077244,-0.526958783978713,-0.604833867506331,-0.681381699872899,-0.756528161667871,-0.830186100801249,-0.902172463365291,-0.972357088668496,-1.04064810614433,-1.10736276580297,-1.1725143002647,-1.23601119740942,-1.29782330146841,-1.35738921748079,-1.41436910133522,-1.46804270884619,-1.51776409697235,-1.56292416370217,-1.60247750182565,-1.63550307546262,-1.66092435909795,-1.6773888428199,-1.68321437866315,-1.67656622860956,-1.65700385872188,-1.62561311769476,-1.58451629655725,-1.53586810595043,-1.48137403176851,-1.42234941138269,-1.35977781644008,-1.29413658612691,-1.22574585365732,-1.15477747865657,-1.08151522009196,-1.00618819647925,-0.928985421770853,-0.850090181048204,-0.77019946946016,-0.689737663927738,-0.608913387396806,-0.527757716226834,-0.44660495231578,-0.366078634957624,-0.286585168696474,-0.20853826992424,-0.13233213316912,-0.0583580354514776,0.013087281770883,0.0817900795676139,0.147561430951294,0.210339868601758,0.270097017451786,0.326804854502763,0.380870399938115,0.432586205806283,0.482167082992895,0.529810800458262,0.575687914748623,0.619938306664451,0.662672617704039,0.704012782019122,0.744118410680672,0.783061842539797,0.8209004212481,0.857619064852769,0.893285407568946,0.927931897718314,0.961588289392042,0.994282863018762,1.02604176378839,1.05688827455025,1.08684077266358,1.11592441392212,1.1441807032203,1.17161870677232,1.19824444145233,1.22374656732472,1.24767322082117,1.26995489805307,1.29017662400874,1.30821003151244,1.32419451269396,1.33839732182865,1.35074099706227,1.36121550174524,1.36982036472654,1.37656157168968,1.38153723894414,1.38527943732103,1.38787960700363,1.38934554666195,1.38967690739053,1.38885248926626,1.38688397815574,1.38374277798082,1.37942835889501,1.37391081497245,1.36708910785145,1.35901537163916,1.34970637750451,1.33905093690069,1.32711292515932,1.31398402824308,1.299792358027,1.28474690859828,1.26898423531598,1.25264438943839,1.23588892901458,1.21891824446596,1.20190039377623,1.18501116992558,1.16882169787173,1.15380556511185,1.14014497405726,1.12801839181051,1.11758594784392,1.10905244002826,1.10253163376931,1.09820035503218,1.09621101995995,1.09640307331705,1.09880381372238,1.10355187230601,1.11076074215256,1.12051077426391,1.13284404992806,1.14776895769985,1.16532817857753,1.1855111180032,1.20818120630319,1.23314946206009
1.18192067737879,1.20113750750942,1.22082545388199,1.24060425899181,1.26004711677707,1.27868796631024,1.29603130142138,1.31156507291888,1.32477639087964,1.33517051136293,1.3422953854562,1.34577592146073,1.34536112666491,1.3409765131905,1.33275137646781,1.32095296929714,1.30577982917981,1.28716855501377,1.26478310198579,1.23820531985981,1.20721441432791,1.17220125026775,1.13356769698254,1.0916777957699,1.04699250095043,0.999870226015136,0.950651516134702,0.89982402678196,0.847396976695233,0.792837685486826,0.73629327600692,0.67790727641107,0.617782591441309,0.555840509377437,0.492049593181539,0.426464793203019,0.359207990479752,0.29023631298459,0.219638100108752,0.147795801817148,0.0750395057689897,0.0014567616877946,-0.0728524973275548,-0.147790929163279,-0.223238057419497,-0.298904983497692,-0.374532340542364,-0.449984828247298,-0.525124386811482,-0.599815960063953,-0.673931334398393,-0.747338927870349,-0.819828580890362,-0.891163845420864,-0.961275463847758,-1.03029225984236,-1.0986294235105,-1.16620372158139,-1.23287526299784,-1.29848203374292,-1.36293742521622,-1.42604841261335,-1.48759613190026,-1.54754143983212,-1.60518903753,-1.6597827816048,-1.7104299392766,-1.75589791985803,-1.79483818152681,-1.82611234662133,-1.84739725640942,-1.84855466467041,-1.81541720863177,-1.76444490037216,-1.70670103447363,-1.64492109380223,-1.58022584192297,-1.51323138390189,-1.44434235062041,-1.3738454597959,-1.30195162018333,-1.22878794441858,-1.15436156601636,-1.07880518009537,-1.00263597730404,-0.92607981728057,-0.849232935643006,-0.772416995461681,-0.69587500409302,-0.619795777596945,-0.544385335533593,-0.469908888282623,-0.396622978873244,-0.324713924366541,-0.254345554635871,-0.185727957139731,-0.119072867743585,-0.0546313047768919,0.00752272227421028,0.0674724730824579,0.125216455500794,0.180785351216034,0.234240893598397,0.285666653969309,0.335176554934867,0.382922010283576,0.429014915342062,0.473559085112962,0.516649896215603,0.558373326885,0.598806089083916,0.638016411053618,0.676065097972917,0.713006598316825,0.74887521970795,0.783629622867714,0.81730250324114,0.849937807138022,0.881575612579332,0.912252046797718,0.941999603031505,0.97085874880406,0.998880023324631,1.0260828339131,1.05247938348186,1.07790828136859,1.10190035508143,1.12406588830261,1.14434039377178,1.16271336244643,1.17923588609727,1.19408031269063,1.20730796987177,1.2189143982475,1.22889725628953,1.23725718118617,1.2440018606462,1.24914394759219,1.25297230784997,1.25576742964879,1.25753401154843,1.25828139757705,1.25802401048181,1.25678175408255,1.25458038548189,1.25145185715458,1.24743462841148,1.24253386832173,1.23655139785629,1.22948382986042,1.22140339437916,1.21239097917944,1.2025528894875,1.19206493381659,1.18104398560748,1.16960805118259,1.15788042794037,1.14599036301904,1.13407343241138,1.12227996893057,1.1107776236817,1.09987523330114,1.09006591936073,1.08149456878932,1.07429105556094,1.06858308553802,1.06448332749557,1.06211780590371,1.06155617688746,1.06284896040758,1.06606444732635,1.07119459739302,1.07803467440629,1.08656833184234,1.09686522604597,1.10892607203788,1.12267379796473,1.13798652010518,1.15470366491273,1.17261836959941
1.09057152116415,1.10210961844357,1.11352979719662,1.12456533842119,1.13492955601055,1.14432129075281,1.15243189070628,1.15895363530924,1.16358944315519,1.16606351178068,1.16613217295138,1.16359360104782,1.15829412004605,1.15012815975069,1.13902945236727,1.12495401717583,1.10786035959935,1.08769629837676,1.06440275780624,1.03793229100854,1.00833709964359,0.975677950816652,0.940055460316366,0.901721492400805,0.861133141295673,0.818474443065482,0.773873454003309,0.727177274579639,0.67845728088543,0.627848158568139,0.575464592362885,0.521511139036498,0.465977648375115,0.408637366087581,0.349550213731305,0.288790942957245,0.226438833262022,0.162580517432722,0.0973950030442303,0.031152046254908,-0.0359200899904451,-0.103699831787831,-0.17195527818601,-0.240544977652643,-0.309409939804496,-0.378475341755145,-0.447642471285481,-0.516798188289961,-0.585834335674066,-0.654649829853574,-0.723181494203506,-0.791348303485708,-0.859066902799176,-0.92628007985615,-0.993208019126857,-1.0598857021075,-1.12625867370488,-1.19227008760203,-1.25782042007899,-1.32282604447775,-1.38725819618032,-1.4510870016726,-1.51419381625734,-1.57635321985135,-1.6372396262994,-1.696191703658,-1.75203702915066,-1.80259678834592,-1.8432420563508,-1.86718433919144,-1.87054338219418,-1.85408948545313,-1.81997033390045,-1.77273128450362,-1.71737677503638,-1.65717897154917,-1.59390393498277,-1.5284875872401,-1.46145280390786,-1.39309915594175,-1.32364915410837,-1.25339296839742,-1.18284993328117,-1.11210700134801,-1.04127193997635,-0.970485033924712,-0.899886911137072,-0.829619620386089,-0.759807275751124,-0.69055968666984,-0.622050371112972,-0.554442657882062,-0.487893679857037,-0.422498927046833,-0.358359607730666,-0.295586620345704,-0.234278529288359,-0.174517367382753,-0.116364917642689,-0.0598616670611372,-0.00502699906057433,0.0481394376665407,0.0996553909908653,0.14955300453571,0.197875500917268,0.244673877099205,0.290003876300008,0.333923412635042,0.376490532426944,0.417761915997279,0.457791865159232,0.496631687352325,0.534329375166374,0.570929484731436,0.606473131966802,0.640998046224158,0.674538641904657,0.707107917150798,0.738677865187209,0.769275430042093,0.798929287786413,0.827675255047594,0.855554627510158,0.88258809684189,0.908793168036185,0.933926304116691,0.957495332365848,0.97939769030301,0.999610061785866,1.01814389094492,1.03506324400621,1.05037891296619,1.06422128188695,1.07664097056046,1.08764605852295,1.09724782676286,1.10546110566704,1.1123046060941,1.11780123030652,1.12198319367002,1.12513945368499,1.12743763361445,1.12889761446692,1.12954332050251,1.1294029751606,1.12850932630922,1.12684000246984,1.12433921187175,1.12104642909397,1.11700796941537,1.11227593127707,1.1068730360595,1.100817687914,1.09424980279012,1.08726516025284,1.07995436335683,1.07241130901468,1.06473361945773,1.05702249415477,1.04939755436921,1.04197164929449,1.03484998761089,1.02814672503426,1.0222312632934,1.01730943822821,1.01345613741947,1.01073797719571,1.00921159123597,1.0089218280615,1.00989987872069,1.01216530328655,1.01577886917461,1.02073131500747,1.02698843081853,1.03449281795521,1.04307032769949,1.05253120405903,1.0627513828818,1.07358233844345,1.08485102588382
0.977633338181598,0.982880322843275,0.98770057429286,0.991918939073787,0.995352609655458,0.997814430635493,0.999116625217596,0.999074801863667,0.997512035091575,0.994262746626865,0.989176057922821,0.982118268356682,0.972974171185744,0.961647084418245,0.948057843346136,0.932174884906158,0.913979267190004,0.893441679253053,0.870546000511304,0.845290585489286,0.817690101697231,0.787777114836578,0.755602409582116,0.721242253753743,0.684689121156327,0.64583211895465,0.604782543766215,0.56184429191881,0.517150417887673,0.470782932411243,0.422820506328381,0.373252877682987,0.322108614185174,0.269457397789162,0.21536505503701,0.159890906051562,0.103138559382602,0.04525957508605,-0.0135485797692087,-0.0730234418291281,-0.133025887470437,-0.193512525956232,-0.254433067996998,-0.315704706264831,-0.377245174723658,-0.438972901767616,-0.500806956632654,-0.562667036205724,-0.62447346726173,-0.686147194479593,-0.747609561357238,-0.808794857438968,-0.869838962945534,-0.930749051872332,-0.991457109462999,-1.0518589071279,-1.11183974229816,-1.17130305123123,-1.23016847445227,-1.28831342410185,-1.3455897231161,-1.40181536633922,-1.45675853648947,-1.51011122531407,-1.56144206638455,-1.61015914840924,-1.65532315059805,-1.69472431990652,-1.72398784190242,-1.73635461746623,-1.72975142304388,-1.7094905884946,-1.68004745888216,-1.64363983199893,-1.60159396033888,-1.55493371420726,-1.50451896078812,-1.45106563614178,-1.39528364554488,-1.33781757203708,-1.27906033616644,-1.21932995247353,-1.1588884547826,-1.0979666631753,-1.03674281779009,-0.975305949285607,-0.913805060675715,-0.852386763723506,-0.791186722395716,-0.730333063570452,-0.66994737618131,-0.610144986300984,-0.551034710854048,-0.492718226866564,-0.435289192622009,-0.378832258185813,-0.323422099981155,-0.269122603395399,-0.215986296847956,-0.16405411085036,-0.113355499147674,-0.0639089205190053,-0.0157226443395415,0.0312041848896535,0.0768803060867918,0.121321010835471,0.164546805853318,0.206582137934073,0.247454232499054,0.28719207731704,0.325825564744432,0.363384790936954,0.39989949985263,0.435398653602029,0.469910108279972,0.503460374933776,0.536074447791343,0.567775685327613,0.598585733444671,0.628524483413173,0.657610070225571,0.68585514833909,0.713254275657397,0.739695171162511,0.765078593932041,0.789361328132529,0.81229316173027,0.833690619884023,0.85367245954228,0.872250191022489,0.889430514639603,0.905222320464183,0.919637771848006,0.932770922348073,0.944688346619326,0.955405637834699,0.964941121199381,0.97331606159873,0.980554855898113,0.986685207376934,0.991738279883653,0.995748829387072,0.998843126717744,1.00125014357665,1.00298460715669,1.00399192618207,1.00429116256282,1.00391363949762,1.0028943408556,1.00127191863624,0.999088655726805,0.996390380296861,0.993236815325734,0.989730021507213,0.985932042159092,0.981900875366023,0.97766809555122,0.973276159172809,0.968801013186927,0.964325143805929,0.959918513754106,0.955649344967505,0.951583567011288,0.947783866615815,0.944317423856846,0.94143510376985,0.939254215883224,0.937819784350098,0.937178893744702,0.93733939170207,0.938296848654562,0.940033681651873,0.942518152162056,0.945703467191068,0.949527019333562,0.953909805930548,0.958762665628422,0.963975383068344,0.969407233832208,0.974912920340131
0.850050490779467,0.849952841869772,0.849374143293105,0.84819578895713,0.846296639993124,0.843555112906448,0.83985453417541,0.835088559343436,0.829147709305263,0.821928313051939,0.813334068546885,0.803276978698109,0.791673689524025,0.778459773490507,0.763583036809148,0.747001576032158,0.728683865653423,0.708608803687348,0.686765747866422,0.663154538449047,0.637785184518691,0.610570789301034,0.581445277463803,0.550435475312922,0.517577615559358,0.482919853217214,0.446525772500026,0.408460450329511,0.368794459246936,0.327578765231727,0.28482116265966,0.240622782836249,0.195167600888222,0.148532505585402,0.10078328404032,0.05198697571123,0.00221179315656742,-0.048432569365614,-0.0998131450776212,-0.151718813857258,-0.204038519427702,-0.256704708489731,-0.309644403495292,-0.362783558806353,-0.416046774687061,-0.469356985419894,-0.522635110345682,-0.575799651030989,-0.628766211606259,-0.681536845836386,-0.734139300818517,-0.786487384686163,-0.838487424574817,-0.890037035191095,-0.941023107655001,-0.991319230833884,-1.04078237275518,-1.08924859884189,-1.13652754235069,-1.18239527758618,-1.22658520232579,-1.26877657695259,-1.30858064709943,-1.34552512037559,-1.37903977425856,-1.40844994534404,-1.43299076874265,-1.45187881558415,-1.46449422037708,-1.47034987056911,-1.46914579017352,-1.4609976701901,-1.44635200341987,-1.42579688404503,-1.40009057090156,-1.36991501608348,-1.3358960138609,-1.29859658678054,-1.25851600359939,-1.2160935311979,-1.17171408620472,-1.12571452379153,-1.07838993583503,-1.02999980256137,-0.980781727487928,-0.93094317352272,-0.880664273362069,-0.830063087179113,-0.779265602332465,-0.728411243204887,-0.677626756786053,-0.627028238488191,-0.576721970920427,-0.526804994211018,-0.477365477396727,-0.428482955635809,-0.380228491989998,-0.332664815068652,-0.285846474904201,-0.239820049296214,-0.194624421995992,-0.150291143241753,-0.106844873055024,-0.0643038991202953,-0.0226807145486931,0.0180173633265098,0.0577875537344112,0.096630973063236,0.134552013416307,0.171557754047855,0.2076574167857,0.242861872677491,0.277183203544356,0.310634319175487,0.343228628656948,0.37497976281664,0.405901343913224,0.43600679837034,0.465309208409579,0.493821198735267,0.521481275035632,0.548229509878265,0.57406856626049,0.598991692081345,0.622916925545923,0.645861773206492,0.667746154628143,0.688463832690946,0.707985952451346,0.726318866781132,0.743471346646827,0.759454038007432,0.774279584954106,0.787962749678426,0.800537984266611,0.812094593256725,0.822658653490496,0.83225064551786,0.840893278987867,0.848611573072889,0.855432921402791,0.86138702690455,0.866464775533178,0.870663963158558,0.874016950726799,0.876584573463708,0.878539375411181,0.879928700068797,0.880780259838899,0.881123799123613,0.880991063892252,0.880416832543307,0.879446928403008,0.878152387575948,0.876574167269552,0.874751141892228,0.87272259932051,0.870531244500225,0.868226122908756,0.865846380208236,0.86342917676023,0.861020325281153,0.858668160309445,0.856406208653904,0.854263378379649,0.852256719066436,0.850407722678381,0.848769972037884,0.847496047065919,0.846594404866671,0.846048925800283,0.845834699443556,0.845917639851812,0.846254197140703,0.846791184526399,0.847465740389495,0.848205444754865,0.848928608578708,0.849544752139162,0.849955285354119
0.714630154469416,0.710798416349854,0.70646600039961,0.701564520049495,0.696025036379065,0.689778859696397,0.68275836673629,0.674897814484497,0.66613413144037,0.65640766814321,0.645662890997337,0.633849006687808,0.620920508434829,0.606837639488463,0.591566773036655,0.575080710550191,0.557309343905478,0.538179073319247,0.517672778521259,0.495780446036716,0.472499148340034,0.447832966406261,0.421792840447793,0.394396350269985,0.36566742948231,0.335636021131278,0.304337685588605,0.271794045314438,0.238004991594967,0.203016392771561,0.166880047694042,0.129651507370045,0.0913897073248642,0.0521566420740632,0.0120170871449508,-0.0289616283616141,-0.0707067763176104,-0.113099361771141,-0.156038757507819,-0.199347034835075,-0.242912383632376,-0.286644021127635,-0.330470673000882,-0.374319272771562,-0.418114241600279,-0.461813766215225,-0.505421096552975,-0.548862463406336,-0.592056759194715,-0.634917632028137,-0.677352727786038,-0.719262823297966,-0.760540840423689,-0.801070734460466,-0.840726257421336,-0.879369609154753,-0.916850009490168,-0.953002255908334,-0.987645377537912,-1.02058156138918,-1.05159561262668,-1.08045531395984,-1.10691315538981,-1.13070998139528,-1.1515873098355,-1.16931959187819,-1.18367474606805,-1.19444568413499,-1.20147155075292,-1.2046685684671,-1.20399888822082,-1.19953678303316,-1.19139751054973,-1.17971820539843,-1.16467150275778,-1.14642145739243,-1.12520306894625,-1.10125955596652,-1.07480868659009,-1.04610250540708,-1.01538774716238,-0.98289891298247,-0.948856699991995,-0.913467336309802,-0.876922548992236,-0.83940333690482,-0.801079404784219,-0.762101898419689,-0.722609937601146,-0.68273152330576,-0.642581702042259,-0.602240656784675,-0.56180290405578,-0.521362861362289,-0.481006988872952,-0.440814203729865,-0.400856252186146,-0.36119805189734,-0.321898015949364,-0.283008368675824,-0.244575461281321,-0.20664009296706,-0.169237840886291,-0.132399400016445,-0.0961509320747379,-0.0605144210355276,-0.0255080316717209,0.00885353312458137,0.0425586807489028,0.0755985874045865,0.107966870734094,0.139659279964801,0.170673406273605,0.201008415342263,0.230664803365532,0.259625715770387,0.287835740457075,0.315286086296307,0.341971953978793,0.367866206812587,0.392931559284051,0.417170989804463,0.440642084128034,0.463361351451432,0.48532815922243,0.506534040036453,0.526878398212646,0.546298543807098,0.564764265429642,0.582279362172826,0.598849236792066,0.614480951388146,0.629183281649388,0.642966768154269,0.65584376324732,0.667828472027381,0.678946227857794,0.689262091887156,0.698785275497021,0.707505579598823,0.715439235674258,0.722604808792253,0.729022673530857,0.734715000123619,0.739705723333697,0.744020492927407,0.747686604695236,0.750732911073124,0.753190140098554,0.755090653615048,0.756484588450026,0.757473260794834,0.758100726073515,0.758412350966333,0.758433612359172,0.758189601635707,0.757710012702219,0.757024007067251,0.756155427084295,0.755127009921218,0.753960079374083,0.752674225038154,0.751286972111214,0.749813445678451,0.748266033911312,0.746654055206631,0.744983434871628,0.74325639751534,0.741471181815307,0.739621784759675,0.73769774280712,0.735716814645417,0.733732874985803,0.731715200282848,0.729624545276694,0.727416770158718,0.725043052590794,0.722450182592732,0.719580942215457,0.716374569740413
0.576293616479816,0.570261710711061,0.563768788622951,0.556778524525565,0.549254674075192,0.54116144690483,0.532459938775899,0.523095297510209,0.51302753035184,0.502220662359306,0.490640800518097,0.478256480618349,0.465038988177743,0.450962650012461,0.436005093790284,0.420147473602331,0.403374660241845,0.385675395475654,0.367042410130028,0.347472506309865,0.326966604553016,0.305529757204429,0.283171129800047,0.259903952766822,0.235731356508568,0.210649353288296,0.184680676441985,0.157852261656301,0.130194715146765,0.101742171222954,0.0725321469257819,0.0426053980026892,0.0120057801875231,-0.0192198806427906,-0.0510219063236076,-0.0833478696511905,-0.116129731349908,-0.149281266097433,-0.182733961312765,-0.216395151841192,-0.250206323181263,-0.284110237024975,-0.318049223984564,-0.351959128378164,-0.385773467797117,-0.419423349780364,-0.452837308481585,-0.485941125607932,-0.51865763988411,-0.550906550916625,-0.582604225449198,-0.613663516683234,-0.64399361065389,-0.673499917623013,-0.702084031026993,-0.729643781517068,-0.756073418727944,-0.781263957997652,-0.805103732472634,-0.827479191635783,-0.848275983788126,-0.867380350730248,-0.884680846340953,-0.900070366095895,-0.913448442282121,-0.924723722104536,-0.933816507699057,-0.940661204878217,-0.94520852740726,-0.947438477103739,-0.947348345547492,-0.944945398429266,-0.94025629358866,-0.933326177558999,-0.924217186780906,-0.91300648716218,-0.89978455261923,-0.884673947994996,-0.867791152115733,-0.849245366470721,-0.829149391582207,-0.807617789255326,-0.784765314210125,-0.760705617025322,-0.735548284070219,-0.709393336178407,-0.682347530676768,-0.654509580183948,-0.625981484573198,-0.596860668467786,-0.567239253136478,-0.537204195214714,-0.506837307784443,-0.476215324748835,-0.445409999116728,-0.414488535270833,-0.383513312217483,-0.352540464055113,-0.321613013433526,-0.29077976721123,-0.26008784431489,-0.229580435062626,-0.199296983721335,-0.169273375799509,-0.139542128957941,-0.110136013127458,-0.0810939795600966,-0.0524444685822208,-0.0242128588179536,0.00357702290730938,0.0308941839093211,0.0577135741980099,0.0840143759610486,0.109777249706715,0.134984234024615,0.15962037099625,0.18369792531152,0.207215898650735,0.230165764491322,0.25254186435967,0.274342668439018,0.295562826346719,0.316197512733519,0.336242662662539,0.355694943702413,0.374548221567487,0.392737949218475,0.410233911194889,0.427004352488516,0.443046010447198,0.458361615873542,0.47295067752314,0.486806723051492,0.499933629793485,0.512336976243712,0.524023631859902,0.535001757376595,0.545280799856882,0.554871481641354,0.56378953672576,0.572075618890438,0.579747914919395,0.586819763670527,0.593305503595442,0.599220798006027,0.604582008921869,0.60940613079117,0.613710882132726,0.617514613398755,0.620836203741277,0.623694946707578,0.626110973457611,0.628118247852508,0.629742926867284,0.631008146770744,0.631935580298315,0.632544097468476,0.632851777307402,0.632875723930546,0.632631885155539,0.632146620299157,0.631440374214502,0.630519668009183,0.629389442863937,0.628052915447765,0.626511441960011,0.624764393510719,0.622809045645085,0.6206404848623,0.618251534975545,0.61563270608503,0.61277216880323,0.609655756145831,0.606266995206939,0.602587170343311,0.59859541911948,0.594268861699287,0.589584569685129,0.584548487403066,0.579140165172652
0.434816538181162,0.428120311207206,0.420989845629763,0.413410544493546,0.405367838886872,0.396847344992301,0.387835023698074,0.378317341026401,0.368281427635608,0.357715235687368,0.346607691439027,0.33494884202314,0.322729995003368,0.309943849448611,0.296584617436864,0.282648135086576,0.268131962408947,0.253035471474472,0.237359371786307,0.221094713146314,0.204240759225007,0.186803527356167,0.168791172657823,0.150214013833488,0.131084548788082,0.111417460910754,0.0912296169793986,0.0705400577140105,0.0493699820587867,0.0277427262875355,0.00568373901864416,-0.0167794468187122,-0.0396172440961521,-0.0627980428030433,-0.0862882418261445,-0.110049789778532,-0.134027264031906,-0.158177710609945,-0.182455116161958,-0.206779186819228,-0.231097824449567,-0.255365429616326,-0.279535182031624,-0.303561456795117,-0.327395384696221,-0.350985815660511,-0.374280323014018,-0.397225258609203,-0.419765821686026,-0.441846145037942,-0.463409402377636,-0.484397941052048,-0.504753444409945,-0.524417128120379,-0.543329974540104,-0.561433008763388,-0.578667619211794,-0.59497592448389,-0.610301186648003,-0.624588269224971,-0.637784135793351,-0.649838382536613,-0.660703795262462,-0.670336918649222,-0.678698622928354,-0.685754651165733,-0.691476129006733,-0.69584001843668,-0.698829497930741,-0.700434739379473,-0.700660329241545,-0.699512191698498,-0.696999955779255,-0.693139791671343,-0.687954159129379,-0.681471460141813,-0.673725609623038,-0.664755540268003,-0.654604658968611,-0.643320272357989,-0.630952998270636,-0.617556178364523,-0.603185305085049,-0.587897473775308,-0.57175086827941,-0.554804285988194,-0.537116706095716,-0.518746902923284,-0.499753104589857,-0.480192696053253,-0.460121964616977,-0.439597149484444,-0.418673095035867,-0.397401468574705,-0.375832180015088,-0.354013299238843,-0.331990995632213,-0.309809499132417,-0.287511080135856,-0.265136045837622,-0.242722750787549,-0.22030761964251,-0.197925180287628,-0.175608105657483,-0.153387302916908,-0.131291969799926,-0.109349509717273,-0.087585693830448,-0.0660247305125288,-0.0446893318804371,-0.0236007807986313,-0.00277899756430777,0.0177573944275794,0.0379910046598886,0.0579056136429772,0.0774861136936242,0.0967184527125276,0.115589746839636,0.134090699422014,0.152211191535908,0.169940971189469,0.187270594129145,0.204191388819475,0.22069542506891,0.236775486136052,0.252422862734378,0.267596065900535,0.282277384158794,0.29645375299054,0.310106944536277,0.323234380312656,0.335834674338274,0.347907365583871,0.359452899413323,0.370472627971901,0.38096887025773,0.390944705538463,0.400404010823621,0.4093514472148,0.417792426840003,0.425733076317519,0.433180196515004,0.440141218407662,0.446624154881125,0.452637568121688,0.458199511781391,0.463325956993206,0.46802527810156,0.472306097685003,0.47617722185488,0.479648744713332,0.482737084661577,0.485457518029655,0.487819104571856,0.489830643721859,0.491500594063532,0.492836990428069,0.493847361023084,0.494538645348825,0.494917113714066,0.494988289222037,0.494756873141712,0.494226674619557,0.493400545715014,0.492280322757614,0.490866775027123,0.489159561742324,0.487157198315054,0.48485703277585,0.482255233209952,0.479346786953886,0.476125512191428,0.472584082467641,0.468714064479421,0.464505969350627,0.459949317408719,0.455032716294799,0.449743952037377,0.444070092514908,0.437997602531893
0.285219412059691,0.279312299489804,0.273079061059413,0.266516878695956,0.259622497003961,0.252391906305129,0.244822549255801,0.236912273279529,0.228659344320782,0.220062506063602,0.211121038246143,0.201834813641873,0.192204353297242,0.18223087964192,0.171916367117067,0.161263589996792,0.150276167116766,0.138958603256345,0.12731632696272,0.115355724641415,0.103084170775185,0.0905100541717788,0.0776428001708993,0.0644928887784244,0.0510718687166415,0.0373923674084375,0.0234680969294472,0.00931385597706713,-0.0050544720864098,-0.0196199250557072,-0.034364471512508,-0.0492690242127364,-0.0643134571964606,-0.0794766266016127,-0.0947343121422511,-0.110055591251242,-0.125415641983298,-0.140789533956292,-0.156150927954458,-0.171458190909494,-0.186677703708907,-0.201781895475288,-0.216742699275471,-0.231531612412626,-0.246119761451895,-0.260477972295033,-0.274577505742558,-0.288389701464818,-0.301884889807612,-0.315033424362954,-0.327805788236235,-0.340172700119626,-0.352105226559702,-0.36357490018778,-0.374553843520773,-0.385014897761255,-0.394931755829813,-0.404279098662269,-0.413032733590213,-0.421169733426155,-0.428668574678154,-0.435509273150957,-0.441673515057127,-0.447144781658564,-0.45190846542132,-0.455951975672336,-0.459264831823452,-0.461838742362531,-0.463667668017471,-0.464747867751445,-0.465077926561589,-0.464659657189539,-0.463500027335081,-0.461604867712598,-0.458981807064343,-0.455640633643984,-0.451593213889894,-0.446853396086092,-0.441436900718538,-0.435361199419902,-0.428645384515647,-0.421310031240845,-0.41337705470305,-0.404869563610116,-0.395811712686131,-0.386228555564898,-0.376145899781919,-0.365590165308898,-0.35458824787006,-0.34316738808891,-0.331355047308431,-0.319178790742815,-0.306666178437952,-0.293844664354949,-0.280741503741787,-0.267383668831994,-0.25379777279373,-0.240010001756852,-0.226046054673336,-0.211931090694649,-0.197689979593751,-0.183347021435957,-0.168925425205795,-0.154447715513391,-0.139935714520838,-0.125410526397851,-0.11089252630442,-0.0964013534597514,-0.0819559078695955,-0.0675743503021342,-0.0532741051187477,-0.0390718655928387,-0.0249836013672643,-0.0110245677306783,0.00279106225019776,0.01645062458575,0.0299410761401488,0.0432499495557496,0.0563654196881167,0.0692762884524357,0.0819719694186618,0.0944424722735344,0.106678387245157,0.118670869560705,0.130411623990398,0.14189008016112,0.153082179217517,0.163978397600172,0.17457259474872,0.184856735857176,0.194818336869485,0.204452599868616,0.213755836326212,0.222724922416218,0.231357279377661,0.239650852932066,0.247604091715567,0.255215924689473,0.26248573750107,0.269413347776036,0.275998979332125,0.282243576517018,0.288148563416882,0.293715304625468,0.298945455168213,0.303840930016326,0.308403871844332,0.3126366180439,0.316541667112682,0.320122827895795,0.323386551943602,0.326335959113835,0.328973904250615,0.331303205683689,0.333326611058273,0.335046763974061,0.336466171681278,0.337587174092268,0.338411914375778,0.338942568146803,0.339182064872968,0.339131605741952,0.338791889531835,0.338163337345674,0.33724608061434,0.336039952315752,0.334544481619004,0.332758892144112,0.330682103997758,0.32831273972355,0.32564913426835,0.322689349034321,0.319431190048425,0.315872230238798,0.312009835770776,0.307841196348541,0.303363359345911,0.298573267590844,0.293467800579683,0.288043818863984
0.129302070736708,0.125579757589006,0.121677176231444,0.1175962751708,0.113339180503212,0.108908206717564,0.104305867509731,0.0995348865322697,0.0945982079962734,0.0894990070489605,0.0842406998412052,0.0788269532099216,0.0732616938921987,0.0675491171949463,0.061693695043701,0.0557001833352258,0.0495736285246013,0.0433193733760847,0.0369430618132423,0.0304506428074858,0.023848373244923,0.0171428197181644,0.0103408591933024,0.00344967850495059,-0.00352322736195715,-0.0105700582414715,-0.0176827130390735,-0.0248527952985735,-0.0320716201042665,-0.0393302223412645,-0.0466193663265283,-0.0539287309775014,-0.061246846536373,-0.0685636463349922,-0.0758689092096794,-0.083152225210719,-0.0904030136563296,-0.0976105424668144,-0.10476394874539,-0.111852079189423,-0.118860047432246,-0.12577525391624,-0.132586638322946,-0.139283155909943,-0.145853803994837,-0.152287649180391,-0.158573855233957,-0.164701711532002,-0.170660661966784,-0.176440334207446,-0.182030569195574,-0.187421450748636,-0.192603335136819,-0.197566880488651,-0.202303075877265,-0.206803269928513,-0.211059198792492,-0.215063013309961,-0.218807374761982,-0.222285473313747,-0.225490836482635,-0.228417499024287,-0.231060028501898,-0.233413544301138,-0.235473734719632,-0.237236871997589,-0.238699825171876,-0.239860070649602,-0.240715700415282,-0.241265427803676,-0.241508590789502,-0.241445152766937,-0.241075700810237,-0.240401441432714,-0.239424193877654,-0.238146380998497,-0.236571017805473,-0.234702219565354,-0.232544698582166,-0.230103099319196,-0.22738258668209,-0.224388825583329,-0.22112795842178,-0.217606581216262,-0.213831718573769,-0.209810797666545,-0.205551621404598,-0.201062340977654,-0.196351427945652,-0.191427646049172,-0.186300022904252,-0.180977821739437,-0.175470513323683,-0.169787748223292,-0.163939329516716,-0.157935186082533,-0.151785346567179,-0.145499914124645,-0.13908904201068,-0.132562910101011,-0.125931702392117,-0.119205585532994,-0.112394614472335,-0.105508693917336,-0.0985577918343523,-0.091551789009155,-0.0845004586261222,-0.0774134515904481,-0.0703002829597831,-0.0631703194623071,-0.0560327680826467,-0.0488966656864332,-0.0417708696548401,-0.0346640494961634,-0.0275846793992168,-0.0205410316914099,-0.0135411711644111,-0.00659295022861883,0.000295995143868633,0.00711824872418165,0.0138666166204997,0.020534129198181,0.0271140423624674,0.0335998382413922,0.0399845874086178,0.0462580272041181,0.0524135363537782,0.0584455027342293,0.0643485635019712,0.0701176027668027,0.0757477487556042,0.081234370492856,0.0865727400697824,0.0917568043163386,0.0967823910503306,0.101645870147189,0.106343840523187,0.110873124015017,0.115230758928567,0.119413993292345,0.123420277848693,0.127247258819591,0.130892770482374,0.134354879619488,0.137632594563185,0.140724586037677,0.143629405087131,0.146345746768053,0.148872442183737,0.151208450643721,0.153352851992966,0.155304839158772,0.157063710959345,0.158628865221291,0.159999792251431,0.161176068707361,0.162157351910655,0.162943374646766,0.163533940489955,0.163928919694712,0.164128245688318,0.164131912199785,0.163939971054796,0.163552530665075,0.162969755233507,0.162191864697558,0.161219135422787,0.160051901658129,0.158690557758099,0.157135561171193,0.155387436188997,0.153446778446349,0.151314260153821,0.148990636041093,0.146476749983945,0.143773542280005,0.140882057534423,0.137803453111187,0.13453900809962,0.131090132743236
-0.0306680539661326,-0.0306680539661326,-0.0306680539661326,-0.0306680539661326,-0.0306680539661326,-0.0306680539661326,-0.0306680539661326,-0.0306680539661326,-0.0306680539661326,-0.0306680539661326,-0.0306680539661326,-0.0306680539661326,-0.0306680539661326,-0.0306680539661326,-0.0306680539661326,-0.0306680539661326,-0.0306680539661326,-0.0306680539661326,-0.0306680539661326,-0.0306680539661326,-0.0306680539661326,-0.0306680539661326,-0.0306680539661326,-0.0306680539661326,-0.0306680539661326,-0.0306680539661326,-0.0306680539661326,-0.0306680539661326,-0.0306680539661326,-0.0306680539661326,-0.0306680539661326,-0.0306680539661326,-0.0306680539661326,-0.0306680539661326,-0.0306680539661326,-0.0306680539661326,-0.0306680539661326,-0.0306680539661326,-0.0306680539661326,-0.0306680539661326,-0.0306680539661326,-0.0306680539661326,-0.0306680539661326,-0.0306680539661326,-0.0306680539661326,-0.0306680539661326,-0.0306680539661326,-0.0306680539661326,-0.0306680539661326,-0.0306680539661326,-0.0306680539661326,-0.0306680539661326,-0.0306680539661326,-0.0306680539661326,-0.0306680539661326,-0.0306680539661326,-0.0306680539661326,-0.0306680539661326,-0.0306680539661326,-0.0306680539661326,-0.0306680539661326,-0.0306680539661326,-0.0306680539661326,-0.0306680539661326,-0.0306680539661326,-0.0306680539661326,-0.0306680539661326,-0.0306680539661326,-0.0306680539661326,-0.0306680539661326,-0.0306680539661326,-0.0306680539661326,-0.0306680539661326,-0.0306680539661326,-0.0306680539661326,-0.0306680539661326,-0.0306680539661326,-0.0306680539661326,-0.0306680539661326,-0.0306680539661326,-0.0306680539661326,-0.0306680539661326,-0.0306680539661326,-0.0306680539661326,-0.0306680539661326,-0.0306680539661326,-0.0306680539661326,-0.0306680539661326,-0.0306680539661326,-0.0306680539661326,-0.0306680539661326,-0.0306680539661326,-0.0306680539661326,-0.0306680539661326,-0.0306680539661326,-0.0306680539661326,-0.0306680539661326,-0.0306680539661326,-0.0306680539661326,-0.0306680539661326,-0.0306680539661326,-0.0306680539661326,-0.0306680539661326,-0.0306680539661326,-0.0306680539661326,-0.0306680539661326,-0.0306680539661326,-0.0306680539661326,-0.0306680539661326,-0.0306680539661326,-0.0306680539661326,-0.0306680539661326,-0.0306680539661326,-0.0306680539661326,-0.0306680539661326,-0.0306680539661326,-0.0306680539661326,-0.0306680539661326,-0.0306680539661326,-0.0306680539661326,-0.0306680539661326,-0.0306680539661326,-0.0306680539661326,-0.0306680539661326,-0.0306680539661326,-0.0306680539661326,-0.0306680539661326,-0.0306680539661326,-0.0306680539661326,-0.0306680539661326,-0.0306680539661326,-0.0306680539661326,-0.0306680539661326,-0.0306680539661326,-0.0306680539661326,-0.0306680539661326,-0.0306680539661326,-0.0306680539661326,-0.0306680539661326,-0.0306680539661326,-0.0306680539661326,-0.0306680539661326,-0.0306680539661326,-0.0306680539661326,-0.0306680539661326,-0.0306680539661326,-0.0306680539661326,-0.0306680539661326,-0.0306680539661326,-0.0306680539661326,-0.0306680539661326,-0.0306680539661326,-0.0306680539661326,-0.0306680539661326,-0.0306680539661326,-0.0306680539661326,-0.0306680539661326,-0.0306680539661326,-0.0306680539661326,-0.0306680539661326,-0.0306680539661326,-0.0306680539661326,-0.0306680539661326,-0.0306680539661326,-0.0306680539661326,-0.0306680539661326,-0.0306680539661326,-0.0306680539661326,-0.0306680539661326,-0.0306680539661326,-0.0306680539661326,-0.0306680539661326,-0.0306680539661326,-0.0306680539661326,-0.0306680539661326,-0.0306680539661326,-0.0306680539661326,-0.0306680539661326,-0.0306680539661326,-0.0306680539661326
