0.515661787677185,0.515661787677185,0.515661787677185,0.515661787677185,0.515661787677185,0.515661787677185,0.515661787677185,0.515661787677185,0.515661787677185,0.515661787677185,0.515661787677185,0.515661787677185,0.515661787677185,0.515661787677185,0.515661787677185,0.515661787677185,0.515661787677185,0.515661787677185,0.515661787677185,0.515661787677185,0.515661787677185,0.515661787677185,0.515661787677185,0.515661787677185,0.515661787677185,0.515661787677185,0.515661787677185,0.515661787677185,0.515661787677185,0.515661787677185,0.515661787677185,0.515661787677185,0.515661787677185,0.515661787677185,0.515661787677185,0.515661787677185,0.515661787677185,0.515661787677185,0.515661787677185,0.515661787677185,0.515661787677185,0.515661787677185,0.515661787677185,0.515661787677185,0.515661787677185,0.515661787677185,0.515661787677185,0.515661787677185,0.515661787677185,0.515661787677185,0.515661787677185,0.515661787677185,0.515661787677185,0.515661787677185,0.515661787677185,0.515661787677185,0.515661787677185,0.515661787677185,0.515661787677185,0.515661787677185,0.515661787677185,0.515661787677185,0.515661787677185,0.515661787677185,0.515661787677185,0.515661787677185,0.515661787677185,0.515661787677185,0.515661787677185,0.515661787677185,0.515661787677185,0.515661787677185,0.515661787677185,0.515661787677185,0.515661787677185,0.515661787677185,0.515661787677185,0.515661787677185,0.515661787677185,0.515661787677185,0.515661787677185,0.515661787677185,0.515661787677185,0.515661787677185,0.515661787677185,0.515661787677185,0.515661787677185,0.515661787677185,0.515661787677185,0.515661787677185,0.515661787677185,0.515661787677185,0.515661787677185,0.515661787677185,0.515661787677185,0.515661787677185,0.515661787677185,0.515661787677185,0.515661787677185,0.515661787677185,0.515661787677185,0.515661787677185,0.515661787677185,0.515661787677185,0.515661787677185,0.515661787677185,0.515661787677185,0.515661787677185,0.515661787677185,0.515661787677185,0.515661787677185,0.515661787677185,0.515661787677185,0.515661787677185,0.515661787677185,0.515661787677185,0.515661787677185,0.515661787677185,0.515661787677185,0.515661787677185,0.515661787677185,0.515661787677185,0.515661787677185,0.515661787677185,0.515661787677185,0.515661787677185,0.515661787677185,0.515661787677185,0.515661787677185,0.515661787677185,0.515661787677185,0.515661787677185,0.515661787677185,0.515661787677185,0.515661787677185,0.515661787677185,0.515661787677185,0.515661787677185,0.515661787677185,0.515661787677185,0.515661787677185,0.515661787677185,0.515661787677185,0.515661787677185,0.515661787677185,0.515661787677185,0.515661787677185,0.515661787677185,0.515661787677185,0.515661787677185,0.515661787677185,0.515661787677185,0.515661787677185,0.515661787677185,0.515661787677185,0.515661787677185,0.515661787677185,0.515661787677185,0.515661787677185,0.515661787677185,0.515661787677185,0.515661787677185,0.515661787677185,0.515661787677185,0.515661787677185,0.515661787677185,0.515661787677185,0.515661787677185,0.515661787677185,0.515661787677185,0.515661787677185,0.515661787677185,0.515661787677185,0.515661787677185,0.515661787677185,0.515661787677185,0.515661787677185,0.515661787677185,0.515661787677185,0.515661787677185
0.507505708051908,0.508033263852756,0.508564511963132,0.509098633985286,0.509634837414468,0.510172356485207,0.510710452826451,0.511248415936323,0.511785563487634,0.512321241475584,0.512854824219222,0.513385714228223,0.513913341946475,0.514437165383741,0.514956669646417,0.515471366378026,0.515980793119739,0.516484512600697,0.516982111967504,0.517473201961686,0.517957416053428,0.518434409539355,0.518903858611578,0.519365471458113,0.519818981985169,0.520264128556974,0.520700666528593,0.521128367259686,0.521547017071484,0.52195641621051,0.522356377823216,0.522746726945364,0.523127299509661,0.52349794137485,0.523858507379195,0.524208860421035,0.524548870568866,0.524878414203192,0.525197373192202,0.525505634103163,0.52580308745126,0.526089626987497,0.526365149027123,0.526629551819956,0.526882734963865,0.527124598862591,0.527355047467872,0.527574018089936,0.527781423243383,0.527977164621517,0.52816114250369,0.528333255473159,0.52849340018568,0.528641471189518,0.528777360797475,0.528900959011377,0.529012153499397,0.529110829626415,0.529196870537522,0.529270157294617,0.529330569065911,0.529377983368028,0.52941227636023,0.529433323190162,0.529440998390387,0.52943517632483,0.52941573168414,0.529382540028844,0.529335478379069,0.529274425849483,0.52919926432804,0.529109879196982,0.529006160094521,0.528888001715514,0.528755304649398,0.528607976253577,0.52844593156043,0.52826909421601,0.528077397448498,0.527870785064381,0.52764921247031,0.527412647718481,0.527161072573345,0.526894483597361,0.526612893253385,0.526316331021195,0.526004844525506,0.525678500672664,0.525337386793024,0.524981611785816,0.524611307263039,0.524226628688684,0.523827756509238,0.523414897271127,0.522988284720359,0.522548180879225,0.522094877094499,0.521628695051072,0.521149987744497,0.520659140405375,0.520156571367964,0.519642732874842,0.519118111808876,0.518583230343167,0.51803864649908,0.517484954601897,0.516922785623136,0.516352807398062,0.515775724706523,0.515192279204883,0.514603249196577,0.514009449228681,0.513411729501909,0.512810975081585,0.512208104897523,0.511604070521309,0.510999854710255,0.510396469708364,0.509794955295978,0.509196376581386,0.508601821529596,0.50801239822572,0.507429231872948,0.50685346152795,0.506286222249439,0.505728640625115,0.505181879687726,0.504647113276167,0.504125512350407,0.503618220243849,0.5031263644802,0.502651052035562,0.502193364405086,0.501754352636557,0.501335032372698,0.500936378946293,0.500559322573829,0.500204743694332,0.499873468500277,0.499566264706876,0.499283837604612,0.499026826437688,0.498795801147991,0.498591259520382,0.498413624760621,0.498263243532139,0.498140384472255,0.498045237202467,0.497977908529541,0.497938393938175,0.49792663816344,0.497942518196009,0.497985834627876,0.498056313557098,0.498153608918945,0.498277305212722,0.49842692058973,0.498601910264846,0.49880167021184,0.4990255411009,0.499272812435968,0.49954272684921,0.499834484510328,0.500147247609409,0.500480144873477,0.500832276078859,0.501202716523779,0.501590521428262,0.501994730231255,0.502414370757956,0.502848463233471,0.503296024122124,0.503756067110649,0.504227598396121,0.504709642343345,0.50520123499352,0.505701424986235,0.506209276088978,0.506723869487592,0.507244305839047
0.500924731551298,0.502064010448761,0.50319481369348,0.504315604288396,0.505424973489083,0.506521595022902,0.507604314714821,0.508672114605978,0.509724088357444,0.510759435187879,0.511777453766917,0.512777536115424,0.513759161556836,0.514721890757495,0.515665359888261,0.516589274934568,0.517493406177543,0.518377582864719,0.51924168808516,0.520085653860499,0.520909456460316,0.521713111947477,0.522496671956433,0.523260219705049,0.524003866238222,0.524727749865011,0.525432083629138,0.526117094943373,0.52678301478052,0.527430086463581,0.528058562624677,0.528668702329251,0.529260768357214,0.529835024632065,0.530391733788665,0.530931154870216,0.53145354114513,0.531959138034879,0.532448181144561,0.532920894388818,0.533377488206851,0.533818157861571,0.534243081819386,0.534652420208649,0.535046313356418,0.535424880404747,0.535788218009311,0.536136399124564,0.536469471880915,0.53678745868499,0.537090464390183,0.537378563261599,0.537651710402322,0.537909831116938,0.53815282032621,0.538380542131796,0.538592829538859,0.538789484343292,0.538970277188809,0.539134947797577,0.539283205376343,0.539414729198189,0.539529169358251,0.539626147699949,0.539705258906588,0.539766071751633,0.539808130499607,0.539830956448404,0.539834049602902,0.539816890469154,0.53977894195805,0.539719651387326,0.53963845257095,0.539534767985453,0.539408011003472,0.539257588185727,0.539082901623805,0.538883351327431,0.538658337651332,0.538407263758319,0.538129538116777,0.537824577032364,0.537491807215252,0.537130668385813,0.536740615923078,0.536321123561648,0.535871686144019,0.535391822436332,0.534881078016587,0.534339028245114,0.533765281327795,0.533159481482996,0.532521312223478,0.531850499764738,0.531146816571175,0.530410085051272,0.529640181412612,0.528837039686908,0.528000655934436,0.527131092636168,0.526228483280579,0.525293037150402,0.5243250443126,0.523324880812314,0.522293014068591,0.521230008466079,0.520136531132627,0.519013357887601,0.517861379339731,0.516681607106176,0.515475180116225,0.51424337095339,0.512987592178547,0.511709402564086,0.510410513154668,0.509092842919948,0.507758614254571,0.506410047897347,0.505049515565141,0.503679561298999,0.502302903824325,0.50092241813237,0.499541006425014,0.498161906275374,0.496788571716633,0.49542461989099,0.494073821524899,0.492740088563639,0.491427458736974,0.49014007687085,0.488882172820404,0.487658035977878,0.4864719864053,0.485328342754553,0.484231387263602,0.483185328252457,0.482194260679354,0.481262125448567,0.480392668277272,0.479589399020486,0.47885555241169,0.478194051194966,0.47760747259795,0.477098019022101,0.476667493710402,0.476317232871229,0.476048055398401,0.475860488706951,0.475754632947105,0.475730156798007,0.47578630880952,0.475921934001699,0.476135495119732,0.476425097863785,0.476788519369163,0.477223239199585,0.477726472130329,0.478295202033195,0.478926216226062,0.479616139711151,0.480361468793489,0.481158603641009,0.482003879417531,0.482893595687656,0.483824043857035,0.484791532471825,0.485792410256748,0.486823086821799,0.487880051013093,0.488959886923403,0.49005928761271,0.491175066618449,0.492304167359275,0.493443670555255,0.494590799801639,0.495742925443155,0.496897566901467,0.498052393610538,0.499205224713562,0.500354027671454
0.496423486779565,0.498163276601727,0.49986640343641,0.5015316648,0.503158104335604,0.504744990266217,0.506291795051242,0.507798176256954,0.509263916001059,0.510689000648838,0.512073620138708,0.51341808611155,0.51472281744231,0.51598832670731,0.51721520754331,0.518404122859418,0.519555793869138,0.520670989916331,0.521750519075212,0.52279521951001,0.523805951584344,0.524783590713171,0.525729020951263,0.526643129311321,0.527526800802084,0.528380914172146,0.529206346360362,0.530004050396377,0.530775011218187,0.531520197580368,0.532240559806606,0.532937027200367,0.533610505840654,0.534261876703325,0.534891994042961,0.535501683966612,0.536091743129222,0.53666293748136,0.537216001003138,0.537751634363822,0.538270503454582,0.538773237751771,0.539260428479854,0.53973262655603,0.540190340312487,0.540634033006327,0.54106412014115,0.541480966637443,0.541884883900827,0.542276126847354,0.542654890953099,0.543021465149997,0.543376238780243,0.543719267584199,0.54405052874993,0.544369925280951,0.544677284202888,0.544972355286617,0.545254810331177,0.54552424303668,0.54578016948354,0.546022029220083,0.54624918694652,0.54646093476986,0.546656494992043,0.546835023382776,0.546995612879604,0.547137297650783,0.547259057451843,0.547359822204181,0.547438476723824,0.547493865530298,0.547524797669347,0.547530051488708,0.547508379313077,0.547458511972418,0.547379163146624,0.547269033498872,0.547126814579547,0.546951192492045,0.546740851320863,0.546494476330939,0.546210756954996,0.545888389592653,0.545526080251037,0.545122547061725,0.544676522712885,0.544186756838577,0.54365201840943,0.543071098170293,0.542442811171227,0.541765999438332,0.541039534830698,0.540262322129212,0.539433302402345,0.538551456693405,0.537615810073382,0.536625436103384,0.535579461751139,0.534477072807041,0.533317519847024,0.532100124792241,0.530824288119098,0.529489496777934,0.528095332884366,0.526641483254256,0.525127749861242,0.523554061304813,0.521920485386834,0.520227242904975,0.518474722782333,0.516663498663145,0.51479469232817,0.512869760239376,0.51088998046721,0.508856885979763,0.506772291888338,0.504638323904362,0.502457449362151,0.500232510844681,0.497966753929619,0.49566350097795,0.493326835459684,0.49096161993052,0.488573295843472,0.48616792499563,0.48375214005813,0.481332970395469,0.478918592512751,0.476517980395325,0.474140853468151,0.471797666132153,0.469499574887777,0.467258378009121,0.465086422984036,0.462996477798848,0.461001563779419,0.459114750193639,0.457348914134624,0.455716473109073,0.45422910179924,0.452897447999067,0.451730864998844,0.45073717804326,0.449922314178316,0.449290322854749,0.448843655706047,0.448582888216371,0.448506787430664,0.448612430976244,0.44889536198091,0.449349766432037,0.449968660945172,0.450744081374232,0.451667265508467,0.452728825703479,0.453918909341962,0.455227346395204,0.456643784112369,0.458157809154186,0.45975905749429,0.461437312299038,0.463182589883533,0.464985213794608,0.466835877112587,0.468725693183429,0.470646235164767,0.472589564961527,0.47454825231026,0.476515425410685,0.478485173193156,0.480451844433008,0.482410182684077,0.484355428494084,0.486283300388996,0.48818997303631,0.490072053414184,0.49192655570736,0.493750875543234,0.495542764077039
0.494122120618307,0.496352511894251,0.498508169141677,0.500589690475322,0.502597911965069,0.504533873657285,0.506398789967471,0.508194023844345,0.509921064138844,0.511581499207342,0.51317703636085,0.514709607529844,0.516181222658772,0.517593936617647,0.518949834471123,0.520251017444003,0.521499589505335,0.52269764455401,0.52384725424374,0.52495045653263,0.52600924508056,0.527025559644855,0.528001277640135,0.528938207031123,0.529838080717324,0.530702552546265,0.531533192068574,0.532331509744096,0.533099199983772,0.533837945287626,0.534549355747986,0.53523497079362,0.535896262176088,0.53653463797016,0.537151447316968,0.537747985605578,0.538325499767727,0.53888519335273,0.539428231055796,0.539955742393024,0.54046882424968,0.540968542073647,0.541455929541444,0.541931986587696,0.542397675757817,0.54285391691509,0.5433015804044,0.543741478842559,0.544174357766731,0.544600885425252,0.545021642036927,0.545437116491835,0.54584818565245,0.54625548537637,0.54665924638492,0.547059557389245,0.547456357459603,0.547849430188419,0.548238399832919,0.548622729557214,0.549001721824652,0.549374520922149,0.549740117531797,0.550097355204037,0.550444938533383,0.550781442793792,0.551105324757721,0.551414934401335,0.55170852718841,0.551984276626842,0.552240286803512,0.552474604624279,0.552685231514611,0.552870134371094,0.553027255592906,0.553154522063657,0.553249852995888,0.553311166591579,0.553336385510789,0.553323441176071,0.553270276971503,0.55317485042176,0.553035134458032,0.552849117893858,0.552614805245093,0.552330216034617,0.55199338372434,0.55160235441518,0.551155185450456,0.550649944050192,0.550084706093784,0.549457555156862,0.548766581895623,0.548009883858869,0.547185565794958,0.546291740508292,0.545326530308244,0.544288069082901,0.54317450502104,0.541984003998745,0.540714753642272,0.539364968076626,0.537932893370171,0.53641681368984,0.534815058189704,0.533126008668178,0.531348108174672,0.529479958173792,0.527520199778519,0.525467477116503,0.523320736407596,0.521080155446327,0.518745088752061,0.516314805963382,0.513788729009491,0.51116645712118,0.508447796090517,0.505632792668143,0.502721775179271,0.499715000280919,0.496612513668915,0.493415182754632,0.490125374748926,0.4867462755986,0.483281809462347,0.479736774702244,0.476116934954586,0.472429201018136,0.468682055993109,0.464885723643497,0.461052481501754,0.457197018904315,0.453336831302575,0.449492634878961,0.445688769942461,0.441953538725157,0.438319392750114,0.434822850012634,0.431503992640512,0.428405391163163,0.425570350728334,0.423040503990298,0.420852983467911,0.419037490875607,0.417613881027265,0.416592179379923,0.41597235738089,0.415745723617614,0.41589702627314,0.416406625083762,0.417252309075183,0.418410571341969,0.419857358114323,0.421568427722861,0.423519486676636,0.4256862449817,0.428044483834423,0.430570179190132,0.433239686492704,0.436029968642571,0.438918839629456,0.441885196441592,0.444909217752711,0.447972515992163,0.451058237306857,0.454151110293727,0.45723744874402,0.460305116081615,0.463343460069234,0.4663432261584,0.4692964569983,0.472196384434008,0.475037319054237,0.477814541141843,0.480524195816157,0.483163194266432,0.48572914622075,0.488221296313732,0.49063910678242,0.492981998207815
0.493731897924491,0.496269062089478,0.498693574846434,0.501008795149704,0.503218074322302,0.505324787258161,0.507332321118975,0.509244068316195,0.511063422410299,0.512793775698358,0.514438530976678,0.516001292017281,0.517485818040571,0.518895863028394,0.520235160501591,0.521507409953006,0.522716260902609,0.523865294810052,0.524958005266365,0.525997777054563,0.526987864810813,0.527931372126394,0.528831231999236,0.529690189567238,0.530510788030431,0.531295358594244,0.532046011520055,0.532764519889376,0.533453002722647,0.53411364049454,0.534748432049136,0.535359207812187,0.535947647541138,0.536515301861068,0.537063616645966,0.537593959157235,0.538107644752502,0.538605962932375,0.539090201502595,0.539561667693439,0.540021705193795,0.540471706218633,0.540913117928542,0.541347442749717,0.541776232393015,0.542201075630941,0.542623580151378,0.543045349055872,0.54346795279817,0.543892897555777,0.544321591184951,0.544755308020439,0.545195420420639,0.545643808540607,0.546101415663847,0.546568853079098,0.547046441216216,0.547534191258846,0.54803179307969,0.548538609833069,0.549053679278137,0.549575721649538,0.550103153652958,0.550634107952031,0.551166457339387,0.551697842654646,0.552225703429441,0.552747310204752,0.553259797476877,0.553760196281003,0.554245465509419,0.554712521145627,0.555158248862436,0.55557955576603,0.555973388295454,0.556336730867832,0.556666619319377,0.55696015031001,0.557214486860457,0.557426860288821,0.557594568891483,0.557714973770475,0.557785492247046,0.557803604785847,0.55776684455561,0.557672766402103,0.55751894822887,0.557302980926566,0.557022458580426,0.556674969247092,0.556258086537077,0.555769362193611,0.555206319814188,0.554566449818447,0.553847205725813,0.553046001768766,0.552160363392901,0.55118840482389,0.550127528922119,0.548974961223926,0.547727864028721,0.546383344514169,0.544938463751387,0.543390246402783,0.54173569087537,0.539971779698068,0.538095489893256,0.536103803121241,0.533993715392028,0.53176242004566,0.529409260086832,0.526932261372215,0.524328802198648,0.521596255104781,0.518731989972288,0.515732918243602,0.512594822143525,0.50931536764742,0.50589240002009,0.502323752000727,0.498606915800907,0.494738465042678,0.490716666117473,0.486540068066241,0.482207344709907,0.477717352529931,0.473069212949386,0.468262427991398,0.463297041979793,0.458173867490196,0.452894802259674,0.447463277057422,0.441884895713579,0.436168362875336,0.430326851508706,0.424380055166368,0.418357251465899,0.412301392465227,0.406278046455519,0.400386128438183,0.394772170145395,0.389642868282587,0.385256491628057,0.381860713614171,0.379583884412157,0.378373507134295,0.378057333822266,0.378452052999086,0.379422414582667,0.380886555477588,0.382799743386432,0.385136268816832,0.387875677900528,0.390994148366345,0.394460360461873,0.398234835264944,0.40227157195761,0.406520837753556,0.410932167226328,0.415456948358258,0.420050301502213,0.424672210492183,0.42928801333908,0.433868417667279,0.438389205248638,0.442830760919452,0.447177524445948,0.451417430430037,0.45554137520638,0.459542731211754,0.463416917246313,0.467161025740583,0.470773504095013,0.474253885207517,0.477602561620549,0.480820597748868,0.483909575039687,0.486871465454603,0.489708529225587,0.492423233361293
0.494605233491619,0.497242435558895,0.499736957225974,0.502093784377172,0.504320445212135,0.506422931852182,0.508406110658995,0.510274685369688,0.512033243404277,0.513686299557761,0.51523833568543,0.516694060045535,0.518058622993657,0.519337247089586,0.520535200517824,0.521657782821911,0.522710299432398,0.523698025645891,0.524626161255618,0.525499777560457,0.526323758962974,0.52710274177901,0.527841053192571,0.528542653472427,0.529211084598118,0.529849428307066,0.53046027071328,0.531045349859466,0.531606896752364,0.532147231376862,0.532668225984778,0.533171339942333,0.533657669069693,0.534128022495491,0.534583070679974,0.535023376143944,0.53544946492921,0.535861909522372,0.536261405587199,0.536648840278238,0.537025349034507,0.537392358241531,0.537751611738372,0.53810517980768,0.538455449995959,0.538805099843842,0.53915705233863,0.539514415610147,0.539880409051988,0.540258278638269,0.54065120469529,0.541062205752273,0.541494111106292,0.541950597349221,0.542434379522038,0.542947264967065,0.543490480097447,0.544064623300828,0.544669635714512,0.545304649342482,0.54596807984929,0.546658111420884,0.547372300536527,0.548107619630614,0.548860528436098,0.549627053654937,0.550402873703219,0.551183405309549,0.551963888926298,0.552739470218328,0.553505275292308,0.554256477789561,0.554988356455497,0.555696342290959,0.556376054861457,0.557023327770346,0.557634223677619,0.558205039558237,0.558732303138181,0.559212761622136,0.559643363936509,0.560021237760733,0.560343662615749,0.56060804023009,0.560811863320467,0.560952683815053,0.561028081423001,0.561035633321634,0.560972885600467,0.56083732697436,0.560626365160613,0.560337446988851,0.559969332918067,0.559519670014394,0.558985497382012,0.558363634725745,0.557650900520824,0.55684393603743,0.555939159189651,0.554932833212671,0.553821082121709,0.552599908253506,0.551265211434075,0.549812809276728,0.548238458080284,0.546537873770244,0.544706752306907,0.542740788974947,0.540635695969525,0.538389056976291,0.536000144437755,0.533465363937432,0.530781003908097,0.527941296546862,0.524941825266032,0.521779582067482,0.518451437732845,0.514954119073575,0.511284182502378,0.507437983989859,0.503411109306505,0.499197629696571,0.494793835349005,0.490195964917092,0.485399891482245,0.480401071804765,0.475194496869834,0.469774645874215,0.464135446620754,0.458270246540765,0.452171800542128,0.445832285113155,0.43924335359743,0.432396257273209,0.425282074989707,0.417892130025096,0.410218749459526,0.402256700068258,0.394006098831811,0.385478970263331,0.376716407036209,0.367843250778746,0.359290388444328,0.352631304385483,0.349757752841173,0.348897841656267,0.348603021129438,0.34859306725951,0.348927951553293,0.34977869031386,0.351349262718835,0.353816742880889,0.357275109282903,0.361702795329831,0.366972135438674,0.372892323388235,0.379258447532432,0.385885493633836,0.39262315710897,0.399357337400434,0.406005337211443,0.412509335847248,0.418830284662463,0.424942930213427,0.430832011280886,0.436489444587299,0.441912272558996,0.447101173697565,0.452059379678495,0.456791883928214,0.461304858884363,0.465605223365547,0.469700318954248,0.473597666685006,0.4773047840215,0.480829048158262,0.484177595861856,0.487357252917135,0.4903744881515,0.4932353882474
0.495890889475728,0.498436860035334,0.500830885580682,0.50307779969925,0.505181749034023,0.50714696472034,0.508981144081788,0.510689191078922,0.512275258607002,0.513743517733724,0.515098267844312,0.516344210481532,0.517487132221545,0.518533286807665,0.519489299624773,0.520362155673066,0.521159151327901,0.521887816937574,0.522555812273807,0.523170798249012,0.523740289728717,0.524271495616281,0.524771153569263,0.525245367609041,0.525699457392714,0.526137827929334,0.526563851456586,0.526979142881723,0.52738594419009,0.527786354588983,0.528181463532331,0.528571434506993,0.528955628429325,0.529332760720872,0.529701084356412,0.530058589926384,0.530403213076969,0.530733039575886,0.531046498643852,0.531342560925466,0.531621177334847,0.531883206284769,0.532130403331067,0.532365475007911,0.532592066230861,0.532814703955045,0.533038698758192,0.533270007587888,0.533515062451393,0.533780571299029,0.534073298700733,0.534399835059058,0.534766363942817,0.535179468711903,0.535644785732083,0.536166849965333,0.536749259820512,0.53739422771784,0.538102522409912,0.538873460118673,0.539704943642632,0.540593546091851,0.541534633722808,0.542522520630526,0.543550646913579,0.544611771395497,0.545698170038713,0.546801831749002,0.547914644230817,0.549028563793337,0.550135764400894,0.551228762699901,0.552300517147774,0.553344500649994,0.554354747233383,0.555325874219527,0.556253082099646,0.557132134850294,0.557959323775763,0.558731418132025,0.559445605797537,0.560099427130838,0.560690704919436,0.561217473006542,0.561677905810482,0.562070250554216,0.562392763625661,0.562643652116138,0.562821263218005,0.562926106867247,0.562957062063544,0.562912100812408,0.562788815813134,0.562584403563648,0.562295654968217,0.561918953244267,0.56145027888059,0.560885221347058,0.560218997190117,0.559446474066875,0.55856220017528,0.557560562728929,0.556436198445267,0.5551835554596,0.553797000393535,0.552270876343459,0.550599547908485,0.548777444838521,0.546799217430336,0.544664545392418,0.542371632476089,0.539914422205899,0.537287204419426,0.534487312840253,0.531512111435804,0.528358974376389,0.525025271811829,0.521508350187447,0.517805507417186,0.513913963556121,0.509830167285856,0.505548694998851,0.501067504439482,0.49638482578435,0.491498704205223,0.486406977210533,0.481107272152305,0.475597034603985,0.469873602574543,0.463934347713444,0.457776913717581,0.451399595417612,0.444801921303208,0.437985529641292,0.430955465300529,0.4237220686187,0.416303664389014,0.408730239533674,0.401048093598493,0.393324777426966,0.385652065225128,0.378142085002583,0.3709092057332,0.364036654900348,0.357541381992409,0.351357168174747,0.345367861927286,0.339464370944277,0.333626578060825,0.328066601226028,0.323571091634742,0.322118349231875,0.32597944379711,0.334173710357547,0.344136505204798,0.354467970976005,0.364623624570799,0.374398114853641,0.383716580973188,0.392558071575801,0.400925432508424,0.408832424886844,0.416297808391386,0.423342472357228,0.4299879888976,0.436255862289735,0.442167130472236,0.447742147481404,0.453000458709283,0.4579607227962,0.462640656096998,0.467056987800315,0.47122542065732,0.475160596245253,0.478876123822519,0.482384744465174,0.485697972410368,0.488826141612269,0.491778442039282,0.494562961308666
0.496701176490968,0.499022853563932,0.501202703506852,0.503242766401552,0.505143996094363,0.506906519735469,0.508529951369653,0.510017851317188,0.511373849595151,0.512599575587613,0.513697550925015,0.514670964588887,0.515524930196128,0.51626600285648,0.516901878545488,0.517441413017349,0.517894580135491,0.518272294911801,0.518586131105288,0.518848141365556,0.519070540482589,0.519265344560771,0.519443982985991,0.519616901996584,0.519793560132782,0.519981575401042,0.520186115877889,0.520409249723548,0.52065324723162,0.52091929262472,0.521206392750833,0.521511564450588,0.521829948513618,0.522155014448366,0.52247970662904,0.522798263340058,0.523103989679484,0.523389519513113,0.523648353488406,0.523875264713016,0.524066635731389,0.524220716687221,0.524337797800373,0.524420363921741,0.524473748649927,0.524505474042382,0.524524942565835,0.52454306702461,0.524571686913311,0.524623948822785,0.524712763656482,0.524851605456042,0.525054613089423,0.525335085063934,0.525706338536615,0.526178330554426,0.526758459771251,0.527451447930114,0.528259211463389,0.529180846536027,0.530212723881038,0.531348682410656,0.53258029975841,0.533895209833501,0.535279673422599,0.53672052497756,0.538204058050354,0.539716431425876,0.541244036652474,0.542773815900467,0.544293523107217,0.545791925040696,0.547258942080109,0.548686207012651,0.550067364995786,0.551395837238457,0.552666111471642,0.553873761456192,0.555015346585138,0.556088290252369,0.557090744897167,0.55802145088855,0.558879595448113,0.559664676689968,0.560376376653113,0.561014445990188,0.561579126014069,0.562073797234682,0.56249945211642,0.562856081006634,0.56314316311497,0.563359625169881,0.563503809782599,0.563573452172649,0.56356566405432,0.563476923643105,0.563303022588288,0.56303724501784,0.562672767675562,0.562203050972493,0.561621059926716,0.560919328291972,0.560090030267474,0.559125058454736,0.55801610754964,0.55675518099388,0.555334928023567,0.553748154950167,0.551988697934926,0.550057975940298,0.547949625396182,0.545659656903658,0.543185830355839,0.540526156717566,0.537678918152262,0.534642680082209,0.531416294952915,0.527998897831459,0.524389894384552,0.520588942266664,0.516595251143367,0.512405827600824,0.50802255964627,0.503448318466085,0.498686197720149,0.493739499828642,0.488611743861217,0.483306703912416,0.477828488220751,0.472181670367597,0.466371484189375,0.460404092668387,0.454286864185337,0.448028835504863,0.441641416278818,0.435138644791782,0.428537453763927,0.421857848083058,0.415122463357304,0.408355122740778,0.401578328316663,0.394809347992225,0.388054890565334,0.381309754863062,0.374556471995849,0.367768357347246,0.360922330920554,0.354024437307235,0.347179936968781,0.340731226352754,0.335574181853647,0.333560963996988,0.336528321873402,0.34371562300014,0.352920633240704,0.362724604754607,0.372491299025064,0.381951886901685,0.390993995026941,0.399574570142879,0.407683207724549,0.41532569689519,0.422516148211897,0.429273063503386,0.435617364439361,0.441571230866127,0.447157188724168,0.452397601553015,0.457314494910035,0.461929324372002,0.466262865104516,0.470335417333993,0.47416606235271,0.477772492818182,0.48117088975377,0.484375796280978,0.487400019284332,0.490254566688743,0.492948627009299,0.49548959603073
0.496186878800186,0.49822721789396,0.500155619057703,0.50196794718564,0.503659104587136,0.505222455827527,0.506650140699512,0.507934424894291,0.509071966319123,0.51006174062467,0.510900707139175,0.511587753818802,0.512125432483196,0.512519485152238,0.512778258163757,0.512912792679819,0.512936733395304,0.512866148374142,0.512719748367519,0.512518661700332,0.512283472284844,0.512035145811265,0.511794690311732,0.511580708299272,0.511409419198303,0.511293893980627,0.511243185926038,0.511260408935686,0.511348606040024,0.51150755382513,0.511735526605931,0.512026416111809,0.512367541425572,0.512743252516203,0.513135977599647,0.51352715477252,0.513897550538998,0.5142296753958,0.514507471957919,0.514717178842387,0.51484936720401,0.514898460681705,0.514863041991932,0.514745950212675,0.514554260762936,0.514299153419796,0.513995826298616,0.513663702226636,0.513324596448426,0.513004925290509,0.512732317289717,0.512534396698401,0.512437719884684,0.512466291010119,0.512643310936318,0.512987537311643,0.513512522075831,0.514226568866399,0.515131872391769,0.516225162719823,0.517498595695954,0.518939697783461,0.520532357640143,0.522257457684434,0.524093738913691,0.526018656011648,0.528009170792998,0.530042648024155,0.532095314300999,0.534144723093401,0.536172048895469,0.538160667361015,0.540096987830521,0.54197063843811,0.543772429229847,0.54549485462752,0.547132489256798,0.548681794425865,0.550140880758753,0.55150924585353,0.552787502473659,0.55397711058348,0.555080123916281,0.556098958833252,0.557036191649503,0.557897608083592,0.558689653303522,0.55941516871869,0.5600767433865,0.56067633955999,0.561215121162475,0.561693112649709,0.562109008471627,0.562461084461237,0.562746711734888,0.562962321846424,0.563103392693375,0.563163730677481,0.563135519846889,0.563011366321406,0.562783142105362,0.562441996578262,0.561977437294591,0.561373520895778,0.560618265215448,0.559700447394616,0.55860888660645,0.557332631147454,0.555863128251435,0.554199562035611,0.552339522104985,0.550280593306404,0.548020888828237,0.545559115715135,0.542894628195705,0.540027467837434,0.536958389868685,0.533688875359993,0.530221129357552,0.526558065529654,0.522702696243408,0.51865544488662,0.514423165133811,0.510014681976202,0.50543943517542,0.500707407180155,0.495829056609522,0.490815053067645,0.485676571284482,0.480425453018045,0.475073628730903,0.469633560614534,0.464118789906356,0.458543414870872,0.452921471948738,0.447267374824903,0.441595895483077,0.435922092383851,0.430261209139617,0.4246286256983,0.41904004020931,0.413512039978125,0.40806262748156,0.402718445455549,0.397519052454454,0.392525148003388,0.387831222067949,0.383580859106126,0.379977490696576,0.377288229134802,0.375822252773131,0.375851406195722,0.377509161633287,0.380723114942292,0.3852377410777,0.390706921223764,0.396787638955461,0.403192759445927,0.409704764257459,0.41616877155478,0.422479191470542,0.428566858050064,0.434388852005289,0.439920764260495,0.445151630912406,0.45008045433147,0.454713071876812,0.459060025684862,0.463135876329996,0.466957671534459,0.470544664961132,0.473916538305169,0.477092315801612,0.480090180354653,0.482926864874725,0.48561707154651,0.48817358276292,0.490606573044143,0.492923335872003,0.495128445046535
0.493618620444172,0.495398484625922,0.497122329343056,0.498776948498642,0.500344072840438,0.501802991712333,0.503131758209654,0.504309252920197,0.505315219391006,0.506137240049143,0.506766832525687,0.507195740858282,0.507421339919465,0.507446665851076,0.507280146159974,0.506937694633311,0.506438793131076,0.505806885411397,0.505071179889997,0.504264475933056,0.503421416115605,0.502578283305553,0.501771591435275,0.501036518409491,0.500404295489109,0.499900551573471,0.499543454936969,0.499346888737134,0.499318496397488,0.499455208835953,0.499745101785398,0.500167010246195,0.500692248361008,0.501287166082833,0.501915262422697,0.502538934784665,0.503121292972568,0.503628055660948,0.504029071899335,0.504299337419195,0.504418321720883,0.504373717377488,0.504159350233428,0.503777655394719,0.503239471088293,0.502562246893637,0.501770647393664,0.500898871576638,0.499986500029529,0.499078835985379,0.498224168988327,0.497471641724186,0.49686928963812,0.496461959273124,0.496291773080741,0.496393098388023,0.496789952697078,0.497494457060354,0.498509518558349,0.499828090459232,0.501433441999131,0.503300129118749,0.505395130616922,0.507681362722542,0.510122852892235,0.512686648603853,0.515334882422969,0.518032158062516,0.520746731469291,0.52344824130711,0.526109452202852,0.528700450067139,0.531194873439208,0.533578332684312,0.535841001305776,0.537976905398447,0.539983477193629,0.54186104653249,0.543612298970095,0.545241727230937,0.546755100002287,0.548158968374862,0.549460095101251,0.550664781461338,0.55178448902083,0.552829609822063,0.553807645581741,0.554725846073358,0.555590548317228,0.556406298330194,0.557176429511495,0.55790300941466,0.558586771293252,0.559226798860893,0.559817752337219,0.560354728010008,0.560832840642464,0.561246161060113,0.561584827490488,0.561839490226773,0.561999977355758,0.562054966147731,0.561990334916843,0.561789999608948,0.561440442911185,0.56092773542386,0.560231580086874,0.559330162928202,0.558207843762496,0.556868529737514,0.555308818070174,0.553525683544347,0.551517149606815,0.549282291468238,0.546821331351297,0.544135713642505,0.541228158674101,0.538102693944685,0.534764661725755,0.531220702259647,0.527478306641909,0.523542068208622,0.519424422146391,0.51514109107361,0.51070856868761,0.506144916112718,0.501468539303157,0.496698532821793,0.491855509810694,0.486960413091787,0.48203318386966,0.477093206783058,0.472159169613923,0.467248958852761,0.462379404089142,0.457566481953656,0.45282600843223,0.44817317616929,0.443622921386498,0.439190562287297,0.434892776801947,0.430748641640652,0.426781159692977,0.42302348180629,0.419519176722037,0.416324699292544,0.413511562836262,0.411167159201297,0.409390270042835,0.40827967544173,0.407919108051294,0.408372193728408,0.409658664902873,0.411745437877993,0.414549496535601,0.417950847261823,0.421810459172492,0.425989025811094,0.430357511128348,0.434802855430549,0.439232397442133,0.44357368920783,0.447772695698723,0.451791139081184,0.455604352199962,0.45919915412318,0.462572342983713,0.465727980536547,0.468676293477482,0.471432798774301,0.474016776570432,0.476448998436041,0.478750419735881,0.48094187761635,0.483044716869214,0.485076660601124,0.487051680590871,0.488979610753729,0.49086657477166,0.492713449579595
0.488482018732392,0.490113898450078,0.491769183697196,0.493414591620153,0.495011542801907,0.496523580977291,0.497912089961407,0.499137553563348,0.500161239081706,0.500946570730928,0.501469661160898,0.501712479867505,0.501665792449476,0.501331175036202,0.500715038023712,0.499832475871492,0.498709433661387,0.49737846008528,0.495880732819827,0.494266313531057,0.492591710995134,0.490919175611262,0.489313681591495,0.487839778116621,0.486559498943428,0.485534121271139,0.484804247270728,0.484391587511589,0.48430682393106,0.484541517012595,0.485068364663207,0.485843061337002,0.486806905389474,0.487892976994897,0.489030138466471,0.490147143417311,0.491176280380896,0.492055949654999,0.492733039791444,0.493165931563489,0.493323955547333,0.49318778469522,0.492749395817774,0.492009525036245,0.490981252805368,0.489692767807136,0.488186660527609,0.486516398002764,0.484745039000622,0.482943753076896,0.481190363599167,0.479569272372944,0.478164907441659,0.477057248848173,0.476319471557125,0.476013705214584,0.47618314175839,0.476849568950991,0.47801428437597,0.479658219861299,0.481743601710004,0.48422587877477,0.48705437555056,0.490167518799089,0.493497558831865,0.496978225229284,0.500544475993472,0.504135457840366,0.507698038751145,0.511188111563829,0.5145703791017,0.517817097257701,0.520907419097004,0.52382345608497,0.526544993728452,0.529069971033698,0.531402550138129,0.533550766267087,0.53552572954023,0.537340613201394,0.539009714839844,0.540547653430226,0.541968754002234,0.543292041262901,0.544536016300851,0.545714811113942,0.546840558868906,0.547923366797934,0.548971332060292,0.549990074914696,0.550981284755879,0.55194714652755,0.55288850616132,0.553807244057593,0.554703709043963,0.555574723818405,0.556415008275915,0.557216486173581,0.557963563021314,0.558642579313857,0.559239514588508,0.559739079041768,0.560122536027336,0.560372756617346,0.560471750601802,0.560399310778962,0.560130617087995,0.559642492803877,0.558920511658176,0.557957702499006,0.556744670582467,0.555274217884363,0.553542043206355,0.551546961072579,0.549289618765959,0.546772558882741,0.544000310409363,0.540979449653317,0.537718627839358,0.534228561780617,0.530521749987025,0.526607326856949,0.522504191119314,0.51823653314848,0.51383042213409,0.509314722634782,0.504720462868264,0.500077980643191,0.495417376789326,0.490768116043209,0.486157816979364,0.481613490096549,0.477161104758006,0.472824364683729,0.468624484593101,0.464580082283607,0.46070721412409,0.457019582567533,0.453528942527975,0.450245727049645,0.44717989841236,0.444341329275564,0.441742183931597,0.43940071727867,0.437340708624997,0.435590725782323,0.434183089508204,0.433152541003808,0.432533553341474,0.432356302250554,0.432638230520396,0.433379990972968,0.434574973127118,0.436201247379901,0.438215723687371,0.440557470963261,0.443154519570701,0.445929860794936,0.448808437159782,0.451720241739028,0.454603298636418,0.457405462906533,0.460085214125062,0.462611782721972,0.464965746978283,0.46713980582699,0.469134424556991,0.470956827789524,0.472620956120967,0.474146365260488,0.475557076506506,0.476881485816638,0.478150030310119,0.479393416670817,0.480642178822707,0.481922633084078,0.483255603462221,0.484657630049383,0.486135438570112,0.487685575479956
0.480213900246696,0.481872295958369,0.483671226829494,0.485551925862354,0.487447557091779,0.489286694866641,0.490996630854549,0.492508726144676,0.493761346363996,0.494700041921804,0.495279863324545,0.495472910535882,0.495252614955559,0.494605305256706,0.493534251890278,0.492054760816061,0.49019463122696,0.487995189767994,0.485512879792624,0.482819079437855,0.479999757656413,0.477154383019771,0.474395222482767,0.471850962501767,0.469642535753302,0.467877067326755,0.466635122070088,0.465966692170413,0.46589606004331,0.466406467165878,0.467441349394067,0.468910271015304,0.470698619108382,0.472676464354811,0.474714233593331,0.476687936866706,0.478485580851434,0.480009651085043,0.481179148472487,0.481930432264797,0.482217288240087,0.482010587587115,0.481296787569427,0.480081918116837,0.478391900066787,0.476266216253633,0.473761053294495,0.470949226198691,0.467923454987058,0.464792626493135,0.461679719496541,0.458718636514519,0.456052517963481,0.45382385534701,0.452165102471217,0.451192509405607,0.450987522827948,0.451591478581556,0.453007993022375,0.455200868875679,0.458098084542134,0.461598202434085,0.465583941459858,0.469935486564753,0.474532253432942,0.479262905821509,0.484028159558279,0.488744009243098,0.493340103437774,0.497758390388253,0.50195495377484,0.505898100942686,0.509570756331608,0.512965764559031,0.516084404288953,0.518927731033941,0.521497162855432,0.523814190725919,0.525903853151181,0.527792685193276,0.529507502140668,0.531074765948619,0.5325224104241,0.533881378790175,0.535175122749508,0.536422966420239,0.537640708894301,0.538840923448534,0.540033345806036,0.541225229577635,0.542421723224301,0.5436278845915,0.544846055496462,0.54607485972995,0.547307925961892,0.548540671096189,0.549766162810958,0.550978760884429,0.552169875336982,0.553325069351585,0.554424580630541,0.555439021455782,0.55634430875213,0.557115336644164,0.557723942126989,0.558144208505422,0.558348989142391,0.55831175706215,0.558011763626281,0.557453525389835,0.55662639570065,0.555501757790767,0.554067754036676,0.552318815087428,0.550254740991883,0.547878687423208,0.545196645743152,0.542217557610897,0.538953262879668,0.535418220252902,0.531631057274892,0.527607587329953,0.523374272071364,0.518967904974366,0.514429091698161,0.509799078213859,0.505120094030441,0.500433351442843,0.495781871209388,0.491208439789029,0.486753855285777,0.482456135886032,0.478349774955497,0.47446507984734,0.470827632538929,0.46745790928515,0.464371093195486,0.461577107790812,0.45908089066344,0.456882913114114,0.454979905444665,0.453365374470115,0.452035937573583,0.450989551055408,0.450223519063244,0.449735112621727,0.44952175532301,0.449580664999668,0.449907923401672,0.450497551665534,0.451344809448604,0.452429695127053,0.453725047120786,0.455203465055775,0.456832129817268,0.458572022592395,0.460379481209343,0.462208459842538,0.464012896785762,0.465748934987869,0.467376830243492,0.468863047550112,0.470183948980717,0.4713222904318,0.472268769282636,0.473022363787137,0.473590578977728,0.473989508734173,0.47424366472666,0.474385487101672,0.474454427139708,0.474496417699629,0.474562946012948,0.474707043345005,0.474978843401538,0.475423165480876,0.476076880946788,0.476964375791418,0.47809268208253,0.479454820129097
0.468250556296704,0.470190492725435,0.47244357301829,0.474907602749218,0.477468921350519,0.480009447371552,0.482412537375898,0.48456740428927,0.486372611445272,0.487747425500615,0.488621324010304,0.488938597496211,0.488669536847813,0.487795574858558,0.486303649274086,0.484197891705541,0.481502747362653,0.47826240284013,0.47454326475504,0.470435358512041,0.466056375910048,0.46156049230101,0.45713985619583,0.453001377516438,0.449360716727498,0.44643115350646,0.444391351743701,0.443362702930909,0.443399627524274,0.444466081802837,0.446438212375163,0.449132752523007,0.452328525029894,0.455791065724562,0.459293783705021,0.462632242952305,0.46562939766876,0.468142049380354,0.470060546366939,0.471303043170866,0.471812328006635,0.471552580151317,0.470513609796884,0.468706566464443,0.46616138072321,0.462928770068377,0.459080900124119,0.454708650123898,0.44992947479068,0.44489191286862,0.439775037603463,0.434787776403955,0.430165918947944,0.426162578630165,0.423031864342771,0.421001104391949,0.420248306036034,0.420854966630504,0.4228020941153,0.425982478541103,0.43022043891447,0.435299941405667,0.440996892314067,0.447099580001197,0.453420969393498,0.459799063132066,0.466094635465583,0.472194070820342,0.478006802005837,0.483470385906415,0.488540622397614,0.493189201622762,0.497405691153118,0.501195144168301,0.504576945694157,0.507579670664224,0.5102363554427,0.512567689877911,0.514614717275488,0.516425297988071,0.518045472592636,0.51951836052376,0.520890400495347,0.522198922923417,0.523472561459117,0.524734790941435,0.526003698659739,0.52729002287581,0.528602288883192,0.529950708427959,0.531341323681709,0.532778935078954,0.53426706602175,0.535807267111535,0.537398104954161,0.539035119438636,0.540710646820212,0.542409200973567,0.544115638381818,0.545809260239765,0.547470588386407,0.549076106709955,0.550593373255887,0.551976590632761,0.553188041989889,0.554190505861864,0.554939542795772,0.555407699348514,0.555577906532371,0.555456819979291,0.555022295533662,0.554258670484239,0.553141687707998,0.551644072247748,0.549760150623822,0.547491184742208,0.544843959787035,0.541828617614508,0.538460829485585,0.534759895628268,0.530751054737231,0.526460431486166,0.521925881318207,0.517197182026024,0.512326309954187,0.507367874608603,0.502381866836531,0.497429305008223,0.492570962631288,0.48786609471795,0.483371094924568,0.479138130421416,0.475213808934446,0.471637940382175,0.468442460650943,0.465650583528713,0.463276237858277,0.461323834090667,0.459788366295722,0.458655527742495,0.457907346335762,0.457519370081575,0.457464433903796,0.457712041077111,0.45822883153999,0.458980189149424,0.459931530305293,0.461050859831833,0.46231484072495,0.46369564480541,0.465161070936221,0.466679046979459,0.468207669783572,0.469717623723537,0.471181314506484,0.472569663282342,0.473852579219775,0.47499968993584,0.475981248164725,0.4767723046637,0.477351321817966,0.477696927310878,0.477794738676652,0.4776362869926,0.477219720338998,0.476551018484659,0.475645247205637,0.474527794763917,0.473235470470311,0.471820744179531,0.470350922741111,0.468900379877193,0.467549835176497,0.466385740293388,0.465498255050151,0.464971187424708,0.464871578967405,0.465243346068746,0.466099926983318,0.467426451647828
0.451846321681997,0.454470902232422,0.457651404515878,0.46121235036947,0.464963631093956,0.46871558387924,0.472290024581335,0.475527303383101,0.478292484900499,0.480463616344102,0.481936883081402,0.482639722297422,0.482525274788085,0.48156043872484,0.479731245220547,0.477032608220718,0.473468919829326,0.469066294002187,0.463881201053944,0.458003589733156,0.451579657540907,0.444816236390283,0.43797089444985,0.431368800477099,0.425403945464022,0.420505970579528,0.417078401131891,0.415428785263667,0.415699064676048,0.417818521897502,0.42151120698706,0.426365335423425,0.43191873843943,0.43773581687737,0.443444414827508,0.448745221924216,0.453407496081288,0.457259094595799,0.460174339004643,0.46206583051987,0.462877989339444,0.462584536590047,0.46117983626644,0.458675680639151,0.455101544543475,0.450506471316586,0.444962265919158,0.43856930788066,0.43145714884553,0.42379920023029,0.415829441953135,0.407848496609358,0.400220302014142,0.393380243703899,0.387824993147044,0.384050742387278,0.382444090925777,0.383185038879086,0.386193392286461,0.391161615041032,0.397649576565209,0.405202776673073,0.413419225361888,0.421967662314683,0.430590166297503,0.439081157686672,0.44727609848486,0.455043481612756,0.462281458288665,0.468916208615455,0.474905864876231,0.480236720221312,0.484915571224188,0.488966393925104,0.492431622310111,0.495369777503889,0.497849840902543,0.499944533943711,0.501708708132401,0.503209709846041,0.50452254049617,0.50571880874198,0.506864805611725,0.508009219068962,0.509186212106839,0.510416710709544,0.511710985402825,0.513071927991298,0.51450247149509,0.516005854572558,0.517582861642069,0.519237713940014,0.520983591360872,0.522831074810058,0.524786669496997,0.526851910538395,0.529020867224829,0.531278284487687,0.533597066181958,0.53594687625399,0.538295711992076,0.54060343677241,0.542826809671507,0.544927836546824,0.546853810579266,0.548539283978632,0.549938753043072,0.551012440997547,0.55172344793954,0.552081694406855,0.552075067454099,0.551680205452796,0.550870196843999,0.549625444761419,0.547908805702119,0.545712791653915,0.543041311826543,0.539906633274247,0.53632707336583,0.532328279630307,0.527943956241844,0.52321225275238,0.518176190260365,0.512897811099132,0.507449225994553,0.50190747250763,0.496353315516928,0.490869774565268,0.485540383594915,0.48044723802447,0.475668881574256,0.471278083902453,0.467339576177361,0.463907849325213,0.461025159693246,0.458719896585581,0.457005429709255,0.455878654091481,0.455322758644058,0.455311843169388,0.455804973757975,0.45674849187747,0.458082237481721,0.459739334649923,0.461649134063137,0.463741601377239,0.465958356032339,0.468242819971519,0.470536816337354,0.47279067171476,0.474960338941719,0.477006017411411,0.478883223222436,0.480552601166687,0.481990706153164,0.483175782813125,0.484087271490347,0.484709295956983,0.485029405709518,0.485030482777374,0.484696662109743,0.484017107778001,0.482983856218731,0.481592414328283,0.479843553751003,0.477749315739077,0.47532790264257,0.472607874969774,0.469636735045485,0.466480847002806,0.463223366995797,0.45997193627978,0.456856496327719,0.454027909620282,0.451646649583787,0.449867680085719,0.44882382718894,0.448612018979084,0.449275792583505,0.450794053439367
0.430239375259618,0.434182185736569,0.439021312966412,0.444428268429075,0.450088464309015,0.455713377249467,0.46105007670144,0.465890948518153,0.470057741399891,0.473402932352141,0.475812091523788,0.477190894401063,0.477479180510534,0.476640847746101,0.474640968700832,0.471457025702927,0.467080553061281,0.461505698667332,0.454746224380104,0.446866314645604,0.437985159101027,0.428279255571118,0.418034213066303,0.407686637798234,0.397868277894706,0.389421977636806,0.383312061112092,0.380425665700382,0.381222573867152,0.38548955177103,0.392445818186974,0.401076938973943,0.410432628140357,0.419764786496492,0.428541065411978,0.436404862844894,0.443126296492023,0.448557737939664,0.452605584455351,0.455211554259486,0.456346356074876,0.456000057867361,0.454173455891717,0.450876195243057,0.446127721677746,0.439959798367161,0.432419829603691,0.423586003368089,0.413580914510074,0.402576913383633,0.390807593719826,0.37860907731794,0.366466634534501,0.355045115693282,0.34523575323635,0.338141823047204,0.334889016224944,0.336090298654285,0.341443235172985,0.349909825726805,0.360297984853444,0.371676200896792,0.383456034367688,0.395270213224975,0.40685429951117,0.41798545966588,0.42847802740522,0.438193513792702,0.447025194970168,0.454904678466458,0.461798301454497,0.467710986623454,0.472677605298137,0.476758753139729,0.480031936699004,0.482592776992065,0.484553872700714,0.486039560647173,0.487173517775701,0.488052783610909,0.488782112863482,0.489474313118262,0.490220292148564,0.491082126662735,0.492093955123059,0.493265238142392,0.494587199128847,0.496041099371825,0.497606614944953,0.499268682435247,0.501024874455653,0.50288856475617,0.504875358634759,0.507005556990017,0.509303473469862,0.51179265695686,0.514478461565426,0.517350477650316,0.520381072546281,0.523525617584522,0.526719435638832,0.52990034807507,0.533010187524614,0.535979919550606,0.538741372536787,0.541238509269892,0.543403585796451,0.545183954554097,0.546539082290131,0.547458769864095,0.547924537494651,0.547920810180172,0.547426175088249,0.546407418532669,0.544842281253311,0.542689079603683,0.539941127327855,0.536608685049205,0.532712491307189,0.528283711209784,0.523361711416622,0.517988636042534,0.512220628125474,0.50613915914615,0.499836021763742,0.493411463695048,0.486972678503974,0.480631727000378,0.474503012146052,0.468700441424489,0.463334341054908,0.458508084594885,0.454314381722552,0.450831335698277,0.448118655870231,0.446214565473176,0.445131377426413,0.444863079491444,0.445384998937465,0.446646530323589,0.448572335883434,0.451067786522743,0.454025327053918,0.457327456826959,0.460859019408856,0.464517351155334,0.468198105581829,0.471808880346525,0.47527135010889,0.478519388614671,0.481498164302222,0.484162620993907,0.486472603911633,0.488384023361427,0.489877392665048,0.490940995119299,0.491573858738927,0.491770368959679,0.491522653821745,0.490821949670474,0.489662961726399,0.488041253132064,0.485958132344652,0.483408648815086,0.480385805415738,0.476882636797508,0.472907144120072,0.468491362521992,0.46368057374758,0.458540270145678,0.453166310266822,0.447697260052134,0.442322920867061,0.43727973968404,0.432847554488983,0.429322052268975,0.426984828056517,0.426054866832208,0.426638548449022,0.428703408009574
0.402610152276523,0.408892900949117,0.416491694036535,0.424810410975214,0.43332480096365,0.44161692117755,0.449374949396683,0.456348164795357,0.462344160779378,0.467222018567588,0.470876553766504,0.473221419286325,0.474183845984014,0.473719899379702,0.471791188937202,0.468356351779634,0.463373635075736,0.456806680315783,0.448629988357236,0.438832387865148,0.427410348919734,0.414413220873267,0.399979381958967,0.384432419667775,0.368451983157214,0.35337583540427,0.341465593536897,0.335617559931535,0.337706593096141,0.346878850013046,0.360356761238976,0.375466373089937,0.390465700992494,0.404407872588752,0.41682225101075,0.42749136593756,0.436322625156581,0.443284235938791,0.448373824553087,0.451603777660981,0.452985567444779,0.452525696051534,0.450229659808499,0.446098180194776,0.440124622427027,0.432304719383602,0.422646238656727,0.411173395191406,0.397926882198517,0.382993954545131,0.366545706999362,0.348866052270129,0.330383658427289,0.311736589457074,0.294037347130582,0.279524478957123,0.272119764698883,0.275139435008506,0.286985795431358,0.302959151883887,0.31980191039946,0.336370121791104,0.352509748561783,0.368212180527537,0.383332478414966,0.397618766699572,0.410813624322223,0.422725467972869,0.433242476384375,0.442332213136686,0.450001117429262,0.456289822047565,0.461273719535408,0.465055829301073,0.467760198522929,0.469531156840476,0.470532260539752,0.470947086725902,0.470971495793223,0.470795701410327,0.470572746180488,0.470467251597203,0.470611516164733,0.471084436489724,0.471909701779282,0.47306228621437,0.474484245443275,0.476104816810451,0.477859778388323,0.479706142077163,0.48163036838521,0.483648476153975,0.485806004941638,0.488164595836616,0.490777948671991,0.493687596587,0.49691832048468,0.500474514551524,0.504322683019547,0.508401240998076,0.512625600703716,0.516892910835521,0.521089088478514,0.525123668556926,0.528910161685524,0.532367784203546,0.535433629962635,0.538041660639622,0.540131353321703,0.541700564075907,0.542717757933082,0.543150567964361,0.542983546304543,0.542194077929102,0.540745494396541,0.538610399355316,0.535745713938137,0.53215042658127,0.527842482338348,0.522850404511,0.517217497213931,0.510998760209419,0.504258159620672,0.497091771796286,0.489612614762133,0.481948617459974,0.474240458212839,0.466638325533771,0.459298107080538,0.452377394799524,0.446031616438832,0.440409875356215,0.435649451767697,0.431868330192057,0.429156803422487,0.427566563078724,0.427121422089589,0.427815595327819,0.429604689212731,0.432404593161012,0.436091215172098,0.440508000879126,0.445474092743355,0.450805626441969,0.456325585658939,0.46186188325431,0.467266649379598,0.472416714271974,0.477213224911428,0.4815795154163,0.48545783406958,0.488805726047009,0.491592120606934,0.493781054890322,0.495363070133882,0.496349714603859,0.496746026440632,0.496556218340981,0.495782069085095,0.494437010926631,0.492529005117931,0.490054540483453,0.486993740173109,0.483329754248988,0.479050756910357,0.474151130972745,0.46863331358579,0.462498383423112,0.455757361908156,0.448446215953554,0.44063997406177,0.432480474520347,0.424196929086737,0.416124923580235,0.408721538272424,0.402557781635249,0.398240323094793,0.396279000714747,0.396941125930407,0.400158705062324
0.368037282700723,0.378450442181628,0.390496874290591,0.403141510069544,0.415627473048263,0.427439273582749,0.438229798280603,0.447778849518515,0.455939994185681,0.462623719303209,0.467758479887028,0.471281369805947,0.473138710246171,0.473286418417804,0.471694075350635,0.468318259918492,0.463105213241734,0.455997142900305,0.446937293085137,0.43581853717866,0.422500118324982,0.406811071849709,0.388557610307022,0.367539463450274,0.343697320701027,0.317526885240302,0.291702482338632,0.275686815980021,0.282555032438777,0.305501977849539,0.331512573941486,0.355758531068887,0.377138026827985,0.395550127732271,0.41113259729236,0.424059311520917,0.434481332809503,0.442526938738582,0.448303987604258,0.451891790423199,0.453339770031539,0.452670386521792,0.449881094481213,0.444954073369439,0.437857567861706,0.428552910736401,0.416970768169037,0.403016204696402,0.386582996328869,0.367588184211332,0.346000603844932,0.321900592765164,0.295601511672467,0.267584049837521,0.237903127294421,0.205951101201245,0.179045333029765,0.193528554713631,0.22876952398635,0.258272982719262,0.281688868525473,0.302193062857984,0.322116227951412,0.342031907267252,0.361370265080005,0.37939901905781,0.395640623830076,0.409869975395698,0.422031591252809,0.432158396780964,0.440334874127326,0.446679691956849,0.45131585456902,0.454383481758947,0.45604911160841,0.45650294282879,0.455965224457492,0.454688768552358,0.452962028072141,0.451093917192362,0.449379581725362,0.448065180668733,0.44735936637038,0.447369689033301,0.448087793962039,0.449405717533941,0.45115282296177,0.453143781271152,0.455222865364383,0.457294592438631,0.459336957034923,0.461397959187699,0.463578499259478,0.466007651497638,0.468823809585362,0.472127608401569,0.475968537422873,0.480339192084515,0.485192287436896,0.490433773567103,0.49593463840001,0.501548776735413,0.507119234161432,0.512485229028137,0.517517626892001,0.522132074629969,0.526249286968781,0.529796357168877,0.532713559712799,0.534996791406738,0.536630402295138,0.537565623461397,0.537767232407771,0.537222638588706,0.535901909679223,0.533763260551961,0.530765482178063,0.526865495723802,0.522066299234412,0.516395845047515,0.509896586209223,0.502624042284078,0.494645189190538,0.48606798114902,0.477028995195863,0.467689366004469,0.458232624581945,0.448859502714393,0.439780768085168,0.431211628935669,0.423365977500185,0.416457934224331,0.410698580598565,0.406280642625771,0.403348558747087,0.401991439105955,0.40224498739041,0.4040893860988,0.407457260208353,0.412225233545051,0.418200376351491,0.425124212416822,0.432703055178751,0.440634970312165,0.44863100928502,0.456445805494976,0.463883216069348,0.470795183764165,0.477075467264307,0.482651494578039,0.487477139104115,0.491526093662616,0.494785053515644,0.497245535243341,0.498913553481519,0.499808903906254,0.499953035616877,0.499375999651232,0.498102602021774,0.496145177713368,0.493496781401101,0.49016252328143,0.486139977933205,0.481415928471775,0.475975381191395,0.469799787844744,0.462850119215332,0.455079016197425,0.446440010146639,0.436901672995835,0.426474595602876,0.415228923195051,0.403337595448192,0.391150824583184,0.379307050953349,0.368814185565155,0.361010752850758,0.357238196956092,0.358256599904639,0.363845518411499
0.325959570803827,0.343671526347264,0.362546012351792,0.381132747981735,0.39863062544959,0.41460593133635,0.428824088014059,0.441181713845221,0.451660409752431,0.46025327567983,0.466951034097613,0.471742614610058,0.474618768285826,0.475560581183366,0.474551797242385,0.471578775772419,0.466607438561083,0.459592078940545,0.450444399645747,0.439039458083837,0.42518109543413,0.408591779219443,0.388888772993063,0.365569406491771,0.337892257596694,0.304704713950857,0.264070783574533,0.214694080460301,0.243892437517261,0.28794584998029,0.323379140898646,0.352520497272388,0.376766896765009,0.396984523419044,0.413752868990292,0.427464452524043,0.438394724016073,0.446746343773449,0.452654170188002,0.4562155025487,0.457490808302355,0.456501379420749,0.453238127433371,0.447668921332103,0.439752095909771,0.429389654328238,0.416430000975722,0.400660492931888,0.381808983170604,0.359500903469825,0.333236949331609,0.30248249628425,0.266982744114183,0.22826960207286,0.192099310289902,0.157882371881545,0.146918141350018,0.172990375869563,0.210793561376403,0.235843938917254,0.252319428649022,0.268886425597023,0.291847932978905,0.318184829923563,0.343400410959451,0.365777684574544,0.385006493013333,0.40119616546326,0.414547991206294,0.425265128664931,0.433526031886897,0.439491931548058,0.443326875423765,0.445199099937468,0.445290636195031,0.443817281038931,0.441038436136182,0.437275638382427,0.43292981992819,0.428477896820353,0.424440603532916,0.421293657815481,0.419403093077929,0.418951433296734,0.419860419325637,0.421826043185927,0.424420835805928,0.427215857094279,0.429878295680728,0.4322258106144,0.434240494407472,0.436052163692977,0.437898695244222,0.44006928232657,0.442839621602212,0.446425974382534,0.450933207319604,0.456342172865016,0.462535229278142,0.469333180962615,0.476528761358412,0.483888818197537,0.491184541652604,0.498204208831495,0.504767457704005,0.510751390811509,0.516086140113786,0.520710478153369,0.524561416330705,0.527624080982904,0.529905759906989,0.531379408596719,0.531996608493272,0.531725139404885,0.530545317148156,0.528416803051106,0.525276536730236,0.521057582457958,0.515737276449605,0.50932199388894,0.501839349552668,0.493333987633329,0.483864972564229,0.473540171353218,0.462512604562964,0.450977694446348,0.439173699551935,0.427373857917786,0.415869019939379,0.404947085904229,0.394885768877468,0.385975271503125,0.378547928324868,0.372959931146111,0.369505160837959,0.368338306794685,0.369448734590703,0.372758571497972,0.37818968006317,0.385609781995249,0.394734646045997,0.405120311992129,0.416236185007719,0.42755876003349,0.438652347895073,0.449191489325837,0.458953044140727,0.467795234537058,0.475637447788402,0.482440128626855,0.488189882528245,0.492889801768769,0.49656033359435,0.499229634945338,0.500909721590626,0.501654793197835,0.501507364748802,0.500495852547,0.498639461661305,0.495976484079635,0.492539388024198,0.48834923112118,0.483411369683109,0.477721076670283,0.47126277798104,0.463981213442435,0.45579410006091,0.446596206203362,0.436275292096665,0.424715285900542,0.411801371305061,0.397428900640937,0.381538625533832,0.364225313514438,0.345950234337913,0.32798804735613,0.313054904104274,0.305208105662046,0.307322190341378,0.31828503472717
0.278487734838123,0.307938684778658,0.335978771605445,0.361641182745517,0.384616201910051,0.404862601789854,0.422461227879252,0.437529894821256,0.450193470315913,0.460564023835053,0.468725022025338,0.474733859717149,0.478640994732409,0.480481245223093,0.480266606952516,0.478005415113925,0.473710972871422,0.467371115683124,0.458933894723789,0.448311250577098,0.435388637216508,0.419999525449354,0.401982115085752,0.381239268200073,0.357913545934263,0.332871894188221,0.309266524470616,0.295563673415574,0.301269276739889,0.321629218484888,0.346134683533413,0.369734036053558,0.390873151890263,0.409194337166775,0.424700767009469,0.437501563477468,0.447739490801501,0.455537901925907,0.460988978709604,0.464142950217998,0.46502094483607,0.463635297004047,0.459977141380311,0.454022908372663,0.445694007703194,0.43486922335344,0.421370014451381,0.404957608675058,0.385281239533145,0.361813799657467,0.333795290760814,0.299990069808443,0.258198851539948,0.203743478777408,0.141928279747509,0.185195441776419,0.208032724630902,0.224591689247236,0.236704744863777,0.241198452776376,0.234907257154871,0.22532556741881,0.267717375645897,0.305280293961091,0.33573694050012,0.360740288390964,0.381329692757625,0.398167764743433,0.411689308317763,0.422198836879034,0.429922755849843,0.435029722869707,0.43764815390007,0.437912812541168,0.435977859241981,0.432020247343406,0.4262926735378,0.41913694955495,0.411041083245526,0.402691058019072,0.394979741241546,0.388894323123045,0.38525343095017,0.384468583208807,0.386310430427585,0.389992376038135,0.394494918279533,0.398895563578485,0.402559376423717,0.405193377228633,0.406829018830887,0.407776006827586,0.408550723628602,0.409770952908998,0.412018115185104,0.415698809626205,0.420981118998496,0.427788326165805,0.435855686643926,0.444820837286603,0.454294053783419,0.463921251464543,0.473378526141759,0.482406165588183,0.490805506363422,0.498424367154563,0.505167398417554,0.510984376286321,0.515846820586471,0.519764112389308,0.52273712604727,0.524768747323465,0.525831364333419,0.52587110939027,0.524862366033252,0.522764470262816,0.519504537751964,0.515013234878058,0.509201180910419,0.50204120856252,0.493525000817255,0.483668355410775,0.472502477508757,0.460109614870866,0.446636032774578,0.432297335160853,0.417393949735717,0.402311781277568,0.387489316286701,0.373337163115709,0.360162387469925,0.34821618508365,0.337935337078209,0.330123648813995,0.32567011174573,0.324857633692926,0.327282167082881,0.332544264625504,0.340700145473705,0.351878993954345,0.3656771145045,0.381140461594115,0.397176984411186,0.412906734909304,0.427749309905376,0.441372017425578,0.45361229622479,0.464409352311373,0.473759284369254,0.481688141476949,0.488236120107469,0.493454025715014,0.497408320680138,0.500161199554865,0.501755459478815,0.502235333517638,0.5016294597429,0.500001713104257,0.497420520929069,0.493952064845222,0.489655576772858,0.484576626333654,0.478744348834002,0.472178581010233,0.464844306827241,0.456657144864844,0.447493043350114,0.43720043022884,0.425599968396295,0.41249174378705,0.397641480834916,0.380754207602747,0.361457376381733,0.339264085570128,0.313604143951938,0.284195427095801,0.253023775659296,0.23168842303397,0.238640382428745,0.263949570646357
0.234779966934068,0.278146688323617,0.315819038146891,0.348217871942182,0.37604700626333,0.399907478790249,0.42027543589029,0.437528740402663,0.451945797476333,0.463742659603909,0.473103239737283,0.480162820673682,0.485026460496293,0.487770289163709,0.48844418923102,0.487089051315325,0.483758480510101,0.478490826576432,0.471301112254537,0.462194346378162,0.451163073996318,0.438249707883594,0.423605983973457,0.407599114515811,0.390995368274458,0.375239726200337,0.36275852559091,0.356641309428467,0.358862214291135,0.368530458731215,0.38273189971865,0.398626115969768,0.414345054328072,0.428861308590603,0.44165114491746,0.452464907547916,0.461202391815565,0.467838495363093,0.472373615923533,0.474810706941526,0.475142438879026,0.473344666592682,0.469421417060393,0.463329612101697,0.454988355159951,0.444293537366774,0.43111932288306,0.415304392083941,0.3966166555856,0.374812944745371,0.34962584838506,0.320922213717442,0.289391031536595,0.259106306591829,0.242190109507843,0.245938413661526,0.257231406104655,0.266622773096829,0.271647251048719,0.271689394422827,0.268536642153669,0.271812740920265,0.291734207160129,0.318569657054592,0.344098333542558,0.366396547335728,0.385271399175026,0.400870077275194,0.41336389158325,0.422889858493372,0.429554680773556,0.433438260622095,0.434594755809764,0.433054817552175,0.428869206745331,0.422116466333589,0.412915755771614,0.401505312144419,0.388325162672644,0.374182077078119,0.360453025838576,0.349153276078596,0.342473287098251,0.341707997498007,0.346261904542028,0.353958522248283,0.362353162830771,0.369638906560872,0.374819816340915,0.377568048058582,0.378073074944601,0.376959196480265,0.375230761044577,0.374152537121161,0.374964968722267,0.378492677698438,0.3849026433074,0.393836848209741,0.404679253755067,0.41674139765164,0.429358365724656,0.441957179306496,0.454108339798928,0.465508316772524,0.475960176440022,0.485341991041567,0.493590707362209,0.500686038470696,0.506634039400863,0.511479113607539,0.515246198540626,0.517903834059304,0.519468016487659,0.519900279684288,0.519122884535933,0.517101983493337,0.513787853942469,0.509082837617785,0.502862646051058,0.495028665245067,0.485519270512872,0.474296003892864,0.461333821064778,0.446644579096076,0.430310477463021,0.412506964787939,0.393555012252447,0.373988350785808,0.354572147252016,0.336127389276202,0.319043814627196,0.302906984356211,0.287358712427311,0.274265480705844,0.267624139763298,0.268528554983316,0.273951501855622,0.281633247157425,0.292911783917998,0.309922185210243,0.331603005526402,0.354985262765921,0.377784716734155,0.398861845837713,0.417794562965004,0.43450347845902,0.449052766651822,0.461558139589916,0.472145869518426,0.480935390032381,0.488034833931523,0.493562295524975,0.497633793912192,0.500322740440809,0.501643117141506,0.501638451946469,0.500390011648195,0.497986052282325,0.494520437070166,0.49009170639259,0.484798167560561,0.478730017416001,0.471978196329182,0.464580726922408,0.456497919617628,0.447623930781054,0.437792093552956,0.426785494810222,0.414361882149761,0.400268848817214,0.384233595405339,0.36594033308593,0.344949164203971,0.320527712149432,0.291375039787898,0.25509015512001,0.206860437609611,0.13747460830944,0.165837450421097,0.21154102986129
0.207870438224758,0.262718015958091,0.307186239064139,0.343982959279429,0.374829824747278,0.400870750004449,0.42289623572376,0.441460193941685,0.456959520208047,0.469697485585768,0.479902153153512,0.487756339859052,0.493403551459458,0.496951328592786,0.498487854318195,0.498083362754118,0.495820558030466,0.491795669369083,0.486087439531027,0.478754194796957,0.469897052979017,0.459724241400236,0.448567265406106,0.436923178644183,0.425552473797561,0.415507781284026,0.408103616307125,0.404609030156049,0.405691482514684,0.411062888027451,0.419640775907497,0.430057880498437,0.441087290269164,0.451812319698599,0.461611424864916,0.470098744970419,0.477030208334368,0.482248038012121,0.485658247061946,0.487218811198405,0.4869058676152,0.484726672791667,0.480644666205132,0.474599427554534,0.46653178446231,0.456378359084758,0.444103602160595,0.429654563370549,0.413047027814365,0.394381793346924,0.373944232056739,0.352486510349694,0.3316411371533,0.314261382129384,0.303599385511915,0.300486799869038,0.302166829982024,0.305092185240223,0.307232572764619,0.308414136794304,0.310341763550128,0.316126214042291,0.327738497913438,0.343838267597033,0.361579480866007,0.378810264363501,0.39436442400014,0.40767910726361,0.418487145772341,0.426642108814244,0.432055360205642,0.434657848914651,0.434380279610571,0.431143555872095,0.42484795890743,0.415398971317727,0.402703555191393,0.386688854729594,0.367414568734779,0.345274639052101,0.321622017423151,0.299876120457408,0.2862950133556,0.286534498336219,0.298690991658264,0.315377928187,0.330879544348294,0.342557695367466,0.349547099083328,0.351820554256271,0.349846741784683,0.344584575872528,0.337665913452025,0.331554077157054,0.329133647086776,0.332298443911413,0.340863607531455,0.353427633608131,0.368610870570975,0.385231103142195,0.402216666871604,0.418694746808299,0.434093185374252,0.448145067918841,0.460745735297893,0.471886896900991,0.481599142043661,0.489939877515638,0.496959041423249,0.50273600070956,0.507358187728132,0.510787862832852,0.512989387215955,0.513926221364563,0.513514176756699,0.511705150461597,0.508453624355705,0.50365281870444,0.497155725450682,0.488799575289029,0.478460474211832,0.466013532589262,0.451349264836699,0.434366758331313,0.415001496697499,0.393239613273647,0.369203254042672,0.343357660413657,0.316910180676801,0.292198023681051,0.271549038471885,0.252993486196477,0.229333760853281,0.197944174832709,0.182370147162568,0.193616273883508,0.210394784404131,0.218917080192178,0.22954293025453,0.259400814226289,0.297009846169901,0.332118108661279,0.362681056214359,0.388881104740265,0.411256867710564,0.430319220195612,0.446488581874132,0.460098704056614,0.471411639018027,0.480632059103434,0.487953221945211,0.493542308676567,0.497488255609422,0.499846364586639,0.500650506613714,0.499964166105125,0.497877525751799,0.494490715954659,0.489920247220288,0.484302634770735,0.477792240829231,0.470566987037604,0.4627932911519,0.454555898660674,0.445846369799108,0.436538231677842,0.426384977669706,0.415060372196609,0.402212834782677,0.387522399213474,0.370747946729711,0.35175694348474,0.330458414659326,0.306641017409293,0.279759205068123,0.248858866858707,0.212963492070313,0.172286230283211,0.122226227490635,0.17522280833488
0.209969637126568,0.26763831654623,0.313127103895169,0.350427670185903,0.381610971991305,0.407939700501133,0.430244590230335,0.449109583569873,0.464953780539916,0.478082986909078,0.488725733968596,0.497061778270294,0.503251885115347,0.507426770073123,0.509700312800127,0.510176767151011,0.508958499232529,0.506149868205019,0.501863637599281,0.496219292895541,0.489410596154234,0.481706501733401,0.473465159029032,0.465144248121238,0.457319102800701,0.450661026056379,0.44589992800165,0.443648209522356,0.444207054625801,0.447453180336017,0.452884253844352,0.459781819857939,0.467389327825223,0.475033612013299,0.482192119207826,0.48848272402658,0.493621172034288,0.497402601988148,0.499681904959107,0.500359400315665,0.499421454480915,0.496867362351286,0.492662454109012,0.486760188881823,0.479093936025163,0.46965218201215,0.458445431649947,0.445546522372087,0.43111823085451,0.415421520441354,0.39893368830478,0.382443706446397,0.367088284851849,0.354234146355673,0.344983965913977,0.339520497630985,0.337004260910646,0.33621371506581,0.336337194925452,0.337349404857569,0.339990308815302,0.345336836809529,0.353985316819715,0.365496736203184,0.378675092353616,0.392193419754507,0.404971788165521,0.416246805378147,0.425512945485762,0.432430241374075,0.436755166145889,0.43830809569208,0.43692165657362,0.432411877896767,0.424560997274875,0.413110719000524,0.397733563465502,0.37797890991254,0.353219245493636,0.322631568143362,0.285361622868677,0.242149394722631,0.205175918097912,0.210825931048861,0.247273524949907,0.28143284223573,0.306568645285004,0.322792248983208,0.330906616060719,0.331597541966236,0.325468922700413,0.313319904399639,0.296751320058512,0.279511457307825,0.269200651304002,0.272660203750516,0.28657808513281,0.305511734498359,0.327579175275701,0.351095823293946,0.374144079033695,0.395454515620719,0.414499977780606,0.431223186755736,0.445797418803281,0.458449658965035,0.469392503910525,0.478796370893316,0.486795282802922,0.493478466191554,0.498971547871837,0.503257628997384,0.506249071194595,0.507872367927448,0.508053576331004,0.506683339430248,0.503691270648361,0.498995704378626,0.492436909000578,0.483805285808868,0.472921963976028,0.45960884052949,0.443635067117165,0.424756352068118,0.402710727009636,0.377161081698629,0.34768899631116,0.313867223292731,0.275861076611984,0.237309970820021,0.213310160428811,0.210242911659997,0.196125382100211,0.150185953464843,0.103928573604773,0.101457583837237,0.170254839912815,0.170717121984292,0.13663580738152,0.223667087450525,0.280506044212601,0.323626688218593,0.358167608253687,0.386571789948558,0.410240922308463,0.43007177981927,0.446678120526956,0.460497871564618,0.471852317038208,0.481013868997484,0.488194074124571,0.493505119369389,0.497026544831877,0.498827896282113,0.498931693461116,0.497388221690611,0.494274167761202,0.489683204426385,0.483739881339136,0.476613472313723,0.468533180437341,0.459804213419757,0.450723323906002,0.441528200025699,0.432305472622901,0.422900083744434,0.412908818283446,0.401765370156478,0.388869279490908,0.373702583694718,0.35597716248532,0.335762063189231,0.313584289868671,0.29024793189325,0.266116243597235,0.240757086939359,0.212932453022333,0.172195843559195,0.0918806937371733,0.17382731342122
0.249775262803441,0.294047366724604,0.333021565687649,0.366572396592689,0.395420532601557,0.420237165287467,0.441568603455515,0.45982822244926,0.475332991774642,0.488328888746765,0.499001671030149,0.507498536031868,0.51396965910185,0.518565633812348,0.521415137822596,0.522632556297004,0.522300815198233,0.520542259436531,0.517492951501284,0.513320983240177,0.508256408374964,0.502569318215989,0.496578273126212,0.490656806727458,0.485211119149265,0.480659791506888,0.477444511421502,0.475902712569768,0.476182434981893,0.478220764271626,0.48174717060454,0.486344420962805,0.491530046173804,0.496829600913174,0.501846568573536,0.506252183570225,0.509783357162126,0.512236335115221,0.513449980186572,0.513333479683802,0.511850906874974,0.508955845498622,0.504628037808768,0.498840646671603,0.491572245590347,0.482799940469693,0.472561786465644,0.460990707768956,0.448285329007683,0.434741699324511,0.42079219136169,0.407012151468499,0.394087424719625,0.382730137579066,0.373446883260148,0.366367804569623,0.361298510619686,0.357916184362609,0.356051078693867,0.355879293109484,0.357880436220972,0.362546560108324,0.370026495280056,0.379898392730089,0.3912865899961,0.40315543788121,0.414549062856275,0.42470315538115,0.433060146156322,0.439222871460127,0.442897942713499,0.443854258169608,0.441884932757115,0.436773434712792,0.428252861880963,0.415992785085928,0.399560590919095,0.378363811864654,0.351481363732914,0.317391045433666,0.273311640867654,0.213210638880772,0.117253851263717,0.148561644231061,0.224206125937166,0.269810087076128,0.298899842264496,0.316016029686343,0.323116229493152,0.321016759844141,0.309870007015025,0.289369981859003,0.259033037049961,0.21913307286816,0.180379671050565,0.194794121143488,0.221767346154161,0.248516868492744,0.282280201737247,0.316978813409182,0.348100558653196,0.374676324476285,0.397044127392069,0.415838077369987,0.43172703662257,0.445299935769196,0.457009387826379,0.467167730465374,0.475976686035547,0.483543935840011,0.489957666519046,0.495198486499242,0.4991348706355,0.501652958289646,0.502631775083139,0.501953944325598,0.499514329849663,0.49522214534045,0.488907934567234,0.48036519150607,0.46936255932783,0.455664359713381,0.438995141573012,0.419008574670581,0.395298474275364,0.367356349921027,0.334408261977679,0.295057536352967,0.246308205258725,0.18208436197144,0.158057517629379,0.199783076545133,0.216033944658474,0.213948543269355,0.206928409339223,0.207940059396767,0.218833727785883,0.224014433921698,0.232424816556687,0.262400359949153,0.300702706209819,0.336220705244218,0.366912376859958,0.393029375933311,0.415164438281161,0.433867746773476,0.44958170149119,0.462656385255276,0.473392791063433,0.482003614316215,0.48862243676376,0.493340037951474,0.496228039359254,0.497313405023058,0.496593654754715,0.494076219840833,0.489798482227736,0.483818034342653,0.476234699294787,0.467220823244002,0.45707935897784,0.446255206047678,0.435307829840067,0.424823322729305,0.415151820946181,0.406139171891293,0.397077182343336,0.386929841690737,0.374611071797037,0.359160602640445,0.339888859532965,0.31662976148834,0.290426640108717,0.264538279150379,0.242840498860436,0.222735866040747,0.212782234928821,0.204225158340404,0.197877575636887,0.227323797679147
0.300993421071142,0.331089311468644,0.36104376890066,0.388842550077567,0.413877521370109,0.43609840984358,0.455626732711086,0.472629685266988,0.48727719079029,0.499715191283889,0.510064778438979,0.518435427534614,0.524961968703755,0.529783694167329,0.53301077241217,0.534751952775286,0.535117713826681,0.534216278117155,0.532180579733351,0.529217056488214,0.525553972201793,0.521438131791686,0.517135594461856,0.512933795631683,0.509116581205256,0.505945610384936,0.503708046201498,0.502610761054479,0.502737223442352,0.504031320813969,0.506325054721742,0.50935878183621,0.512808749030097,0.516347943519824,0.519675921166136,0.522530899922814,0.524693442140152,0.525978025552543,0.526242472864069,0.525426675434651,0.523464480946173,0.520287073703229,0.515840715085302,0.510110144341604,0.50310970791266,0.494855791796292,0.485357506839747,0.474742674222271,0.463202961133495,0.450980032118932,0.438395379848819,0.425827382917559,0.413689998078727,0.402397067415449,0.392255689838828,0.383434422784035,0.37599983983029,0.370044473931179,0.365830549542843,0.363851998880777,0.364735452738005,0.36896526772576,0.376537444600888,0.386761140483701,0.398493122381723,0.410555367529496,0.421989599619431,0.432078822245164,0.440311372122414,0.446335531244198,0.449884899604475,0.450760065871373,0.448788068243538,0.443783377992877,0.43552412796001,0.423740299299648,0.408099216890976,0.388190942263188,0.363549801406025,0.333642604704572,0.29826790150781,0.259515769381547,0.229486353633658,0.232418745333793,0.260643071597024,0.289669525568493,0.311228167893197,0.323997934987734,0.327903942362565,0.322786021431921,0.307987724556366,0.282007377184361,0.241858049112643,0.182957217044513,0.134143273449055,0.153797956532153,0.145541660045825,0.174310960994918,0.240821391859572,0.291501740841106,0.329935657083362,0.359867493563541,0.383659992220129,0.402928231052311,0.418858578096311,0.432383390698597,0.444185644363499,0.454700969701115,0.464154386103373,0.472617023172455,0.480088331465777,0.486461613487306,0.49156727538247,0.495209946301615,0.497241476652023,0.497510077463095,0.49589858418868,0.492316173683543,0.486615551676402,0.478562908637115,0.467893368102974,0.454390200145119,0.437751737419634,0.417631227390251,0.393649878811806,0.365376264630119,0.332478962156961,0.295006024436347,0.254249025723242,0.217231858450118,0.212177643180845,0.235940174240885,0.255412428194151,0.265764006212948,0.270917794411285,0.275318393740298,0.280772221786158,0.287295265565334,0.297508997601563,0.314585786666606,0.337123001415986,0.361352339708226,0.38463796820394,0.405799231659148,0.424467045392054,0.440628457948915,0.454409146136958,0.46600638454453,0.47555068766498,0.483153719243577,0.488894647089522,0.492826742471745,0.494957729568934,0.495262201402344,0.49368997622003,0.490183165074499,0.484713269715424,0.477265797740389,0.467864478382023,0.456619275358485,0.44381915730459,0.430003974931133,0.416127714117151,0.403526437463242,0.393356976673669,0.38560668085868,0.378852243333972,0.371122987502866,0.36062533401309,0.345844563783311,0.325355363285807,0.297671466469453,0.261701733544308,0.221703044169391,0.204722160756786,0.218294407118693,0.235505706377376,0.249994459396126,0.265028436809981,0.287199218164583
0.343179224757587,0.366638198668725,0.390270459539149,0.413019205870496,0.434239625866852,0.453602135347205,0.470992963129621,0.486407406990939,0.499882214882635,0.511476101135706,0.521251633169046,0.529282661047911,0.535672990423085,0.540506102599525,0.543900693633815,0.54598778955839,0.546870671399588,0.546618868169666,0.545378612702789,0.543364953556746,0.540790075337598,0.537870395379372,0.534823373813047,0.531863091379242,0.529184359900418,0.526956714737012,0.525373039188283,0.524568783188685,0.524594030622725,0.525405382813978,0.526870336962602,0.528799044911578,0.530977695686166,0.533181723742957,0.535184281809429,0.536785238452481,0.537806272950701,0.538088715368493,0.537545149701252,0.536118844328897,0.533723839824377,0.530283467475616,0.52573034055457,0.520013479302252,0.513162156139932,0.505209799565929,0.49620639228626,0.486223750081789,0.475375204490512,0.463829599883203,0.451798727041743,0.439504843724857,0.42719414792172,0.415120295140098,0.403496062608235,0.392479173051211,0.382291755476435,0.373305598664573,0.366099684866797,0.361518821414183,0.360735893630399,0.364901351083837,0.374061433853619,0.386708384519028,0.400781692116826,0.414663136881328,0.427347070559048,0.438244814263704,0.447003917045272,0.453401427864411,0.457284998697023,0.458536760445812,0.457055039379652,0.452733942726044,0.445453495031285,0.435081651838239,0.421504739787604,0.40465317353277,0.38463289300805,0.361974758659322,0.338141005328327,0.316437518816123,0.302574278005774,0.301396380634317,0.310975289543008,0.324454099035405,0.336106245940606,0.342857084337767,0.3432115005788,0.33624071025297,0.321046489813974,0.296467547798609,0.261042571209783,0.215618920352557,0.190218876551757,0.189510406505923,0.164175980018747,0.181963834448924,0.241857740690663,0.289611739656548,0.325797329947823,0.353615258513401,0.375338794739386,0.392636132465262,0.406851098281374,0.41908464594141,0.430188122329622,0.44067314348362,0.450710602361782,0.46022206027649,0.469024438785829,0.47684722093405,0.483420320440513,0.488475609036614,0.491832631956791,0.493329439902281,0.492809684818447,0.490202707050272,0.485406703433981,0.478218132406565,0.468378310701026,0.455666274500939,0.439832310058097,0.420565321840312,0.397540600728721,0.370434457796928,0.339165523178306,0.30486220249717,0.273264605238363,0.258259457131375,0.264023793031966,0.279951501408973,0.296184312199485,0.308641788342237,0.317450951136557,0.324173064599709,0.330284456257858,0.337013014220625,0.345745848808145,0.357543589146206,0.372236213626918,0.388595587694055,0.40523641326919,0.421146220185062,0.435731839937983,0.448720683941802,0.460053749492303,0.469692979016837,0.477639865854838,0.483937550521723,0.488612954423428,0.491652348628161,0.492988726661364,0.492547318108562,0.490209062059613,0.485828855305505,0.479293493148769,0.470489838662751,0.459317505071787,0.445736282093485,0.429828679207231,0.411970919703111,0.393294909710861,0.376468867049181,0.365347028809042,0.360693808187511,0.358649916932051,0.355351607612056,0.34851510389191,0.336575589305631,0.317913105844937,0.29028307945666,0.249887023648252,0.18929415481265,0.165636869081367,0.22654349798613,0.263397959123174,0.289010721500391,0.310446029865333,0.331920080053648
0.377955092440297,0.397785886379393,0.417375257517285,0.436367431920699,0.454374946361793,0.47110515022343,0.48638630034622,0.500129211818753,0.512303053983058,0.522910434415881,0.53196465437996,0.539492537997398,0.545545451088262,0.550221321447636,0.553637389402589,0.555912460904103,0.557133032596248,0.557348551047408,0.556708015454612,0.555416417167371,0.553667294493366,0.551646930791901,0.549530699578664,0.547476247381641,0.545609217980493,0.54404788852172,0.542919002976411,0.542314244466671,0.54226292609131,0.542727691462332,0.543607034040086,0.544744325194762,0.545971536242704,0.547145519390462,0.548104854321972,0.548692437155968,0.54876631753182,0.548210488187634,0.546986719449013,0.545027450861249,0.542244007392875,0.538554458524732,0.533881320052646,0.528171565108498,0.521408927356127,0.513620881446039,0.504888125764141,0.495260944630125,0.484751414084824,0.473438116125974,0.461434020751529,0.448832467237256,0.43576979909072,0.422363464288374,0.408728203249934,0.39502812564007,0.381569401186893,0.368920922732448,0.357901091176585,0.349580136143668,0.345828962153561,0.35009451997935,0.363500394139768,0.381525758553595,0.399916391538319,0.416777948021433,0.431413882530136,0.443600130994678,0.45325203590091,0.460331396705648,0.464829921422638,0.466732146169144,0.466032223134853,0.462724386586229,0.456810157069572,0.448303548882249,0.437286977858149,0.423954965738295,0.408718694961176,0.392401730695262,0.37646690026074,0.363032860433702,0.354407684632836,0.35193407108105,0.354682275071892,0.359969456636123,0.36483257612309,0.366967652190595,0.364853691954186,0.357543620753736,0.344526659564724,0.325838525117937,0.302797867163179,0.279858348684287,0.264129438178887,0.255428810515884,0.250593354287283,0.258746718591901,0.282065918541795,0.309663626146148,0.334588849554336,0.355044986835593,0.371239485096462,0.384059424903517,0.394657061644355,0.404238711838505,0.413843971660394,0.424058542768203,0.434879654689638,0.445875931697523,0.456513013501911,0.466267793827985,0.474693331149918,0.481461272440711,0.48636841226034,0.489278271601371,0.490057560893728,0.48863649076012,0.484998441887341,0.479008781365911,0.470451655996837,0.459137197321163,0.444868065123467,0.427392313840319,0.406455443505187,0.381803174733844,0.353133930179786,0.320126546884558,0.282467114806493,0.27888942202296,0.299490249484603,0.31769806746349,0.333310152995531,0.345877325595621,0.355607382550061,0.363276509270313,0.369845102035151,0.37628701519096,0.383497423004587,0.392085722898404,0.402141297798954,0.413258509896581,0.424782465655125,0.436099493329523,0.446767999743556,0.456532267438503,0.465197642898697,0.472645016000743,0.478832411705112,0.483741790246436,0.48732328245338,0.489489214164619,0.490109500737096,0.489044117606492,0.486100809772186,0.481065467336718,0.473745117114789,0.463924684455192,0.451367992725857,0.435851071423975,0.417126174966334,0.394982378306903,0.369552347799124,0.343231507008918,0.328880497825851,0.332648008792962,0.338380857353231,0.34084128392418,0.339062907884045,0.332385642834353,0.319981168795974,0.301149631686011,0.276584701817661,0.253226236631257,0.250894234143969,0.273915836234674,0.301758777603719,0.326280857074304,0.347825449541992,0.368029665406947
0.40757094106873,0.424741577220806,0.441463960019857,0.457624273738827,0.473021644615972,0.487467515311511,0.500816560934555,0.512962986476764,0.523842375587227,0.533423316678486,0.541654906365413,0.548530960253673,0.554129982998868,0.558535805051439,0.561850724009775,0.564180328529138,0.565579194034996,0.566107893250428,0.565900886643682,0.565142032822575,0.564008378154814,0.562659076832419,0.561234111553535,0.559847693657977,0.558570771697868,0.557491617319316,0.556688592658914,0.556221390601019,0.556104336945488,0.556302007855446,0.556730757774259,0.557268953459594,0.557787951423286,0.558160893531505,0.55828952271619,0.558052716503802,0.557338457978078,0.556093867883308,0.554300402312126,0.551893232726401,0.548784413671121,0.544876224724826,0.540074532835719,0.534333965045584,0.527630856815673,0.51995527652975,0.511360553026808,0.501861484986646,0.491450739745021,0.480100951312536,0.467808717733112,0.454573912680178,0.440411663590824,0.425351737927585,0.409423067789587,0.392709860412543,0.375485080338099,0.358533374212254,0.343272398032981,0.330967466292088,0.321837683781716,0.324029191016311,0.348966400690759,0.375677572537785,0.399060904761365,0.418893241409719,0.435390989210555,0.448796676599961,0.459313525249451,0.467097448857585,0.472259728990177,0.474889643005946,0.475074767863639,0.472901181695057,0.468464674715162,0.461885652280144,0.453364111205136,0.443215571455859,0.431922719281456,0.420225704057069,0.409163728919038,0.399974815563027,0.393672283499907,0.390676153966519,0.390441944762614,0.3916156855447,0.392613699174716,0.391989613786755,0.388637151674135,0.381896212066782,0.371608930699136,0.358262707842985,0.343287637516437,0.329094509883742,0.31802047095898,0.310920243794988,0.308325305166923,0.311955903950734,0.321993464434633,0.335513592907184,0.349062488788064,0.360544395954091,0.36928530768743,0.37564614452564,0.380742593331951,0.386173934490668,0.393499391099196,0.403524037770902,0.415841013052384,0.429267469168918,0.442593660339621,0.454908086228857,0.465582429404167,0.474283973996212,0.480851258240891,0.485243995859108,0.487414433428867,0.487331300184824,0.485039803321573,0.48051830445744,0.473613214885239,0.464183514925114,0.452119902265876,0.437299630647336,0.419625482158528,0.399113313218752,0.376065049695712,0.351647022372964,0.331072460438113,0.327879089682705,0.33991049930491,0.354606584161541,0.368056071417284,0.379402960287468,0.388649559873621,0.396148071478461,0.402424148323839,0.408121731724238,0.413838680798044,0.420001229156122,0.426771582731599,0.434052320649611,0.441570982968652,0.449013004892883,0.456158271249595,0.462793000761552,0.468750635443919,0.473934892108388,0.478322632285918,0.481858504896774,0.48443612541489,0.485873786952376,0.485979074097943,0.484539393673882,0.481281387672588,0.475913530586711,0.46817640104,0.457803030639631,0.44451552489671,0.428003885274316,0.407869193600471,0.383612398642569,0.354584969901395,0.320278161749032,0.299472331676103,0.312348197508091,0.321824596496987,0.327899075415695,0.331084568947298,0.331066957276017,0.327365519714717,0.320226897409626,0.311669833236246,0.306403502266931,0.310115834637435,0.323680538128,0.342397831301909,0.361989632952599,0.380843468850559,0.39884063530641
0.433075914245861,0.448037753707867,0.4624974068182,0.476393441577342,0.489621367829898,0.502081244265718,0.513676456892906,0.524324991907566,0.53395806501676,0.542485028141026,0.549822076668062,0.555995304798412,0.561070917254807,0.56512166647661,0.568236770296772,0.570505111254822,0.571956293564666,0.572670831205907,0.572760056140828,0.572382101544697,0.571700032840253,0.570849585556919,0.569940989784598,0.569052079462873,0.568215208263806,0.567493600478865,0.566930599724779,0.566557965274607,0.566377533857153,0.566353123904027,0.566412352094795,0.566466536018196,0.5664297199196,0.566201031626537,0.565669230156578,0.56475865280562,0.563400077983875,0.561607754072787,0.559357359313458,0.556579503500634,0.553186361652659,0.549073832411022,0.544139107031875,0.538354270317878,0.531689919760658,0.524117413452685,0.515621009193609,0.506153154605271,0.495672733216751,0.484135121623348,0.471399021949442,0.457355076219209,0.441980216793846,0.425230868313423,0.407055439998781,0.387382896373133,0.366191420195858,0.344220271264794,0.324777501043112,0.312534874223688,0.308585346271667,0.315473960327056,0.346245593079321,0.376226995651415,0.401622208439449,0.422792109626027,0.440224218073922,0.454296861612387,0.465346985373196,0.473630713504469,0.479341166595824,0.482635418607464,0.483660863444033,0.482561566470437,0.479496746919838,0.474650070265261,0.468270749548521,0.46069901024423,0.452376561636735,0.443870721342335,0.435885995382635,0.429126763583246,0.424097102798114,0.420937892527189,0.419303990655977,0.41843309779695,0.417411778354743,0.415357808466966,0.411580446740222,0.405663832528382,0.397561788059826,0.387743693590656,0.377183758459371,0.367136729535754,0.358773232205722,0.352864043757367,0.349925416029911,0.350320421881191,0.353720057952879,0.358774039331126,0.363687694485868,0.366942042024579,0.367736326753253,0.366211418514264,0.363696149064464,0.362847847762763,0.366901559182407,0.377454029570201,0.393031144100231,0.410616009215705,0.427801384377842,0.443289612866521,0.456459045027916,0.467131882855929,0.475323761799549,0.481139849558131,0.484678155502758,0.485998842017399,0.485181627973475,0.482302866913527,0.477297887021513,0.470084787464091,0.460653822556735,0.449031088630127,0.435359702576456,0.419991899090604,0.40379222672096,0.388690957654757,0.378211024605474,0.376024140223249,0.381586933693674,0.390922038697975,0.40090770724526,0.41009734900936,0.417981130690616,0.424523607465007,0.429929383527966,0.434525159381214,0.43869040077735,0.442727138310546,0.446802831979353,0.45094731702886,0.45510132476258,0.459185853394024,0.463067797964262,0.466660156586078,0.469914907011828,0.472839990038167,0.475446866755221,0.477683271594423,0.479394187846593,0.480339793558071,0.480240210055313,0.478763338196114,0.475541367697442,0.470218412599132,0.462488448401193,0.452068710159833,0.438709226192593,0.422179868052308,0.402274433272679,0.378913250811812,0.352660466985795,0.326632083036555,0.309295483439383,0.304814419632825,0.307211872806542,0.313274153163862,0.32129497694107,0.329010116435667,0.334699141909666,0.338098346090835,0.340500649144191,0.344291657544251,0.351712261661359,0.363334487856648,0.377934577205367,0.39380860759606,0.409803912518532,0.425443358949333
0.454775196101836,0.467856947899252,0.480461126866044,0.492496846076815,0.503910831194325,0.514666171488066,0.524705610942661,0.533963017006839,0.542333901742033,0.549746691555145,0.556148747418716,0.561570188888633,0.566071863915062,0.569704902242058,0.572544836529368,0.574652765753015,0.576060168215419,0.576856623523369,0.577131465624675,0.57701561238854,0.576660316065411,0.576181527272454,0.575663996031561,0.575152941756795,0.574655021613993,0.574207989172499,0.573831821338701,0.573539497395322,0.57331905286744,0.573128038436324,0.572898749782211,0.57257175565455,0.572091097228763,0.571382498863868,0.570355284313603,0.568920395003908,0.567070132461976,0.564848104413294,0.562224267089733,0.559132140495424,0.555482008329948,0.551162588092827,0.546091637613722,0.54025549655544,0.533601943687627,0.526096863560994,0.517690490851913,0.508244414800988,0.497648094548457,0.485812870320359,0.472563442917025,0.457723110277061,0.441192369310214,0.422913911174853,0.402861512920376,0.380979791820285,0.35706569734815,0.330651786984471,0.307055916748326,0.300899634479771,0.315651708744901,0.334189941052699,0.358514470379181,0.384447572775636,0.408256828502407,0.428838363146799,0.446073665423091,0.460145958855947,0.471308120877464,0.479808582558228,0.485855300930629,0.489634164239462,0.491325336303136,0.49111418631026,0.489191573683949,0.485762072138234,0.481080779634764,0.475467569158163,0.469292729797026,0.462973932829224,0.456985539393794,0.451762936553157,0.447576317371278,0.444455589662901,0.442218416401993,0.44037893729041,0.438412113214605,0.435761882589912,0.431964611522846,0.426780918003763,0.420221985011963,0.412598152227222,0.404490477785367,0.396621651207859,0.389700719030131,0.384254417096408,0.380578365952482,0.378668805390564,0.378064699792892,0.377793767051763,0.376585548360779,0.373139352250651,0.366451113055796,0.356191185760947,0.343425961557758,0.332261920785428,0.330848426874835,0.344312458013531,0.367074415085693,0.391398896530256,0.413536438207067,0.432430951199459,0.447966121573045,0.460343197877308,0.469879999940452,0.476898224171088,0.481656556362957,0.484318620488188,0.48502407873512,0.483884380585438,0.480921183325198,0.476107567785612,0.469514144279323,0.461273290286985,0.451668498920555,0.441209770475736,0.430777650922854,0.421796400430738,0.416038708448309,0.414830187240577,0.41799451221088,0.423957916734979,0.431009112744305,0.437954341192826,0.444143864753558,0.449312652415528,0.453456462140969,0.456702362412319,0.459229839244724,0.461238729315971,0.462871347847222,0.464217862761068,0.465359378236253,0.466297491979159,0.467018361328828,0.467566325169287,0.468080173109772,0.46870604654412,0.469544511933489,0.470585591076842,0.471640839123352,0.472415053522095,0.472502273005437,0.471426851685323,0.468681464021988,0.463800690003825,0.456442315030325,0.446343294801745,0.433333694664602,0.417327672815948,0.398332927568925,0.376559853287266,0.352728275851948,0.32856602307281,0.306868308590647,0.29058538666936,0.283721595810182,0.29007076366447,0.306074624716353,0.324112758428157,0.339811158380943,0.352312263060888,0.362554056265161,0.372114189192851,0.382393544599741,0.394067745500263,0.407013228296425,0.420660340372997,0.434463260065988,0.448097614017373
0.472850559165837,0.484335742329367,0.495343608097333,0.505804903707306,0.515693492792575,0.524985867362164,0.533649610541865,0.541584836305364,0.548735670413378,0.555058760662894,0.560509797955189,0.565128552556842,0.568965076718285,0.572080725781043,0.57456298144535,0.57643377415067,0.577719621040269,0.578512714012666,0.578884870009557,0.578940328902997,0.578819153108137,0.578621282141428,0.578408954247861,0.578203744940951,0.57801048173474,0.577837214859872,0.577671771245969,0.577484471257433,0.577247660860648,0.576915312339272,0.576436883497352,0.575787166596777,0.574930239999264,0.573824826702611,0.572411191357505,0.5706031588992,0.568385845927268,0.565825770444428,0.56290220632029,0.559549967866567,0.555675429531132,0.551171394843232,0.546001960857542,0.54013235238655,0.53349535951674,0.526052530179225,0.51771352308126,0.508289527970841,0.497565819103675,0.485420800503178,0.471668658044511,0.456116142831717,0.438548461083082,0.418906585109678,0.397300440383888,0.374150066288854,0.350423264557486,0.328296787809936,0.314573279348945,0.316346329268352,0.329913142325386,0.34962462420616,0.372156207549243,0.395220609398278,0.416864751188668,0.436065571539288,0.452472856655574,0.466077750387363,0.476998877001871,0.485437823016553,0.491587766462087,0.495636124509819,0.497773413309362,0.498201164397299,0.497125231340053,0.494759032045559,0.491333944299139,0.487129688336885,0.482447750672462,0.477592528770657,0.472907798933904,0.468694208265595,0.465133020750012,0.462204213875749,0.459791391943866,0.457615552600389,0.455313962795562,0.452520719958022,0.448938137708572,0.444374178080083,0.438860655886913,0.432591203845444,0.425858350365176,0.419122536333436,0.412855566831575,0.407431955552063,0.403037882093774,0.399566359828211,0.396518715784637,0.393009480196999,0.387862348805131,0.379720447807823,0.367185887568304,0.348952781958893,0.324167388596466,0.294961556380966,0.280037777093856,0.305295826849596,0.342619306910754,0.37551498267229,0.402326094146252,0.423814807739603,0.440864699063242,0.454234098104533,0.464560539159869,0.472375969780139,0.478085342082397,0.481942092220398,0.484129627228918,0.484787021799023,0.483939920816848,0.48161174271663,0.477890324181266,0.472933418779774,0.467042693277083,0.460708194936968,0.45461427954507,0.449643571114486,0.446700190191339,0.446359057379474,0.448575858560885,0.45267895416098,0.457685255897341,0.462732978752206,0.46725767877075,0.470933468889917,0.473641998495462,0.475390745119454,0.476237582183073,0.476259193639637,0.475565762792625,0.474293568782109,0.472520017674345,0.470322547174995,0.467802268727107,0.465176371573937,0.462763428806858,0.460919404047996,0.459928191851832,0.459868114859299,0.460561217147178,0.46160509747317,0.462393722607593,0.462234242818724,0.460433803943684,0.456404796977626,0.449730867984752,0.440157211113171,0.427605931754813,0.412129596910701,0.393877965220116,0.373047204409343,0.349774033355132,0.323910560144712,0.294786480152539,0.262665642744846,0.238972423985568,0.251239924976999,0.285700244264878,0.318206409824111,0.344009793090043,0.363981511168067,0.379870194297533,0.393363072481724,0.405791162338919,0.417993548779157,0.430278724381878,0.442627199157018,0.454911744543269,0.466966264612043
0.487434056026598,0.497562119498812,0.507201696879916,0.516305937005922,0.524879646148465,0.532896749395849,0.540265991998948,0.546963553781397,0.552972014040121,0.558243135542908,0.562747066188825,0.566537437396342,0.569668846150981,0.572199840592786,0.574208310198813,0.575713440208801,0.576785926458307,0.577502224085087,0.577900704395456,0.578059192898473,0.578106217411912,0.578151538914937,0.578247429987167,0.57837560585166,0.578506116000907,0.578612030390529,0.578652734967192,0.578571673953074,0.578325314193937,0.577861237229822,0.577159708814334,0.576218103401401,0.575039108696276,0.573600689304201,0.571856094332532,0.56974759941782,0.567289966506081,0.564480524014181,0.561321635978778,0.557755395019479,0.553688416808806,0.54904266382628,0.543803853866957,0.537920272092301,0.53131976490754,0.52395659411969,0.515692553729829,0.506289145574735,0.495551494104282,0.483257127460204,0.46915151766583,0.452996483071602,0.434533938787173,0.413535444752916,0.390129114717697,0.365244568074236,0.34139882647563,0.323403232858366,0.3169684345306,0.323812012627186,0.340151208915449,0.361117262566102,0.383456545352937,0.40529642446269,0.425505640942506,0.443432891724171,0.458858928166651,0.471747977949161,0.482176920422486,0.490306378417852,0.496321342313334,0.500402209240758,0.502738514001704,0.50353448265737,0.502996021284744,0.50133013710055,0.498750462503862,0.495491003249716,0.491788543647998,0.487894177580192,0.48406941023532,0.480533937137464,0.477444530976467,0.474797025791954,0.472487452412146,0.470297801116789,0.468014780964102,0.465378288664133,0.462145611794823,0.458163521287793,0.453399070018717,0.447930217783127,0.441950710853493,0.435721050809937,0.42959251836118,0.423909428583072,0.418893370317816,0.414485699622759,0.410207580931969,0.405174128656666,0.398176122044167,0.387792491443038,0.372441742232027,0.350295711237503,0.318907711082402,0.274197855669175,0.217089555424385,0.283136797652632,0.33215415536041,0.368810574529871,0.396891277088592,0.418672549254225,0.435650428906105,0.448886354192774,0.459192925653936,0.467241448046293,0.473536747364843,0.478389595099913,0.481990240758731,0.484474652815884,0.485835210082187,0.486023774702504,0.485112668570807,0.483226758110962,0.480605657066116,0.477647079438195,0.474827682041346,0.472675493560952,0.471670354158106,0.472145447769123,0.474077672109748,0.477128882044154,0.480758428679333,0.484363125431715,0.487442790712273,0.489686471055626,0.490940172696487,0.491145160383731,0.490296689579935,0.488373623714801,0.485453413223003,0.48160515296294,0.476904857919517,0.471446339032933,0.465476831185838,0.459357894954631,0.453609931894103,0.44890349008086,0.445853790948679,0.444751663715453,0.44547916490622,0.447425221337779,0.44963466758194,0.451057770300079,0.450728436676596,0.447900628260068,0.442099334678045,0.433087762259858,0.420850135941476,0.405571938470832,0.387571541864248,0.367147884693499,0.344194504685947,0.317508147785985,0.283771392238579,0.235726804323398,0.157980200709662,0.207126888789501,0.273335706214786,0.318176882810415,0.350692480281532,0.375235870690185,0.394490709610051,0.410333039527822,0.4241216043619,0.436736859178087,0.448683479198662,0.460221420036689,0.471408269291362,0.482208904549547
0.498681798415996,0.507648878322809,0.516091755819194,0.524010210196976,0.531408783155654,0.538224118400279,0.544425261452935,0.549987770732827,0.554904184949596,0.559144571507909,0.562711506036922,0.565661697489553,0.568049811644005,0.569945773926486,0.571418976561962,0.572479064554706,0.573213467660385,0.573717339437076,0.574062008515189,0.574301631810393,0.574544046441962,0.574866951794682,0.57528689257016,0.57575244500456,0.576217064597063,0.576618633364151,0.576881484786197,0.576917648780214,0.576662107628068,0.576073361459491,0.575162397952284,0.573961634312415,0.572485992216975,0.570732108674396,0.568675099596272,0.566298456391595,0.563639668392927,0.560674816615632,0.557340569326193,0.553605304975239,0.549399546018533,0.544664262201539,0.539392276657743,0.533523719813316,0.526983167710966,0.519700048675075,0.511509455863853,0.50222131247466,0.491640255475153,0.479474075209523,0.465344978001736,0.448927249420859,0.429812262541484,0.407510715941499,0.381717815152291,0.353033978829418,0.324522692592648,0.304586411233106,0.303722018679273,0.32006436416231,0.343675462714918,0.368491382615809,0.392184537446621,0.413917964716926,0.433329457486447,0.450244280473818,0.464683695636023,0.476723900665656,0.486476508012696,0.494090390172606,0.499752413470733,0.503637473595167,0.505929407801481,0.506827767003764,0.506531136516291,0.505233744743771,0.503117458673113,0.500402223894935,0.497305025686568,0.494017472536061,0.490747236988519,0.487681750400325,0.484979007422611,0.482665350465058,0.480641201763899,0.47869740883356,0.47666974227077,0.474384955778902,0.471615677282827,0.468203744875972,0.46405505984216,0.459108752293566,0.453462260677326,0.447305726616369,0.44090156898817,0.434669214154373,0.429050760005687,0.424233316078237,0.419831123808458,0.414862298231738,0.407999172116825,0.397867798128138,0.383193088117346,0.36286976793885,0.336401368964538,0.306600828594468,0.29106008165329,0.311063662079382,0.344008643377881,0.373845618462862,0.398065465793501,0.417181004685706,0.432165278456032,0.443930629914028,0.453272163644478,0.46090812165657,0.467393887904531,0.473060245868347,0.478067170818826,0.48245302801787,0.48612049158149,0.488876776759644,0.490711475431874,0.491686559791955,0.491954372699864,0.491820297608484,0.491595196025465,0.491585863789267,0.492060786838393,0.493288655627694,0.495252915345886,0.497736139882055,0.500420328653485,0.502929349560248,0.504839756041443,0.505819547813664,0.505704361244872,0.504401808245799,0.501863725885873,0.498080980829044,0.492993080894129,0.486601732402355,0.478910794806595,0.470061505864094,0.46033252984603,0.450201517982074,0.440417920566317,0.432102587077373,0.426463069192128,0.424318269887988,0.425657380859822,0.429462813896965,0.434120964153559,0.437999316410685,0.439766687443064,0.438507581509958,0.433685985519071,0.425079027203298,0.412733677000417,0.396976509645442,0.378433760456897,0.35794366188106,0.33609079494321,0.312332619641157,0.284271865173286,0.248922618732514,0.216915202174267,0.239499485566327,0.28843170563041,0.329793071055502,0.362065600849045,0.387369674106314,0.407623730025386,0.424343330517755,0.438655446003005,0.451358122976421,0.46301276638752,0.473929746203247,0.48425062170802,0.494016245652211
0.506720710528306,0.514680199404701,0.522083773318869,0.52894299045816,0.535212837322295,0.540901229798115,0.546010486992797,0.550528473183768,0.554430169091792,0.557663528896357,0.560284162661729,0.562370549951967,0.56398932098937,0.565206353332425,0.56608070233349,0.566635695950996,0.566962005852664,0.567180544150849,0.56740482736894,0.567693711180476,0.568128983107336,0.568733749458786,0.569496369343615,0.570337945192393,0.571185162092043,0.571932186165175,0.572458318241829,0.572636612374346,0.57237759248272,0.571666058199121,0.570545326616683,0.569059597667967,0.567252675940896,0.565155783595072,0.56277450210895,0.560145593815017,0.557311880833062,0.554236410526696,0.550837414534132,0.547021809154154,0.5427486588837,0.537981959074198,0.532711484636837,0.526868915223491,0.52035805111188,0.513124919537513,0.505066309562545,0.496029435262201,0.48582589546901,0.474117733552689,0.460477640038689,0.444414093906447,0.425310410880541,0.40234344313397,0.374500603808033,0.340747998696147,0.301230330893031,0.266483626105569,0.274711103478214,0.310214252734805,0.344586270090387,0.37422537815571,0.39963567274739,0.421489166434806,0.440238495204373,0.456194802523999,0.469587238696923,0.480645774237901,0.489546971833691,0.496452780532846,0.501551446907908,0.505016728849148,0.507025202670408,0.507773533868773,0.507448292163681,0.506221449920857,0.504277296641382,0.501817604599332,0.499031320683349,0.496082218657862,0.493139344178502,0.490405872190227,0.488028276589012,0.486056137131594,0.484417846694978,0.482939156771701,0.481410348662372,0.479666004183001,0.477515715661656,0.474760689046954,0.47119212196525,0.466702247370473,0.461229908810932,0.454842733559623,0.447782608781413,0.440569362598593,0.434126730844456,0.429292670729804,0.425872977642716,0.422485943313699,0.417465492466504,0.409545512257932,0.397955160045528,0.382593735529707,0.364690498151002,0.348413568684107,0.341719109963604,0.34967707400661,0.367138543816683,0.386523820724314,0.403903384290536,0.418179149928401,0.429534860740427,0.43856947682416,0.446001783473433,0.45257411586322,0.458899861896533,0.465303962975956,0.471811525632012,0.478271103801079,0.484408041121129,0.48985330571336,0.494419890719572,0.49811904996439,0.501021981922296,0.503334083023922,0.505261660834541,0.506990288722314,0.508719835433802,0.510652417169822,0.51279852876702,0.5150140516782,0.517072319853498,0.518709548157666,0.519649431696751,0.519564331455002,0.518219775152377,0.515510250213122,0.511390828648418,0.50580022527577,0.498633928102629,0.489735517382561,0.479088335871116,0.466760707322621,0.452955246514619,0.438140475418559,0.423252688493075,0.409986097018202,0.400649632251154,0.39730336494936,0.400228286758427,0.407478554353062,0.416113201775443,0.423582621377391,0.428145266151715,0.428781519953896,0.424963131152637,0.416492058647036,0.403421565228002,0.386139124916988,0.365600260903544,0.343632921787759,0.322796786262955,0.304935731534789,0.289683649736391,0.277006248692837,0.273531572358417,0.288952069930299,0.318079122181137,0.349096828508021,0.376714921666991,0.400008201077674,0.419467498813779,0.435890636846747,0.450018070207196,0.46249062126658,0.473754375300518,0.484091145630756,0.493656534906788,0.502533011693398
0.511630809328565,0.518710706053545,0.525192950616246,0.531045620825672,0.536276981372188,0.540918991209087,0.544986713586866,0.548482979964873,0.551395849469608,0.553671998600124,0.555359679209114,0.556568403017402,0.557375306208055,0.55787134335882,0.55809663158635,0.55808960671809,0.557997103533222,0.557927111440617,0.557980538013034,0.558233111433198,0.558776993707479,0.559664141199289,0.560818072933754,0.56211656225008,0.563439983646563,0.564616268593362,0.565462290396867,0.565802751419284,0.565549646223992,0.564720241234983,0.563362494442893,0.561549433543942,0.559364747353074,0.556883223186334,0.554154368129492,0.551271177824426,0.548277115729221,0.545121708143141,0.541721794362447,0.537956214112878,0.533693997206887,0.528945416206336,0.523685739090061,0.517806542493738,0.511258389280006,0.504067963893881,0.496182776158682,0.487523661288385,0.477941951815309,0.467099489554604,0.454565908575701,0.439751151424128,0.421837671530325,0.399848368688078,0.372430838102161,0.33748752032574,0.291515791797201,0.22792744796998,0.256409172305456,0.310377220261358,0.350438556204672,0.381926570319084,0.407524286518307,0.428727115194422,0.446417169662748,0.461165246353519,0.473328985551042,0.483221969030238,0.491082179088518,0.497089056263673,0.501426608381614,0.504274177732606,0.505800057081022,0.506173366649128,0.505569770691939,0.504172441267434,0.502149844350341,0.499684662032376,0.496947353775356,0.494085547068581,0.49128991865264,0.48876408216659,0.486637106846728,0.48501332527963,0.483854327975874,0.483001948321435,0.482244875344223,0.48132544175128,0.480049496589974,0.478155884126377,0.475350828467614,0.471398123440302,0.466128220107606,0.459417730724298,0.451364213346391,0.442514482163889,0.434454088717385,0.429781926752451,0.428793442854986,0.428569459606381,0.426657959889587,0.421954290010329,0.414208134542619,0.403905152777148,0.39258663060335,0.383112309184881,0.378989350803654,0.381983365374639,0.390466576710969,0.401147229298101,0.411397325331243,0.41992016964679,0.426566515107851,0.43180228802296,0.436406987618964,0.441281189443062,0.447177639239521,0.454375263075887,0.462666290171537,0.47155748465434,0.480466253152558,0.488796283656015,0.496200238738817,0.502567732739563,0.507927227887966,0.512416891903509,0.516206310714385,0.51944254589623,0.52228517800323,0.524894724201064,0.527310236354064,0.529433901342279,0.531097933134337,0.532087302205325,0.532167113325955,0.531130481990522,0.528726330159768,0.524783549241703,0.519234220279215,0.511978243053182,0.502828168918445,0.491586835151812,0.478134189908993,0.462385729896751,0.444329695108314,0.424194623168092,0.402804485403361,0.382292599230071,0.366900241091154,0.361793651247011,0.36825848183775,0.381786294747775,0.396601032380042,0.408929470402115,0.416878309340049,0.41960355726032,0.416746986075431,0.408152127140077,0.393760303393338,0.373723866914973,0.348865778231109,0.321897223492311,0.299130596433057,0.287981216386803,0.288180892970061,0.294266210518613,0.305030339615683,0.322121273406135,0.344474399673871,0.368496380613258,0.391320717131687,0.411720231848138,0.429517749500022,0.444959544703563,0.458476183815641,0.470457716461202,0.481206920280875,0.490936405371355,0.49979183590186,0.507867567642535
0.513504489631722,0.519779595172696,0.525368488383873,0.530296272914438,0.534579262859299,0.53824764661053,0.541318847226197,0.543804740349889,0.545706558636128,0.547004419527314,0.547781679496082,0.54811961388994,0.548108931654486,0.547849721822965,0.54740341874852,0.546858568647562,0.546310406765167,0.545874522178232,0.545672964337295,0.54580988163872,0.546406153125129,0.547536547193042,0.549138491035392,0.551028046450398,0.55296859590582,0.55470555265447,0.555970416519581,0.556550935636443,0.556359995659722,0.555407574755617,0.55376247967105,0.551540170488521,0.548881955051102,0.545925898259351,0.542788484813589,0.53962114208974,0.536470776020964,0.533281782494713,0.529954167085751,0.526319005893431,0.522198857758792,0.51750573884089,0.512189730265205,0.506178117887924,0.499516409323989,0.492305405400423,0.484585916058779,0.476403392141024,0.467696060082057,0.458179933372722,0.447444469580793,0.434861589102618,0.419610857899092,0.400788787772222,0.377467060108976,0.348874840536926,0.31598690766837,0.29006807860183,0.299468299873946,0.332557769397104,0.365539365812621,0.393583958830599,0.416842252249927,0.436075526059758,0.451973321255906,0.465050372610203,0.475679106164648,0.484162068407094,0.490776193843775,0.495714860455781,0.499139179803406,0.501208520548607,0.502052979205003,0.501845830042955,0.500765241071063,0.498982413655814,0.49665288205593,0.493946168629808,0.491021172484995,0.488032289842832,0.485203703394966,0.482724191166383,0.480752793746897,0.479456474426978,0.47885869011055,0.478818905891909,0.4790971445628,0.47938775889014,0.479341353497357,0.478623209252725,0.476891122683491,0.473797884734251,0.469024391685428,0.46231512888467,0.453430378774911,0.442406325757804,0.430693175416034,0.425784651570834,0.430067622060097,0.434401286691556,0.435982778851682,0.434467027687151,0.430159094928972,0.423810432345764,0.416720559937085,0.410631887599459,0.407251337549361,0.407350198618506,0.410263143513172,0.414415854021859,0.418281386626801,0.420904629222519,0.422173306206025,0.422655225850158,0.423460821851784,0.425941659749463,0.431200520382026,0.439490772939193,0.450156146558682,0.462103107158128,0.4742797438338,0.485809210370344,0.496190593981639,0.505218911250851,0.512902447919944,0.519366817902706,0.524825718387125,0.529403924493079,0.533256042164732,0.536529561866528,0.539266156080257,0.541408608985002,0.542821108122968,0.543327910307903,0.542722811365672,0.540813676314224,0.53745635967652,0.532474363130327,0.52569870415389,0.516943166648726,0.506022512367561,0.492738801031856,0.476816714515952,0.457992806502203,0.435947006483738,0.410362868198341,0.381265240825986,0.350116016332179,0.323246316600274,0.314502436087064,0.329394803641993,0.354324473733162,0.377846049299244,0.395867872009135,0.407333641740948,0.412059687674372,0.410052959829222,0.401240581636069,0.385365689771709,0.361970220644127,0.330613740349541,0.29242579413363,0.257842014188485,0.254150631948995,0.276673643800398,0.301137924525771,0.322685865805897,0.343087363980384,0.363579215286808,0.383908865856872,0.403247312961621,0.421012248318998,0.436990310672998,0.45125969392319,0.463983286275864,0.475340838051605,0.485499900723302,0.494609144686195,0.502784254736037,0.51012328605018
0.512399607776015,0.517868920700407,0.522633189469851,0.526716584118099,0.530118488775954,0.532857633786355,0.534950360661879,0.536420737843365,0.537277841334002,0.537548402163519,0.537361954633601,0.536831228108315,0.536028652287372,0.535085112659053,0.534032744369696,0.532915748457448,0.531832247600242,0.530898995365662,0.530280642435572,0.530179373757782,0.530784781396816,0.532214624700771,0.534372274197012,0.537028874579789,0.539830865878247,0.54234154808923,0.54419264060894,0.545136871805843,0.545049904510345,0.543941434775594,0.541911704050746,0.539136568287694,0.535840372632698,0.532254771630028,0.528596874857208,0.525085494392985,0.521786871689459,0.518636880047922,0.515477288005825,0.512068687462767,0.508166884383144,0.503568453768091,0.498155753235078,0.491943465867209,0.485040427039804,0.477637071256484,0.469932185871907,0.462184241937811,0.454509354211154,0.446747824759997,0.438508967403988,0.429140770883534,0.417888553252543,0.404057498802949,0.387305748516232,0.368301828592664,0.350045308060978,0.339715413113858,0.345078690263755,0.363530863286775,0.386314678967916,0.408147111568605,0.427273215888912,0.443411920424611,0.456787506577229,0.46769741400589,0.47643323014735,0.483256886490562,0.488422496473465,0.492116096148031,0.494460825614464,0.495571519373097,0.495574769577936,0.494623754866296,0.492881601111129,0.490510726837325,0.487659495678779,0.484490362254936,0.481158714144206,0.477860742781927,0.474794590560842,0.472180600889909,0.470267924902261,0.469286814454847,0.469334242771712,0.470296407228715,0.471903509701201,0.473788511156531,0.475451590983995,0.476368047889681,0.476146919227201,0.474393221058187,0.47073036325803,0.46479712324918,0.456247268172595,0.444648190176061,0.429550869026459,0.423203173683278,0.43459505930911,0.442100561678716,0.446017260881525,0.446800915645586,0.445000408097442,0.441334379066038,0.436743680565792,0.432304368446569,0.428923623985814,0.426953662748815,0.426003309311122,0.425171418495399,0.42352241572281,0.420392342294657,0.415781531553496,0.410485308117484,0.406186309223477,0.405235534269306,0.409682811402763,0.419814854653228,0.434016743790712,0.450065074707605,0.466203327719461,0.481274726159499,0.494723088765531,0.506373057248149,0.516236389479701,0.524519211934095,0.531481614057995,0.537270102948229,0.542045855999023,0.545955357369495,0.549034689647034,0.551261562913852,0.552523011510213,0.552672169457112,0.551523669689427,0.548911649684491,0.544709757325214,0.538815233461097,0.530978949467653,0.520967959898133,0.508599838186721,0.493659612671511,0.47580818199405,0.454618402770072,0.429510684844183,0.399587097158051,0.36349366447891,0.319635379003551,0.269846720001501,0.248921263982834,0.288132344478523,0.331077791694104,0.363852479238463,0.386788041511794,0.400975663855701,0.407178775124064,0.405824934657852,0.396964942445913,0.380232410274094,0.354652400543641,0.318171472900652,0.266507308733098,0.192644567157202,0.204843470109829,0.265510910675789,0.305351678733381,0.333794539696485,0.356417792440406,0.376163805154365,0.394301696179202,0.411206139899157,0.426879463350958,0.441298712465323,0.454468957754892,0.46640627544271,0.477134881267476,0.486708615577911,0.495209205445581,0.50273400100917,0.509382709186813
0.508319720530747,0.513039469391319,0.517062227462633,0.520381691354618,0.522961782932604,0.524793103672177,0.525884485215125,0.52628007149656,0.526011671440214,0.52518451690268,0.523986069490356,0.522581280176656,0.521112432078609,0.51962296286445,0.518024475239394,0.516322253398687,0.514562771854563,0.512910859295908,0.511660412155605,0.511159931210956,0.511736124851125,0.513567453317902,0.51651948111797,0.520228458405061,0.524167492191221,0.527739507632124,0.530416344062364,0.531861919182091,0.531910686466287,0.53057637646349,0.528003097058618,0.52444875392728,0.520254843614569,0.515792532027519,0.511431170832339,0.50748759159466,0.504068562643581,0.501059864585818,0.498208786234181,0.495164646635213,0.491556484955329,0.487114977031896,0.481642843929228,0.475071059899518,0.467629074759456,0.45965886658922,0.451618567202913,0.444096632783214,0.437528381602242,0.431939980793418,0.426922169049988,0.421723710159922,0.415518252259649,0.407671470625449,0.398123904149892,0.387839084082923,0.379207608582257,0.375809892594622,0.380335704038724,0.391981136419513,0.407296245183547,0.423099379650768,0.437599419479428,0.450086659076694,0.460440910213701,0.468792226962175,0.475348802522691,0.480303429762184,0.483838128101367,0.486104738119363,0.487189900732026,0.487185699100882,0.486184277494914,0.484316154022062,0.481727280931403,0.478568775114124,0.474985145113318,0.471140175281363,0.467222106175707,0.463429266315058,0.459953600806119,0.45705398928363,0.455049905965517,0.454289770530754,0.455016476327334,0.45719436627712,0.460529267056319,0.464519533955961,0.468449817482111,0.471614709522959,0.473449798034461,0.473580282695811,0.471680334769003,0.467498641390646,0.460921181642372,0.452246856257613,0.443342530108395,0.440740009564409,0.446228125645199,0.452529779058487,0.456810378223181,0.458676373473119,0.458342811567745,0.45626510429889,0.453051930640525,0.449341353850163,0.445601246359938,0.441959121464271,0.438102408912583,0.433367346885734,0.427017487413195,0.418463099227928,0.407622479707919,0.395318864576782,0.38386680608715,0.377550259640327,0.380976629039508,0.394652068487586,0.414508350332588,0.436150596895259,0.457005186752768,0.475863200343938,0.492328970887678,0.506412482921994,0.518289739433952,0.528205795619362,0.536503587691792,0.54336515840317,0.548975196506987,0.553476753216536,0.556902568101136,0.559252615161152,0.560440460578686,0.560334964903213,0.558767370568731,0.555610276805271,0.55074229158031,0.54402691609498,0.535269758413839,0.524250488563704,0.51078617529916,0.494636156927549,0.475494570521899,0.452906312653548,0.426271863565412,0.394584922692967,0.35598596350036,0.307124328348764,0.240974777185912,0.193630398082775,0.270602336253691,0.322919160376503,0.359144813521359,0.38375855214241,0.398860464303129,0.405582289082042,0.404534785010963,0.395893454113113,0.379451130399619,0.354505739310587,0.319625213800545,0.272670219284585,0.218781662454136,0.226401766675189,0.275837456706406,0.314410456650957,0.342865337748228,0.364986173775946,0.383402489059305,0.399684749237279,0.414670944470565,0.428740686124045,0.44198044480356,0.454311081916013,0.465617902368953,0.475819007291339,0.484876031182485,0.492816229690017,0.499726643984937,0.505679569288744
0.501324814720301,0.5053652184234,0.508742059785355,0.511407969391812,0.51326354221399,0.514243865814082,0.514331068830977,0.513574213353956,0.512048423949037,0.509978617609597,0.507673112652912,0.505413251634803,0.503324592703661,0.501378813740601,0.49936563307612,0.497106157239415,0.494579237683922,0.491993314432838,0.489809026161192,0.488649283382789,0.489097810473574,0.491483307840495,0.495608655861746,0.500850071988741,0.506359712185889,0.511328524494455,0.515082306270008,0.517149741957722,0.517325444763615,0.515635828276117,0.512279417544826,0.507610624008834,0.502125641111753,0.496403851908043,0.491055019134973,0.486568007105546,0.483079730852131,0.480388363259071,0.478070542989293,0.475578315830581,0.472417731012177,0.468198614601252,0.462611771773519,0.455519662025811,0.447151662048448,0.438059838214187,0.429057954008469,0.421272346987666,0.415721441112379,0.412734420214528,0.411797972010023,0.411787129316956,0.411467032536086,0.410022947737758,0.407341108096884,0.404104070547302,0.401832416860333,0.402383527291965,0.406920645832114,0.415128609969529,0.425528989326691,0.436423584394571,0.446558561240703,0.455295229304698,0.462419154712584,0.467965723816851,0.472093351022094,0.474969218303025,0.476699225492628,0.47740192410603,0.477128386681045,0.475896457796177,0.473741243989492,0.470762271793798,0.467101782404753,0.462925522480871,0.458393874693381,0.453691237959884,0.449049224855052,0.44463110275473,0.44058676719348,0.437173312528011,0.434798164607014,0.434030882699446,0.435420031599743,0.439109552003419,0.444758322469829,0.451558317731713,0.458453628521616,0.464505847963421,0.46900137504583,0.471510120997345,0.471871894932522,0.470071773478126,0.466366818193269,0.461559583076845,0.457473480402834,0.456623401238135,0.459499562104118,0.463801731707028,0.467436250443675,0.46950440214009,0.469834383563377,0.468590088985827,0.466067139304255,0.462594616176751,0.458373353908114,0.453380564389656,0.447291173682971,0.439504976499781,0.429312125308058,0.415985422971418,0.399024722531885,0.378599835917215,0.356812514734544,0.340788195317657,0.342794338505047,0.364200133755225,0.393276278155132,0.422057752459821,0.447963651195608,0.470437337439736,0.489594435252557,0.505798191811348,0.519409519339973,0.530741340509694,0.540168901528386,0.547949987779934,0.554294879606274,0.559331484804211,0.563102091447794,0.565607180054939,0.566782592104634,0.566502598144334,0.564643319582569,0.56108153673444,0.555687321199468,0.548288656107498,0.538760753576312,0.526962802603447,0.51268204385472,0.4957340807714,0.475879609098052,0.452819954131035,0.426241950441255,0.395672833772955,0.360458922352341,0.3205353262426,0.280783544234208,0.267414695742094,0.296571647038857,0.334127391820747,0.364926155964678,0.387122715684468,0.401018499998433,0.407135372837609,0.405907721683169,0.397572154830527,0.38226623055843,0.360139027743786,0.331814218591104,0.300223975096372,0.276091435892954,0.277436994205169,0.300447186305731,0.327171800718139,0.350440833846149,0.369625271738503,0.385748886051217,0.400012977910491,0.413328853064325,0.426189084594322,0.438661968622609,0.450547657009548,0.461553977907999,0.471441921897228,0.480098619584013,0.487536795799444,0.493813664206069,0.49904085547379
0.491446251061417,0.494911925657713,0.497825929019132,0.500037196308148,0.501320504629259,0.501508067743719,0.50052772443781,0.498438584906045,0.495407512304699,0.491842821752331,0.488259299323869,0.48505166044963,0.482411927582061,0.480226183112289,0.478044707863256,0.475421642117554,0.472112675973565,0.468298522982591,0.464673336138303,0.462339720850345,0.462447993266255,0.465623159704478,0.471539077631704,0.479072786075146,0.486852245197553,0.493712048846781,0.498806666436434,0.501619950956272,0.501875358683064,0.499620780189252,0.495116225975874,0.488832632410696,0.481462086325935,0.473886718213007,0.467112390610343,0.461944268283986,0.458556325232419,0.456480541276051,0.454952105537412,0.453271779998834,0.450830858362389,0.44701726033994,0.441306975176377,0.433457383526008,0.423676226279212,0.412617876339818,0.401561127177341,0.392502499728422,0.387604888409195,0.387855777581274,0.392316604432046,0.398787458452103,0.405190486846554,0.410339425933606,0.413940445493202,0.416426215834308,0.418751836446761,0.421970672438722,0.426749770269455,0.433015513032772,0.440078924037528,0.44709656594316,0.453365504627779,0.458479039557344,0.462273610547093,0.464804901025368,0.466252370957368,0.466804733700509,0.466600861434882,0.465681702666882,0.46400713663886,0.461482453491125,0.458055044076315,0.453786832576148,0.448831016457942,0.443385637826273,0.437658380349595,0.431921272693552,0.426408159019006,0.421242853801114,0.416461144724169,0.412240044447572,0.409059637208156,0.407848286594779,0.409775346168616,0.415410937181046,0.424266777090282,0.434895284767625,0.44565978268794,0.45527228548707,0.462912658872797,0.468181566244556,0.471040623182525,0.471778834319221,0.470904056268225,0.469242164905611,0.467987625012764,0.468341516378291,0.470529801525051,0.473687766429306,0.476653164480075,0.478598096375121,0.479175142287299,0.478321190680663,0.476100900904996,0.472631478625784,0.467943574300617,0.461919481153205,0.454215288129118,0.444246847348865,0.43126867149062,0.414362845709203,0.392470435424646,0.364382952310261,0.32943805270863,0.293259247521842,0.292386632940296,0.332747856236146,0.374796880892143,0.410704539938029,0.440784129600679,0.465966219766479,0.487104560320851,0.504898131299859,0.519858005264075,0.53234628201773,0.542689293211283,0.55121938059164,0.558184503429032,0.563708861203616,0.567820237768217,0.570503754042096,0.571713036974646,0.571346753346166,0.569301247545937,0.565455629712976,0.559624626269308,0.551713125524776,0.541616902544632,0.529211910728695,0.514347528652792,0.496864477133052,0.476673072409587,0.453726776144685,0.428094820733965,0.400153941212556,0.370908306403556,0.342808687152348,0.321719866042358,0.31715043581633,0.331592148461031,0.354914694123085,0.377516534260849,0.395160160999011,0.406459790761547,0.411091511815034,0.409149732507273,0.400843283313379,0.386580477189006,0.367206268467089,0.344577834780706,0.322645420111801,0.308221582897038,0.307605257470295,0.31951683893841,0.336909047080659,0.354308532943016,0.369621113660014,0.382860003413013,0.394910021385613,0.406725363854895,0.418801528322281,0.431070745656779,0.443078132407268,0.45425941698369,0.464158174740518,0.472568265709479,0.479474476052941,0.48502017026475,0.489501448598064
0.478786398272793,0.481785370241363,0.484452918028133,0.486454082914519,0.487340070104313,0.486774282089713,0.484623157991981,0.48095689542202,0.476094822689669,0.470687138202837,0.465487036517842,0.461168358172398,0.458092287939441,0.456025274279443,0.454175277344477,0.451606259383705,0.447625626882261,0.442199000102251,0.43626901208778,0.431784783197987,0.431067497376614,0.43545263266326,0.444231964325674,0.455241208471171,0.466249070416764,0.475609555362115,0.482346738521274,0.485954574566839,0.486208649371941,0.483143335001771,0.477062120342341,0.468519253568866,0.458401684021745,0.4480396300759,0.439150737333526,0.433147503034347,0.430174542931591,0.429120217937583,0.428762252811974,0.428339074676637,0.427101922857587,0.424023476447201,0.418207484011788,0.40927741869612,0.39743394952629,0.383306977609838,0.368417602474543,0.356047926403579,0.350937564491405,0.355724804504455,0.367951121550462,0.382805775503226,0.396879612135352,0.408690971396134,0.417987066494341,0.425216774750833,0.431093653787816,0.436304308912044,0.441345988102756,0.446325502232587,0.450954565699396,0.454857215531156,0.457704420200308,0.45931570226889,0.459676254125206,0.458942573091869,0.457402776195203,0.455381692207163,0.453084802698884,0.450508655945878,0.447475337435723,0.443686735933265,0.438925472605481,0.433197414021078,0.426696022864676,0.419704377623601,0.412508098961352,0.405441216141875,0.39884257642672,0.39283572561708,0.387234158463404,0.381914327326076,0.377270228037504,0.374727648243266,0.376768155774271,0.385090888784948,0.398730234311681,0.414796925857238,0.430582453261205,0.444404229019371,0.455480573633175,0.463608665335156,0.468987084364865,0.472074154890724,0.473536543796322,0.474153270931199,0.474779107276641,0.476103480872148,0.478319746815113,0.481019984197795,0.483573246399237,0.485413616108383,0.48611779070936,0.485473594964049,0.483393606564602,0.479861616288741,0.474814065887252,0.46809024731747,0.459359214750471,0.44809530277999,0.433563780204788,0.414853034370328,0.390662622764489,0.359066864165429,0.316893895730737,0.257942994709668,0.250723072210209,0.317150421603616,0.366427210743371,0.405265531967573,0.436916332347662,0.463200625473404,0.485274542255575,0.503945147982002,0.519758358794704,0.533075129609913,0.544154766294416,0.553291750588032,0.560781131415506,0.566741173516765,0.571181563087307,0.574068758783733,0.57536437473207,0.574994601640502,0.57285595558245,0.568779798428048,0.562649082815245,0.55438794226575,0.543905836550881,0.531081332596944,0.515790314361411,0.497948615322589,0.477548336869275,0.45473847723578,0.42995808390242,0.404332818367281,0.380138585638738,0.360631174483433,0.349509045376202,0.3495165043622,0.359862741115217,0.375837532725071,0.392191199417503,0.405439007887142,0.413808907723819,0.416520200654842,0.41337312135573,0.40447567981313,0.390314442657658,0.37196868382696,0.351587806712727,0.332886560688101,0.320767370340033,0.318835380447681,0.326333200079328,0.338888131014101,0.35212535714436,0.363831874628849,0.373947350291254,0.383632057008691,0.394146363938497,0.40604725689549,0.418969638443993,0.431941980252627,0.443944202117094,0.454265806511819,0.462543971041644,0.46883309237761,0.473530409623752,0.477181719479176
0.463270316787767,0.46587054986248,0.468629918074886,0.470833095173838,0.471626675480458,0.47042388183061,0.466987661124727,0.461427424192298,0.454262298194319,0.446383598471657,0.438958004778325,0.433185783624988,0.429842690062382,0.428654547352391,0.428150464410391,0.426441020829029,0.422069442068674,0.414584074245823,0.405001537200647,0.396415420707991,0.393739374108729,0.40021850444366,0.413896944150862,0.430200704373534,0.445555238137753,0.457992396310842,0.466592044858914,0.470979206003938,0.471050120983299,0.466900036800917,0.458789963497919,0.447280431580974,0.433384030801349,0.418859849318129,0.406520636012876,0.399336570459949,0.397582237533183,0.398473963248226,0.399728272535031,0.401038740919567,0.401799129271769,0.399976593904326,0.394026989887572,0.383584313954205,0.368959554481324,0.350552953502146,0.329326192359923,0.309452169302492,0.301795142307285,0.314506512334327,0.339228007525726,0.365071296283779,0.387571912929397,0.405823591423118,0.420166218951875,0.431297213439362,0.439936913496091,0.446670646299639,0.451912126381692,0.455893117370313,0.458605363359317,0.459869037960965,0.459576203611982,0.457719563890537,0.4544336088714,0.45007424373331,0.445150548098145,0.440208095416881,0.435636532588237,0.431432229548248,0.427183945803652,0.422261384402824,0.416135716135699,0.408724850347212,0.400364837902904,0.391505314242395,0.382445196227542,0.373546396940701,0.365522518157717,0.358697051955563,0.352399197260196,0.345819820009335,0.338876517842764,0.333211054013631,0.334144232296509,0.346764778380606,0.36833061218504,0.392251081616885,0.41427713711509,0.432720735657715,0.447217726739334,0.458015548467275,0.465605988603993,0.47063356237362,0.473848156883797,0.476063056094385,0.477997172388613,0.480146506348683,0.482645919286239,0.4853206109985,0.487783527695006,0.489626562120944,0.490482917824859,0.490035109097241,0.488080885051334,0.484530962407999,0.479285294143961,0.47218814038703,0.462982199029318,0.451232597545761,0.436384657332579,0.417750294360024,0.394437486821961,0.365508297363156,0.330833128322141,0.297101298118371,0.295798730589088,0.331737910511775,0.371642172089075,0.406690442214563,0.43660883367566,0.462152736048759,0.484049892509955,0.502890286539792,0.519086412602833,0.53291018590632,0.544542966358508,0.554200057905785,0.562148123031415,0.568508681714041,0.573266978604931,0.576378362704035,0.577825158360349,0.577532147018565,0.575336066177289,0.571120180353843,0.564823502740495,0.556373217983765,0.545672448604049,0.532610581939602,0.517082748654338,0.499000078723056,0.478345228861094,0.45530142034826,0.430459504921994,0.405491205020706,0.383863757957801,0.369847571231973,0.365606966890231,0.37004260321851,0.380428483353287,0.393505648773052,0.406193947912843,0.416155860119641,0.421913423330418,0.422638674992899,0.417940982059561,0.407762951432694,0.392424793649924,0.372822459801808,0.350878942044319,0.330176681713284,0.315956073905168,0.312632989582488,0.319585467620657,0.331427237330607,0.342848701782611,0.351549787357993,0.358164104018237,0.365022332419069,0.374460579704079,0.38723783708195,0.402215554670713,0.417425207423259,0.431145943073574,0.442322181065754,0.450566595491639,0.456092186599628,0.45959982299387,0.462089646154033
0.444687820846673,0.447023213775489,0.450520874617697,0.453632950005663,0.454798249752077,0.453083927614331,0.448195782760495,0.440317486688364,0.430123058903193,0.41880425749137,0.408089324466286,0.400110577774108,0.396784789292133,0.397954014561758,0.400675456991725,0.401299708140398,0.397266109538576,0.387446372849241,0.372392374720747,0.355946917157259,0.348318448332687,0.359186029990835,0.381801140410009,0.405810026119692,0.426464852479435,0.442203443812611,0.45259190864217,0.457581901914266,0.457235263027258,0.451710954288781,0.441229291690548,0.426179937444167,0.407392911966459,0.386637004788687,0.36807685199536,0.35917135767161,0.361231331176315,0.365905569010878,0.368613559630801,0.37179053093311,0.376192934120634,0.376266929099918,0.369776229995388,0.35703409822743,0.338935822379945,0.315558866635541,0.285869663202473,0.250148075937337,0.231289604536955,0.263942908997117,0.309831080706037,0.348517586218514,0.37906742893745,0.40290895158142,0.421391631220982,0.435576322486259,0.446283430156812,0.454098628258149,0.459446690988402,0.462592628775372,0.463628005950991,0.462521933408113,0.45923140657576,0.453827653603465,0.44658825223802,0.438065608388969,0.429098511747357,0.420670128691804,0.413558602140177,0.407871869571584,0.40280756107945,0.397060999352451,0.389529889094021,0.380008309873766,0.369232904927407,0.358133689286449,0.346760396649066,0.33507428726288,0.324813595036833,0.317571518240246,0.311192402912303,0.303470278606253,0.293864017961807,0.281642365781417,0.277277438106615,0.298978515159228,0.334981478050486,0.369648386861278,0.398576689775632,0.421422717874272,0.438855488525083,0.451727252790274,0.460914354170081,0.467282256643965,0.47169058374654,0.474943395446812,0.47775707059369,0.480561082244911,0.48349274230535,0.486425134709663,0.489091758693785,0.491131510300556,0.492205486420427,0.492006237565411,0.490250084763874,0.486782557517841,0.481502225579919,0.474315243983287,0.465048954542179,0.453447429293279,0.439209445321836,0.422023227265965,0.401703077542356,0.378668000164423,0.355181842936151,0.338137216186918,0.33843871444653,0.357344368283638,0.384561704387359,0.412551166431737,0.438608297950365,0.462067559271323,0.482928817496323,0.501380389528427,0.517594087357183,0.53169359934988,0.543745036989475,0.553862597752363,0.562254518023807,0.569007818211547,0.574099012066435,0.577486334379636,0.579137314351217,0.578948686965183,0.576761613645791,0.572518365437542,0.566179120100802,0.557689528807162,0.546948386543265,0.533866359684302,0.518329603913,0.500169821196462,0.479261981900039,0.455619725927337,0.429597601043626,0.40280278621537,0.380044573775267,0.369405950563616,0.372449483130367,0.382680188085,0.395303083414168,0.407882615171527,0.418721422190449,0.426474449590557,0.430138834708248,0.429043846852602,0.422673246499881,0.410746120312175,0.393208831296321,0.370348795808572,0.343266664100812,0.315115436741489,0.293308325868234,0.287923129684682,0.299075029801876,0.315144658601118,0.327215855968642,0.333009875822628,0.334721042356294,0.33736338121482,0.345934279665996,0.361520265651287,0.380995748194563,0.400336097994696,0.41685060365906,0.429311257572983,0.437497201789184,0.441852264689986,0.443474324966467,0.444117495149496
0.422748789876437,0.425121243735188,0.430667775705141,0.435806209826762,0.43787069030959,0.435717512030934,0.429120319430587,0.418328122753153,0.404152311218436,0.388038979499342,0.372302780878522,0.360542742665192,0.357495724035192,0.364007704541064,0.373255052383421,0.378407280451292,0.376032163532746,0.364518244384716,0.343123653934831,0.313212323766119,0.290529883421772,0.314189714744747,0.352254683839555,0.385495795028095,0.411308712563993,0.429809728026922,0.441471549030539,0.446666803560433,0.44563225345041,0.438558068107336,0.425541127217305,0.406641909813694,0.382199935227824,0.353373673950219,0.323565908151292,0.310821288553591,0.323938968926102,0.335467915802307,0.338784222866715,0.342190333509903,0.353893840707583,0.355355710780927,0.346803780861199,0.330067687642605,0.307620204891296,0.279640146179683,0.243287942170895,0.188680383245644,0.102069952797767,0.220273334139359,0.289182936703109,0.337187928548839,0.37328835237894,0.401087031344809,0.422529623074013,0.438873054544637,0.450989902194087,0.459503963891283,0.464824986646546,0.467185498879089,0.466695431013599,0.463350219151328,0.457142618549867,0.448095895607359,0.436502420394564,0.423046806643794,0.408953044783695,0.39597138834731,0.385796766618718,0.378932948759593,0.37393422058967,0.368101301942858,0.359178027966119,0.346617850672401,0.332099873176757,0.318385295198542,0.305011065548127,0.288593627051172,0.273147143923263,0.26748179978951,0.262588343544806,0.252544226402495,0.243333063942655,0.221754602829013,0.192985779708992,0.245562151048312,0.305470395257556,0.351337908362622,0.385932751211707,0.411883861157589,0.431099820603644,0.445055613954537,0.454975705069645,0.461932814699375,0.466892731389294,0.47070167684034,0.474043576315898,0.477380543037743,0.480833161114446,0.484277965424563,0.487412802917679,0.489885536432407,0.491329532707809,0.491441253693195,0.489957748359999,0.486673752397043,0.481496261757284,0.474393223369459,0.465314060843949,0.454226042619642,0.441056562238308,0.425873205157314,0.409041271238416,0.391646921274743,0.376094125743685,0.366550070431482,0.36731576201509,0.378856872550711,0.397449497945747,0.41893602034781,0.440761655419891,0.461669735311109,0.48112095757498,0.498922530798227,0.514990300219761,0.52926392558471,0.541676852650547,0.552208406547729,0.56103789706247,0.568181921434233,0.573639020068601,0.577355495082095,0.579234065934405,0.579175039514692,0.577089843074058,0.572938591882804,0.566687218378986,0.558302621283412,0.547740318146794,0.534899885856179,0.519614286648068,0.501680448821936,0.480849226043007,0.456808067047723,0.429360425336548,0.398719014067309,0.368594865797824,0.359609377675676,0.374521185717136,0.391890514591253,0.407331524244875,0.420211625531211,0.430069655542005,0.436317855993419,0.438371942002029,0.435738083823147,0.427839656549111,0.414151160920378,0.39414030655666,0.367180226993211,0.332640379710763,0.290941584259844,0.2499032379206,0.239532793744119,0.266374502199505,0.293825422084292,0.308410076152673,0.31003370331359,0.30315858770026,0.297743748934571,0.305676598255234,0.328331501726512,0.356550038068425,0.382382725743253,0.402677866714093,0.416713463817819,0.424670328685582,0.427233290853082,0.425813813837678,0.423219875525845
0.397010526526127,0.400350695447498,0.410708434239963,0.419208325141317,0.422450476161403,0.419712080055483,0.410983007073461,0.396592127790368,0.377357066795751,0.354826463201788,0.331886975230223,0.313275037219456,0.309781333782148,0.328803726420882,0.349349600690115,0.36103458891935,0.361810298670354,0.350719781276982,0.32633781002786,0.286387111859322,0.234415197337244,0.282973102960884,0.334793707070091,0.374008163236633,0.402589061123199,0.422299545910992,0.434239027422682,0.439052290090685,0.437053127706761,0.428340369670468,0.412793104089417,0.390209274714138,0.360366685237129,0.323699555819819,0.284635165980674,0.270182218376472,0.29236073563917,0.313015150608055,0.323865922085675,0.331822081524407,0.341205985861447,0.34027615958498,0.327034361452649,0.302929374142383,0.274791114867422,0.242751635273479,0.201995780584651,0.162897619536132,0.161462045456529,0.222506017374041,0.284149829178681,0.332939523148597,0.371153904247401,0.40103095608992,0.424198055137082,0.441826275038999,0.454785942620755,0.463647899174488,0.468773367857583,0.470359849322867,0.468457715987925,0.46304705951877,0.454039489012987,0.441341353303522,0.425032708605772,0.405676656783508,0.384743620276304,0.365108441145761,0.350576311715526,0.343106770696085,0.340070715679959,0.335791503927505,0.325653784862628,0.308200527339591,0.286336117625457,0.269533437210474,0.258887264552509,0.235761821256344,0.199806363462622,0.207159132711068,0.209191633695379,0.1800129584272,0.188376713469304,0.168433884224852,0.119240891048333,0.21902090118593,0.291742995050059,0.342080145311199,0.378490809617299,0.405121380271521,0.424439884719777,0.438189908200257,0.447778726560747,0.454434925803767,0.45922293813176,0.463082447985058,0.466720156597626,0.470527051151146,0.474625979808676,0.478822636565943,0.482732377305502,0.485898982044803,0.487924323265655,0.488471183865016,0.487286434531816,0.48422179309313,0.479207388451067,0.472241451730058,0.463434689845002,0.452913011696671,0.440816313516638,0.427489475520201,0.413589787877208,0.400340194330133,0.389611846936849,0.383729186974056,0.384618346006195,0.392530447052447,0.405922216372892,0.422662934748176,0.440945558589381,0.459543161963565,0.477691748374096,0.494924424784933,0.510917069415795,0.52542424172877,0.538242791628313,0.54922611151107,0.558501191905577,0.566082804849384,0.57193703953787,0.575988661387155,0.578090784391448,0.578211511154288,0.576286808194412,0.572302668670454,0.566255768318264,0.558155203474264,0.547985703700461,0.535640049869762,0.52095077237325,0.503724894311515,0.483662255098215,0.460320630684895,0.433224795345617,0.401616024266032,0.364577472484857,0.355844814054581,0.382045595135875,0.402896304268667,0.419316890461436,0.431930718686761,0.440865334443902,0.445920180005826,0.446736329217366,0.442925911107609,0.433911927309681,0.418991172618967,0.397277508858432,0.36739674778535,0.32693218411199,0.271067776041714,0.189279814723596,0.154412957128872,0.234597458701182,0.277050176074279,0.29278941111897,0.287472207756721,0.265102454153986,0.240620711651688,0.249047697157059,0.289814584373969,0.332951856287815,0.366844392458622,0.391070352848202,0.406528088161703,0.414016000270441,0.414257931481099,0.408383602834896,0.399737782678684
0.367694758787928,0.376016315749649,0.395252466198983,0.406950096340016,0.410658570428902,0.406703230786915,0.39528611372979,0.376660084350129,0.351379411413488,0.320868280781362,0.289195109626572,0.263103414231342,0.256206105052764,0.303114939015317,0.335180355126864,0.352688420107963,0.357210442969422,0.349248507391131,0.328627290981756,0.295850688300261,0.260617286833499,0.290921847888384,0.337725902421999,0.374663421530061,0.401861339661665,0.420505505313014,0.4314782827578,0.435269267666489,0.432008551511707,0.421639659717263,0.403935833842524,0.378367385600017,0.344110521414494,0.30050484045991,0.250008456372673,0.231172184699583,0.267659570607458,0.299006060530557,0.319359968941007,0.331814208534627,0.337472613747922,0.332808741825956,0.314438222154268,0.279239461166121,0.242121616487468,0.219649102380649,0.177716869210051,0.125299063397136,0.178245717149664,0.230253538908884,0.28587402570204,0.333685275707034,0.372299832163999,0.402881876492619,0.426728622217346,0.44491512813671,0.458207018012354,0.467095763315402,0.47187799269542,0.472707335007172,0.46958128394218,0.462382210058477,0.450894970561264,0.434786017670885,0.41373262222019,0.387674989576373,0.35756279716252,0.327114527435916,0.30472684076223,0.297686484403274,0.300976054853134,0.301386126793426,0.290508489483434,0.266173301443883,0.227640107030745,0.201685955797209,0.216322697411836,0.200807105883247,0.103884849598651,0.162241924951584,0.174667619793491,0.117336599783276,0.153919375678697,0.109395954900476,0.161184045096458,0.237065093048092,0.297970571014485,0.343208225429324,0.376764268514117,0.401359765000847,0.41894270356787,0.431077408065673,0.439159979094799,0.444508205090692,0.448351222532174,0.451744545656118,0.455439535207082,0.459789488044926,0.464765529532613,0.470043828260116,0.475072614761251,0.479265710660103,0.48210787320355,0.483226847347748,0.48237600063603,0.479478420802603,0.47455265417382,0.467670888308846,0.459029261381861,0.44886910727533,0.437500520989565,0.425441091958553,0.413501079053969,0.402878581492143,0.394945790557149,0.390972879454736,0.391869585188393,0.397795908237106,0.408082893344049,0.421692600866549,0.437492506739814,0.454457597060777,0.471773391589278,0.488799887826731,0.50500632525928,0.519964915900867,0.533341422231093,0.544887961411227,0.5546806684818,0.562757427858459,0.569028688383102,0.573387074807619,0.57575472237035,0.576091427343026,0.574376185063325,0.570610796695893,0.564858930547818,0.557192787550086,0.547581593242021,0.535955978444793,0.522237327761668,0.506273319215163,0.487800716208316,0.466632482639756,0.442776079004469,0.417021591214179,0.393986722930424,0.388550188673111,0.401877934653768,0.418398899366022,0.432750476033691,0.443907746697828,0.451577094928246,0.455502702614144,0.455368484840752,0.450801244600932,0.441278640024327,0.426069914303689,0.40427264107525,0.374502777732603,0.334499053439328,0.280368193203456,0.208144649665682,0.181448098674133,0.240758778168849,0.277552429775482,0.288356589366681,0.274916951468394,0.234060446032422,0.155683151818825,0.17472328077324,0.261611737548386,0.318995272033236,0.358287112809381,0.384717601987201,0.400768424037044,0.40766425819462,0.405927520575497,0.395652540503807,0.377358255518365
0.366733184105707,0.373882973861662,0.391764350016356,0.402211007562436,0.404367250000067,0.398264795016751,0.383743432971886,0.360609900161282,0.328937133799497,0.289830289811588,0.247141931806756,0.238034833918693,0.262337110281893,0.303290595616629,0.335563283812413,0.355031946969353,0.362536005728051,0.359155781407002,0.346300264263083,0.327591091740946,0.314654069601074,0.328582387162664,0.358203023263771,0.386385518260775,0.40868176778766,0.424301997602426,0.433196511496613,0.435336820801793,0.430618640863064,0.418856897630578,0.399599794696413,0.372060696390149,0.335117047724679,0.287231062351935,0.227583495549424,0.200151069553286,0.251421940646321,0.29101815934818,0.317675236908549,0.333336405296253,0.338835469972343,0.333134269622994,0.314234499179959,0.280615185841147,0.241078005136033,0.213196050436434,0.166506408125398,0.141849059091891,0.128342083620779,0.222834353506868,0.28863239579696,0.337763763491437,0.37623409314086,0.406572434895118,0.430294966033354,0.448406781272955,0.461580442843575,0.470227487621747,0.474581995366699,0.474743000023547,0.470658861923032,0.462132394171902,0.44876081147784,0.429973027607374,0.404939834027359,0.372541338686322,0.331633015717555,0.283196129297508,0.242228731074472,0.237931357960867,0.259027956154129,0.268547975327003,0.255641796515593,0.224720811453821,0.174004416772368,0.107922509689414,0.20044513622964,0.211411515607845,0.18700033485207,0.166711431822417,0.134925262465606,0.179796397684734,0.188943283363849,0.179017667402422,0.22333964630741,0.272426966925459,0.315922870564381,0.351642022757893,0.379398358316195,0.39992969356166,0.414236979999748,0.423440754999098,0.42881957596504,0.431789856103408,0.433813590732908,0.436176037330022,0.43972456775132,0.444780288693165,0.451078384587801,0.457949775062217,0.464583659142082,0.470172825602119,0.474080340801341,0.475882911996311,0.475380976820538,0.472552146015415,0.467518456937849,0.460507194551434,0.451761281267461,0.441569945525015,0.43034275571827,0.418711456315643,0.407642812260027,0.398355333953636,0.391931081319886,0.389012622210357,0.38991331199317,0.394666010061011,0.403067194874487,0.414773809940175,0.429167926648482,0.445420475962708,0.462667237279417,0.48008641025335,0.496966407373145,0.51272148779868,0.526898530099225,0.539196837672188,0.549630113186097,0.558240036306289,0.5649173361732,0.569600823019576,0.572255356275671,0.572830185418325,0.571340988175024,0.567850102579917,0.562478325427572,0.555301535406988,0.546354300983055,0.535666138722963,0.523215981615393,0.508916404869938,0.492687263253498,0.474697945728945,0.45557016847802,0.437072253834636,0.423212038858505,0.419335427204027,0.425577304077961,0.43635851644549,0.447213810577993,0.456140341729128,0.462267590032018,0.465099158067975,0.464262315412918,0.459385896012354,0.450021623807031,0.435562141400973,0.415392339270845,0.388799684242177,0.355220575648081,0.315602901485215,0.277964476405419,0.264910010994292,0.28049037599425,0.297035524638651,0.299283514168807,0.281946210321541,0.240288054855821,0.168692638600697,0.203785845025479,0.27055913949815,0.322496529698837,0.359850670918945,0.385294615918549,0.4007014821801,0.407113179336815,0.404974430505855,0.394393535425428,0.376081155465866
0.39136912413157,0.392710963845241,0.400255597489534,0.405362870854324,0.404253285614666,0.395491974010859,0.378091821790283,0.351078705956845,0.313818579205264,0.268336893997822,0.231667323019842,0.251131465378047,0.286268837771316,0.320268628169622,0.347928628883574,0.36647308714837,0.375704169206898,0.376585207098242,0.371120146233183,0.363325565256262,0.360311625005213,0.368608709539983,0.385765631110979,0.404690094766757,0.42094493428839,0.432572937801668,0.438705586426639,0.43891165956186,0.432823774781308,0.420030962346177,0.39992835569873,0.371681514693739,0.334083777515813,0.285757190135759,0.228439562876901,0.200998283849164,0.243757840715822,0.287993428702372,0.318947537010044,0.337230484831406,0.344071358680049,0.339781224386194,0.32413614454033,0.297735718691081,0.263642677977135,0.22444452453607,0.168634303111627,0.144712373588468,0.167273210441499,0.237278567879626,0.29907401221999,0.346154566750892,0.382969293382038,0.412062346561273,0.434899020060988,0.45237671233947,0.465063580703866,0.473279437052421,0.477191246407342,0.476860470762895,0.472185632614594,0.462915278212045,0.448565958619867,0.428393518462105,0.401285424535196,0.365383306503723,0.317352362175131,0.250122222895011,0.150392207616754,0.169234943678189,0.231674282272805,0.247039381128826,0.223748290657963,0.16857236200876,0.166782749120415,0.192218092220414,0.225016981105161,0.233794721422688,0.21158003054724,0.148226976281027,0.140100538893933,0.205056229016587,0.233582804809647,0.249245123386444,0.274290200294052,0.305713886690732,0.336313280191635,0.362922061441376,0.384176407781126,0.399710125666347,0.4097451363107,0.41496143807146,0.416477044077283,0.415851308110891,0.414989206161254,0.415649622514562,0.418934461217902,0.425033165618166,0.433337720880341,0.442640691084803,0.451564502662589,0.458993742011419,0.464174866012549,0.466715838506461,0.466490346136887,0.463555208578966,0.458166587036966,0.450662580295836,0.441384829549801,0.43064552581133,0.418818697972081,0.406619827695635,0.395221582421611,0.386098479573969,0.380360280832539,0.378193638341345,0.379197339568295,0.383157002103156,0.39029743931764,0.400959177905228,0.415012223933628,0.43166058264112,0.449846267404483,0.468494968989435,0.486670097569034,0.503653467932658,0.518939347732071,0.532206868984285,0.543401978298144,0.552554798514466,0.55965599195297,0.564684449803047,0.567609031642336,0.568414824933994,0.56716241562455,0.563978606523169,0.558994820915723,0.552327174227248,0.544117775493384,0.534466895540573,0.523420351906586,0.510968422293923,0.497274565699729,0.482713330195109,0.468142668125021,0.455179604664895,0.446241776133837,0.44343464709184,0.446674011675191,0.453549331131217,0.461288824795209,0.467993360736753,0.472607480113915,0.474490912430176,0.473221733775592,0.468449885328736,0.459810533601465,0.446899818251824,0.429466995587443,0.40753269847804,0.381811771624142,0.354813332936607,0.332392681864564,0.321892617521986,0.323063176128799,0.326331674192645,0.322586716735224,0.30717033190791,0.28011586340307,0.254649825649347,0.266186071003853,0.303504807314448,0.340674067925617,0.370746896089476,0.392513140439708,0.406195535665389,0.412269507177913,0.411298353520712,0.404345413916748,0.394704843737866
0.412417698830402,0.411880189196473,0.413622676944558,0.41388990531417,0.40958121467243,0.398707769493007,0.379768843340037,0.351235995936093,0.311287453045666,0.261880817730728,0.248382097928171,0.280470484222455,0.314114334059482,0.343415833015036,0.366959289363976,0.383754715652822,0.393684716011833,0.39756877278749,0.39721697189058,0.395614609788328,0.396489315075619,0.402490028403583,0.413040478198857,0.425202307120584,0.43605888229317,0.443715109915176,0.447075560157,0.445428806449659,0.438183573522279,0.424813071472079,0.404720704298818,0.377094985531978,0.340765124753039,0.294023552014053,0.234949297407405,0.187821689369381,0.240930307192432,0.291280761213953,0.324693238868883,0.344444146932586,0.352675342585011,0.350477806557621,0.338422341059015,0.317093007723424,0.286842500180967,0.244612324288482,0.176355869910082,0.118466873726594,0.210568023847451,0.268682590576554,0.318129986197052,0.359071508833695,0.392340316563375,0.419139069823779,0.440396549230518,0.456777919544712,0.468695066649731,0.476366380907674,0.479900310113676,0.479300636916676,0.47445533403416,0.465111694872601,0.450809176191957,0.430872830846484,0.404323410376544,0.369732905020296,0.325010619353386,0.268298651144416,0.213111528019174,0.217236432884637,0.245579455298655,0.250621058863726,0.220229319891404,0.140611633441146,0.179158246408263,0.231403558266473,0.254520744475965,0.256479536359957,0.233648010366384,0.180553442108086,0.177727557934011,0.234052608720994,0.266811615332021,0.288416729235624,0.309364865984675,0.33196988460749,0.354150579344787,0.373698847908404,0.389143409997844,0.39969054922341,0.405089578027352,0.405582505947851,0.402058396250483,0.39632637046016,0.391118689023729,0.389229046538213,0.392216470147683,0.400049863334264,0.411492296042843,0.424436523034102,0.436588486459059,0.446341890396157,0.452933897924479,0.456129863330378,0.455958674508394,0.452633586090099,0.446537108670418,0.438115389115066,0.427794170206781,0.41589843059471,0.402699081737571,0.388787493369337,0.375549719383568,0.365263121360972,0.359790034538618,0.358684503742299,0.36007984040003,0.363197811533269,0.369072395293426,0.37924748022721,0.394108648017469,0.412580480258307,0.433022637008603,0.453951548499172,0.474192233755477,0.492925057337035,0.509648677084029,0.524050953469103,0.53606711206347,0.545801599849582,0.553326997071123,0.558666777389096,0.561831680471534,0.562829418475817,0.561810905784638,0.558898218405087,0.554245422541789,0.548088417293677,0.540611677930773,0.531973960253169,0.522277702011487,0.511680410010369,0.500459266984083,0.489083154104607,0.478306518891626,0.469285530631141,0.463390253813151,0.461524683473756,0.463526245618274,0.468138435228431,0.47367747849361,0.47865621578282,0.482077390630948,0.483293033101682,0.481884295543204,0.477540265931022,0.470000485261216,0.459057778503076,0.444727929773167,0.427453611211723,0.408318488750816,0.389442742643957,0.373983751325651,0.364570283675699,0.360526134274921,0.357729918688856,0.351716260905502,0.34033595197512,0.325638525144388,0.316050665879475,0.321935392216953,0.341596380415015,0.365512642175155,0.387357131680586,0.404418051160915,0.415810166933714,0.421509611510116,0.422046835163895,0.4186949342597,0.414060387859756
0.429896698302274,0.428623127115416,0.427661145317683,0.425106084930004,0.418896461542276,0.407345689658909,0.389181328420238,0.363367547439871,0.329435446452926,0.292951971441661,0.2935203647416,0.318433674141131,0.345325294350266,0.369408888049391,0.389176315275134,0.404001337023382,0.413874544702221,0.419462861038513,0.422086249871229,0.423630140855498,0.426074458063159,0.430770835386458,0.437625861338945,0.445268038447465,0.451986242128474,0.456353548148143,0.457320726439245,0.454068248290342,0.445985500665724,0.432600444661803,0.413408120313817,0.387785101965849,0.354966770870012,0.313989776473479,0.264337383126434,0.221277806359139,0.262314180799232,0.306343011904392,0.336832402948142,0.355595871219803,0.364187696547509,0.36362831911707,0.354551992779224,0.337309981313806,0.311693971103706,0.276062751248457,0.230897656818007,0.216233161088549,0.257266284917058,0.301876375242144,0.341080884469142,0.374945345896666,0.403574672086796,0.427282231656054,0.446450660884081,0.461395711867706,0.47236442514955,0.479461072634691,0.482712000279369,0.482090942701636,0.477492933407661,0.46870308223717,0.455378030637647,0.437088208007214,0.413356727339072,0.383830970670139,0.348955962747867,0.312178502235095,0.284463199410328,0.277737971648675,0.281968278934299,0.278342158719647,0.259276253854258,0.236603208130644,0.244152934387174,0.267469717900107,0.280851213562663,0.27990596490642,0.265145547875797,0.245146988495933,0.245194620644243,0.268178329826208,0.292402173826624,0.312828722256596,0.331678126687443,0.350105404136282,0.367379270436504,0.382124039359358,0.393089880570016,0.399361373443013,0.400349482470277,0.395827716810375,0.386191537021836,0.373293138001017,0.361433063978341,0.355773002703221,0.358699704437383,0.369461648948209,0.385957118377207,0.404359209450232,0.420738371260961,0.433153481206108,0.441090744683662,0.444653964576488,0.444146889458719,0.439972766431592,0.432671827604941,0.422807148830942,0.410923088528743,0.397359752109969,0.382169139630347,0.365348191403868,0.348083138983733,0.334494520742641,0.32936076355779,0.330964555686787,0.333405805633581,0.334749725272004,0.338193497912061,0.348128298960674,0.36545362863955,0.387772856843767,0.412241220043744,0.436736069556708,0.459897673572071,0.480920001900237,0.499349472760672,0.514955788069087,0.527830527056714,0.538130458027377,0.546022870923753,0.551595422178598,0.55491287959122,0.556078810225283,0.555208413040914,0.552469812997338,0.548094279856269,0.542348241270204,0.535492093279625,0.527735905118992,0.519263237501152,0.510355203557808,0.501351097848095,0.492711303774851,0.485004911026559,0.47891887631394,0.475217700411305,0.474292032419476,0.47594617742895,0.479415424304266,0.483616368821427,0.487475760478384,0.490142883742078,0.491035436154284,0.489768739313716,0.486095366936912,0.479849492750974,0.470993593235669,0.459640722948705,0.446332170517215,0.432043611685853,0.418243918453411,0.406603216766751,0.398134046049929,0.392340234672568,0.387330413944257,0.381110759181407,0.373059989219853,0.364938264790938,0.360832879505728,0.364527963292293,0.375748100922652,0.390779610158167,0.405826266387363,0.41846162159683,0.427509156722067,0.432654053714507,0.434214015318135,0.433121745245718,0.430894092674822
0.444271843097878,0.442847242028957,0.440855399801045,0.437222793627317,0.430616506636706,0.419972260218348,0.404688355557979,0.384908175539487,0.362766758251888,0.345745378712834,0.345214957103292,0.359114525711926,0.377963757000365,0.396498462178466,0.412533983112061,0.4252608939799,0.434567962815471,0.440820630777713,0.44486602766073,0.447813490687702,0.450787060576917,0.454542170324957,0.459092533305235,0.463764356573652,0.46753657167635,0.469376932315328,0.468416901084428,0.463952050983406,0.455457943739087,0.442566972560086,0.424979117993021,0.402484651088281,0.375081587006023,0.343632556470719,0.312288699872523,0.295417834304504,0.307785204680286,0.332866357162563,0.355052721186736,0.370250689559332,0.377887037751806,0.378224882706175,0.371644422785508,0.358532624378385,0.339443769610773,0.315926967556646,0.294470653539638,0.290118003692319,0.308292708947208,0.336319065682204,0.365162823796965,0.3918679843888,0.415481040686828,0.435696797299596,0.452460649455067,0.465818055886122,0.475786067078214,0.482336311537459,0.485441962618441,0.485040908676732,0.481041052702861,0.473288158193424,0.461596567700725,0.445832692215654,0.426018154103047,0.402603931209739,0.377030788918944,0.35262721260348,0.334420923276547,0.325157891040845,0.320819666144013,0.314490236887143,0.30377394644299,0.294388592332638,0.29445044085446,0.300724284486056,0.304025941219218,0.300053806640862,0.289940227281802,0.280190494326596,0.280082454858167,0.291503598655744,0.308381718883832,0.326301882885638,0.34392093517747,0.360616460110409,0.375499433250589,0.387491742048742,0.395538363820007,0.398703663000863,0.396155719275383,0.387126170162951,0.371044812595257,0.348537454009656,0.325721369642803,0.314342442877679,0.318456276518683,0.333856373810871,0.358535604818481,0.384955117756482,0.406012838313839,0.420726259683667,0.429492517036757,0.432876158349305,0.431455063321109,0.425818030605093,0.416621004779704,0.404598160686273,0.390554876265734,0.375102446462033,0.357986175699546,0.337778708513646,0.313550118532134,0.291302753412592,0.287752437039552,0.297461802660629,0.301968421312866,0.298311535725111,0.295153948850592,0.30483611852668,0.327969463959122,0.357330144485929,0.388108846912652,0.417659938758737,0.444577937284188,0.468250087509773,0.488480427589855,0.505304631795481,0.518964758719559,0.52973758368685,0.537869547169065,0.543530273915894,0.546895628988217,0.548103455516103,0.547270512303894,0.544587118434646,0.540339656252,0.534839067509426,0.528403168152835,0.521306095664178,0.513859097466219,0.506390859490727,0.499290525390308,0.492942796201013,0.487730086885387,0.48401939962013,0.482139362876173,0.48223150733844,0.484075187953332,0.487159512790351,0.490744933045505,0.494038967065496,0.496380891788517,0.497259095312939,0.496392725527925,0.493588990765204,0.488723682369843,0.481843523624529,0.473089111791245,0.462916906141723,0.45211564491681,0.441664830317286,0.43245814008579,0.424944325213476,0.418858028144742,0.413344069803,0.407639826514869,0.401732188287638,0.396755808074068,0.394666579679451,0.39702222064566,0.403756762961596,0.413233630693958,0.423344159122636,0.432394976956962,0.439348069677995,0.443780959623061,0.445798471262479,0.445909737076099,0.444917917611843
0.455744678536261,0.454584451579348,0.452562545483147,0.449042680028933,0.443230965628042,0.434601185837871,0.423137481812806,0.409669459230557,0.396553536877908,0.388076693593335,0.388207159882269,0.396505355457703,0.409253688236617,0.422951136665268,0.435603671110427,0.446282998736044,0.454648338807822,0.460826960123759,0.465293193581473,0.468693139942413,0.471670002263,0.474644167504253,0.477640734317766,0.480293595017949,0.481954031587645,0.481904359881746,0.479522541159647,0.474268432073365,0.465725095585625,0.45369211505741,0.438102624670938,0.419133227129392,0.397467512555191,0.374860929977335,0.35537853700846,0.345706107528231,0.349635152890103,0.362218048729744,0.376017191675781,0.386730593190158,0.392636277576185,0.393298290329164,0.388810460166425,0.379641489230861,0.366851787300453,0.352771323770234,0.342081025502157,0.34069135595349,0.350539561735315,0.367856810707493,0.387978239511208,0.408085745299817,0.42679565814836,0.443453688199478,0.457749541953536,0.469482789344533,0.478498562532855,0.484629047837082,0.48775310796468,0.48778480630391,0.484643966808892,0.47824377860777,0.468538214658624,0.455612221927185,0.439774852813097,0.42175986339252,0.402971983684033,0.38553514415259,0.371676730963681,0.362130819628025,0.355147914948125,0.348117929538209,0.34018024732107,0.333121431260809,0.328921964618518,0.32623970248609,0.321512756351617,0.312693860709054,0.30117939925145,0.291836330891335,0.290062202680825,0.297368066161724,0.311423816252769,0.328978952918192,0.347238967346311,0.36426111482266,0.378753992266503,0.389768383778468,0.396465382284317,0.397998816007314,0.393443894281562,0.381679536801965,0.361274238800867,0.330186171954132,0.28896409513995,0.266374562467082,0.277960064437253,0.299840400313012,0.337403555100386,0.371460035603388,0.395160179306695,0.410547377984507,0.418956183802164,0.421303221407665,0.418259577411752,0.410437679371966,0.398490488228857,0.383262978937006,0.366102965325261,0.348651243071516,0.331166007188387,0.310331454989532,0.279470744211776,0.233596138080445,0.237826910855435,0.267882828231583,0.273457582423487,0.257325354838531,0.233904716179863,0.244211171344069,0.281492718999741,0.322485639157714,0.362335141693151,0.398325281855283,0.429472573788326,0.455800936086824,0.477688590844194,0.495530162297984,0.509773298942871,0.520829699276369,0.529000725960441,0.534586995120096,0.537822257383238,0.538876462323733,0.537908351669282,0.535117554901492,0.530767468656182,0.525273424991354,0.518978596838652,0.512263754592354,0.505552290341064,0.499257750055729,0.493755340905463,0.489352730562932,0.486258116815356,0.484592964507352,0.484419824452137,0.485670549208621,0.488111516713981,0.491357470243461,0.494878563844715,0.498090069723584,0.500492366011943,0.501683281853778,0.501414908886504,0.49956069060605,0.496052548916371,0.490934933615438,0.484340113321336,0.476639847695196,0.468404388041817,0.460275836109963,0.452795500965694,0.446203199020979,0.440386367948237,0.435033942945497,0.429933604863143,0.4252608478631,0.421701947282108,0.420232018254693,0.421551948651885,0.425592713313982,0.431537712888324,0.438227524712825,0.444571466760887,0.449788697043735,0.453474125341502,0.455580788967536,0.456324288123299,0.456100519692645
0.464298822533505,0.463735895661553,0.462324061916927,0.459675411677606,0.455390259080047,0.449275510573162,0.441584217377884,0.433226200777301,0.425901147320295,0.421845033693301,0.422717765041625,0.428384130561146,0.437256650269302,0.447412625050961,0.457324851751132,0.466103576256153,0.473335590770397,0.478994744903557,0.483345188008204,0.486709777887628,0.489397118895441,0.491648596182377,0.493475074026554,0.494635585866486,0.494749871208573,0.493352799802705,0.489979048233933,0.484250208905172,0.475898635200617,0.464860289233175,0.451277783299693,0.435563869907466,0.418632395962749,0.402202831400965,0.388958092464596,0.381933000836962,0.382398631211909,0.388335914290879,0.396168007878397,0.402981601158584,0.4070641579238,0.407721178457188,0.404868868322674,0.398936068852192,0.39095663592479,0.38282069751056,0.377278807977979,0.376991245218837,0.382941745270574,0.393862520416576,0.407527533415699,0.422092072949238,0.436373592157891,0.449686089209253,0.461596452105286,0.471789984767265,0.479971558363143,0.485844846078122,0.48919407630823,0.489863146972846,0.487783571558957,0.482907805000727,0.475281011103832,0.465097647433848,0.452762589734239,0.438989692173653,0.424831772293953,0.411550907063634,0.40018959702082,0.39097532951092,0.383203838405193,0.375757268574874,0.368067197497816,0.360334431955731,0.352671176383123,0.343990898614657,0.332360245135206,0.316569365054374,0.298086616516688,0.282818784084226,0.277799269124169,0.283928206382829,0.299401076058786,0.3205579732008,0.342437762457068,0.361934230635577,0.377737795393918,0.389266185983766,0.396039175038572,0.397476607455163,0.392812247007186,0.381089301448821,0.361172560323389,0.332033951322877,0.295260114107302,0.255057036799624,0.272860825731889,0.307070426496138,0.33951927716156,0.368808419279464,0.390100283416679,0.403566657820042,0.410049848428286,0.410281407020862,0.404831545898038,0.394129046728093,0.378546204209544,0.35869282255817,0.336415733081573,0.315977709197349,0.301331759718387,0.288261040645516,0.266359289544056,0.231542195604113,0.236561335017613,0.261604451026462,0.26109237371337,0.229363085376996,0.148896989669081,0.169138039211267,0.229115942651605,0.28675799716201,0.338617512576305,0.38142395005859,0.416302289995943,0.444689539385646,0.467679242666854,0.486075004871385,0.5005211744373,0.511565716079929,0.519549392542938,0.524856336638656,0.527749584868891,0.528430987471572,0.527065375994587,0.52389353963974,0.519191841944599,0.513360179234052,0.506851666848058,0.500172652863902,0.49385830180407,0.488438351092802,0.484283888443272,0.481598892371179,0.48043128295685,0.480690291807709,0.482217555259497,0.484827175621795,0.488218702575063,0.49205830306054,0.495963457979725,0.499509151184403,0.50230968750075,0.504059778073734,0.504553303284688,0.503689653236044,0.501416495369311,0.497802794078826,0.493015884804408,0.487279763413745,0.480982309389792,0.474554774983434,0.468339387916666,0.462539906710982,0.457172559355,0.45215577710218,0.44751449409592,0.443469489471139,0.440451717459648,0.438974056316145,0.439377943261213,0.441609659903455,0.445217211094881,0.44953598478869,0.453886725278572,0.457730020995371,0.460734822318778,0.462778126067378,0.463929602779444,0.464333081357136
0.469768719627113,0.470086558847197,0.469716504818659,0.468421468349504,0.466020186997971,0.462498678356346,0.458133199205858,0.453640480658585,0.450109505789741,0.448718137512505,0.450242967562875,0.454649538205625,0.461281213142427,0.469034423239844,0.47685180048041,0.483997828837673,0.490115027822342,0.495135703397512,0.499094871686694,0.502102193032311,0.504310384122691,0.505825917241922,0.506660851813296,0.506689177835109,0.505669433707251,0.503294273792967,0.499238414023946,0.493224019194318,0.485139390959968,0.475033643295065,0.463158474850012,0.450033529456265,0.436516495550529,0.423929473195109,0.413942447152381,0.40806620695583,0.406789829235444,0.409113848196245,0.413184921732684,0.417189749625728,0.419806761049516,0.420374520456715,0.418729561679924,0.415168697424611,0.410454921626496,0.405876494709251,0.402969189043381,0.403079231512187,0.406782760793907,0.413646574654333,0.422642475248082,0.432767151336073,0.443257639950897,0.45357775408483,0.463333725194361,0.472165511966344,0.479686333022069,0.485495975402722,0.489276718727459,0.490808136399388,0.489954845515223,0.486669974261395,0.481048027554145,0.473316206322653,0.463870226990677,0.453280619520059,0.44228204455986,0.431639297112383,0.421890955923079,0.413155680430709,0.405109590866695,0.397189185149354,0.388861448231585,0.379708299960025,0.369127623713166,0.355889519085466,0.338199734588298,0.314119630163619,0.282969373396626,0.252291430120242,0.242695372102156,0.248624417729712,0.270615506707691,0.301921933691123,0.331140972042194,0.354958795158202,0.373275165354904,0.386391389919477,0.394387100375481,0.397062441495184,0.394021355372704,0.384836445829803,0.369276759458841,0.347996920207632,0.324137806750607,0.307056630586788,0.311768770663976,0.331627497794919,0.354187337260065,0.374701025056188,0.390223077009376,0.399622589784931,0.402789611764174,0.399934884472122,0.391354401752765,0.377227393789246,0.357479224209149,0.331809942561895,0.300758235708028,0.271910216311152,0.264476980269053,0.271516297562063,0.272929928353068,0.269110750609501,0.27237239438859,0.278329127712375,0.271058259113422,0.242005587832784,0.192066296654691,0.151313395050258,0.169650104124254,0.261585866366708,0.324014103005685,0.370615763365786,0.40699047311306,0.435924068981756,0.459015106438238,0.477261488433974,0.491399805050988,0.502047018127766,0.509605217568576,0.514404615071641,0.516733338397966,0.516783730243245,0.51473411011518,0.510848883415732,0.505423071090564,0.498834353822493,0.491659599429651,0.484563504994467,0.478261034802388,0.473392770489806,0.470385834064228,0.469340713645657,0.470089664312325,0.472326713628364,0.475697485625934,0.479866771481268,0.484527652279229,0.489355183102148,0.494022505441681,0.49822933884099,0.501687401273324,0.504177188806772,0.505547690898553,0.50569721743812,0.504598805685781,0.502312779930942,0.498992329193192,0.494790631950259,0.489961072242092,0.48478416284035,0.479524702294198,0.474370147764005,0.469411179547505,0.464681263208046,0.460288864240768,0.45646282561713,0.453501349703827,0.451705030736765,0.451257199893872,0.45214028925922,0.454101616472837,0.456732614456755,0.459613876569643,0.462396736454242,0.464840609484425,0.466834212413415,0.468352911580598,0.469411086261848
0.471899526180338,0.473355596021511,0.474353787404497,0.47472363441284,0.474365466908718,0.473314951327721,0.471793005787944,0.47026017707922,0.46937808968966,0.469792423111835,0.471929972041363,0.475853429114828,0.481219443668518,0.487392482348938,0.493677677068833,0.49955713757649,0.504733830898082,0.509047604317397,0.51243776444114,0.514890727996484,0.516476082892561,0.517271956995178,0.517280387566296,0.516416880861498,0.514524463143904,0.511402514860489,0.506837982723769,0.500627842969116,0.492760845595212,0.48338310083188,0.472780627288063,0.461461207192744,0.450160873262457,0.439807660616418,0.431470510231423,0.426041232800284,0.423742120192866,0.423988232929014,0.425769584362887,0.427962415212502,0.429620640546038,0.430195277585738,0.429488179884251,0.427631385529475,0.425080437669469,0.422616655476453,0.421093793932574,0.421229632408939,0.423354624886897,0.427365620350514,0.432854131233088,0.439393530197027,0.446646884236909,0.454363831779802,0.462287053524769,0.470060122986926,0.47720897876607,0.483217665424716,0.487656714615452,0.490208495778153,0.490691442639305,0.489025768714542,0.485278690786418,0.479669440553759,0.472540279825703,0.464327431526855,0.455536748694282,0.446646697750212,0.43798089821926,0.429647646685051,0.421474019004834,0.413057797921666,0.403896219108751,0.393380481889591,0.380628037471624,0.364270812082378,0.342360187786649,0.312042073677555,0.268691214689734,0.202154289154219,0.193500866999261,0.182202838761197,0.225481130940617,0.27806819319425,0.31667405815352,0.345102922150426,0.366208507057082,0.381444529737177,0.391429126739,0.39631611413999,0.396087264316385,0.39080328380223,0.380924528615935,0.36784341344091,0.354667206002421,0.34666777657779,0.348408036609506,0.358407115914564,0.371615204469732,0.384074273931992,0.393252970020733,0.397686447059142,0.396697122513511,0.390064990197712,0.377783374195602,0.359928582871101,0.336412108126112,0.30618570008414,0.265441699260315,0.208881068513349,0.219571433628559,0.261327639387209,0.283257363283821,0.293827815353049,0.299629769775928,0.30080510779594,0.293039179810567,0.273504534894056,0.243831706445434,0.208362964017055,0.212286613256502,0.272094099282577,0.325851819276971,0.36854429893005,0.402618682600764,0.429969893718942,0.451871553291956,0.46915674449176,0.482434109234302,0.49232022068074,0.499177112602816,0.503259963901173,0.504788702887575,0.503958527125984,0.500946232813616,0.495988912166989,0.489343044392189,0.481490185567961,0.473061810674771,0.464941476246259,0.458125977805438,0.453473906108412,0.451492039948609,0.452173828628277,0.455059670223837,0.459524001297972,0.464999885766115,0.471004247115923,0.477196535697413,0.483295525284415,0.489045133422645,0.494185167682808,0.49850866107355,0.501890745824995,0.504229988426119,0.505434033584807,0.505464171565349,0.504371184261189,0.502277352584049,0.499255020128629,0.495503406402806,0.49123582914155,0.486665187389444,0.481965724780693,0.477266905828459,0.472664927759294,0.468299605802425,0.464391488029444,0.461182388736685,0.458881755360917,0.45762433636271,0.457413742813016,0.458110331048715,0.459474537514976,0.461245995274579,0.463213361664147,0.465243577253965,0.467272382849184,0.469227997425524,0.471055880443149
0.470379986365862,0.473251282260976,0.475906298017078,0.478171250077529,0.4799366679824,0.481207028684762,0.482126882161259,0.482955479057156,0.484064074620084,0.485882026458851,0.488705992302688,0.492557588838021,0.497273848707724,0.502456243938797,0.507661027901464,0.512563079111017,0.516894501453458,0.52043963473013,0.52313149603863,0.524943669734988,0.52589796817188,0.526028486639497,0.525327121182254,0.523733260688986,0.52114090583383,0.517418512697334,0.512425374687121,0.506026768138342,0.498246444307895,0.489288813255189,0.479456177731566,0.46919045832652,0.45909709317918,0.44987962655687,0.44226997882196,0.436860613884975,0.433825770640928,0.432826350890908,0.433250694477003,0.434393072510114,0.435554666456625,0.436293471425338,0.436392037486295,0.435828279492495,0.43478840347436,0.433679351230294,0.432946151361445,0.432917777785568,0.433776033752856,0.435560126127417,0.438183455406091,0.441628571079125,0.445996775410013,0.451411958161993,0.457854466455313,0.465004486979904,0.472245452351466,0.478856139961094,0.484231792589958,0.487967414339615,0.48981997751683,0.489697122390247,0.487661863654056,0.483868992957516,0.478572565954424,0.472115226506867,0.464863584703942,0.457141073302485,0.449193583492779,0.441121940727527,0.432817975776208,0.423978407555322,0.41414121799099,0.40265972331585,0.388640551271065,0.370832076529822,0.347476198621267,0.316247393453874,0.274773814569401,0.22572704010179,0.177248015454412,0.104597081697979,0.196857993701594,0.260328829180519,0.302774714364476,0.333660319603633,0.356935164065553,0.374400990918571,0.386847450992082,0.394576266628899,0.397775298694056,0.396776559166844,0.392303271388817,0.385726849305384,0.379227896863905,0.375447807248004,0.376171603769672,0.380935531563387,0.387550041576277,0.393571217718754,0.397031761417566,0.396535872490025,0.391137072350434,0.380289911329772,0.363763116430668,0.341730275645915,0.315086422967271,0.285021140747829,0.250670827200317,0.213390783338975,0.227823564247022,0.269075154587353,0.29612868769099,0.311653276676935,0.319499323405359,0.32103156546582,0.315837333353744,0.303870622992634,0.287435165037533,0.273781206155591,0.278397779439597,0.305699831447458,0.340723241703074,0.373805121427721,0.402415031656868,0.426335538271817,0.445894438635737,0.461479476040663,0.473460862125276,0.482283320894024,0.488214737859263,0.491375837404725,0.491918610239841,0.490010754135511,0.485766976566616,0.479339245974328,0.47099977358364,0.461235356958184,0.450792739479756,0.440793177416133,0.43266750629916,0.427782935910554,0.426856827625895,0.429648040922276,0.435191530853912,0.442359356006881,0.450291684568921,0.458417370775974,0.466381141902556,0.473959045703029,0.480986011509175,0.487303852413922,0.492728226977559,0.497137552767703,0.500507982298038,0.502793842924145,0.503924365008612,0.503895830283075,0.502829782664725,0.500773785324639,0.497853824721508,0.494239533916161,0.49009053667616,0.485593013584465,0.480913466780008,0.47620000981181,0.471614708306211,0.467371043557261,0.463686643001168,0.460753482672869,0.458692607243517,0.457522375184257,0.457170806693278,0.457506189108358,0.458385136277108,0.459710460242695,0.461463643841549,0.463635479882447,0.466161960067828,0.468940411752973
0.464883115124551,0.469495319346059,0.474123880914298,0.478503542378512,0.482472369343172,0.485965103798448,0.489047454302372,0.491872602877851,0.494698030386867,0.497781635280881,0.50130205588688,0.505293172991316,0.509677598024646,0.514241802936899,0.518691733264063,0.522751164342906,0.526246606697447,0.529054583519181,0.53108300698909,0.532277692949402,0.53263460146182,0.532161697538001,0.530840618456366,0.528621869869657,0.525429303211996,0.521171951671969,0.515750813998469,0.509076559146627,0.501201894536028,0.492318984452438,0.482738543224286,0.472854556156839,0.463161910222705,0.454269599953353,0.446755337782884,0.441059105364099,0.437380781913639,0.435554170567058,0.435215299211742,0.435863746357786,0.436941193037649,0.438054677339203,0.438957264192747,0.439493502313739,0.43963862356721,0.439539183998145,0.43933423772463,0.43909688324594,0.438890439540645,0.438767329673274,0.438803646990442,0.439287100778056,0.440793719796766,0.444016457231372,0.449355361565632,0.456503967523599,0.464510784314556,0.472275399892293,0.478957935629839,0.48405073987457,0.487292403919081,0.488593301632278,0.487999741735826,0.485663009594035,0.48180165497907,0.47665705794234,0.470476680797402,0.46350707594861,0.455982694790139,0.448009487124219,0.439539497717635,0.430362047564205,0.420104674833096,0.408199835206522,0.39388082319136,0.376092913035227,0.353493491370112,0.324526448492243,0.287845308633982,0.24223551763669,0.183124584280303,0.14251491564803,0.197450221710117,0.249066045875309,0.288747188308623,0.320004733939751,0.344931236754777,0.364802683169807,0.380158299949927,0.391184806515682,0.398071526258332,0.401215022821045,0.40133390612258,0.399528733987778,0.397213447179993,0.395785708164198,0.396066524299534,0.397866542700249,0.400127529853128,0.401384501660823,0.400183830198732,0.395280853803659,0.385666365431196,0.370493425201813,0.34910721422438,0.321448303447494,0.289452037780287,0.260361140108387,0.244475927530823,0.244317223379979,0.261536362813992,0.287745591634979,0.310207069207375,0.325410342213663,0.333949486987226,0.336793366518139,0.334597548227524,0.328360422841025,0.320573262186685,0.315991520842411,0.320499071175262,0.335894621349934,0.357981764312222,0.381659965414218,0.403958238641888,0.423618927709032,0.44020343747056,0.453658812598577,0.464091475538286,0.471693567786709,0.47654439714028,0.478681899458358,0.478138990036194,0.474998952458383,0.469278481515722,0.461062687580209,0.450575882530102,0.438223215811385,0.424793975517532,0.411637120561987,0.40087786458916,0.395022007778633,0.395446910475582,0.401306248369245,0.41045401981667,0.420986982478623,0.431783852390235,0.442280537497997,0.452211498765677,0.461455039285569,0.469937871061717,0.477567710085816,0.484215797307656,0.4898134794375,0.494311734499059,0.497691183937374,0.499906828467786,0.500901414709685,0.500750028046863,0.499490225946193,0.497189889586619,0.493996101082424,0.490055776924188,0.485530190593591,0.480609825841689,0.475490984993102,0.470381765339306,0.465517511219599,0.461133543439608,0.457428322637401,0.454521913873941,0.452447577914551,0.451162487712692,0.450592859557193,0.450683012961341,0.451457927450164,0.453015369129969,0.455438337848178,0.458712111969794,0.462695893410197
0.455147959445865,0.461946912180611,0.468952246613846,0.475731571971003,0.482027487016462,0.487708278655622,0.492798194924218,0.497449325757398,0.501804459325111,0.506002523958068,0.510173884580578,0.514362219486387,0.518580629587046,0.52270680901603,0.526523769800917,0.529875286714238,0.532680476704299,0.534858085475192,0.536308592263749,0.536950841264227,0.536770129254219,0.535758779733319,0.533889981756819,0.531117011809104,0.527377023524221,0.522598634755691,0.516701056489379,0.509619340108747,0.501424029967129,0.492273189253488,0.482448359462851,0.472318907133106,0.462351592247601,0.453095362748804,0.445101386572319,0.438813801393081,0.434466580974116,0.432031042442465,0.431290089453184,0.431867386310328,0.433244019151263,0.435006954800605,0.436859153925935,0.438533335617701,0.439835335931013,0.440686295633456,0.441000743569817,0.440659570445138,0.439568172958829,0.43771256054614,0.435205825658086,0.43250711394816,0.430701740373908,0.431439418860991,0.43602789171991,0.444113643440215,0.453889689960997,0.463541388596731,0.471938335222292,0.478548612991826,0.483159248989577,0.485731372556028,0.486341051582163,0.485130009386242,0.482287442487172,0.478018474829314,0.472522639486832,0.466006580133125,0.458658327961729,0.450612441644473,0.441904003948106,0.432433465061068,0.421963598758932,0.410093817331688,0.396243033645929,0.379574730490954,0.358985151631273,0.333150597733427,0.300322934841334,0.256977562036012,0.193774941343084,0.132949931290576,0.18609064425966,0.229948076379854,0.26928011607696,0.30172432966804,0.328845321067506,0.351897512758498,0.37092272217009,0.385737352622484,0.396417697073578,0.403358961627117,0.407229207612397,0.408901746782704,0.409334781069936,0.409358228191548,0.409419398798589,0.409449086793928,0.408862788572935,0.406739550062346,0.402004339030091,0.393547375612178,0.380287676427922,0.361126593068892,0.334816850828098,0.299936424175533,0.255552683724116,0.212808415437167,0.218771420040037,0.24945977451345,0.277441162241511,0.301623698923518,0.320963670098335,0.334708149278986,0.343133767059532,0.346999368703706,0.347177230706296,0.344854748530605,0.342014808367355,0.341410191526895,0.345733134798497,0.35595131501876,0.370689142012459,0.387534805534819,0.404406007126132,0.420001349098999,0.433604339536014,0.444916877655661,0.453779309485071,0.460141284797491,0.46393512067161,0.465068538725472,0.463448116321217,0.458984438373885,0.451643232464244,0.441443594480105,0.428461037230199,0.412960628064847,0.395506963677541,0.377358899133095,0.361511273001665,0.353139577523074,0.355809722679497,0.366850302649534,0.381168009051493,0.395806993582377,0.409778842665031,0.422821262876999,0.434852668649956,0.445873747062485,0.455899033499104,0.464919047156543,0.472886890717258,0.479773726899344,0.485549035751999,0.490142031347403,0.493474186325255,0.495479336847502,0.496171248362884,0.495580035826748,0.493724684396038,0.490730582931142,0.486746279803055,0.481932597436431,0.476498225529043,0.470682490671076,0.464740031956873,0.458965628108064,0.453639068390425,0.448988053264859,0.445153488641858,0.442173834833151,0.440002920795881,0.438567914653665,0.437873889197121,0.438070401688249,0.439415620186403,0.442171997006664,0.446419635677339,0.451987895337531
0.441012040856822,0.45064934153015,0.460539055833914,0.470049775573616,0.478804225260366,0.486689051294275,0.493729022583132,0.500023611242496,0.505690240467233,0.510825155078273,0.51553124219854,0.519913601012178,0.524032102444279,0.527805798185101,0.531149707748618,0.53397788374215,0.536239572474193,0.537883174757716,0.538835395736589,0.539005291068572,0.538359761434024,0.536877806995051,0.534524273184134,0.531249157770071,0.526991001231404,0.521681621595034,0.515239354827656,0.507606916610252,0.498849480281543,0.489098863456916,0.478567483978411,0.4676158940155,0.456716463775489,0.446415956782034,0.437324014476358,0.43001674173749,0.424863313834388,0.421928069531755,0.421067820430635,0.421926162773702,0.423974703228521,0.426743445297583,0.429844580418652,0.432915335668475,0.435583896159935,0.437589533078398,0.438654199050517,0.438476533691896,0.436809468353687,0.433500581490489,0.428524782172754,0.422225433268825,0.415967232184842,0.413008861932885,0.417260643239924,0.428037961309143,0.441039745381751,0.453315260078398,0.463688886946909,0.471817287596131,0.477652795712316,0.481271248805597,0.482813418951945,0.482432517102316,0.480280426056261,0.4765139028796,0.47131202998525,0.464879369982125,0.457406760607732,0.449065376851753,0.439966788461246,0.430139464423277,0.419545558603957,0.408010914616898,0.395153594025093,0.380323286685303,0.362582424758034,0.340733318739754,0.313274930457674,0.278385823900801,0.235697020182341,0.19223348277888,0.150599332662571,0.193030493523304,0.241949789452188,0.276282210236016,0.307003824112183,0.335159889704522,0.35918169738922,0.378346775787397,0.392794955072878,0.403082061865543,0.409935083205081,0.414134453273736,0.416419856060092,0.41737379725432,0.417318310580101,0.416258531204969,0.413848471174197,0.4094536557907,0.402241375156155,0.391224926685426,0.375290547077083,0.353137368809758,0.323227436441928,0.283378138447721,0.229181494977002,0.14585150303029,0.19212840415675,0.247618945652779,0.283025497789856,0.308005914238905,0.325955120326808,0.338352136625046,0.346251045553864,0.350624456407034,0.352355030480349,0.352448025415756,0.352321886643118,0.353619159225464,0.357822123248794,0.365547018901727,0.376245208054036,0.388691649309786,0.401559235592342,0.413834744879417,0.424908325588339,0.434356795184745,0.441852756119949,0.447165890916338,0.45010195719453,0.450397280668637,0.447786266848073,0.442059242016626,0.433103950343174,0.420832322319368,0.405247498245096,0.38643373062929,0.364418559257106,0.339374221766913,0.31369408382486,0.29829472622743,0.306392709468213,0.327291100999154,0.348563338216243,0.367553426041884,0.384611110378223,0.400158854388756,0.414310765693655,0.427126427096834,0.438760432608783,0.449307117465216,0.458758225125813,0.467089588875453,0.474254834750359,0.480164796360757,0.48470782222227,0.487758932972196,0.489271921736579,0.489256596506461,0.487696606647692,0.484699388302768,0.480409067604832,0.475008577742332,0.46871734306747,0.461827751572389,0.454679463782284,0.447651814242024,0.441103365951626,0.435317155606647,0.43047003690583,0.426598682040501,0.423603057494654,0.421335981800596,0.419784554144459,0.419212375336927,0.420171291706932,0.423274927766156,0.428814262894024,0.436547016409425
0.422354719264179,0.435786843868532,0.449203368829135,0.461788496863493,0.473161987217087,0.48323888076284,0.492075892296108,0.499802973139586,0.506559076024685,0.512454761095758,0.517621197301572,0.522167137977001,0.526175927525975,0.529684201731905,0.532677647629831,0.53511722999481,0.536957727374688,0.538169733117787,0.538694415748899,0.538466355636861,0.537435420766577,0.535557177004907,0.532784078476877,0.529056936721254,0.524306290456442,0.518454660221616,0.511404575385345,0.503093821611041,0.493560445986099,0.482890969092721,0.471248317494817,0.4589325717446,0.446407838578167,0.434279452224401,0.42330755536545,0.414338495753239,0.408043502867471,0.404657409631442,0.40398106025822,0.40552994571898,0.408660564538862,0.412861363001974,0.417685984822967,0.422613391699633,0.4271109853071,0.430711980092332,0.432955759119624,0.433413226315556,0.431719272356864,0.427575392106009,0.420706545889826,0.410927188637019,0.398723569667333,0.388197966366256,0.393050893751008,0.410447019845139,0.428031163036833,0.442978299184177,0.455013061733704,0.464296628518355,0.471027508348165,0.475399763456009,0.477587154543679,0.477737030759421,0.47597407782853,0.472410762566458,0.467195745340115,0.460499531605626,0.452526824574376,0.443496086647823,0.433638294472485,0.423163992260356,0.412320134757937,0.401200661187178,0.389656052415441,0.377201925275778,0.362991713652021,0.345923397993405,0.324806163927544,0.298540204881383,0.266224675195931,0.225374108773352,0.176602245227491,0.1857383629116,0.210602066939882,0.238934433584811,0.278097364754039,0.315583623611269,0.34619788134849,0.369900728202392,0.3877112005993,0.400685225207941,0.409751470123178,0.415704733913866,0.419199435256948,0.420727177229672,0.420589344647838,0.418842349438117,0.415297216865956,0.409509847948098,0.400800381956402,0.388289209489852,0.370875742392087,0.347204346675143,0.315664724110695,0.274724661219021,0.225926218638573,0.190536746766565,0.208932973750917,0.250506453628458,0.284575900573033,0.308544121238104,0.324747714253203,0.335420467178343,0.342316416278302,0.346678626737125,0.349272227901046,0.350748218906225,0.352045336026674,0.354280623019586,0.358499529300449,0.365152582832241,0.373857869676506,0.38379030876178,0.394058356373781,0.403999640149037,0.413159711188967,0.421176048622004,0.42770199807573,0.432362231820608,0.434777844445396,0.434493911347928,0.431125380763222,0.424356559105381,0.41392109918895,0.399633068690565,0.381533687701316,0.35980174709741,0.334295586668172,0.303441002243804,0.263609183463537,0.221213519788299,0.251905342863179,0.288247537852188,0.314856632243714,0.336638868402278,0.356207307056099,0.374172714273618,0.390474151257121,0.40515917294199,0.418497415228501,0.430726692201484,0.44187241127804,0.45186408491511,0.460600791111218,0.467945608174563,0.473757445554645,0.477883797170217,0.480231768519365,0.480761724968635,0.47939809663715,0.476212261894816,0.471354466869957,0.465020080918716,0.457468444871872,0.449048242142785,0.440204897571319,0.431437615464867,0.423243301161387,0.416026200788586,0.4100462011973,0.405351077332823,0.401720553829529,0.398766475477826,0.396243953939471,0.394467864209194,0.394520114124792,0.397824086544115,0.405172367993074,0.416048863158949
0.39943917364212,0.418019339970227,0.435706078280691,0.451684355214427,0.465711954463986,0.477835140837634,0.488237809811853,0.497131329826426,0.504721532932908,0.511199552211774,0.516691859831335,0.521308972178913,0.52520830744184,0.528495317145096,0.531209108871366,0.533340302259521,0.53485504553244,0.535727846003394,0.535910937447715,0.53535455346364,0.53401764556442,0.531827443893086,0.528711416119994,0.524593442395384,0.519388702979199,0.513001483603622,0.505308636625833,0.496234744068039,0.485771607518937,0.473941953522811,0.460844477836358,0.446673038263095,0.431792108587073,0.416857394304532,0.402876521084026,0.391193161782309,0.383118040516729,0.379267059976693,0.379247701245932,0.382066290586585,0.386797024950931,0.392950886118605,0.400115002083297,0.40763169245393,0.414680460365778,0.420529244185071,0.424568127245934,0.426311110117744,0.425371711585643,0.42143144091679,0.41415330336538,0.403084874813115,0.387662933484684,0.367420896357724,0.374621944783987,0.39881559064696,0.418460533886437,0.434235069080838,0.446728812430027,0.456375097925355,0.463470786573131,0.468221133480189,0.470766641399255,0.471198779045584,0.46957783123615,0.465969539866537,0.460473685438093,0.453205634726419,0.44434152467962,0.434125710053309,0.422906108446213,0.411175094907162,0.399561628265269,0.388572017545625,0.378415790336546,0.368777205278857,0.358746529753582,0.347092205758515,0.332542010357221,0.313986146422369,0.290601132764514,0.262254856309914,0.23210304693294,0.20259229886155,0.158048868609832,0.177050244445571,0.248248294503462,0.298757560260351,0.335135517646598,0.362017665194863,0.381992680012637,0.396654555317809,0.407085769073023,0.414079442912552,0.418239730564954,0.420031695134574,0.419760507913126,0.417550812420084,0.413333890054946,0.406825764603718,0.397499117153201,0.384594787184952,0.367072973030704,0.343580584612085,0.312249610554562,0.270294873817331,0.213080448746495,0.14963195167494,0.200543799367464,0.250220005905465,0.283380410138155,0.304465996466299,0.31727107765559,0.324950746929845,0.330039210913192,0.33402466124235,0.337232539377863,0.339577387136337,0.341477328342034,0.34401655405475,0.348440989739705,0.355136643090361,0.36340865165672,0.372303437087501,0.381207859580955,0.389732504516574,0.397596897901751,0.404671578572504,0.410825260410809,0.415453518894963,0.417805297140466,0.417317388159588,0.413561468045312,0.406108689429259,0.394483047354413,0.378310425567806,0.357620805651793,0.333230376170138,0.30667488503516,0.277548054974747,0.243055140552608,0.212429457505131,0.230854349255535,0.258403459890516,0.280327215631353,0.301585555142352,0.323653155093319,0.344683874207687,0.363390732438826,0.379931811719704,0.395021868733779,0.409132014829476,0.422277852202336,0.434246950168931,0.444814482644371,0.453778249840188,0.460964752955383,0.466200819945116,0.469359686269271,0.470383242704782,0.469132330110471,0.465621351026951,0.459961818975816,0.452339812431118,0.443051745104515,0.432519678697121,0.421314544432667,0.410125646368989,0.399668331137609,0.390554465941049,0.383232198702691,0.377874861183641,0.374114095243769,0.370977299507173,0.3674634850247,0.363612756030494,0.361390932841415,0.364289916778161,0.37445598995245,0.390383073559136
0.37413488502957,0.399378190191353,0.42173932350751,0.440968993326429,0.45730096340431,0.471072127800366,0.4826483403657,0.492369531170936,0.500530089015987,0.507333965926183,0.512946839020414,0.517535995358913,0.521289284886466,0.524352589038348,0.526801516404461,0.52867063009128,0.529925561307641,0.530544175532324,0.530477632833851,0.529687237280728,0.528126481686215,0.525717945340268,0.52235402074423,0.517929164313229,0.512334961231878,0.505451532698777,0.497129085596899,0.487275424755902,0.475828412468115,0.462744951064773,0.447996593729789,0.431593685898845,0.413683992534059,0.39476592889811,0.376041981471775,0.359705907576989,0.348562311301941,0.344314355187525,0.34592497060296,0.350919796373254,0.357791579411732,0.366469252862109,0.376865275968627,0.388060110023658,0.398699572558407,0.407658814594758,0.414204491853164,0.417905805340578,0.418513001380576,0.415906876078185,0.410072572801985,0.40118681027907,0.390276888648383,0.38173025985995,0.385071143996508,0.398788676359626,0.414035056311666,0.427641448559829,0.438994765738601,0.448081701125802,0.454973180536645,0.459730109602111,0.462380539279625,0.462912678220217,0.461286934670956,0.457494536604865,0.451524920387172,0.443411156498598,0.433248947649024,0.421245146867677,0.4078352240049,0.393809384553806,0.380331601730889,0.368659820558351,0.359714917187936,0.353394605926648,0.348430291777549,0.342978748460074,0.335275160153532,0.324021272409273,0.308460515144249,0.288263797984011,0.26275740375433,0.227795549369681,0.177770141989522,0.185692141355019,0.246896314916916,0.294298698895606,0.329471560503748,0.356057804794551,0.376238441120147,0.391342837140992,0.402254448389506,0.409618907820742,0.413954397391589,0.415687098318558,0.415141791316921,0.412523669927926,0.407895508321961,0.401138325630392,0.391917666522705,0.379646698689469,0.363485599982111,0.342285487920025,0.314457016016861,0.277688781422475,0.229180203018324,0.181174862278614,0.213452471633272,0.256179554606431,0.282655121647509,0.296980295755587,0.303142045188239,0.305216383935869,0.307186723360692,0.311031271564166,0.315688942797454,0.319154881585151,0.320935058053251,0.322815288045559,0.327679389633092,0.335959723434904,0.345416881145004,0.354438048506434,0.362829983843198,0.370722113269911,0.377886388635385,0.3842722074188,0.390911011797818,0.396369526728799,0.399160511273886,0.398880634786675,0.395206636410057,0.38763489615543,0.375470302711369,0.357899342498417,0.334300701209934,0.305475785912065,0.277698512181818,0.256757923685326,0.23777087418425,0.225426608456317,0.223601579173749,0.227921895213774,0.236290538623328,0.257202642315645,0.286063873728121,0.312314128125085,0.333497829299351,0.351397466779282,0.368121901642972,0.384476222816249,0.400141248634409,0.414538179455421,0.42726296462967,0.438067286805873,0.44677434433858,0.453201002233313,0.457187890544383,0.458649549674402,0.457430118267548,0.4534373672503,0.44673109974571,0.437460421494769,0.425898737467699,0.412514713164088,0.398025443238902,0.383420657446778,0.369782840188835,0.358013199410269,0.348881840475687,0.343132222485159,0.340536238545605,0.338854944091448,0.335081179438345,0.327831234712008,0.319849249659724,0.320143084362637,0.335863207717937,0.360916001679897
0.351984410575001,0.383614656041061,0.409627487653582,0.431097974091519,0.448868993726678,0.463589137331388,0.47578688142419,0.485896262369493,0.49423206015666,0.501056838965138,0.506576529865844,0.510989731563503,0.514511568121846,0.517305566108381,0.51947277540789,0.521085160576102,0.522130201795589,0.522570523726405,0.522356673741704,0.521448195571865,0.519782731935871,0.51726487758542,0.513771090019934,0.509153765704739,0.50327140078931,0.495973359016774,0.487094271125325,0.476529468234881,0.464189465896513,0.449958287390996,0.433651749146948,0.415009910446756,0.393753745091771,0.369803946925437,0.343898144907256,0.318986451466848,0.301530947517381,0.297535487702065,0.303617027361706,0.312072009029286,0.320912684915748,0.332445532295003,0.347670036441057,0.364453526556642,0.380117377573328,0.393082388535163,0.402690882717806,0.408770009193078,0.411381909817174,0.410746532120047,0.40728913096124,0.401804190355195,0.395905897153637,0.392477809039721,0.394443247056765,0.401682070137988,0.411503456072779,0.421626101800747,0.430905631042173,0.438835108735418,0.445161292639021,0.449724983733989,0.45238051056444,0.452967171045397,0.451335708811336,0.447349676320624,0.440860218112302,0.431752902811315,0.41995720140534,0.405542299455916,0.388873562786912,0.370894444535587,0.353449254969853,0.339257872584806,0.330962009939464,0.328982218523464,0.330857112648957,0.33307604605826,0.332878870760982,0.328701563922528,0.319872895119768,0.306194598116093,0.287703295343838,0.26548197807667,0.246712327419056,0.248208104749516,0.271491409793811,0.300947969641193,0.328216842515482,0.351287006444826,0.369974987887444,0.384504726595635,0.39519223374958,0.40238752588104,0.406461474169756,0.407779545670386,0.406694202207124,0.403518536620264,0.398489380853079,0.391710476250196,0.383092932500683,0.37230715310822,0.35880674059928,0.341891102235352,0.320905508634802,0.295896898116749,0.26984783471097,0.253462949172362,0.258237816575302,0.273471828418518,0.284611925974933,0.28714095466651,0.281745636705258,0.272963344100635,0.269203444143234,0.275213936476058,0.285068813040711,0.291421257335859,0.292133667989887,0.290296051034985,0.295856751907825,0.309461272302614,0.321984949446562,0.331257200802238,0.339088034451784,0.347193582178658,0.355121089610162,0.361389631542176,0.369431307305161,0.375783099533956,0.378930218338813,0.379034588230435,0.375967051918832,0.369195264334792,0.357819450117652,0.340563415116529,0.3158248205048,0.281600760276766,0.25104371590746,0.23423779708414,0.218052005614238,0.204329273313999,0.193447053407583,0.181242548533359,0.167205564110039,0.20083359343326,0.248727842955373,0.281067488138342,0.30229158265358,0.319370835207855,0.33748867217876,0.356969448774908,0.376078791794107,0.393421662509581,0.408562063357419,0.421387142872083,0.431765659216907,0.439498123268465,0.444379050440591,0.446284465396807,0.445040776327629,0.440481402500368,0.43256322146211,0.421320031132307,0.406900912927268,0.38969167074232,0.370532050617954,0.350901883375579,0.332701062958731,0.317182044184876,0.304974192964067,0.298702052853153,0.300437171828615,0.304725137301819,0.303837081680591,0.293280804742102,0.272465773553767,0.259793996581275,0.292642709992951,0.333762142548528
0.342425900296334,0.375102172791436,0.401599625392245,0.423298659405637,0.441152388026717,0.455873277728879,0.467982133965726,0.477907138892261,0.485997829129348,0.492519899134665,0.497691813295181,0.501740679090893,0.504892663303032,0.507329814937348,0.509169283235817,0.510509324142347,0.511374141094036,0.511711017461196,0.51146847714545,0.510588222826006,0.50897926086237,0.506514978040889,0.503041253871907,0.498384347917882,0.492355646494154,0.484772043974466,0.475464373594849,0.464346331995148,0.45133833322365,0.436299450221207,0.418949775284694,0.398776040456355,0.374951176716542,0.346318304111614,0.311615225211779,0.27116624438734,0.236333657259445,0.23635872067729,0.25637865896213,0.268294106621166,0.27493904363866,0.288780183382218,0.313098351037393,0.338922751363436,0.361118030764706,0.378480322921237,0.391099278826536,0.399392708432075,0.403844069309268,0.405009238741401,0.403604549799603,0.400616759947282,0.397407444604668,0.39561574261376,0.396555654157344,0.400448007245677,0.406485423619182,0.413565292380698,0.420792826468064,0.427532818887278,0.433318347785204,0.437777376109036,0.440580271803283,0.441411660910555,0.439994506461033,0.436024865695471,0.429201333079544,0.41921373241675,0.405748463182777,0.388569939404865,0.367609738865784,0.343418955026106,0.318076023190041,0.29682084272963,0.287610414816717,0.292997364902342,0.305880648658757,0.31838439539228,0.326570324034709,0.329175747680195,0.326113784474081,0.317852393386298,0.305503246103946,0.291537114683793,0.280733510030731,0.279049024529361,0.288491652629058,0.305554346176535,0.325454556001799,0.344810764371892,0.361768951598619,0.375470805635493,0.385647012596826,0.392352954243508,0.395804054683518,0.396314321756102,0.394266301053834,0.390117800315454,0.38436034998777,0.377433057726826,0.369591936954273,0.360797909263487,0.350731129181542,0.339003357767588,0.325536813539014,0.311103997291982,0.29799748354908,0.289789742147827,0.288085308809006,0.289237482846857,0.287076258909217,0.276736768149088,0.255231233557922,0.22376330234227,0.204064643048698,0.224382588423649,0.25065274464532,0.263411461131305,0.264233507789394,0.252234610676166,0.25853491484138,0.284768989816967,0.298991410264048,0.305039989871648,0.309777003524183,0.319292160883167,0.331138420336957,0.341111090412498,0.348784205038583,0.354029852180712,0.356661723897051,0.357013717445682,0.355136311497133,0.350473156013845,0.34187674626785,0.327889267329612,0.307256879402184,0.280252412981843,0.251530401807683,0.220403438205154,0.193072347484235,0.174105945839105,0.17057484731161,0.164525971210682,0.15440811443697,0.182140032677352,0.229779984322221,0.259352367381889,0.273583556699764,0.284055338423987,0.303987131473044,0.328538431674486,0.352085650185692,0.37227836760019,0.389640983940545,0.404500970136343,0.416693128476711,0.425877908033329,0.431757925341709,0.434166787346358,0.432929427914852,0.42782926960296,0.418710840522921,0.405408233442588,0.387784526857219,0.365831875730553,0.340053310598519,0.312397794087211,0.28725521899837,0.267937013491661,0.25024936276585,0.238556782486872,0.25427343407635,0.274388584892881,0.282502014261934,0.275940748081173,0.253614137698378,0.231638818521665,0.277378771477935,0.323218167501518
0.347491251554535,0.374620490658101,0.398009065603998,0.417760633998099,0.434286558973901,0.447998377189022,0.459281906521053,0.468477180142513,0.475888106866508,0.481756153273106,0.486308097462144,0.489766548417114,0.492367438644017,0.494311789143275,0.495744994155845,0.496782378619372,0.497484219692117,0.497803874177969,0.497675665849305,0.497015106760958,0.49568208531026,0.493502330091247,0.490273525194582,0.485779038150856,0.479797116758682,0.472098390654562,0.462535679003838,0.4510602132167,0.437661429127208,0.422308592433116,0.404825842765527,0.384694478017223,0.36084145805676,0.331450688356891,0.293619599303375,0.242186184720067,0.169318621802816,0.198029854588153,0.225679078599068,0.23001022553395,0.219691825917705,0.233912326634367,0.280602431847608,0.317818345218292,0.345762337345443,0.366259295714036,0.38072694839862,0.390243296800768,0.395670590299545,0.397771911954042,0.397373381588307,0.395433341816369,0.393015053610154,0.391217993038238,0.390933128890888,0.392593684302417,0.396113926663224,0.401048330900303,0.406818961845746,0.412826820335426,0.418493357637991,0.423282168412798,0.426684426414011,0.428242755932316,0.427519987774727,0.424066625044634,0.417435374180862,0.407131309991848,0.392603377191099,0.373179009917996,0.347999456316371,0.316154192745503,0.277303812882921,0.236306273810237,0.21957031782401,0.244611367280804,0.277688425608658,0.303160318735762,0.319534004373425,0.327690183951169,0.328698224282604,0.323651630101127,0.313962442658283,0.301790271383775,0.290416618702418,0.284169887407624,0.286620409942391,0.298033927411602,0.315064945030286,0.333413298246144,0.350067138893165,0.363559967471503,0.37338781544604,0.379504564176535,0.38206713485461,0.381335013044179,0.377704951427266,0.371784771828111,0.364435221520031,0.356676648054152,0.349352801359409,0.342701108371731,0.336334836027162,0.329738118343926,0.322777768413081,0.315891759350477,0.309951423834086,0.305643007308383,0.30245570261839,0.298119960602704,0.289120175045876,0.27134284690869,0.239201206986789,0.180993931706509,0.0448960548045536,0.184671989263339,0.233521286252525,0.252164404595456,0.259895200465983,0.260055796633515,0.266097950421883,0.280716323988897,0.286549187335473,0.281784027452294,0.274671497794767,0.290449077162194,0.308822204584956,0.320293323807794,0.326801406161826,0.329889144248342,0.330853945153562,0.331027143644987,0.331101043987216,0.330347861291018,0.326909199187563,0.318773056207792,0.304519354340551,0.283623929949722,0.256715630338076,0.228125275336101,0.209831729973756,0.202220661093085,0.205575940562385,0.200637985954082,0.184800569509005,0.202495660360245,0.235152646270152,0.254045871388996,0.263724872586076,0.27029056240979,0.27762726623558,0.30863354208614,0.332788660854687,0.352967067175751,0.371513212022563,0.388390440286531,0.402596175590723,0.413375980096257,0.420327798088651,0.423302349276592,0.422171844429447,0.416700598276277,0.406660187546011,0.391699321083855,0.37130110358195,0.344729092997804,0.311021962858236,0.269872565505576,0.228895765228155,0.214142508992694,0.205602634354468,0.17509748592724,0.225549275633699,0.260578985720125,0.277543818830556,0.28174952691623,0.279335646708322,0.283010258663005,0.303560067655518,0.332829319607878
0.357549019571462,0.377993005362861,0.396820347700589,0.413407019879856,0.427629854147952,0.439593667358077,0.449476168559768,0.457476612861838,0.46380946624349,0.468693495278998,0.472337323814346,0.474946900890532,0.476770414457858,0.478036223066848,0.478936294038432,0.479617219236748,0.4801739182664,0.480583321544626,0.480762902060765,0.480578173706633,0.479826439239035,0.478256288539318,0.47559627228304,0.471565975642663,0.465888915555095,0.458312836722737,0.448691413452229,0.437005375761771,0.42337326473454,0.408067133688016,0.391380263549544,0.373263589728199,0.352947921578486,0.329041049497348,0.300303072709181,0.267858239916633,0.241771195192623,0.23421744740033,0.229686184173489,0.212960573334155,0.200723901256395,0.228407453104843,0.274069518334688,0.310981365788597,0.338586232087268,0.358628627824013,0.372592711191184,0.38161520548784,0.386615456513444,0.388387573941556,0.387702307473947,0.38536277233493,0.382229850540243,0.379203503967944,0.377156561706685,0.376782092380989,0.378427076918631,0.38202432601266,0.38717641772261,0.393275811381067,0.399631085535011,0.405542769767939,0.410338185073862,0.413403680278226,0.414142117047389,0.41200332949041,0.406454816771597,0.396935496084673,0.382783014835376,0.363101778664945,0.33657314237133,0.301085364832429,0.252498490718021,0.180006441970694,0.108263207592709,0.209278400907131,0.262739505102298,0.296226646340038,0.316738406183869,0.327392095382158,0.329904738267774,0.325410254278659,0.314892245539455,0.299543294367094,0.281518001576714,0.265810705930522,0.261197525709458,0.27278156533045,0.293917507011906,0.31586066127179,0.334501959331004,0.348727267390843,0.358498196120268,0.364031657976521,0.365530496030375,0.363160018756198,0.357174873538705,0.348172733473134,0.337442967499334,0.327145674383666,0.319500226053549,0.315111594894317,0.312729322308586,0.310979361652153,0.309429332385227,0.308277301384576,0.307646212528324,0.307023192181015,0.305179205327727,0.300406447925461,0.29083260958736,0.274714941403989,0.250755014584072,0.220883728892973,0.204727541144496,0.225353056073767,0.253624580589477,0.27226965586148,0.282615288374402,0.288222131356934,0.292333531506647,0.295046294893095,0.292587658903596,0.284061851386503,0.279659185275885,0.286492538071958,0.296503452388395,0.302578682853732,0.30441117096962,0.302853476865094,0.299652608994918,0.298246368365957,0.301451926273584,0.307687959706635,0.312526126542388,0.312530081094072,0.305964023410982,0.291980683991293,0.270065242160153,0.250389818763396,0.245411071415346,0.242727348931487,0.247115315239463,0.248639437428094,0.246849447000899,0.252016730591769,0.261618999788737,0.264181070544098,0.272773930258222,0.285409886604822,0.295699859375515,0.308305833437527,0.320955756449273,0.335519815822338,0.354914249482682,0.374659212984401,0.391199607598658,0.403515202461181,0.411403695478313,0.414876008125511,0.413909198889001,0.408321574796456,0.397886536504524,0.382224950307163,0.360691845754253,0.332234560205452,0.295007454656092,0.245295598011958,0.175030903806995,0.182507201470917,0.209492709269691,0.222653648172836,0.243367255813071,0.26648921140144,0.283674722490593,0.294555201077263,0.302501428431869,0.312472020176175,0.327707432141995,0.347193305799751
0.364674625585597,0.38037414076694,0.395150794475506,0.408469024221676,0.42008705312104,0.429948381335305,0.438085556856416,0.44457674197911,0.449547223990935,0.453166805966818,0.455611564309994,0.457079063639256,0.457832409922178,0.458160575844634,0.458329783581341,0.458554006892897,0.458982848780502,0.459633372434744,0.460393999708905,0.461053944419624,0.461311839619583,0.460811865140535,0.459179990268347,0.456051477122402,0.451084017750508,0.443985775520095,0.434566770828219,0.42275348017333,0.408736286761945,0.393198798238709,0.37748895975663,0.362894461975651,0.349044708616973,0.334287781548816,0.31780362788617,0.300794637181386,0.285987991883169,0.274039942488447,0.260870747265989,0.245503290791242,0.246513702809666,0.267260738085296,0.294064299605716,0.319429905994631,0.340242332241322,0.355907385604196,0.366749126086802,0.373347537136514,0.376365969868843,0.376419861351098,0.374094088669486,0.369983569163126,0.364743443881074,0.359188558139362,0.354374592880925,0.351477997263309,0.351405860271807,0.354385998760352,0.359976101424606,0.367369282188227,0.375660083418975,0.383927489650083,0.391292167504083,0.396936175550107,0.400145660540745,0.400339299193413,0.397017666341771,0.389701772956447,0.377873511611727,0.360900635437239,0.338031635897393,0.308473499527268,0.272099236197831,0.234089842909999,0.219755442758097,0.245031799605275,0.278433512931107,0.304716352751234,0.32211690787833,0.331198111658476,0.332602839173373,0.326692402365912,0.313481783809165,0.292482743337834,0.262826168286335,0.225530929698528,0.201405316293889,0.227819802154984,0.265682898791062,0.295420386842801,0.316924748963798,0.331809911480401,0.341329527213728,0.346212436127775,0.346702208063075,0.342674936248033,0.333849340115328,0.320172366565412,0.302742402562947,0.285546185968761,0.275566487613327,0.274835342677239,0.277693161203556,0.280551290201261,0.28351918646026,0.287527747631711,0.292672222435938,0.297246404519953,0.29907382292419,0.296819440690457,0.289998415451265,0.279411922493147,0.268645658262151,0.261956667291851,0.262859818839997,0.272900624740489,0.287160413524505,0.299840024754632,0.308761746997399,0.314075038717906,0.316317670439119,0.315347437779122,0.310542333185944,0.302414902864692,0.294343642811753,0.293376166532168,0.294220052141472,0.291081104381262,0.28503945848976,0.276848965182996,0.263970428412817,0.255535862454489,0.264503604478129,0.284575120261313,0.301509785914634,0.311236989401909,0.313568637685469,0.309554560359805,0.301642383974237,0.294476634732068,0.291098752842683,0.290552023397201,0.292161496754842,0.294035891499551,0.295325240607219,0.297243810142573,0.299442674008535,0.301124308728615,0.305025380419185,0.310798586723884,0.315324215725486,0.317552250863526,0.316219063726761,0.316810411113862,0.344335122844439,0.367426842514843,0.385315442887268,0.398234639385062,0.406396962765947,0.409988563217587,0.409088035938254,0.403584713016409,0.39331916675538,0.378042897779301,0.357382887053288,0.330884129070322,0.298347558702485,0.261320965879232,0.228599005161375,0.217198848963971,0.223212266430872,0.235578997262025,0.25256361617609,0.271238729352008,0.288157281774777,0.302319747566611,0.314812747697828,0.327441007945468,0.341430185992095,0.356771430701447
0.366165654122471,0.37903420914553,0.390828337147015,0.401345122628075,0.410481670319849,0.418196870577317,0.424485648368218,0.429350459192704,0.43281678877087,0.434967989822393,0.435936216174904,0.435917207293709,0.435207666503624,0.434199409607046,0.433304837855073,0.432882440487552,0.433186815550933,0.434300132037489,0.43606435463764,0.438121408755023,0.440012903550875,0.441227753860918,0.4412628292603,0.439662034712789,0.436022817262943,0.430000062679098,0.421306011778758,0.409708058321244,0.395121190362434,0.378046703978935,0.361215918984443,0.350943139691736,0.346472555128955,0.341843346774977,0.335317835698846,0.327409892409407,0.31906755066658,0.310742943103005,0.302732093665505,0.297239125270822,0.298445675959686,0.307371690496992,0.320691143990871,0.334696019426016,0.346939071060592,0.356203392854093,0.362117449477654,0.364741156637327,0.36437887523785,0.361431495748298,0.356262021528048,0.349177214249741,0.340474475407675,0.330705642642164,0.321173515338025,0.314156786407887,0.311983144817532,0.315287744753456,0.322917244133504,0.333414683706115,0.3455460332656,0.358043644081715,0.36963190953543,0.379225612794476,0.386058179644817,0.389632904903367,0.389609199818683,0.385745366236912,0.377856884319466,0.365845412536913,0.349867050706556,0.330691511577668,0.310539910117458,0.294350918749218,0.288913532691298,0.296238355211348,0.310461754776125,0.324703307080557,0.335141125087156,0.340175316105111,0.339126709966841,0.331518164898387,0.316690142116067,0.293321023013647,0.258898351900266,0.208567485945715,0.153095309198566,0.204982125682496,0.250720329371311,0.280752141177667,0.30068248424744,0.313763004286085,0.32187135505177,0.325926128367956,0.325993727975591,0.321375673413366,0.310797138501811,0.292632891749106,0.265168233715093,0.229045979446506,0.208547886835193,0.221566824808135,0.23144579513015,0.237017584342436,0.243503232979211,0.252494554693004,0.2670797257041,0.280292478553104,0.287477845345258,0.288914442062025,0.285819209462805,0.278155669258005,0.275344007282543,0.28502260479738,0.294650443549805,0.30517735641978,0.315954700031205,0.325491917155893,0.332686294857108,0.337057583571456,0.338444693629202,0.336686936596782,0.331653264368413,0.323430244524706,0.313249816271559,0.309307150299936,0.306740708113775,0.299155570051123,0.286270036032013,0.274488988958727,0.2564074316871,0.234601333486435,0.245825656453411,0.276999372893204,0.302620902763095,0.318755064551499,0.327557102396194,0.331006324599979,0.33124667604567,0.330468057181095,0.330170759692284,0.330770332424645,0.332018737742371,0.333404618595996,0.334602903425622,0.33561399663814,0.336460661250792,0.337274692098685,0.338344802078841,0.339326644017425,0.339212714076716,0.337289112296935,0.334568577399328,0.3380219953475,0.353600203491147,0.371999651048436,0.38755826158275,0.399054796783266,0.406304033772297,0.409342480677511,0.408201914872306,0.402792070602576,0.3929984800355,0.378708018499356,0.359803484702371,0.336280672059679,0.30853900830495,0.277983022993787,0.247570040887428,0.221528772610758,0.207281646530215,0.215268390490565,0.23832896148765,0.262142902064444,0.282611650613348,0.300263242883444,0.316163355550922,0.331096927809286,0.345497799872948,0.359437717144696
0.362050561364726,0.373238667747094,0.382817409047502,0.390961068494531,0.397827527124563,0.403520595678716,0.408058518046139,0.411374347243412,0.413363042440692,0.413958148709723,0.41320542829693,0.41127822283582,0.408531408902491,0.405528833475521,0.402955688791423,0.401490877163738,0.401635399410413,0.403572503526885,0.407029265912739,0.411369648256518,0.41582388768932,0.419646736934706,0.422195104480866,0.422943741261596,0.421467280120383,0.417431639526708,0.410535424643523,0.400472617463031,0.386902455185757,0.369409895422095,0.347517197046324,0.342672771911491,0.349631779113591,0.35255515157566,0.35234698376561,0.349953861094613,0.346227095482279,0.341910787566399,0.337890030512422,0.33540010050942,0.335649565236719,0.33888768622918,0.344117636353877,0.349761569267536,0.354404457011949,0.357073281825204,0.357248924727528,0.35479192737652,0.349864264087168,0.342797843076392,0.333898234919477,0.323184224475832,0.310197692114844,0.294330102976567,0.276155409403307,0.260021980855504,0.254093652154608,0.26035030876846,0.272976765574662,0.289374530823687,0.308579832003071,0.328333782157122,0.346400515181861,0.361454682119824,0.372922326369373,0.380606545967334,0.384499545904788,0.3846919818106,0.381365113253454,0.374842983665773,0.365756442473124,0.355208557540821,0.344947690789137,0.337309695425614,0.334351012948902,0.336428069408349,0.341812062148815,0.347841624880232,0.352177883467264,0.353229506289055,0.349975494854857,0.341737973208618,0.328000720990046,0.308373917609541,0.283331123777302,0.256686968482369,0.24042714648258,0.24522188667047,0.260745534016563,0.275363807618471,0.286079338283216,0.29338523388278,0.298336095921244,0.301626893177162,0.302932671880706,0.300589704560339,0.292266853394586,0.275553507489194,0.247724569827417,0.206336637597979,0.175387569166666,0.180556047216853,0.177814605933447,0.186672024996238,0.203602751775378,0.204582833246694,0.244262622694801,0.266849831836374,0.276816176826418,0.279569559259975,0.283905395228296,0.28712768026785,0.292479767307821,0.303432549150984,0.315986277807265,0.327917250780927,0.338446745049071,0.347115792308574,0.353570382194966,0.3575725997868,0.358996094714681,0.357810443969348,0.354180839230259,0.348629934650283,0.342353007143572,0.336637581567639,0.330776194654045,0.323172245433717,0.313612661998186,0.302854151779212,0.291696636274732,0.284232851878418,0.289035682308177,0.304576427867311,0.322242882396786,0.336747612664231,0.347046720116459,0.353695255795525,0.357749072940502,0.360292694618711,0.362166724852478,0.363823408109362,0.36537510070963,0.366736385885564,0.36779625979555,0.368509156395693,0.368884349359495,0.368947495119537,0.368666290010721,0.367854130996525,0.366241501334581,0.363817263042503,0.361297192515104,0.361866730190716,0.373670333478628,0.386284091909785,0.397417232658965,0.405891177480112,0.411146478514149,0.412953471437341,0.411197472637223,0.405728269463556,0.396404548759087,0.38313914564214,0.365832930872552,0.3443825853035,0.318606482937572,0.287946293088176,0.250583677270922,0.201310544367518,0.130659085713594,0.150851678754195,0.206935281958251,0.240520793617455,0.265372558521843,0.287379293883348,0.307625981368395,0.325836052978399,0.341866496895371,0.355814667280995
0.353879201847807,0.363575990040978,0.371009505005005,0.376773053898309,0.381386488951234,0.385189007681598,0.38823861049439,0.390331019482007,0.391118975170408,0.390274308423734,0.387638467874619,0.383298499701987,0.377643375587094,0.371472417595607,0.365981919589164,0.362571088712239,0.362406373854197,0.365864558946227,0.372304742687702,0.380430142373373,0.388852443448466,0.396476344768774,0.402533844678779,0.406512821790892,0.40808718204336,0.407058417651964,0.403314046985663,0.396839125037127,0.387834744224565,0.377154714226356,0.367594833238832,0.364054341777403,0.365999426938747,0.368749437239428,0.370254788888495,0.370240386671755,0.369001814746022,0.367008563086586,0.36483882655874,0.363059406783289,0.362063265808613,0.361870711533548,0.362043790235677,0.361823311913771,0.36038316080533,0.35702723022164,0.351263276633362,0.342904825213224,0.332137594049671,0.319584282399232,0.306115355304329,0.292168782461637,0.276560090210736,0.255821930588035,0.224897205069639,0.180982884863806,0.160114754926101,0.186192715489342,0.205314619694856,0.232002970722045,0.266169501738279,0.298263244987246,0.325073841496677,0.346380288939756,0.362627856466733,0.374330102755946,0.381964071110677,0.385967682544885,0.386793826183226,0.384979541804995,0.381233455926746,0.376450914334064,0.371689127055518,0.368036324163309,0.366246396487624,0.366389513581842,0.367802186976729,0.36935715604463,0.369839737455764,0.368218540287928,0.363713331020744,0.355851755092252,0.344454459207714,0.329792681520405,0.313044509231326,0.296691639686544,0.284039699530391,0.276761658037803,0.273115493828592,0.270331174134721,0.26769341059658,0.266171361179357,0.266201079810676,0.269171516283221,0.275399359725087,0.280093445875348,0.279069895803956,0.270781085071226,0.255250694731564,0.23421721657713,0.210112217017309,0.180907026820389,0.141827906944317,0.186336664497091,0.216793709235911,0.236174602934353,0.2556559960763,0.271340969071069,0.2797908231594,0.283853537922132,0.292138030909019,0.299723918662827,0.305929052600932,0.31836327804865,0.333197439159544,0.346210684231022,0.357037307493889,0.365636085937124,0.371997735481639,0.376116277731329,0.378034595514637,0.377862853847503,0.375844465901196,0.372368781059106,0.367925735984829,0.362878439163608,0.357213027901109,0.350784505420025,0.343762828329452,0.336804532908318,0.331190801251701,0.328998513725567,0.332066274926615,0.340028946751685,0.350455488362632,0.360841450396356,0.369768100655065,0.37680893325371,0.382132827842448,0.386128745515482,0.389185497303862,0.391603355412902,0.39355131179993,0.39508675789684,0.396206705278901,0.396895417208247,0.397151581098601,0.396977808130044,0.396366674803572,0.395311040969591,0.393886240830835,0.392422804781306,0.391807644714611,0.393668777502085,0.398821636242548,0.405619923916637,0.412139858037271,0.417172319136057,0.420001401024141,0.420223521723927,0.417599290096575,0.411914459640823,0.402969288760306,0.390644871919774,0.37480571570071,0.355233860071972,0.331509322654738,0.302792652612967,0.267539337411537,0.224022200267098,0.179318039089511,0.173901473638462,0.194090777650578,0.211291237728296,0.235058738127775,0.264797851967136,0.292484685854231,0.315422876632695,0.333698797066581,0.348002581761805
0.344339001431457,0.351608173418664,0.356034567617126,0.358631794040831,0.360472827427761,0.362383928120463,0.364491055949453,0.36616961722254,0.366496905446618,0.364684449062451,0.360237535143484,0.353004768188851,0.343234240861657,0.331818192477309,0.32068222271636,0.312962051187387,0.311948860816014,0.318659454516907,0.330958987717459,0.345571057865004,0.359976510316989,0.37274023997547,0.383189389088664,0.391054998487923,0.396278022931676,0.398911314104426,0.399108206098873,0.397170728168555,0.393655718550885,0.389533863921575,0.386189788640257,0.384799340081919,0.385335250333829,0.386727356927744,0.387931738909613,0.388399447881165,0.388016883907188,0.386904178992881,0.385274933107957,0.383314350432122,0.38108839012031,0.378518137558,0.375298276521925,0.370927742174513,0.364806324552401,0.356321336314894,0.344899618061865,0.330119752913734,0.311895727964335,0.290981794109631,0.269935421138228,0.25318998747312,0.241958348673816,0.229305230414187,0.205721257018663,0.164963772457797,0.13828312609401,0.139785206387709,0.0718696979716231,0.170715751251055,0.235457337198387,0.280085051693284,0.31327719681819,0.338557067401278,0.357783615667751,0.372115191868517,0.382355945504232,0.389141645303131,0.393038295915632,0.394617479677977,0.394489502035611,0.393296069157599,0.391665979927756,0.390158104826533,0.389117186774705,0.388566524945227,0.388224586974332,0.387587509632874,0.38605605808774,0.38304823737749,0.378090143064733,0.370909441411038,0.361437188980409,0.349894665872493,0.336874614929283,0.323177332211545,0.309387890406681,0.295258573344255,0.279441571665467,0.26026194143723,0.239473898756545,0.229377345632332,0.22438725324566,0.221790939606786,0.245266389125356,0.261302310242056,0.268346008500029,0.268487529529661,0.263488859272405,0.254820412378659,0.243809889901795,0.232843217154786,0.228747421658106,0.237557975703784,0.252065764108279,0.265497467752875,0.276861475148378,0.286233669841424,0.294027271551875,0.301472681143747,0.3094590501323,0.3174513312546,0.325761693941223,0.337686996125997,0.351346012259237,0.363702206727791,0.374106794456807,0.382461173620731,0.388780640582568,0.393137124774952,0.395620686154428,0.396361420006326,0.395565315770878,0.393488824512768,0.390386222535038,0.386466814625962,0.381890470800566,0.376849036123429,0.371703572203427,0.367074489466168,0.363862922487858,0.363098207047019,0.365449883198905,0.370690134912494,0.377800588153085,0.385520474762825,0.392882693781946,0.399356786835992,0.404772307480211,0.409187786574749,0.412740720051923,0.415578525621867,0.417820469499394,0.419543157171376,0.420790486040999,0.421587746038394,0.421944299087413,0.42188472084399,0.421451347840679,0.420723407512668,0.419883007093354,0.419245022168317,0.419265969537849,0.420404743585549,0.422739530355962,0.425783859970978,0.428733265160452,0.430813770253131,0.431410586155542,0.430108621221112,0.426624590836909,0.420719273162259,0.412169732396194,0.400863566517044,0.386692006295068,0.36952555805714,0.349211025841813,0.325650545554678,0.299124142428947,0.27108977148256,0.244936603790337,0.222726347886052,0.197375902713257,0.154057515945576,0.194149702565922,0.245508473250281,0.281333004015795,0.307235600199175,0.326023519128154,0.339357686081745
0.336702931234791,0.339793227165354,0.339452320923595,0.33685195515181,0.334101595299607,0.333811629993309,0.336428941034104,0.339587207896806,0.340907659510431,0.339060648894865,0.333336041711702,0.323256476597381,0.308481641823582,0.289027348219676,0.266350681160553,0.246493977873358,0.242268872553488,0.258669319706114,0.28429156703989,0.309798215369948,0.332116222684581,0.350698290909607,0.365696765160117,0.377436700329833,0.386251445242413,0.392469437001373,0.396441004355322,0.398582471002272,0.39942079794828,0.399584231577705,0.399705471108687,0.400220941851714,0.40119486881397,0.402359012398513,0.403319386484878,0.403752536973349,0.40350312441283,0.402538205663214,0.400858007265242,0.398452250640217,0.395228744068719,0.391037104103137,0.385598633542767,0.378502722866144,0.36922510523195,0.357126007045738,0.341460210350851,0.321320665042962,0.29555823257992,0.262784666694314,0.222653196058971,0.191118929520509,0.20350994531687,0.219745811192112,0.224232608518366,0.220070426776712,0.212343599815593,0.201550092396029,0.195670558823913,0.217727852581866,0.254614998238593,0.289246142379871,0.318157615422922,0.341560167293744,0.360190692882354,0.374742116976545,0.385807838995231,0.393908038620442,0.399520611772923,0.403112441472959,0.405142277630495,0.406041255624606,0.406201440331264,0.405943892474807,0.405453185666438,0.404751996821353,0.403729921310023,0.40217141169071,0.399777523955592,0.396239074544729,0.391284506166546,0.384725768673945,0.37647707289079,0.366571478494243,0.355137932673233,0.342239957649754,0.32767663167676,0.310768110735022,0.290213309479708,0.264167248026935,0.232565775879065,0.221414329667707,0.224871175643302,0.228217133530518,0.239619536842328,0.250146079506509,0.256496827607699,0.259998194537462,0.262049924740273,0.263298339614497,0.264152465354017,0.265526984478774,0.268830042946795,0.274650393579891,0.281775817210644,0.288369470141449,0.293457953585188,0.297660480942832,0.303703770659979,0.313451326237143,0.324936119506052,0.336412336056176,0.347721879455234,0.359220991384168,0.370660799850006,0.38131811157065,0.390650651335566,0.398405540462617,0.404506157354788,0.408969419147137,0.411869393076209,0.413304958106339,0.41341250700423,0.412361494122525,0.410315305481647,0.407441047139545,0.403919372289608,0.399949526183418,0.395827888946142,0.392002622762242,0.389179401005159,0.388398692448813,0.390570771295469,0.39535425148871,0.401568288450331,0.40822946217048,0.414684413959344,0.420565665392041,0.425702425054146,0.430074856192669,0.433722161106753,0.436702071697203,0.439084091066156,0.44093150389532,0.442294918320288,0.443215914061434,0.443733108558446,0.443889341865902,0.443742492885208,0.443387607055809,0.442960556637644,0.442635558764732,0.442588183181072,0.442942436085844,0.443664106557608,0.444523467238651,0.445150176926231,0.445118617882143,0.444018275132435,0.441517775344363,0.4373806280532,0.431403447317877,0.423386353637514,0.413228324100335,0.400885467198312,0.38635802493964,0.369721196208685,0.351189670799889,0.331197324241816,0.310397514641205,0.289322608209153,0.267724134199647,0.245477451153638,0.230019651713479,0.239206895971218,0.264714716685897,0.289719057495887,0.309639940967533,0.324135617855825,0.333651137138558
0.333894058282059,0.331820557523268,0.325612909026917,0.315252123719743,0.302087433069917,0.297594342888883,0.30671207938552,0.314395652500225,0.317746294554539,0.316485137288632,0.310417158339017,0.299035000545883,0.281323292093142,0.255450371243262,0.217989384057378,0.161685151252759,0.128712767113157,0.197898771509505,0.246916263095553,0.283131002756645,0.311295177654525,0.333769405358675,0.351881139105055,0.366448937686517,0.378051360078846,0.387145132332077,0.394134665287585,0.399413827480922,0.403378287484973,0.406418393568488,0.408875906176481,0.410981429820579,0.412819119374402,0.414338774235119,0.415407583966863,0.415886078132429,0.415659487406335,0.414674547959295,0.41285598270064,0.410109783739052,0.40628829401815,0.401219281170679,0.39466708083606,0.386310224874212,0.375725182100274,0.362369793072095,0.345604208090112,0.324636710915582,0.29844372894125,0.265829619615413,0.226917567137648,0.19852182820442,0.215400267451363,0.23893025657307,0.253520713827004,0.260648490616528,0.263242505679903,0.264548952851745,0.268861842063731,0.27981812709078,0.29689891429828,0.31665374612734,0.336109758902062,0.353718139918271,0.368889123678874,0.381515228789572,0.391716472912137,0.399716461184861,0.405776676154201,0.410187356090973,0.413244797305483,0.415213918443196,0.416335771402259,0.41679801141648,0.416709174279743,0.41610178664031,0.414947481703414,0.41314559416433,0.410549601306467,0.406990390364301,0.40229529806871,0.396320905717346,0.388957127147646,0.380154403149273,0.369873198992507,0.35802221746776,0.344426801599458,0.328856694923573,0.311240644472972,0.292294513302296,0.274566537534284,0.261584668119539,0.253256545952854,0.246905311188037,0.241063619448055,0.235401428245513,0.23191992367649,0.234308217516052,0.243226803434034,0.255355597328731,0.267464055685183,0.278237640140813,0.287551258187594,0.295481835245119,0.30179541445108,0.305953847077295,0.307323337802456,0.305335415882386,0.304531841305143,0.323611398797353,0.339897150642923,0.354000047693844,0.366586937713444,0.378087730318063,0.38863884416556,0.398171989084047,0.406550890908507,0.413662143397975,0.419446081956787,0.423893209713404,0.427041625808569,0.428962193344251,0.429740978561779,0.429493450500239,0.4283383664521,0.426390807918719,0.423779050007662,0.420632823202123,0.417096756389267,0.413334820848821,0.409544622551593,0.406500171599446,0.409609749012176,0.416085938697622,0.422673264427302,0.42900028328855,0.434907349652238,0.440267985839598,0.445014971819883,0.44912551835,0.452626187293276,0.455545430324235,0.45791860532336,0.459790662593573,0.461206004413444,0.462209404048698,0.462849789425901,0.463175635015634,0.463242347641898,0.463113794558049,0.462856124302799,0.462548027669067,0.462248446893809,0.461979004645341,0.461693110602036,0.461252653631267,0.460462956955821,0.459084565303716,0.456868737964073,0.453589981699571,0.449082700097412,0.443206361138665,0.435806424032884,0.426821481351363,0.416250962114314,0.404162165934991,0.390700016927103,0.376097559994147,0.360681793045821,0.344862615887915,0.329135211646705,0.314271006372166,0.3018902379138,0.294875760058827,0.2956072283492,0.302931942667314,0.313047604926186,0.322608218518026,0.329709510869717,0.333439178622871
0.337207804185298,0.33150676096199,0.322529991483674,0.310347342581433,0.296828183004664,0.290762116986086,0.29519445468848,0.2998128272819,0.301241480401326,0.299041964463242,0.293155316811322,0.283255959675987,0.268609242828854,0.248412344386068,0.222757226510797,0.196768257239978,0.190587076950831,0.214402282651635,0.24657266752175,0.276236500416748,0.30184955989406,0.323724034381242,0.342342800610528,0.358113574788419,0.371370306374068,0.382422473721591,0.391565229891806,0.399083115646956,0.405248864158605,0.410311075856074,0.414473934518868,0.417888139066343,0.420639582739528,0.422746264996798,0.424185200871403,0.424905265046805,0.42485049473576,0.423966417088615,0.422184464568042,0.419399165267396,0.415487225647339,0.410307576423207,0.403707220315341,0.395488431531797,0.385413334058587,0.373229730941866,0.358725296178188,0.341851233649101,0.322950078152518,0.303322657111616,0.286195308119487,0.276686872652152,0.277361849151733,0.284401050935931,0.292550490534283,0.299324174497477,0.304597906854841,0.30943562091173,0.315266905608646,0.323179554393035,0.333352975303363,0.345120782992863,0.357467749353304,0.369484803130672,0.380550886629577,0.390328365410409,0.398682433548184,0.405608201017492,0.411182864464168,0.415535906724532,0.418813598987866,0.421152678076533,0.42268783812461,0.423520168961788,0.423720173839157,0.42332083424026,0.422304049222836,0.420624906787965,0.418201630017819,0.414934486845621,0.410694374796462,0.40537637694333,0.398881463094059,0.391151593938593,0.382131411851113,0.371768384698913,0.360028702046314,0.346951042082144,0.332735204036482,0.317822863234171,0.302797757844157,0.287907257839581,0.272472542838551,0.25481822330634,0.23263098265869,0.203732494619841,0.172275479886,0.170087543784487,0.202238002688638,0.235278943506418,0.261487791511319,0.281657690095186,0.297155120232237,0.308984185107315,0.317775146004004,0.323954985331627,0.328094934343605,0.331634539126464,0.337798624964921,0.348522521993535,0.361240667143537,0.373744375102594,0.38536058105025,0.395969857431833,0.405575989875215,0.414182057735302,0.421762204241152,0.428282670630333,0.433720326847327,0.438071293658027,0.441352070749122,0.443604017176103,0.44489396559783,0.445312263534312,0.444949396905658,0.443893393759337,0.442244520158143,0.440114176762686,0.437623302961239,0.434956993431912,0.432492645773257,0.431355506251296,0.433552721975456,0.438288168383447,0.443675837165898,0.449016619250398,0.454064422292309,0.458716119540997,0.462894552276093,0.466570774739775,0.46974368831727,0.472437891071725,0.474669275576606,0.47646461256715,0.477857504976431,0.478883510942349,0.479579332553229,0.479983029132463,0.480133914345851,0.480070883916667,0.479828350165456,0.479429151388143,0.478872526769124,0.478144790314044,0.477209001434714,0.475976430714239,0.474333999762487,0.472146066855231,0.469272272223909,0.465588558637461,0.460984396922205,0.455365289600242,0.448625744889837,0.440739594292923,0.431742332428555,0.421720797634704,0.410820280222702,0.399247231485212,0.387277409520915,0.375271156786647,0.363705418255213,0.353228342648528,0.344673956299906,0.338883373186769,0.336252788081366,0.336349369406792,0.337994977014369,0.33975550239584,0.340373521282118,0.338917755896291
0.344804226988512,0.337417073234084,0.328472743238372,0.318634324767862,0.309277552587191,0.301986419148042,0.297058904263849,0.293133570832173,0.288679681866275,0.283115781948236,0.277000414899027,0.270450009227383,0.262072900733572,0.251418507518643,0.240369845565537,0.232972543084812,0.23329249539226,0.242449236064854,0.258262020444235,0.277522139828301,0.297676302720354,0.31712894353225,0.335064796826101,0.351161641046598,0.365357008903723,0.377713371873608,0.38836023109725,0.397464882603062,0.405200576241568,0.41172906274983,0.417190402882794,0.421693868757941,0.425312423645137,0.428095212111034,0.430060431733617,0.431202591138396,0.431510082834171,0.430942208173131,0.429467227591102,0.427014462328264,0.423509818938628,0.418879276381968,0.413053779460496,0.405972172717349,0.397584383992156,0.3878995977865,0.377041205555728,0.365321911090372,0.35338470958304,0.342271940163796,0.333358296107865,0.327894303676826,0.326273679082146,0.327747980104051,0.330994632842734,0.334932948025854,0.33908268722074,0.343481444125942,0.348427785666287,0.354196802547995,0.36087919855097,0.368321993674893,0.376190653916037,0.384091997769522,0.391676996199293,0.398685695586254,0.404950800497247,0.410384538391936,0.414964363115971,0.418719720218401,0.421693244797327,0.423942695425205,0.425528085065135,0.426509179787958,0.426921973747366,0.426768271222442,0.426033483827848,0.424684612687127,0.422668851908588,0.419905020622646,0.41630842084881,0.411780696494223,0.406256559141635,0.399687353356826,0.392031974624276,0.38326352619646,0.373376023196237,0.362385940939973,0.35032893069723,0.337218038753719,0.322941218763088,0.307094255971653,0.288825263661622,0.266711727026955,0.238669548962444,0.202097974042403,0.158083440294679,0.147671112462973,0.192719864742559,0.233686207557948,0.265085284438547,0.289236432329381,0.308000596036453,0.322670974683144,0.334201113972764,0.343413614820214,0.351172508363537,0.358486251594852,0.366340553254151,0.375218947294979,0.384897897496865,0.394805294870886,0.404450928808749,0.41354228225634,0.421934352301887,0.429550350736611,0.436343728562366,0.442284169257522,0.447354516243107,0.451550913515179,0.45488324862388,0.457380277819116,0.459088331340211,0.460086482483328,0.460453971955927,0.46027322685714,0.459644679517536,0.458701708695875,0.457613691823607,0.456629853229656,0.456123365978248,0.456551917436284,0.45823403798439,0.461062823698088,0.464622383326619,0.468490006461237,0.472370678026749,0.476082350869106,0.479522984559362,0.482620734018598,0.485345453373855,0.487693200085594,0.489677944400029,0.491305008103424,0.492586942133264,0.493545010904859,0.494202684848171,0.494583511199336,0.49470960286006,0.494599422168965,0.494264592776436,0.493705753470786,0.492908290902492,0.491851248345645,0.490503853735291,0.488802608837597,0.486679139080766,0.484065718612367,0.480881631538003,0.477061578326896,0.472549800438196,0.467290120180455,0.461213369397062,0.454315885724835,0.446646097302747,0.438286096155355,0.429359026237856,0.420033209542874,0.410521784023936,0.401086035312721,0.39203577310807,0.383716746103677,0.376466920514002,0.370523298715944,0.365919681614674,0.36240634723659,0.35947685325828,0.356489354920232,0.352795888072732,0.347853639658794
0.353127364866865,0.344180146758034,0.334252059952034,0.323658438201344,0.312882512503521,0.302412199856862,0.292517678518798,0.283122600517159,0.273798638554736,0.263739886030275,0.254618203832125,0.255262418053037,0.251944179556701,0.244573608724157,0.234368887936028,0.23019842733692,0.233413807098666,0.239755124890585,0.251361846847742,0.268923236570954,0.288922685132745,0.308703668722696,0.327210844508011,0.34407184264638,0.359196077920824,0.372616037682419,0.38441940731156,0.394711485590083,0.403612275556481,0.411242063824272,0.417709480596874,0.42310757565772,0.427515638916644,0.430988669427139,0.433560326475127,0.435258585746132,0.436093922428985,0.436054528442744,0.435127731132774,0.433297386432514,0.430551049397115,0.426878606627663,0.422275962199355,0.416768827484643,0.410418017070133,0.403348404168991,0.395766843594465,0.387986006392104,0.380426745679642,0.373618605583745,0.368095101579009,0.364251482739588,0.3622086397976,0.361793464537325,0.362644608838627,0.364382294998415,0.366723753286925,0.369532144939265,0.372791197953974,0.376523203439455,0.380715921885013,0.385297857435629,0.390140385070887,0.395077938889332,0.399942128570594,0.404583328961582,0.408881931353232,0.412750974300189,0.416144602355819,0.419046484531569,0.421449796745483,0.42337348678461,0.424844736088419,0.425876649339865,0.426467003283449,0.426602946592848,0.426255745476228,0.425391744019819,0.423954377347269,0.42188284574792,0.419094946957747,0.415513739909319,0.411092783634124,0.405791736858391,0.399577928886485,0.392421064347824,0.38429208162021,0.375156658630994,0.364959784038708,0.353602738245003,0.340907952542492,0.326604601836522,0.310344197783376,0.291814671265864,0.271072818173067,0.249289152286816,0.229980727682505,0.225550967639539,0.243585682522684,0.266500625887278,0.288941131594057,0.308941518193886,0.326086799212456,0.340571324689762,0.352811733031622,0.363312958882701,0.372604794211344,0.381199452246848,0.389530874367424,0.397855627829023,0.406220911441497,0.41452471506921,0.422604257972028,0.430311957004952,0.437533600621434,0.444187412008476,0.450217600660931,0.455587890060788,0.460277309382361,0.464281223518952,0.467611171619517,0.470289134155827,0.472348293231733,0.473841913594067,0.474846452783553,0.475443335273482,0.475725163283174,0.475814562807131,0.475857819771499,0.476023219402495,0.47650227267371,0.477465814218125,0.479005153726847,0.481094614825421,0.483606176382406,0.486376158535176,0.48924579105811,0.492081747849838,0.494780829865066,0.497279631712096,0.499520850354842,0.501474911958466,0.503135936706978,0.504512203767472,0.505602633146393,0.506410653017731,0.506945835867671,0.507218922769731,0.507238725264259,0.507010305818714,0.506532921484805,0.505797839539206,0.504786926009763,0.503481812763916,0.50186242118556,0.499898500637636,0.497544397660105,0.494757349290525,0.491488526255071,0.487705174892,0.483391383244152,0.478528556207318,0.473073405415283,0.467019295289453,0.460411889755915,0.45332052085238,0.445836845065019,0.438076849910557,0.430181260901508,0.422307620322961,0.414620565063902,0.407272929945782,0.40038058469003,0.393996689156759,0.388074841320086,0.382455037232486,0.376877245620065,0.371016529359615,0.36454288973617,0.357184143646127
0.360455535413496,0.349572711583576,0.33750307709951,0.324238528228271,0.309880377773596,0.2947397935919,0.279547299437548,0.265594960274753,0.254394201152307,0.247611943106345,0.245768836606506,0.245403242605449,0.24281391731259,0.236551910341318,0.227599778458496,0.219340600686715,0.216563028195232,0.218656828356001,0.228931453790327,0.252638934226217,0.276689360258684,0.298900657754244,0.319019316327441,0.337080384803012,0.35320111158523,0.367523212212829,0.380190001981682,0.391333337801726,0.401073711238229,0.409512518393092,0.416749551783945,0.422875177938454,0.4279629362738,0.432074332723922,0.435258221383191,0.437561570603081,0.439007655605014,0.439610102633887,0.439381483753702,0.438334197288067,0.43650519158963,0.433922298907237,0.430623849415881,0.426665512421747,0.422147644722745,0.417206389611763,0.41201449912477,0.406782352263703,0.401753444663217,0.39717270854744,0.39326864295796,0.390211180899371,0.388071348435135,0.386826651970157,0.386377902911998,0.386583368652456,0.387309426779246,0.388453873978501,0.389949963576602,0.391766470709926,0.393870609807282,0.396219289378639,0.398748607398696,0.401388815705772,0.404062348433628,0.406693330373552,0.409216652840724,0.411578478101811,0.413748845666655,0.415706662686076,0.417449889890593,0.418979165029352,0.420286921974738,0.421359904404588,0.422175428770083,0.422697422346487,0.422879159687855,0.422663364423184,0.42199358461865,0.420803683170544,0.41901091444877,0.416562575965827,0.413418574899382,0.409541662201563,0.404897691221085,0.399455451169004,0.393183944977692,0.386050961850347,0.378021424704352,0.369053713018629,0.359114652179791,0.348202724457762,0.336402625727161,0.323990977185642,0.311604510576304,0.300472944308592,0.292694677282181,0.291479725844229,0.298508834798141,0.310305004153934,0.323894023202053,0.337654811454338,0.350743187429067,0.36280388156561,0.373771370994652,0.383735267232928,0.392873439740138,0.401395113449592,0.409480152531916,0.417256432734677,0.42478192793661,0.432057464087243,0.439049009478639,0.445706059711081,0.451973888822972,0.457802961915612,0.46315319300647,0.467997229282798,0.472322529841751,0.476125723171099,0.479413609987998,0.48220294378636,0.484520202487949,0.486406372873337,0.487918578573071,0.489119526392145,0.490088477250911,0.490917586055954,0.491705807603118,0.492549714213402,0.493539535949623,0.494752505348391,0.496229343564715,0.497966608562559,0.499916631517446,0.502006018798759,0.504162494241747,0.506312903124776,0.508389798275802,0.510335331703105,0.512105306170933,0.513668596661624,0.514999965936188,0.516088214902326,0.516938264745623,0.51754652023769,0.51790911128912,0.518024790803949,0.517893680937053,0.517513228595739,0.516878077099841,0.51597768246636,0.514798371323284,0.513330002378875,0.511556354228618,0.509456816448536,0.507002950678857,0.504167236056932,0.500929034413075,0.497277401741761,0.493211547655216,0.488730394222661,0.483810001524549,0.4784413808896,0.472652760436932,0.46649009440722,0.460014867460026,0.453297577792691,0.446414886190518,0.439445421370645,0.432458835178026,0.425512935473439,0.418636931828063,0.411818585732286,0.404995206786199,0.398051100024271,0.390823373660128,0.383118220485795,0.374729248132193,0.365460186465398
0.367850261412195,0.355475214136728,0.341594528216088,0.325916433360077,0.308075009929739,0.287616407549432,0.264160484841837,0.239964002514592,0.230656770446002,0.229789493279954,0.235853419017726,0.238875462101467,0.236448380553952,0.228448383192195,0.214958683045643,0.196935427965491,0.18155150431894,0.187610945321006,0.215510996349877,0.243716436386596,0.269573433327081,0.29288224918472,0.313740992134631,0.332357159744,0.348944286908795,0.363695368209353,0.376779303943994,0.388344002600154,0.398518823075627,0.407421317191173,0.415146050576634,0.421773364457442,0.427370466132422,0.431996582875491,0.435714721981942,0.438571855263526,0.440604358607588,0.441846840972349,0.442326847425436,0.442076430100382,0.441137514183758,0.439565389857964,0.437410920487856,0.434739819632378,0.431637804552547,0.428213779745225,0.42459125961304,0.420903975499707,0.417292893859477,0.41388858305276,0.410796850804368,0.408098120448706,0.405847069222268,0.404054606013944,0.40269662871799,0.401729474250035,0.401095033739607,0.400732374405631,0.400599703057979,0.400667372907899,0.400911036543791,0.401313170803243,0.401852974940898,0.402508427329453,0.403254660348757,0.404072417037497,0.404945592392669,0.405868373690885,0.406839814707839,0.407867631839107,0.408958286486012,0.410109514995944,0.411307525209116,0.412520862111166,0.41370027926381,0.414781618700532,0.415686214291057,0.416343732888651,0.416677185011662,0.416600797441479,0.416051431963868,0.414972097343586,0.41332001611277,0.411059906996927,0.408163233221232,0.404610744523351,0.40039313216907,0.395510959033539,0.389978372063552,0.383836870528586,0.377165808241387,0.370104047565784,0.362882637108669,0.355865335052445,0.349586658352063,0.34476031123745,0.342200326446967,0.342574418292689,0.346037090810017,0.352102896982453,0.359942801493264,0.368751814377783,0.377922036535462,0.387048740305852,0.395896132344176,0.404359329639547,0.412416605503169,0.420089005864944,0.427410494874243,0.434416311650758,0.441127483619587,0.447553688820656,0.453690332553308,0.459520227175211,0.465019659915554,0.47016623638457,0.474941976960276,0.479332425003545,0.483329423378516,0.48693162520407,0.490144772807313,0.492981750737606,0.495462500630454,0.49761627854447,0.499486001396879,0.501116816094489,0.502557204118775,0.503863663230702,0.505102419205092,0.506332475038887,0.507598280972964,0.508936271539182,0.510370614789737,0.511904762427522,0.51352132339411,0.51518810580476,0.516866421861204,0.518520017502996,0.520111308432136,0.521603899475706,0.522964478883383,0.524163706063598,0.525176915345243,0.525987115758771,0.526583848637665,0.526967206698767,0.527134915735753,0.52707726154044,0.526786366709169,0.526255890061777,0.525480495631486,0.524449831077853,0.52315303028222,0.521581273570768,0.519722577467377,0.517566318237815,0.515097241099348,0.512298014975968,0.509156230141247,0.505673480255363,0.501852943469606,0.49769956293106,0.493200994442886,0.488349047987342,0.483162883446392,0.477664810257104,0.47188238755122,0.465849359098706,0.459598446827845,0.453161406806381,0.446561268813619,0.439808244141401,0.43289311032979,0.425781444056715,0.418410355612055,0.410687538552308,0.402492850430317,0.393681813053586,0.384089314212704,0.373533635146764
0.377631319978095,0.365273157844931,0.351679412882013,0.336715095017255,0.320320142551655,0.302690353856773,0.284813062298505,0.269556999364828,0.260487145923499,0.256329985863614,0.253350064992064,0.249042698387937,0.241905811695688,0.231193641041522,0.216930782683667,0.200850771918259,0.191150588211508,0.20167752034778,0.224776945351819,0.2497056592415,0.27333634999408,0.295008242230044,0.314669544079147,0.332419034598691,0.34839177606002,0.362725185653567,0.37554318747264,0.386966462935917,0.397101685267643,0.406041000522003,0.413871163487964,0.420668739969505,0.426495907574666,0.431416350870975,0.435487208286687,0.438751391289251,0.441245805888408,0.44301113968564,0.444079621975428,0.44449116542794,0.444289386330938,0.44351800645538,0.442234604995767,0.440500578949299,0.438383410568761,0.435958129219075,0.43330893566255,0.430520542410417,0.427672377840229,0.424837945443751,0.422082870966056,0.419455309125414,0.416980874276882,0.414671844290239,0.412527449700309,0.410535232560562,0.40867274320568,0.406921294621295,0.405264340172903,0.403689230710857,0.402189454104366,0.400762640675932,0.399414247898112,0.398163697039864,0.397033671219117,0.396053009663216,0.395260960102048,0.394700974831247,0.394428816933988,0.394501217425332,0.394958183392973,0.3958156188076,0.397056889421821,0.398629699779186,0.400446567952494,0.402402420017538,0.404382806342492,0.40626907099004,0.407943428494172,0.409316718183294,0.410314378556444,0.410870227106353,0.410940180682292,0.410495385414798,0.409520254013351,0.408012334113874,0.4059829075578,0.403461303278183,0.400499950075649,0.397177235621914,0.393604556671233,0.389934564731721,0.386368610580669,0.383159596154165,0.380604647690165,0.379018690283321,0.378685455560002,0.379795400899989,0.382389731352245,0.38634643018762,0.391429549701829,0.397345879946305,0.403803002064571,0.410551453889116,0.41740113322558,0.424217803074203,0.430910577251579,0.437427391015535,0.443739763016692,0.449828687318548,0.455685732506905,0.461303405358973,0.466674184457774,0.471790363568135,0.476641189434538,0.481215517041082,0.485503427830543,0.489497368233071,0.493193250217932,0.496591020603651,0.49969528982253,0.502515163589809,0.505064379038212,0.507361973289286,0.509436946051179,0.511319409491241,0.513039775263332,0.514630939023551,0.516129821587313,0.517568910832642,0.518973129139661,0.520361503506332,0.521750067211961,0.523144249799187,0.524538705976569,0.525922001471352,0.52727592537749,0.52857647408629,0.529803795682155,0.530937536963088,0.531957120783109,0.53284259548277,0.533575330297638,0.534138087135806,0.53451184687438,0.534685270213843,0.534656041339717,0.534424612029071,0.533984836448136,0.533326146579471,0.532437797457271,0.531309199472449,0.529933927812126,0.528306517761684,0.526418370140307,0.524263503281184,0.521833769099509,0.519119436787196,0.516110950230278,0.51281109317809,0.509225495222674,0.505357129680803,0.501196313534867,0.496733603196156,0.491979907038206,0.486944625362294,0.481638329881498,0.476070306901124,0.470248431203688,0.464179944273232,0.45786478526435,0.451291981944331,0.444437976018284,0.43726499095778,0.429719583055445,0.421731300311103,0.413212976820125,0.404060309939655,0.394157616855618,0.383377276726052
0.390731957064353,0.379771250140687,0.368164679020518,0.355999726026902,0.343470978449715,0.330919185485419,0.318825471815312,0.307680172439986,0.297700837035086,0.288596889180415,0.279641720188868,0.269972530351008,0.25888935577909,0.246140358834668,0.232445341993786,0.221170812018822,0.221172281503548,0.233393114058144,0.250616430291548,0.269409446135068,0.288197822556347,0.306202096723397,0.3230638468607,0.338643738369989,0.352914243746243,0.365908797552433,0.377683450307173,0.388301260343069,0.397822996961988,0.406311431153697,0.413824268156284,0.420413987364551,0.426135904888823,0.431046304696193,0.435190301604668,0.43860689916437,0.441331373560118,0.443397115545342,0.444833976128248,0.445680651529182,0.44597101140645,0.445743717221864,0.445041546613099,0.443911961826852,0.442408675380736,0.440580517791265,0.438475617754809,0.436145405110671,0.433644259845246,0.431017406105208,0.428300346906776,0.425519285705731,0.422690275310544,0.419819300380003,0.416904010201303,0.413937624227346,0.410915938233711,0.40783660306383,0.404697164133726,0.401501622793214,0.398259214219179,0.394985192229166,0.391703952247287,0.38845455429392,0.385293983188101,0.382301725014124,0.379572405867289,0.37723234376451,0.375433564302345,0.374332742576443,0.374065183904896,0.374713106519016,0.376271532188792,0.378646548205392,0.381668684844838,0.385124573631472,0.388788154946713,0.392457560435923,0.395975746531023,0.399223875510349,0.402116022707798,0.404585202059853,0.40659361299254,0.408123166639255,0.409171916630539,0.409753511032043,0.409898467965112,0.409652826810465,0.409078871611306,0.40825646598009,0.407284244348142,0.406279906943999,0.405378572297929,0.40472795488508,0.404479336346235,0.40477583894141,0.405736639710776,0.407441072466186,0.40991706576662,0.413134561977724,0.417015974958555,0.42144904861964,0.426306296866009,0.431461227627526,0.436799303005701,0.442226072922074,0.447665284598945,0.453055654758653,0.458351298134381,0.463521784090723,0.468544826322484,0.47340221895015,0.47807907808942,0.48256276012673,0.486843708997533,0.490913462253094,0.494765126952119,0.498393801222293,0.501796924143621,0.504974568700658,0.507929649939063,0.510667812979503,0.513197370606431,0.515529302015999,0.517681121759085,0.519671576446655,0.521518434430383,0.523239506008437,0.524855848861378,0.526386667147958,0.527846313629789,0.529243970163509,0.530583690963802,0.531869635849225,0.53310233369837,0.534280782284314,0.535399348758088,0.536446699594033,0.537407114414627,0.538267941279897,0.539017456346887,0.539643906226607,0.540135007775298,0.540478276245599,0.540661541164352,0.540673382550469,0.540500317362809,0.540129819333287,0.539556041184568,0.538779751881212,0.537796642500092,0.536598725493543,0.535181502950364,0.533538429033232,0.531662106587046,0.529547953693411,0.527191289974755,0.524586157733467,0.521727907831877,0.518617704896272,0.515255037168846,0.511641245662166,0.507765103759155,0.503614068040456,0.49919522161788,0.494514783005032,0.489576533189429,0.484381726067028,0.478927003148278,0.473205064590782,0.467203900701241,0.460909239518749,0.45429980319737,0.44734673680987,0.440013133203221,0.432253859114683,0.424019013057242,0.415256964052435,0.405915919786943,0.395947710832156
0.405994303880634,0.396803543257664,0.387313882124446,0.377601290322229,0.367765795013821,0.357920198865591,0.348165482107899,0.338553091069362,0.329048594429491,0.319515569060351,0.309733042285555,0.299451570358314,0.288482043488727,0.276848898827146,0.26517905132517,0.256009520358475,0.256474341397956,0.267582655520786,0.281957397727745,0.296833410193644,0.311436249953913,0.325477174980351,0.338812464517724,0.351363220707693,0.363081352931848,0.373942932715545,0.38394184939416,0.393088294738473,0.401402372414213,0.408909309890273,0.415635785080904,0.421612629099639,0.426875530844623,0.431453651027104,0.435374173681597,0.438662222459182,0.441342654185899,0.443438873965776,0.44497707639672,0.445983605974924,0.446488324906658,0.446521298213644,0.446112637645441,0.445292372718546,0.444090817158136,0.442540885656709,0.44067820627172,0.438531554938908,0.436125138202724,0.433481439605715,0.430619647550587,0.427551700766159,0.424283087161306,0.420813397750735,0.417137176715699,0.41324885522463,0.409141953921536,0.404810317766283,0.400249352901269,0.395459989137371,0.390449872839283,0.385236287683084,0.379851647972901,0.374347240752024,0.368796704008436,0.363301197092472,0.358007573346812,0.353124515538304,0.348940289892562,0.345842015677408,0.344297291767245,0.344724859911132,0.347249260704062,0.351569554841484,0.357114201173402,0.363299648076691,0.369679227839097,0.375948549282569,0.38191489138716,0.387465515871878,0.392538091712466,0.397094699446227,0.401124337507257,0.404635765256728,0.407651852379333,0.410206393516824,0.412342869305888,0.414113809888579,0.415580424815556,0.416812165733939,0.417885924973521,0.418884577907391,0.419894879681938,0.421006034684672,0.422303519022363,0.42386597202196,0.425755566528678,0.428014293634167,0.430661033542699,0.433690278279612,0.437074304681788,0.440772373702741,0.444733858015241,0.448902207319247,0.453220275131545,0.457633008780152,0.462090426715659,0.466551223641354,0.470980356179997,0.475348543314523,0.479631487676142,0.483809035189807,0.487864420641989,0.491783675342259,0.495555216709979,0.499169778990279,0.502621246314405,0.505905046024442,0.509018321400061,0.51196005664785,0.51473104049802,0.517333726134517,0.519772081910082,0.522051413566581,0.524180829497018,0.526171231661333,0.528032198451736,0.529772621719695,0.531403311144975,0.532935393436487,0.534377352833981,0.535735031470473,0.537010250493494,0.538201516470381,0.539311315053274,0.540340514526099,0.541286799776228,0.542145343605223,0.542909224153259,0.543569323510854,0.54411552291023,0.544540895749246,0.544838110804729,0.544999361045453,0.54501656089537,0.544881485157747,0.544585700745781,0.544120754081954,0.543477820833773,0.542645248959671,0.541615873397965,0.540386298726279,0.538957026041457,0.537325683192509,0.535487575503284,0.533438543955989,0.531174378971711,0.528690330840165,0.525984744288472,0.523058554254336,0.519910152343978,0.51653685620513,0.512928810609315,0.509073508964684,0.504973048523269,0.500628991283332,0.496042646730766,0.491213353702793,0.486137582930818,0.48080906427503,0.475218147734483,0.469351150024861,0.463192021511257,0.456722034756614,0.449922886466478,0.442776648366703,0.435266504549849,0.427378502108789,0.419104993005199,0.410448688380311
0.421968816084279,0.414433130999427,0.406750538034626,0.398961902996889,0.391111086993343,0.383240171252252,0.375386747775932,0.367580372812537,0.359844294108139,0.352205874444616,0.344719344273643,0.337503050792738,0.330789189228181,0.32497876603649,0.320665198574367,0.31854556649897,0.319150378025039,0.322528911090274,0.328216343157084,0.335517692903196,0.34378576512446,0.352524018721368,0.361384180692816,0.370130934265512,0.378606268072743,0.386703357650381,0.394352709780997,0.401506769735635,0.408134648490101,0.414217193010762,0.419749456095843,0.424735543071108,0.42917977422588,0.433090225919877,0.436475342219878,0.439345258793434,0.441709887929196,0.443577445745854,0.444964555647241,0.445888548255145,0.446366886610233,0.446418120648053,0.44606152724613,0.445316535238968,0.444200859531599,0.442730709379837,0.440920509874667,0.438782462091598,0.436327066020845,0.433562670223727,0.4304919398117,0.427113419086746,0.423423004049717,0.419413316280838,0.415074526341343,0.410393215190415,0.405353058544336,0.399935738384032,0.394122185915315,0.387894923024791,0.381242186277745,0.374161583111769,0.366664242662284,0.358780165130917,0.350575869887495,0.342161937581646,0.333700392336294,0.325404392104722,0.31750861058076,0.310271936822409,0.30430040503023,0.302627867450877,0.30964926113257,0.320305590767751,0.33129248445402,0.341858290714636,0.351782241662346,0.360988020702004,0.369456027635508,0.377200003633169,0.384249893806359,0.39063811209418,0.396401508711432,0.401584550166458,0.406234805628577,0.410402395257516,0.414139858539051,0.41750204507122,0.420545901236514,0.423330109545172,0.425915312591644,0.428362920632679,0.430733063891989,0.43308270082979,0.435463774316616,0.437921804434072,0.440493657306206,0.443205906039362,0.446075611895083,0.44911021155366,0.452307118334708,0.455655261227169,0.459136509881878,0.462726624649735,0.46640068467494,0.470132902385389,0.473897683890779,0.47767059618336,0.481428988879043,0.485152326072128,0.488822301233409,0.492422809011141,0.495939837724055,0.499361330655094,0.502677047333759,0.505878440802137,0.50895855498666,0.511911938220367,0.514734872285173,0.517425616004399,0.519983157558146,0.522407501280691,0.524699551717544,0.526860945496515,0.52889517200212,0.530807949122124,0.532603742276977,0.534286359724293,0.535860246257593,0.537331370993597,0.538704959009856,0.539984132221834,0.541169826004172,0.542261930715599,0.543259198052043,0.544162097024967,0.544970351190479,0.545682060438547,0.546293888764555,0.546801275295626,0.547198654376238,0.547479078197231,0.547635467141796,0.547662942828883,0.547556250573113,0.547309762897196,0.546917567584672,0.546373537449558,0.545671385322807,0.544804708147462,0.543767973260987,0.542558592943981,0.541170047100242,0.539597539769344,0.53783737281617,0.535885912869836,0.533741386992436,0.531403254465342,0.528872875162055,0.526150200307576,0.523233713764517,0.520120787377495,0.516799612924419,0.513257656083656,0.50949621414494,0.505516480443557,0.501318551279781,0.49690155969215,0.492264117197143,0.487403738582479,0.482316120900968,0.476995992935411,0.471438536213906,0.465638605813853,0.459590836403243,0.453292362283908,0.446742290106148,0.439945669564326,0.432912819328349,0.425660160197752
0.437792640112284,0.431764866953177,0.425682527128736,0.419576610701771,0.413481642767517,0.407435860562641,0.401482105380504,0.395669784568797,0.390058220044789,0.38472137557514,0.37975331499004,0.375272753366198,0.371424020352529,0.368370732908911,0.366277959452925,0.365286500953104,0.365477793524843,0.366851639820293,0.36932341267738,0.372741120233262,0.376914500892889,0.38164382405322,0.386740520669939,0.392040570712132,0.397406062002068,0.402723623780274,0.407904186264243,0.412878012880972,0.417590192764126,0.422003813651658,0.426089827148849,0.429825733982585,0.433195038906718,0.436185621482621,0.438787227615025,0.44099513760587,0.442805308098472,0.444220604335845,0.445246233682137,0.445889528299541,0.446157824962505,0.446058297293869,0.445598059923425,0.444783840554107,0.443621635648391,0.442116356034314,0.440271473489379,0.438088683183767,0.435567522568809,0.432705006630451,0.429494931615017,0.425929177289164,0.421998007910289,0.417688610941779,0.412983760187481,0.40786255744848,0.402300350585513,0.396268678507474,0.389735113665379,0.382663066838941,0.375011565191039,0.366739870189489,0.35781311030006,0.348208035674275,0.337929031480881,0.327046474180912,0.31579336249697,0.304793095878288,0.295497402300746,0.290192572032532,0.29006530387279,0.294536063242495,0.302685697570965,0.313069264938499,0.324231648721554,0.335302991132785,0.345880968370179,0.355803871642215,0.365021836586488,0.373538684197214,0.381386595192724,0.388602965001515,0.395227376565994,0.401304391424949,0.406880597104451,0.41200291223899,0.416718300140624,0.421073600270198,0.425115301180667,0.428889207859009,0.432439958756706,0.435810618907883,0.439042126613086,0.442172460469403,0.445235872019955,0.448263010951533,0.451279910366492,0.454307611161866,0.457361809717989,0.460451964385574,0.463583332358069,0.466757038240616,0.469970270835669,0.473216981313804,0.476488622985347,0.479774876081232,0.483064312464559,0.486344970209577,0.489604823368205,0.492832145561875,0.496015775863043,0.499145301332234,0.502211172886454,0.505204770688687,0.508118432935556,0.510945458705333,0.513680092159737,0.516317492388461,0.518853690839158,0.521285536697485,0.523610629751564,0.525827243415128,0.527934635879176,0.529932540042854,0.531821259168654,0.53360308704917,0.535279548266028,0.536851690466121,0.538320446284088,0.539688738044315,0.540959054676242,0.542132804395832,0.543210926136617,0.544194242919402,0.545082182624763,0.545872474538279,0.546563534463002,0.547154738381402,0.547644548145806,0.548030597361938,0.548309793298653,0.548478424252355,0.548532267598404,0.548466569398268,0.548275575898767,0.54795527340064,0.547501817718617,0.546911109210343,0.54617884568777,0.545301023862292,0.544276012150322,0.543100887405292,0.541772270506096,0.540286607966708,0.53864017497195,0.536829146928194,0.534850207086708,0.532701782820958,0.530385336874606,0.527900845765744,0.525247638776016,0.522424335292859,0.519421327520878,0.516230904189265,0.512852835782269,0.509286821800199,0.505533180542027,0.501593727178871,0.497470208990097,0.493163903970862,0.488676156885584,0.484008729814414,0.479164161942404,0.474145750097063,0.468957931703013,0.463606637834861,0.458100012706254,0.452448761422953,0.446665951217075,0.440769121429951
0.452845006913854,0.448170668521481,0.443508964900648,0.438886446248569,0.434332820981537,0.429880984932916,0.425568101321981,0.421436181826044,0.417532339745894,0.413907879669529,0.41061853191353,0.407722996993581,0.405280253665401,0.403345627324836,0.401965868803414,0.401173883231391,0.40098447490668,0.401390917330564,0.402364274267536,0.403855686299173,0.405801963075012,0.408128963006413,0.410756985029475,0.413605871061674,0.416598396913198,0.419662689909052,0.422733739362608,0.425756939959589,0.42868599527035,0.431479772865049,0.434102636022879,0.436525902611279,0.438725543111349,0.440681839410698,0.442379102451176,0.443803506404088,0.444943476330473,0.445793246092704,0.446348521684778,0.446606360584157,0.446564818198388,0.446222617588663,0.44557883787214,0.44463261777748,0.443382872010899,0.441828019261204,0.439965722035568,0.437792522224923,0.435303811216131,0.432494738696526,0.42935897799804,0.425888838517179,0.422075032205301,0.417906555360229,0.413370668476745,0.408452945101396,0.403137007858778,0.397404207886255,0.391236752808046,0.384617301117815,0.377530345766263,0.369964652772555,0.361917126195561,0.353401724001751,0.344464082390806,0.335213766555234,0.325908165694517,0.317161349054144,0.310433779414211,0.308157508338816,0.310987217569274,0.316857931067575,0.324128075217934,0.332067715283862,0.340317686558334,0.348648335032048,0.35689252692029,0.364928545798859,0.372672408610436,0.380072251203546,0.38710361259568,0.393756186051668,0.400030650428857,0.405934897708782,0.411485326056052,0.41670285840241,0.421611225223492,0.426235933331989,0.430603423918227,0.434740555943804,0.438674213045518,0.4424306661591,0.446035077553604,0.449510893704252,0.452880019957568,0.456162352583945,0.459375454727919,0.462534373830334,0.465651537291474,0.468736731030342,0.471797160230567,0.47483758593427,0.477860526111716,0.480866506099452,0.483854341292163,0.486821434798115,0.48976407422538,0.492677714435212,0.495557236449778,0.498397176207678,0.501191920086758,0.503935866764441,0.506623556918133,0.509249773472796,0.511809615668613,0.514298550295086,0.516712443184977,0.519047573639177,0.521300633991567,0.5234687161152,0.525549286375086,0.527540150373489,0.529439408809902,0.531245405869765,0.532956800360047,0.534573674582867,0.536095928167251,0.537523401122603,0.538855991991023,0.540093857130581,0.541237951945067,0.542289349241872,0.543248968114787,0.544116948809136,0.544892837570112,0.545575598386704,0.546163587070785,0.546653988088552,0.547045411802574,0.547336648236403,0.547526019033826,0.547611426862403,0.547590408530323,0.547460189918621,0.547217741081148,0.54685983015656,0.546383045608605,0.545783281370254,0.545057977738429,0.544206481670784,0.543226968631429,0.542117389484817,0.540875566975393,0.53949920713148,0.537985910489836,0.536333183433074,0.534539559806311,0.53260626509294,0.530533444585599,0.528320947187261,0.525968368115421,0.523474631892955,0.520831698802751,0.518036394615886,0.51508931168396,0.511991742239753,0.508745483538705,0.505352677713168,0.501815891579766,0.498138283862984,0.49432500651861,0.490382250040031,0.48631630986321,0.482134234911367,0.477844237201283,0.473455912652967,0.468980465905792,0.464431036105338,0.459822758519445,0.455172922163613
0.466566271499182,0.463057346116892,0.459592262617899,0.456191064837226,0.452875286103844,0.449667888008242,0.446593130032279,0.443676342773577,0.440943572966303,0.438421068408241,0.436134578303766,0.434108461940924,0.43236462669572,0.430921352515489,0.429792097707526,0.428984879448992,0.428501395006946,0.428335739607492,0.428474754576481,0.428898419943736,0.429580651153055,0.430490426370271,0.431593293852455,0.432852139677078,0.434228535847809,0.435686803044506,0.437191648554446,0.438708744761491,0.440205882030864,0.441653268230103,0.443023674445333,0.444292459001061,0.44543750520303,0.446439542128862,0.447281470390245,0.447946361142844,0.448422510697777,0.448700207460733,0.448771145738843,0.448628504058928,0.448266334591674,0.447679520155074,0.446863647630667,0.445814816147234,0.444529370420488,0.443004455512186,0.441237659048852,0.439226800094917,0.436969906352779,0.434465233848462,0.431711211840872,0.4287062628146,0.425449964827916,0.421942981934143,0.418187532248157,0.414188083398416,0.409952205223636,0.405491656083877,0.40082463776299,0.395977951492544,0.390990102316144,0.385915406667364,0.380829186466799,0.375833539321699,0.37106418724923,0.366695194000942,0.362936697989886,0.360017388984445,0.358149822199428,0.357482997095863,0.358062002328706,0.359819119681181,0.362601269168952,0.36621422327456,0.370460556880273,0.375161657610479,0.380166118347397,0.385350371576878,0.390616049885464,0.395886855806139,0.401108236451444,0.406238033419826,0.41124541120504,0.416109358142572,0.420815568884257,0.425357604684195,0.429734248754551,0.433948111570428,0.438004712647719,0.44191171488925,0.445678282324673,0.44931453820888,0.452831106035442,0.456238720823437,0.459547901923486,0.462768681521557,0.465910385019578,0.468981460613687,0.471989355792183,0.474940438291133,0.477839958457632,0.48069204917065,0.483499758641123,0.486265110712938,0.488989186829408,0.491672223679669,0.494313720708422,0.496912552128248,0.499467078751488,0.501975255776172,0.504434733532534,0.506842949047846,0.509197207059441,0.51149474976198,0.5137328150992,0.515908683804137,0.518019715669904,0.520063375717488,0.522037251042904,0.523939059197042,0.525766648997615,0.527517994708455,0.529191184555501,0.530784404584713,0.532295929304241,0.533724945506751,0.535070926880842,0.53633293188637,0.537509920685402,0.538601063117997,0.539606785878146,0.540527430084894,0.541363081431002,0.542113574907489,0.542778456428487,0.543356982061253,0.543848124539353,0.544250586564622,0.544562820220188,0.544782532610333,0.544907957011504,0.544937984146206,0.544871273229349,0.544706290358721,0.544441337210244,0.544074580681327,0.543604170289649,0.543029344615576,0.542348931678821,0.541561442795933,0.540665375316378,0.539659090897305,0.538540798769329,0.537309334162636,0.535963556120232,0.534502897811016,0.532928003871514,0.531239333945657,0.529437550473041,0.527523268317936,0.525497076049323,0.523358707847079,0.52110310784753,0.518730861450182,0.516244120626166,0.513645409522052,0.510937667985122,0.508124301656925,0.505209239090268,0.502196996105964,0.499092747294582,0.495902404194769,0.492632696065329,0.489291339801669,0.485887379081895,0.482430938331267,0.478933408997411,0.475407429192955,0.471866775760522,0.468326399137535
0.478383222179994,0.475828572955818,0.473319567456449,0.470868764241802,0.468489027610135,0.466193393789719,0.463994903990918,0.461906565970286,0.459941014890496,0.458110103831067,0.456424700189664,0.454894362662796,0.453527010819205,0.452328604462428,0.451302852688404,0.450450973433352,0.449771522872774,0.449260310132111,0.448910406717005,0.448712252615234,0.448653853208894,0.448721288121103,0.448900274211076,0.449174338038234,0.449525761085238,0.44993616614823,0.450386872275676,0.45085921580497,0.451334828961299,0.451795871636291,0.452225215527223,0.452606602880172,0.452925068489955,0.453166545906359,0.453316634837439,0.453363776166249,0.45329825464986,0.453111261663975,0.452794958018233,0.452342638621705,0.45174865918487,0.451008317845404,0.450117819341131,0.449074249907034,0.447875566516901,0.446520604214343,0.445009105506319,0.44334177611309,0.441520371761659,0.439547821141223,0.437428390551297,0.435167896068804,0.432773969079211,0.430256380500663,0.427627427574963,0.424902384094115,0.422100009490561,0.419243103132082,0.416359075913501,0.413480490210827,0.410645490319823,0.407898009189767,0.405287597903809,0.402868651990884,0.400698968876797,0.398837847499717,0.397342601190019,0.396264684528721,0.395645103059857,0.395510920729589,0.39587281781769,0.396724237620659,0.398042795605095,0.39979298451311,0.401929731990436,0.404402265543069,0.407157638523828,0.410143590093006,0.413310631916787,0.416613407243121,0.420013223774312,0.423477084064029,0.426975186060359,0.43048250037979,0.433978425353484,0.437446014957209,0.440872045063523,0.444247202282972,0.447564825755301,0.450820480776574,0.454011569694639,0.457136978411381,0.460196758978519,0.463191847667824,0.466123817294123,0.468994662266407,0.471806614696996,0.47456198981864,0.477263058889899,0.4799119476839,0.482510558549129,0.485060513911112,0.48756311896633,0.490019341222524,0.492429804479416,0.494794794833342,0.497114276335083,0.499387914033072,0.501615102289167,0.50379499645192,0.505926546200927,0.50800852912208,0.510039583324963,0.512018238159118,0.513942942317041,0.515812088822493,0.517624036589906,0.519377128403117,0.521069705300095,0.522700117466463,0.524266731836643,0.5257679374462,0.527202254315309,0.528568243051888,0.529864429392528,0.531089591160194,0.532243101990553,0.533324044307127,0.534331701525099,0.535265245763481,0.536123823284072,0.536907387019595,0.537615625229091,0.538248144665694,0.538804477350632,0.539284031029778,0.539686091361019,0.540009827000016,0.540254297619095,0.54041846460437,0.540501204127841,0.540501322256616,0.540417314595721,0.540247673645185,0.539991867920646,0.539649846426152,0.539221092161363,0.538705045471763,0.538101135274666,0.537408791684656,0.536627459172598,0.535756610252469,0.534795759723168,0.533744550316973,0.532603597463046,0.531373379218049,0.53005427353437,0.528646839161111,0.52715208855815,0.525571156767936,0.523905197283225,0.522153502372039,0.520314886931033,0.518391783484102,0.516386962987247,0.514303532109559,0.512144960455767,0.509915109399193,0.50761826231056,0.505259155842552,0.502843011787054,0.500375568863731,0.497863113628204,0.49531250950788,0.492731222785658,0.49012734415571,0.487509604268579,0.484887381458996,0.482270697284951,0.479670242987686
0.487707892340736,0.485898629630133,0.484122424184037,0.482385930469961,0.48069572065611,0.47905820561172,0.477479548092929,0.475965569186895,0.474521649595454,0.473152627877785,0.471862698301766,0.470655311427689,0.469533080910983,0.468497700207421,0.467549872925322,0.466689260419483,0.465914615516965,0.465224206898185,0.464614833550144,0.464082228545781,0.463621169379576,0.463225552946624,0.462888487406845,0.462602396882842,0.462359139406978,0.462150128913212,0.461966459374587,0.461799027882807,0.461638653416503,0.461476190316411,0.461302758067146,0.461109836688012,0.46088877685239,0.460630924402761,0.460329087280288,0.459976809593868,0.459568291836336,0.459098315662721,0.458562324415934,0.457956449983281,0.457277537608633,0.456523170257472,0.455691694072953,0.454782246365195,0.453794787441059,0.452730137401303,0.451590018795214,0.450377105713794,0.449095079500663,0.447748690739648,0.446343826510574,0.444887581059461,0.443388326977742,0.441855782707871,0.440301070689401,0.438736758763932,0.437176875656175,0.435636889605392,0.434133637799749,0.432685193543152,0.431310658546524,0.430029869935368,0.428863005904383,0.427830092558601,0.426950804663373,0.42624360870839,0.425725049008998,0.425409125831345,0.425306707790288,0.425424998442966,0.425767631376174,0.426334365442433,0.427121144243461,0.428120345303151,0.429321251737688,0.430710628739664,0.432273214815591,0.433992438882933,0.435850999434258,0.437831350452392,0.439916219656992,0.442090552456603,0.444339399384911,0.446648129388686,0.449003266266376,0.451392566431337,0.453805045869878,0.456230901256696,0.458661161165958,0.461088533880255,0.463506963903875,0.465911346632508,0.468297413993072,0.470661630342139,0.473001090697776,0.475313423549858,0.477596699883247,0.479849349542816,0.482070085652783,0.484257837461029,0.48641169169938,0.488530842323674,0.490614548315,0.492662099080188,0.494672786880835,0.496645885642569,0.498580635446535,0.500476231980693,0.502331820226212,0.504146491671282,0.505919284377837,0.507649185272695,0.509335134090618,0.510976028459374,0.512570729683678,0.514118068853057,0.515616855871528,0.517065941848254,0.518464149812963,0.519810278609894,0.521103133868477,0.522341612592061,0.523524574043504,0.524650864893907,0.52571944753504,0.526729411135106,0.527680071649951,0.528570693609746,0.529400504750182,0.530168732558529,0.530874603120428,0.531517340569174,0.532096551519966,0.532612021334959,0.533063202219671,0.533449644621351,0.533770877001357,0.534026399819278,0.534215689300761,0.534338202428381,0.534393510453322,0.53438142335493,0.534301552356464,0.534153517125289,0.533936963004124,0.533651568622841,0.53329705385747,0.532873081460234,0.532379244513012,0.531815597507246,0.531182267451676,0.5304796789835,0.529708660907141,0.528869811075847,0.527963803097675,0.526991399913671,0.525953460857484,0.524850949424054,0.523685008501491,0.522457080360568,0.521168062313489,0.519817378345506,0.518406997321512,0.516939328903155,0.515417016258034,0.513842945371315,0.51222025395852,0.510552339777832,0.508842868091995,0.507095777977596,0.505315287124087,0.503505894707507,0.501672381865884,0.4998198092466,0.49795351104254,0.49607908488636,0.494202376933762,0.492329461441458,0.490466614138373,0.488620278706158
0.494201861544407,0.492963974219894,0.491743011981031,0.490542031712613,0.489363959111228,0.48821160572863,0.487087675546964,0.485994581895108,0.484934491473333,0.483909298798394,0.482920599210263,0.481969664258073,0.481057420136193,0.480184429815908,0.479350879466022,0.478556569677193,0.477800911901714,0.477082930396822,0.476401269820499,0.475754208481002,0.475139677092156,0.474555282743637,0.473998337665998,0.47346589226051,0.472954771778766,0.472461615979454,0.471982921130118,0.471515123368051,0.471054667257916,0.470597975277309,0.470141219652122,0.469680559773371,0.469212735327886,0.468734663753521,0.46824349235816,0.467736692539921,0.467212006260413,0.466667487936431,0.466101535386468,0.465512916135469,0.464900791725432,0.464264740096647,0.463604776073972,0.462921369942814,0.462215464030942,0.461488487125771,0.460742366453617,0.459979536830193,0.459202946463393,0.458416058755323,0.457622849316923,0.456827797284425,0.45603586992313,0.455252499434405,0.454483550861984,0.453735280041137,0.453014280666843,0.452327419791077,0.451681761407318,0.451084478247676,0.450542752499779,0.450063653353094,0.44965406715682,0.449320660729434,0.449069650444298,0.448906674505,0.448836678972982,0.448863815839102,0.448991357535738,0.449221631730319,0.449555979374793,0.449994737868448,0.450537249915732,0.451181897338872,0.451926157855314,0.452766653690209,0.453699253067743,0.454719268929415,0.455821492859878,0.457000306653319,0.45824979552484,0.459563856465534,0.46093683238925,0.462363446727446,0.463837673484248,0.465353600786547,0.466905495051993,0.468487850717002,0.470095418376964,0.471723239509554,0.473366659034773,0.475021325391778,0.476683067319525,0.478348015608723,0.480012787724598,0.481674269367828,0.483329593457206,0.484976099525952,0.486611367783665,0.488233176379625,0.489839470225669,0.491428341967045,0.492998013996134,0.494546821991278,0.496073206106627,0.497575689622876,0.499052866014396,0.50050339049263,0.501925971929509,0.503319377490921,0.504682407656943,0.506013893545291,0.507312695806609,0.508577701251516,0.509807820263825,0.511001984882142,0.512159147440673,0.513278300970216,0.51435851178766,0.515398829490605,0.516398325366437,0.517356095927499,0.518271263492834,0.519142976841971,0.519970411920729,0.520752772588424,0.521489357532053,0.522179575050799,0.522822795213448,0.52341840940733,0.523965831473047,0.524464498439834,0.524913915472595,0.525313661227429,0.525663466671592,0.525963271100488,0.526212771432213,0.526411715419557,0.526559923597744,0.526657244155342,0.526703553635665,0.526698759509526,0.526642803076988,0.526535662676633,0.526377357179187,0.526167949741163,0.525907571997761,0.525596636432762,0.525235515870913,0.524824595874419,0.524364331251138,0.523855249198047,0.52329795243942,0.522693122363268,0.522041522160149,0.52134399996772,0.520601492022466,0.519815025816533,0.518985708860944,0.518113827691462,0.517199987988267,0.516245871065218,0.515253280815626,0.514224146220529,0.51316052224025,0.51206458999598,0.510938656139866,0.509785151303651,0.508606627508092,0.507405754408665,0.506185314248036,0.504948195382879,0.503697384252746,0.502435955662334,0.50116706125656,0.499893916081044,0.498619783139699,0.497347955886847,0.496081738624251,0.494824424814022
0.497674587907435,0.496890974651784,0.496111859688487,0.495338513327552,0.49457214075402,0.493813874341311,0.49306476628935,0.492325781696011,0.491597792172537,0.490881570113695,0.490177783731168,0.489486992954079,0.488809646293376,0.48814607875724,0.487496510892757,0.486861049014995,0.486239686668758,0.485632307350819,0.485038688502051,0.484458506759804,0.483891344446923,0.483336705474442,0.482794031722892,0.482262697611856,0.481742019877936,0.481231267789041,0.480729526479844,0.480235910699393,0.47974965164269,0.479269991723882,0.478796197986285,0.478327575484033,0.477863480500788,0.477403336226202,0.476946661395474,0.47649306784806,0.47604226772068,0.475594084148292,0.475148460573946,0.474705469042294,0.474265317375821,0.473828355135614,0.473395078270927,0.472966132364041,0.472542314379469,0.472124572829679,0.471714006273949,0.471311860073109,0.470919521331592,0.47053851196987,0.470170479885832,0.469817188183268,0.469480502469996,0.4691623762574,0.468864834527279,0.468589955570654,0.46833985124585,0.468116645848785,0.467922453368803,0.467759347776611,0.467629380150885,0.467534534947898,0.46747669377228,0.467457611954682,0.467478896220031,0.467541983889217,0.467648124040659,0.467798361026245,0.467993520689346,0.468234199571851,0.468520757324774,0.468853312455641,0.469231741459043,0.469655681288214,0.47012453503924,0.470637480639143,0.471193482258149,0.47179130410754,0.472429526239616,0.473106561936669,0.473820676261565,0.474570005343242,0.475352575984635,0.476166325206653,0.477009119377552,0.477879048064664,0.47877422980693,0.479692431604502,0.48063140896979,0.481588920287229,0.482562739002374,0.483550664320862,0.484550530422921,0.485560214230596,0.486577641790871,0.487600793358477,0.488627707277673,0.489656482772934,0.490685281764855,0.491712329830197,0.492735916424337,0.493754394481168,0.494766179500115,0.495769746678126,0.496763598912854,0.497746326576674,0.498716591174024,0.499673106066739,0.500614634453033,0.501539987387958,0.502448021881499,0.503337639102704,0.504207782711154,0.505057437330861,0.505885627176279,0.506691414835507,0.507473900211954,0.508232219622614,0.50896554504869,0.509673083532453,0.510354076712898,0.511007800491928,0.511633564822287,0.512230713608312,0.512798624710649,0.513336710046364,0.513844415776258,0.514321249899713,0.514766773317609,0.515180559052312,0.515562213358353,0.515911376070924,0.516227721033298,0.516510956610262,0.516760826331777,0.516977140840638,0.517159753536553,0.517308535095703,0.517423441747177,0.517504583484986,0.517551979611,0.517565674994303,0.517545753166077,0.517492347064462,0.517405641013903,0.517285860730601,0.517133273912596,0.516948191108995,0.516730966578442,0.516481999125951,0.516201732906892,0.515890658186564,0.515549312043258,0.515178279002181,0.514778191586885,0.51434973077406,0.51389332601096,0.5134093521131,0.512898653778823,0.51236213538148,0.511800758067013,0.511215539084662,0.510607563439989,0.509977989053698,0.509328023781839,0.508658923070477,0.50797198711402,0.507268557612784,0.506550014117412,0.505817769950412,0.505073267698394,0.504317974272478,0.503553375539042,0.502780970528251,0.502002265233937,0.501218766025139,0.500431972697059,0.499643371197242,0.498854426071299,0.498066572681356
0.49809861916896,0.497708905166847,0.49731784952628,0.496925916111445,0.496533555994647,0.496141206493605,0.495749290310213,0.495358214779621,0.494968371237923,0.494580134515948,0.49419386256583,0.493809887296606,0.49342851231537,0.493050041163155,0.492674761397195,0.492302944446689,0.491934846177551,0.491570707600902,0.491210755720457,0.490855204512386,0.49050425602963,0.490158101621112,0.489816923254761,0.489480894931871,0.489150184178963,0.488824953602109,0.488505362487575,0.488191568431715,0.487883728982219,0.487582003272228,0.487286553625012,0.486997546780043,0.486715158024478,0.486439571593367,0.48617098078537,0.485909589116676,0.485655611334961,0.485409274277184,0.485170817556235,0.484940494062832,0.484718570270606,0.484505326334075,0.484301055971104,0.484106066123511,0.483920676391737,0.483745218241781,0.483580033985108,0.483425475534757,0.4832819029435,0.483149682732525,0.483029186021798,0.482920785431396,0.482824855079696,0.482741770468189,0.482671902950979,0.482615617054322,0.482573267752021,0.482545197682214,0.482531734333873,0.482533187232304,0.48254984515353,0.482581973397609,0.482629811150662,0.482693568964677,0.482773426382958,0.482869529737505,0.482981990142526,0.483110881705894,0.483256239977546,0.483418060650719,0.483596298528641,0.483790866765687,0.484001636388475,0.48422843609864,0.484471052355435,0.484729229732767,0.485002671541926,0.485291040708155,0.4855939608864,0.485911017799093,0.48624176077672,0.486585704480239,0.486942330783124,0.487311090789977,0.487691406968189,0.488082675369114,0.488484267915571,0.488895534733153,0.489315806503856,0.489744396821778,0.490180604532143,0.490623716036571,0.491073007549294,0.491527747290929,0.491987197608294,0.492450663285814,0.492917455582802,0.493386824000052,0.493858018905737,0.494330293469858,0.494802905285596,0.495275117889289,0.495746202179778,0.496215437738941,0.496682114056094,0.497145531659753,0.497605003160811,0.498059854211705,0.498509424386463,0.498953067986777,0.499390154779379,0.499820070669975,0.500242218319014,0.500656017704378,0.501060906635905,0.501456341226438,0.50184179632378,0.502216765907639,0.502580763455299,0.502933322279419,0.503273995840971,0.50360235803999,0.503918003486442,0.504220547753147,0.504509627612373,0.504784901257364,0.505046048509766,0.505292771013615,0.505524792416257,0.505741859824454,0.505943749374495,0.506130255246433,0.506301193017482,0.506456400668164,0.506595738661382,0.506719090009278,0.506826360326782,0.506917477870554,0.506992393561907,0.507051080992153,0.507093536408711,0.507119778680197,0.507129849238683,0.507123811997182,0.507101753240448,0.507063781487059,0.507009976320102,0.506940419345601,0.506855277906112,0.50675474188419,0.506639023182236,0.506508355429787,0.506362993639707,0.506203224429427,0.506029356397535,0.505841703599903,0.505640599286724,0.505426395377449,0.505199461822274,0.504960185899301,0.504708971446813,0.504446238030434,0.504172420045586,0.503887965756144,0.503593336270722,0.50328900445871,0.502975453808675,0.502653177232468,0.502322675818926,0.501984457776392,0.501639039602222,0.501286941998408,0.500928687786543,0.500564800766072,0.500195804277346,0.499822219764615,0.499444565347658,0.499063354411243,0.498679094221883,0.498292284581694
0.495493685466797,0.495493685466797,0.495493685466797,0.495493685466797,0.495493685466797,0.495493685466797,0.495493685466797,0.495493685466797,0.495493685466797,0.495493685466797,0.495493685466797,0.495493685466797,0.495493685466797,0.495493685466797,0.495493685466797,0.495493685466797,0.495493685466797,0.495493685466797,0.495493685466797,0.495493685466797,0.495493685466797,0.495493685466797,0.495493685466797,0.495493685466797,0.495493685466797,0.495493685466797,0.495493685466797,0.495493685466797,0.495493685466797,0.495493685466797,0.495493685466797,0.495493685466797,0.495493685466797,0.495493685466797,0.495493685466797,0.495493685466797,0.495493685466797,0.495493685466797,0.495493685466797,0.495493685466797,0.495493685466797,0.495493685466797,0.495493685466797,0.495493685466797,0.495493685466797,0.495493685466797,0.495493685466797,0.495493685466797,0.495493685466797,0.495493685466797,0.495493685466797,0.495493685466797,0.495493685466797,0.495493685466797,0.495493685466797,0.495493685466797,0.495493685466797,0.495493685466797,0.495493685466797,0.495493685466797,0.495493685466797,0.495493685466797,0.495493685466797,0.495493685466797,0.495493685466797,0.495493685466797,0.495493685466797,0.495493685466797,0.495493685466797,0.495493685466797,0.495493685466797,0.495493685466797,0.495493685466797,0.495493685466797,0.495493685466797,0.495493685466797,0.495493685466797,0.495493685466797,0.495493685466797,0.495493685466797,0.495493685466797,0.495493685466797,0.495493685466797,0.495493685466797,0.495493685466797,0.495493685466797,0.495493685466797,0.495493685466797,0.495493685466797,0.495493685466797,0.495493685466797,0.495493685466797,0.495493685466797,0.495493685466797,0.495493685466797,0.495493685466797,0.495493685466797,0.495493685466797,0.495493685466797,0.495493685466797,0.495493685466797,0.495493685466797,0.495493685466797,0.495493685466797,0.495493685466797,0.495493685466797,0.495493685466797,0.495493685466797,0.495493685466797,0.495493685466797,0.495493685466797,0.495493685466797,0.495493685466797,0.495493685466797,0.495493685466797,0.495493685466797,0.495493685466797,0.495493685466797,0.495493685466797,0.495493685466797,0.495493685466797,0.495493685466797,0.495493685466797,0.495493685466797,0.495493685466797,0.495493685466797,0.495493685466797,0.495493685466797,0.495493685466797,0.495493685466797,0.495493685466797,0.495493685466797,0.495493685466797,0.495493685466797,0.495493685466797,0.495493685466797,0.495493685466797,0.495493685466797,0.495493685466797,0.495493685466797,0.495493685466797,0.495493685466797,0.495493685466797,0.495493685466797,0.495493685466797,0.495493685466797,0.495493685466797,0.495493685466797,0.495493685466797,0.495493685466797,0.495493685466797,0.495493685466797,0.495493685466797,0.495493685466797,0.495493685466797,0.495493685466797,0.495493685466797,0.495493685466797,0.495493685466797,0.495493685466797,0.495493685466797,0.495493685466797,0.495493685466797,0.495493685466797,0.495493685466797,0.495493685466797,0.495493685466797,0.495493685466797,0.495493685466797,0.495493685466797,0.495493685466797,0.495493685466797,0.495493685466797,0.495493685466797,0.495493685466797,0.495493685466797,0.495493685466797,0.495493685466797,0.495493685466797,0.495493685466797
