0.801718353043078,0.801718353043078,0.801718353043078,0.801718353043078,0.801718353043078,0.801718353043078,0.801718353043078,0.801718353043078,0.801718353043078,0.801718353043078,0.801718353043078,0.801718353043078,0.801718353043078,0.801718353043078,0.801718353043078,0.801718353043078,0.801718353043078,0.801718353043078,0.801718353043078,0.801718353043078,0.801718353043078,0.801718353043078,0.801718353043078,0.801718353043078,0.801718353043078,0.801718353043078,0.801718353043078,0.801718353043078,0.801718353043078,0.801718353043078,0.801718353043078,0.801718353043078,0.801718353043078,0.801718353043078,0.801718353043078,0.801718353043078,0.801718353043078,0.801718353043078,0.801718353043078,0.801718353043078,0.801718353043078,0.801718353043078,0.801718353043078,0.801718353043078,0.801718353043078,0.801718353043078,0.801718353043078,0.801718353043078,0.801718353043078,0.801718353043078,0.801718353043078,0.801718353043078,0.801718353043078,0.801718353043078,0.801718353043078,0.801718353043078,0.801718353043078,0.801718353043078,0.801718353043078,0.801718353043078,0.801718353043078,0.801718353043078,0.801718353043078,0.801718353043078,0.801718353043078,0.801718353043078,0.801718353043078,0.801718353043078,0.801718353043078,0.801718353043078,0.801718353043078,0.801718353043078,0.801718353043078,0.801718353043078,0.801718353043078,0.801718353043078,0.801718353043078,0.801718353043078,0.801718353043078,0.801718353043078,0.801718353043078,0.801718353043078,0.801718353043078,0.801718353043078,0.801718353043078,0.801718353043078,0.801718353043078,0.801718353043078,0.801718353043078,0.801718353043078,0.801718353043078,0.801718353043078,0.801718353043078,0.801718353043078,0.801718353043078,0.801718353043078,0.801718353043078,0.801718353043078,0.801718353043078,0.801718353043078,0.801718353043078,0.801718353043078,0.801718353043078,0.801718353043078,0.801718353043078,0.801718353043078,0.801718353043078,0.801718353043078,0.801718353043078,0.801718353043078,0.801718353043078,0.801718353043078,0.801718353043078,0.801718353043078,0.801718353043078,0.801718353043078,0.801718353043078,0.801718353043078,0.801718353043078,0.801718353043078,0.801718353043078,0.801718353043078,0.801718353043078,0.801718353043078,0.801718353043078,0.801718353043078,0.801718353043078,0.801718353043078,0.801718353043078,0.801718353043078,0.801718353043078,0.801718353043078,0.801718353043078,0.801718353043078,0.801718353043078,0.801718353043078,0.801718353043078,0.801718353043078,0.801718353043078,0.801718353043078,0.801718353043078,0.801718353043078,0.801718353043078,0.801718353043078,0.801718353043078,0.801718353043078,0.801718353043078,0.801718353043078,0.801718353043078,0.801718353043078,0.801718353043078,0.801718353043078,0.801718353043078,0.801718353043078,0.801718353043078,0.801718353043078,0.801718353043078,0.801718353043078,0.801718353043078,0.801718353043078,0.801718353043078,0.801718353043078,0.801718353043078,0.801718353043078,0.801718353043078,0.801718353043078,0.801718353043078,0.801718353043078,0.801718353043078,0.801718353043078,0.801718353043078,0.801718353043078,0.801718353043078,0.801718353043078,0.801718353043078,0.801718353043078,0.801718353043078,0.801718353043078,0.801718353043078,0.801718353043078
0.784333381495419,0.785424118568059,0.786526752953986,0.787639701469686,0.788761414670692,0.789890378350665,0.791025114718507,0.792164183272559,0.793306181392086,0.794449744667061,0.795593546987846,0.796736300416696,0.797876754863146,0.799013697585226,0.800145952538206,0.801272379592146,0.802391873638944,0.803503363608897,0.804605811415969,0.80569821085007,0.806779586433665,0.807848992258958,0.808905510820809,0.809948251859361,0.810976351225174,0.811988969778396,0.812985292332324,0.81396452665038,0.814925902504333,0.81586867080031,0.81679210277794,0.81769548585549,0.818578120719356,0.819439336520751,0.820278480871331,0.821094918807301,0.821888032488492,0.822657220976067,0.823401900085454,0.82412150231041,0.824815476813544,0.825483289478096,0.826124423015363,0.826738377121855,0.82732466868003,0.827882831996297,0.828412419069999,0.828912999887038,0.829384162732013,0.829825514512885,0.830236681092493,0.830617307621573,0.830967058868333,0.831285619540113,0.831572694593151,0.831828009527029,0.832051310660956,0.832242365389655,0.832400962417241,0.832526911968124,0.832620045974606,0.832680218241487,0.832707304588621,0.832701202972975,0.832661833592331,0.832589138973348,0.832483084047193,0.832343656216471,0.832170865417594,0.831964744183124,0.831725347708973,0.831452753931578,0.831147063620435,0.830808400491455,0.830436911346745,0.830032766246374,0.829596158717652,0.829127306007286,0.828626449381584,0.828093854479571,0.827529811723536,0.826934636791076,0.826308671152193,0.825652282674437,0.824965866298404,0.824249844785188,0.823504669536609,0.822730821488147,0.821928812073649,0.821099184259836,0.820242513647678,0.819359409636555,0.818450517976765,0.817516524327174,0.816558148609787,0.815576149644992,0.814571326880561,0.813544521793578,0.812496619288057,0.811428549073743,0.810341287010426,0.809235856400873,0.80811332921436,0.806974827221629,0.805821523021115,0.80465464093528,0.803475457755024,0.802285303309408,0.801085560837278,0.799877667136931,0.798663112469678,0.797443440193112,0.79622024610005,0.794995177439596,0.793769931597531,0.792546254414349,0.791325938120743,0.79011081887225,0.788902773867061,0.787703718033839,0.786515600279579,0.785340399291353,0.784180118889961,0.783036782938225,0.781912429811795,0.780809106445881,0.779728861977214,0.778673741006691,0.777645776514518,0.776646982466068,0.775679346153061,0.774744820320833,0.773845315138374,0.772982690073137,0.77215874573743,0.771375215777146,0.770633758876617,0.769935950955435,0.769283277633851,0.768677127043028,0.768118783054706,0.767609419001876,0.76715009195774,0.766741737634771,0.766385165958971,0.766081057366796,0.765829959863596,0.765632286873224,0.765488315898666,0.765398188003499,0.765361908113894,0.765379346130801,0.765450238832344,0.765574192537247,0.765750686491668,0.765979076934118,0.766258601786485,0.766588385913444,0.76696744688798,0.767394701197233,0.76786897082054,0.768388990110274,0.768953412905853,0.769560819812096,0.770209725574743,0.770898586488502,0.771625807776162,0.772389750881135,0.773188740620143,0.774021072147427,0.774885017686905,0.775778832993836,0.776700763512857,0.77764905020451,0.77862193501759,0.779617665989681,0.780634501963136,0.781670716908314,0.78272460385026,0.783794478398963
0.769726759611426,0.772022378021398,0.774316240765907,0.776605469985788,0.778887404501879,0.781159590586005,0.783419771953009,0.785665879130892,0.787896018351809,0.790108460093223,0.792301627386144,0.7944740839962,0.796624522573305,0.798751752856888,0.800854690015934,0.802932343196396,0.804983804342685,0.807008237354767,0.80900486763783,0.810972972097223,0.812911869627397,0.814820912139622,0.816699476169331,0.818546955099809,0.82036273706831,0.822146161024234,0.823896628504048,0.825613540595743,0.827296284517519,0.828944230411944,0.830556728899573,0.832133109374865,0.833672679020773,0.835174722512188,0.836638502372507,0.838063259942191,0.839448216913151,0.840792577378548,0.842095530343773,0.843356252641455,0.844573912167809,0.8457476689644,0.846876685765544,0.847960129836309,0.848997173607887,0.849986998863498,0.850928800909554,0.851821792676,0.852665208692943,0.853458308894355,0.854200382203726,0.854890749860927,0.855528768454153,0.856113832625694,0.856645377425166,0.857122880288916,0.857545862629281,0.857913891022431,0.858226577988447,0.858483582362115,0.858684609257629,0.858829409634979,0.858917779480147,0.858949558615482,0.858924629160609,0.85884291366802,0.858704372961098,0.858509003705629,0.858256835748975,0.857947929263923,0.857582371736776,0.857160274841554,0.856681771244137,0.856147011381873,0.855556160265475,0.854909394351077,0.854206898530871,0.853448863291101,0.852635482091255,0.851766953366282,0.850843479065487,0.849865258291453,0.848832487786447,0.847745361207828,0.846604068866688,0.845408797963869,0.844159733354681,0.842857058870512,0.841500959222252,0.84009162250703,0.838629243336156,0.837114026598507,0.835546191869877,0.833925978475022,0.832253651205371,0.830529506691604,0.828753880426522,0.826927154429892,0.825049765543211,0.823122217384099,0.821145096792881,0.819119076278659,0.817044926526784,0.814923527649658,0.812755880693556,0.81054311948063,0.808286522736207,0.805987526445755,0.803647736378973,0.801268940710193,0.798853122654223,0.796402473024874,0.793919402609248,0.791406554234369,0.788866814383636,0.786303324198813,0.783719489678884,0.7811189908602,0.778505789733301,0.775884136621213,0.773258574712742,0.770633942413523,0.768015373149009,0.765408292229114,0.762818410366439,0.760251713431743,0.757714448034729,0.755213102538911,0.752754383159634,0.75034518485746,0.747992556827833,0.745703662503544,0.743485734129217,0.741346022134877,0.739291739724309,0.73733000329666,0.735467769527097,0.73371177013273,0.732068445530312,0.73054387873863,0.729143730978125,0.727873180462286,0.726736865852553,0.725738835758338,0.724882505508976,0.724170622213172,0.723605238866274,0.723187697982691,0.722918624937423,0.722797930914406,0.722824825095719,0.722997835496525,0.723314837664177,0.723773090319916,0.724369276927854,0.725099552125562,0.725959591938068,0.726944646716321,0.728049595785502,0.729269002851979,0.730597171294775,0.732028198553797,0.733556028919307,0.73517450412233,0.736877411221771,0.738658527379064,0.740511661203617,0.742430690440717,0.744409595856617,0.74644249125207,0.748523649604707,0.750647525401518,0.752808773274954,0.75500226309946,0.757223091739778,0.759466591668349,0.761728336687186,0.764004145000428,0.76629007988817,0.768582448231187
0.758894118313233,0.762356942904277,0.765775729588324,0.769148206444589,0.772472554167728,0.77574736641017,0.77897161145638,0.782144595250181,0.785265925748525,0.788335478542756,0.791353363669594,0.794319893526992,0.797235551812727,0.800100963414444,0.802916865197001,0.805684077654827,0.808403477421894,0.811075970658457,0.813702467360386,0.816283856690461,0.818821009268604,0.821314758842341,0.82376582143411,0.82617465211766,0.828541778301763,0.830867630925792,0.833152496850141,0.835396510855424,0.837599649974165,0.839761730166451,0.841882405322896,0.843961165811505,0.845997347179705,0.847990165161729,0.849938689310156,0.851841848676377,0.85369844148484,0.855507153092708,0.857266598289953,0.85897530296245,0.860631714279986,0.862234216565498,0.863781147682812,0.865270815713757,0.866701515700181,0.868071546234266,0.86937922569107,0.87062290791013,0.871800997147583,0.872911962136378,0.873954349109129,0.874926793655794,0.875828031306216,0.876656906745384,0.877412381586879,0.878093540647136,0.878699596679839,0.879229893545835,0.879683907809453,0.880061248767005,0.880361656927531,0.880585000979718,0.880731282384733,0.880800838146717,0.88079394906797,0.880710914903113,0.880552181875827,0.880318584466988,0.880011693470123,0.879632011518397,0.879179967155069,0.878655999845744,0.878060552933269,0.87739406626793,0.876656968594455,0.875849669783408,0.874972552999801,0.874025966906098,0.873010218000065,0.871925563190038,0.870772202719636,0.86955033123403,0.868260124559458,0.866901661783033,0.865474950702515,0.863979922563069,0.862416427478887,0.860784230641562,0.859083015334895,0.857312418740463,0.855472004377581,0.853561253834079,0.851579569178674,0.849526275509456,0.84740062472292,0.845201800556145,0.84292892494962,0.840581065773814,0.838157245959185,0.835656244830454,0.833075716346807,0.830414241337679,0.827670656414019,0.824843895848064,0.821932989395712,0.818937191820474,0.81585600797053,0.812688838628675,0.809435188720028,0.806095079740379,0.802668818103471,0.79915702556001,0.795560673796223,0.791881120965004,0.788120150376998,0.784280011588496,0.780363464120567,0.776373824024636,0.772315013468113,0.768191613442259,0.764008919584406,0.75977300094728,0.755490761326899,0.751170002463506,0.74681948804222,0.742449006927402,0.73806943345558,0.733692781881512,0.729332251227747,0.725002255856679,0.720718436120691,0.716497642544562,0.712357886295768,0.708318248395391,0.704398740452133,0.700620110922814,0.697003593247177,0.693570595807059,0.690342338466114,0.687339446128009,0.684581515658719,0.682086677716904,0.679871178452706,0.677949006714537,0.676331589810345,0.675027575130173,0.674042706904807,0.673379798464042,0.673038792170267,0.673016893090326,0.673308759186808,0.67390673038909,0.674801080758171,0.675980281154684,0.677431263388803,0.679139680013936,0.681090156289243,0.683266532270051,0.685652093622161,0.688229789855604,0.69098243851909,0.693892913723245,0.696944317321218,0.700120131235173,0.703404349772278,0.706781591274216,0.710237189019907,0.713757261880936,0.717328765754541,0.720939524569364,0.72457825827074,0.728234594380606,0.731899034951556,0.7355629392359,0.739218499344449,0.742858709419143,0.746477329928523,0.750068848493562,0.753628438443094,0.75715191609363
0.752224248637646,0.756652586098409,0.76097394551606,0.765189346333762,0.76930031734719,0.773308835978812,0.77721727417838,0.781028349634334,0.784745081062285,0.788370746440639,0.79190884318582,0.795363049396995,0.798737185449615,0.802035175375245,0.805261007628765,0.808418695009632,0.811512233667562,0.814545561281006,0.817522514644814,0.820446787037778,0.823321890432675,0.826151130441996,0.828937136329562,0.831682484985942,0.834389532863673,0.83706021809722,0.839696035102609,0.842298012080788,0.844866697881412,0.847402232977296,0.849904291883278,0.852372511589108,0.854806315080737,0.857204306999353,0.859564698337549,0.861885349501696,0.864163803291922,0.866397321055844,0.868582921463853,0.870717421310551,0.872797477720728,0.874819631128324,0.87678034840186,0.878676065507831,0.880503229132598,0.882258336720862,0.883937974432756,0.885538852569624,0.887057838068754,0.888491983718091,0.889838444131922,0.891094277172856,0.892257079829272,0.893324754180227,0.89429549260011,0.895167959359864,0.895941578976094,0.896615778068878,0.897190321169214,0.89766839167799,0.89805234365858,0.898342515958533,0.898539374335324,0.898643508582807,0.898655627948739,0.898576554842501,0.8984072168449,0.898148637046788,0.897801922760325,0.897368252665759,0.896848862477372,0.896245029234323,0.89555805434492,0.894789250654468,0.893939935510673,0.893011375738848,0.892004780357074,0.890921282731006,0.889761920686957,0.888527616806014,0.887219159154637,0.885837182708903,0.884382151726729,0.882854343314881,0.881253832425514,0.879580478500618,0.877833916275827,0.876013761766661,0.874119510913911,0.872150354445354,0.870105233630769,0.867982833370393,0.865781606540379,0.863499870529913,0.861135723111674,0.858687024997479,0.856151404746782,0.853526265531429,0.850808794141449,0.847995972177048,0.845084589133677,0.84207122783852,0.838952275897723,0.835724135830546,0.832383219514178,0.828925905113748,0.825348559461711,0.821647552167988,0.817816066025755,0.81384802084832,0.809740158444175,0.805489454060737,0.801093147333881,0.79654904987539,0.791855640294204,0.787010633903521,0.782013041390102,0.776862599445447,0.771559652637674,0.766105224126514,0.760501098970858,0.754749923113985,0.748855321685833,0.742822040885641,0.736656118390476,0.730365087943811,0.723958224445347,0.717446836359225,0.710844612351521,0.704168028366523,0.697436819213822,0.690674514163558,0.683909027554013,0.677173280974096,0.67050581074585,0.663951280961652,0.657560777812089,0.651391709931422,0.645507096271159,0.639974016127599,0.634861066911802,0.630234862147903,0.626155902570053,0.622674481656729,0.619827474466007,0.61763673965238,0.616109419390723,0.61523984225522,0.615012310235056,0.615403964572298,0.616387142229639,0.617930978785972,0.620002310370506,0.622566092295584,0.625585587858949,0.629022532879297,0.632837399616869,0.636989803465726,0.641439034544931,0.646144730811772,0.651067602981399,0.656169801453807,0.661415386698033,0.666770726639008,0.672204775945177,0.67768924133503,0.683198645483729,0.688710306649347,0.69420425257831,0.699663085813929,0.705071799964381,0.710417638404368,0.715689888759655,0.720879674978444,0.72597976960713,0.730984416646276,0.735889167389554,0.740690730494597,0.745386836664885,0.749976117684438
0.749370445536742,0.754428834069004,0.75931521650555,0.764035633644811,0.768596232808711,0.773002474979064,0.777260659872026,0.781377599029099,0.785360272729996,0.789215865854676,0.792951763704979,0.796575500370274,0.800094723112767,0.803517300606349,0.806851214375827,0.810104499016668,0.813285184920242,0.816401231788963,0.819460453915259,0.822471717005768,0.825444580235773,0.828385532387456,0.831299790922294,0.834192546530671,0.837068258766323,0.839930482432887,0.84278117403462,0.845622216926167,0.848455147803884,0.85128062925366,0.854098558734659,0.856907798516566,0.859706195034253,0.862490653305278,0.865257177026025,0.868000933564645,0.870716798629196,0.873399327606671,0.876042553190987,0.878640138124817,0.88118546897881,0.883671749923158,0.88609209491651,0.888439616926076,0.890707513001521,0.892889144241625,0.894978109905749,0.896968315123015,0.898854031833857,0.900629952756451,0.902291238301791,0.90383392745383,0.905255650825467,0.90655417453276,0.907727665878224,0.908780541225344,0.909716883171,0.910537334148432,0.911242273589099,0.911832217069994,0.912307893559618,0.912670227586128,0.912919775715512,0.913055519218817,0.913078762105913,0.912991309788548,0.912795172138007,0.912492543141149,0.912085708075556,0.911577291648192,0.910970073027452,0.910266914787681,0.909470735078049,0.908584477177322,0.907611076674454,0.906553426582912,0.905414340761066,0.904196516069196,0.902902493743489,0.90153462050683,0.900095009963814,0.898585504842151,0.897007640644211,0.895362611260822,0.893651258321473,0.891874009729082,0.89003083390516,0.888121252625109,0.886144325322464,0.884098641527561,0.88198275958263,0.879795051634757,0.87753327155996,0.875194664098111,0.87277600554672,0.870273765457276,0.86768402281738,0.865002404127782,0.862224083800779,0.859343799209158,0.856355869245405,0.853254215991879,0.850032309941468,0.846683365058471,0.843200712618573,0.839577546787507,0.835807094024428,0.83188250127467,0.827796801908805,0.823542980915719,0.819113969757015,0.814502478184249,0.809694994178603,0.804680572940697,0.799453190750904,0.79400704385899,0.788336537657553,0.782436434202268,0.776302774610099,0.769929846220664,0.763313499301395,0.75645038431683,0.749337496131336,0.741972201426021,0.734352285820974,0.726476028459024,0.718342314435443,0.709950799235355,0.701302144875978,0.692398355724002,0.683243254573842,0.673843159200385,0.664207850741122,0.654351975551082,0.644297104464006,0.63407480856363,0.623731329010004,0.613334749754648,0.602985990925852,0.592835068392456,0.583102410607883,0.574097289077936,0.566205632861414,0.559801282254201,0.555087402742303,0.552007476168041,0.550334725225861,0.549828739605821,0.550319560221784,0.551713334627674,0.553966436233475,0.557057180541094,0.560964191295095,0.565652718179102,0.571069167781652,0.577141402355232,0.583782469873022,0.590896620588591,0.598385747922848,0.60615483403434,0.614115879252909,0.622190110848609,0.630309366647532,0.638416075146752,0.646462596228256,0.654410289802907,0.662228434807014,0.669893128632456,0.677386243983569,0.684694482978579,0.691808544246948,0.698722404336636,0.705432706848417,0.711938248986042,0.718239553979668,0.724338517996784,0.730238121001286,0.735942192138257,0.741455221373446,0.74678221018115
0.749398768378963,0.754679310934372,0.759738523052289,0.764586766749817,0.769234066883113,0.773690197649904,0.777964773309884,0.782067338389106,0.786007452743435,0.789794767064235,0.793437608355631,0.796944457053413,0.800326494089537,0.803596431255043,0.806772210257532,0.809867342000126,0.812894413816766,0.815865697898524,0.818791089264358,0.821681986564745,0.824550987393372,0.827409728051624,0.830268192628198,0.833136238463972,0.836022406515905,0.838933792994687,0.841876462886736,0.844855016236954,0.847872189776842,0.850928951667122,0.854023263931409,0.85715161767413,0.860308111518153,0.863487452441943,0.866682943124596,0.869887006623527,0.873090549837749,0.876283145524792,0.879453281034053,0.882589006574907,0.88567879192897,0.888710750459508,0.891672936243861,0.894553511248966,0.897340896687701,0.900023909351884,0.902591882315143,0.905034769947992,0.907343459314426,0.909511875484353,0.91153461248046,0.913406525100813,0.915124327866209,0.916696521470896,0.918124289838574,0.919406375304209,0.9205418877829,0.921530318810772,0.922371563864024,0.923066049844166,0.923615070877779,0.924020890252098,0.924285443074601,0.924411242715472,0.924401500877189,0.924261212210463,0.923994136927201,0.923605228057604,0.923097303620997,0.922471447759127,0.921732543837734,0.920886092122739,0.919937457793599,0.918892027889094,0.91775519915033,0.916532326216719,0.915228664915958,0.913849311514738,0.912399138944102,0.91088273112875,0.9093043166286,0.907667702841386,0.905976212016637,0.904232620296123,0.90243910092742,0.900597172700872,0.89870765454178,0.896770627055344,0.894785401677341,0.892750497933666,0.890663629160053,0.888521750678292,0.886322016565317,0.884061014085942,0.881734340104911,0.879336770289858,0.8768626622825,0.874305837583296,0.871659387534865,0.868915700103545,0.866066494315912,0.863102860146324,0.860015162475865,0.856793268620494,0.853427504100291,0.849908071748836,0.846225045701403,0.842368399789046,0.838327674586774,0.834091757949436,0.829650412226611,0.824993448861416,0.820110778830853,0.814992677918806,0.809624299991768,0.803985207882324,0.798066881737249,0.791861743827116,0.785362487445945,0.778561814893014,0.771452724174547,0.764029241113316,0.756282566338958,0.748206234957401,0.739793703977866,0.731037987066527,0.721931530316331,0.712466092873271,0.702632637428497,0.692421237526175,0.681821011726036,0.670820099716182,0.659405704020716,0.647564235977324,0.635281632396357,0.622543963655393,0.609338568597012,0.595656216098445,0.581495474209814,0.566872471850771,0.551846189481254,0.536598854375272,0.521761052581613,0.509621819195516,0.502939519790743,0.49918183248972,0.49630321305389,0.493972018477066,0.492372931695389,0.491871972063409,0.492889071490417,0.495786301113255,0.500755289815148,0.507750979641907,0.516511777521092,0.526648379962805,0.537744172409227,0.549425362302506,0.561390337233378,0.573411617789084,0.585325426593086,0.597018007287957,0.608413021776085,0.619461388700841,0.630133594295786,0.640414055611897,0.650297048868796,0.659783782976936,0.668880294286798,0.677595925507981,0.685942219978132,0.693932112761937,0.70157933597365,0.708897980924919,0.715902177219431,0.722605861003184,0.729022612851777,0.735165551372928,0.741047272321646,0.746679825428767
0.750933709012675,0.756057530074455,0.760938832533416,0.765588644019889,0.770017164254165,0.774234029156093,0.778248579309065,0.782070124034086,0.78570819199499,0.789173195392672,0.792484260785338,0.795656693343556,0.798702887805409,0.801630990975205,0.804447550087875,0.807170058365771,0.809817228724053,0.812408557454155,0.814964113062351,0.817504265389643,0.820049363101357,0.822618817912398,0.825228931822304,0.827893600160116,0.830628232974772,0.833443593498872,0.836349055621194,0.839354275322363,0.842465639654966,0.845686137202328,0.849015320256362,0.852449358814047,0.855981181870255,0.859600697354077,0.863295078735163,0.867049104031797,0.870845531777486,0.87466550014313,0.878489682735837,0.882298136302205,0.886069690460139,0.889782805713785,0.893417543524533,0.89695480746569,0.900376194371935,0.903664271657073,0.906803149503323,0.909782191729871,0.912591567086446,0.915221801885439,0.917664329853088,0.919920896466169,0.922000568106784,0.923900790769094,0.925619432156101,0.927154966054624,0.928506662279331,0.92967411262505,0.930658039141497,0.931460079653775,0.932082304855899,0.932527235094693,0.932797858652778,0.932897650276368,0.932830704422371,0.932602335565935,0.932218191480602,0.93168471659299,0.931010903916093,0.930205492011361,0.929277705020021,0.928234668036652,0.927078142771888,0.92581389044656,0.924453714352252,0.923006830900527,0.921482163767861,0.91988841595566,0.918233972126165,0.916526795138211,0.914774319470643,0.912983344282951,0.911159928811813,0.909309292648727,0.907435723205437,0.905542492373355,0.903631784046455,0.901704633829634,0.89976088191816,0.897799139824689,0.895816771356678,0.893809888009459,0.891773382203437,0.889702304992139,0.887591308307255,0.885433456647665,0.883220662466271,0.880944374305472,0.878595146000662,0.876162476953717,0.873634873868544,0.870999921622656,0.868244068421307,0.86535313185426,0.86231396902793,0.859113019904416,0.855736380231059,0.852171072614377,0.848404347121587,0.844423696466529,0.840216876890311,0.835771908928206,0.831077056846554,0.826120785888245,0.820890788834,0.815373082819177,0.809541142972749,0.803382156153734,0.796890625605456,0.790061145879388,0.782888316165217,0.775367396191854,0.767493863530566,0.759264830523717,0.750673821357931,0.741717634990456,0.732393169153119,0.722696950421807,0.712625124248989,0.702173534520778,0.691337934016434,0.680114385508248,0.668499940129382,0.656493718078962,0.644098568881182,0.631323551170923,0.618187524673507,0.604724120791877,0.590988070532959,0.577061922304078,0.563059955744548,0.549122264346506,0.535388335578678,0.521953589234739,0.508816038825993,0.49585880288892,0.482893147473649,0.469755822766683,0.456458466102594,0.443478601711009,0.432484574188069,0.427668342017075,0.433866666112699,0.449025174767139,0.467755195061107,0.487161781349411,0.506157174051602,0.524356543608198,0.541637232852015,0.557979896119031,0.573407674536202,0.587961123565295,0.601687265820673,0.614634639635217,0.626851036622341,0.638382489774085,0.649272852043612,0.659563650507682,0.669294062478455,0.678500938677312,0.687218838462789,0.695480062894032,0.703314682442409,0.710750561990377,0.717813388660426,0.724526709169774,0.730911983430852,0.736988660365739,0.742774280599872,0.748284609016294
0.752388297373676,0.757076234883212,0.76153287327754,0.765764384596955,0.769775623235654,0.773570647637884,0.777153280332393,0.780536660867537,0.783734750356399,0.786754315476054,0.789596272574765,0.792268840524283,0.794785489725004,0.797161653606742,0.799414869240378,0.801562604700584,0.80362001911291,0.805613879255637,0.807569934792096,0.809518636382986,0.811493789565476,0.813521741393058,0.815631019875645,0.817853562776809,0.820219546857337,0.822755535183541,0.825482527840344,0.828416745855571,0.831568794845576,0.834943115483208,0.838537923257575,0.842345363080969,0.846351862807611,0.850538657648776,0.854882448637388,0.859356153395093,0.863929706569994,0.86857086999183,0.873246018000918,0.877920870530828,0.882561441551924,0.887135975578018,0.891612634587464,0.895960477939983,0.900152419894951,0.90416808426684,0.907992093203146,0.911608651377189,0.915003380155741,0.918163359104435,0.921090045831047,0.923794719204367,0.926273886408318,0.928524978688653,0.930546148311669,0.93233725676477,0.933899321709021,0.935233796975619,0.936342578344526,0.937228022351191,0.93789306599672,0.938342093487173,0.938580310458743,0.938613269511308,0.938446964386058,0.938087912361895,0.937543230420771,0.936820545128816,0.935928872094387,0.934878536441806,0.933680346928215,0.932345606790876,0.930889446884415,0.929328601213321,0.927671232151939,0.925921843101274,0.924091514776651,0.922194197287626,0.920248223977373,0.91826754989926,0.916266301960773,0.914260160985698,0.912259412913002,0.910272558882255,0.908306469477465,0.906366305370719,0.904455458076073,0.902575510548703,0.900726216662969,0.898905498155419,0.897109457446848,0.895332404842575,0.893566898896349,0.891804005101689,0.890035716584859,0.8882527597034,0.886443782157011,0.884596419411303,0.882697556802664,0.880732597200414,0.878685497593086,0.876538868766473,0.874273438379558,0.871870203705914,0.869318010166602,0.866602395030684,0.86370538831116,0.860606005581288,0.857288434329913,0.853737675159453,0.849939375479099,0.84587969938044,0.841543707873458,0.836919139514153,0.831995436766346,0.826762785263984,0.821211016123741,0.815311610727918,0.809051854233282,0.802428264277267,0.795442612593339,0.788097443815148,0.780395013545238,0.772338364144581,0.763932369423262,0.7551816750051,0.746090275376998,0.736665892253525,0.726916384128809,0.716849774791316,0.706474365758354,0.695798944042882,0.684833089523215,0.673587571160308,0.662074793350697,0.650309206334346,0.638307521734637,0.626088475898806,0.613671777449322,0.601075428050712,0.588309971939497,0.57538076821415,0.56227849552529,0.548971628110406,0.535408048069603,0.521523725002812,0.507268313137,0.49266383039006,0.477925327666194,0.463753190054172,0.452007889100504,0.446586635619665,0.451390728960381,0.464843219378555,0.482337814591617,0.500947101146749,0.519396414572909,0.537174021846931,0.554084658757332,0.57006814280917,0.585124631633444,0.59928207028627,0.612581216495086,0.625068436672085,0.636792116348664,0.647800816067686,0.658142288348117,0.667862919967297,0.677007379044671,0.685618354710678,0.693736334185276,0.701399393504975,0.708642996144776,0.715499804344789,0.721999514010519,0.728168727067905,0.734030875863006,0.739606213037115,0.744911877623082,0.749962044252654
0.752208033512314,0.756316733835149,0.760238450437684,0.763967789704975,0.767497781736096,0.770834433504004,0.773977885044984,0.776916712373934,0.779637373331595,0.782138924647104,0.784423271859527,0.786495689669202,0.788365508228983,0.790046642687556,0.791556821771149,0.792913308831073,0.794146473878727,0.795282414286565,0.796349304834422,0.797395516963854,0.798477216284357,0.799652120463531,0.800975577693906,0.802502016622633,0.804284068863324,0.80636709608048,0.808788226609146,0.811575094780494,0.814744153366483,0.81830113731499,0.822241227985844,0.826548771940727,0.831198152568513,0.836155052734953,0.84137796946284,0.846819861392126,0.852429816364448,0.858154643744466,0.863940319638685,0.869733238630967,0.875481249483514,0.881134472137977,0.886646316871604,0.89197695526644,0.897097945533813,0.901983574734384,0.906611510097224,0.910961545497311,0.915015810795138,0.918765965782795,0.922230650928054,0.925409097775325,0.92829944118222,0.930902527547548,0.933219977286977,0.935253780404019,0.937006242840777,0.93847998366614,0.939678921855334,0.940608310066198,0.941273437784256,0.941679685041328,0.941832631987493,0.94173728957597,0.94140170056063,0.940835354909091,0.940048133132676,0.939044168092847,0.937832094986141,0.936426205758375,0.934841871646137,0.933095530634724,0.931204636104198,0.929187563112137,0.927063470948915,0.924857576186717,0.922606161508124,0.920321768179278,0.918019038433671,0.915715685429717,0.913428296129986,0.911178508251037,0.908981621165437,0.906849672442111,0.904792396244529,0.902817114150383,0.900928665533439,0.899129374124161,0.897419045500631,0.895794989344329,0.89425206039281,0.892782713038559,0.891377066223599,0.890022977328069,0.888707773590758,0.887419927123881,0.886144770702745,0.884865708225489,0.883565452296483,0.882224819074702,0.880822602502958,0.879335735017689,0.877738097228754,0.876004584057881,0.874112311472084,0.87203865115611,0.869761433597616,0.867259136204528,0.864511050589175,0.861497456155687,0.858210888354193,0.854635661782769,0.85075210604141,0.846549226592802,0.842017458832635,0.83714844966728,0.831932782508906,0.826357682362587,0.820396040050592,0.814051919234184,0.807335015659977,0.800253874879239,0.792817473944992,0.78504114870079,0.776939797493231,0.768529379796633,0.759829084027993,0.750854188241332,0.741625791724957,0.732165398108835,0.722494305908464,0.712633499970792,0.70260357468746,0.692424676659641,0.682116449777787,0.671697965048852,0.661187626659536,0.650603073873764,0.639958593666698,0.629270445728817,0.618560563231701,0.607853604999473,0.597181514616468,0.586590014887949,0.576150838191281,0.565983309084598,0.556279648572231,0.547332089795749,0.539560954696806,0.533521756231845,0.529848784870794,0.529104418329837,0.531570629036518,0.53711077382901,0.545215981679052,0.555195211450672,0.566366949035669,0.578165776870461,0.590168585620163,0.602078818453463,0.61369837416528,0.624901042855512,0.635611603204304,0.645790598667429,0.65542360680163,0.664513741891983,0.673076380510354,0.681135378837774,0.688720277338004,0.695864154269195,0.702601906380454,0.708968816817998,0.71499932768951,0.720725975340651,0.726178474801486,0.73138295873799,0.736361387118956,0.741131147692514,0.745704865225007,0.750090430491028
0.748997855980928,0.752527126098291,0.755949872156489,0.759254616748199,0.762427873196143,0.765433974735226,0.768235144402333,0.770806466041338,0.773124892582054,0.775170882267582,0.776929970924418,0.778394124507366,0.779555607009986,0.780420854422647,0.781012102620931,0.781354887874989,0.78147689790508,0.781430731966459,0.781267045354403,0.781053189520095,0.780877476072714,0.780833579452713,0.781015041598257,0.781515351889508,0.782424815721651,0.783821758562266,0.785770568171282,0.788318558213779,0.791493714372673,0.795303531121989,0.799734429044224,0.804754164015946,0.810314048216904,0.816351226066268,0.822792147482036,0.829556138389185,0.836558768415775,0.843714813800487,0.850940700391253,0.858156389116595,0.865286725571447,0.872262313853919,0.879022846558951,0.885528072859187,0.891740543473116,0.897628606276143,0.903162330275627,0.908318949624449,0.913079361510195,0.917456744137291,0.921467246808649,0.92511399130858,0.928401176829479,0.931333323285428,0.933915071608904,0.936150954541062,0.93804743312476,0.939611737015951,0.940850326940483,0.941768551815038,0.942369460576718,0.942661154033022,0.942650815015481,0.942335333603141,0.941722657483526,0.94082462375442,0.939654072918353,0.938225077730493,0.936553157319647,0.934655460254221,0.932550900504312,0.930260231445578,0.927807572769933,0.925232148839624,0.922565930018744,0.919838028699848,0.91707740586788,0.914315304745081,0.911585588564043,0.908903826708746,0.906289296832249,0.903762359623378,0.901339338158792,0.899039346493419,0.896880280114224,0.894871932637539,0.893020617801551,0.891329195045848,0.889797145538468,0.888420677728825,0.887192842914301,0.886103645736674,0.885140141074383,0.884286516237,0.883524928296031,0.882839959649241,0.882213215158972,0.88162300475915,0.881046666829905,0.880459072701381,0.879832190046656,0.879135203760217,0.87833282089762,0.877393433329111,0.876287938939631,0.874987350965917,0.873463463807438,0.871689339065728,0.869639587347594,0.867290608613875,0.864620784400124,0.86161061727324,0.858242814625852,0.854502231006249,0.850370638772145,0.845852021703002,0.84094605469057,0.835653514755345,0.829953128072543,0.823837734495356,0.817323980556305,0.810436604476456,0.803202121497427,0.795647100125284,0.787794515228853,0.779674717031573,0.771318161163719,0.762759078109797,0.754027107882714,0.745157457414534,0.736185406483586,0.727144767498834,0.718067921498803,0.708986109667501,0.699928162712389,0.690920951766844,0.681989605598029,0.673155091798866,0.664440617500695,0.65587838144483,0.647504224662524,0.63935931197171,0.631493961081343,0.623973797661594,0.616888999301799,0.610354648568351,0.604512705469828,0.599534157204237,0.595615227789172,0.592959651692539,0.591750528225096,0.592115444275727,0.594094701884746,0.597624694589738,0.602543754847327,0.608618109174837,0.615577478144387,0.623148295555152,0.631079877405002,0.639157823573076,0.647208753491179,0.655099387532944,0.662732588475169,0.670042260357429,0.676988184893432,0.683551298057185,0.689729563654871,0.695534420943708,0.700987706351784,0.706118930454281,0.710962803439632,0.715556930138669,0.719939630822961,0.724147881076287,0.728215398816931,0.732170934871949,0.736036841465918,0.739827997559036,0.743551159913347,0.747204785323238
0.741541261130468,0.74463620014123,0.747779675184816,0.750917936382523,0.753977232530076,0.756897478206147,0.759617549519865,0.762077207648292,0.764220089991292,0.765995890933902,0.767353290988395,0.76826360713309,0.768715891990541,0.768704142163708,0.768229834493074,0.767328854212831,0.766055137149281,0.764480319472463,0.762692674885813,0.760778360354417,0.758860770200408,0.757088589568205,0.75561769138559,0.754607809794265,0.754214666472022,0.754576917712408,0.755809519225346,0.757996082942226,0.761183288937175,0.765378220944431,0.770549038176826,0.776628697299009,0.783520939091674,0.791109047270251,0.79926251198565,0.807844340254963,0.816717493743023,0.82574987774421,0.834817841336292,0.843808335141068,0.852619970598179,0.861167946216805,0.869397416515638,0.877256038709566,0.88469777242338,0.89168356455618,0.898185119017391,0.904177354522805,0.909648644080748,0.914637691978102,0.919162930657913,0.923234905340213,0.926864179202605,0.93006045765549,0.932835508831651,0.935202080136643,0.937171032541828,0.938747196975322,0.939938488612215,0.940751078344453,0.941180409260752,0.941236787149504,0.940931163662522,0.940274264906702,0.939276974658697,0.937950776628467,0.93630823526641,0.934363490769525,0.932132740741692,0.929634678694535,0.926894699800736,0.923958938414643,0.920863547025571,0.917644045443762,0.914337375216418,0.910981550360649,0.907615148397159,0.904276663469211,0.90100381605602,0.897837268684062,0.894809175407499,0.891940876662646,0.889255427115759,0.886772159795797,0.884503552015894,0.882463089895524,0.880663960621388,0.879108756167077,0.877795676689284,0.876718869352664,0.875868730171875,0.875232128295766,0.874792532968662,0.874530046979055,0.87442172931088,0.874447242683442,0.874584122031926,0.8748050648258,0.875082166269393,0.875382639091461,0.875669170323705,0.875899865440594,0.87602785026171,0.876012778329841,0.87581584629229,0.875399225548459,0.874726625957134,0.873763814002205,0.872479067707449,0.870843556567725,0.868831639973639,0.866421081642302,0.863593180291739,0.860332818284602,0.85662843043733,0.85247189495096,0.847842368756736,0.84272567570874,0.837150087315392,0.831110552934603,0.824641253441695,0.817780246415949,0.810562943694705,0.803032141313699,0.795235567018673,0.787219800523657,0.779026035491749,0.770701735469495,0.762297393171208,0.753858575487105,0.745435730873184,0.737077837368441,0.728830413681921,0.720735102391264,0.712829342286243,0.705147030574299,0.697714870906671,0.690562492436928,0.683725427518076,0.677236921845316,0.671126795203509,0.665424750439023,0.660163799895117,0.655387963308617,0.651146182039269,0.647490876746174,0.644481921002022,0.642185312311263,0.640667682944026,0.639988500656975,0.640190507366929,0.641290058324698,0.643269571412893,0.646074144633337,0.649613436451856,0.653768467318655,0.658401726253806,0.663368380220822,0.668526593930843,0.673745687978277,0.678911680690597,0.683930379633687,0.688728466303176,0.693251684276333,0.697467251171885,0.701361996090033,0.704939432221614,0.708217761706992,0.711227741852646,0.71401038467291,0.716614439956124,0.719093619351362,0.721503552808991,0.723898524590422,0.726328105676846,0.728833869666917,0.731446433341976,0.734183083993101,0.737046231533543,0.740022852915826
0.728766148414405,0.731754950993325,0.73497946428666,0.738335987951212,0.741716780216659,0.745006540651986,0.74808850743953,0.750849669989434,0.753174955394075,0.754970852676417,0.756168588766296,0.756709448462037,0.756536085096987,0.755632778461292,0.754009397153775,0.751699795385927,0.74876359454274,0.745288036930103,0.741389673902367,0.737207500150348,0.732895748942493,0.728677693045743,0.724805468682237,0.721549229850564,0.719181034772687,0.717953129510716,0.718079409908164,0.719715645442025,0.722944251702984,0.727767013018261,0.734107456599537,0.741822187360123,0.750718398034343,0.760573709248603,0.77115591109223,0.782236233758208,0.793599519863304,0.805050938140214,0.816419091684153,0.827556558229187,0.838344132315222,0.848708735611395,0.858584673823851,0.867916708024845,0.876659871127177,0.884777639457927,0.892240446346623,0.899033166970319,0.905164855857105,0.910694083301978,0.915646704672464,0.920043316186797,0.923904591236116,0.927254436242485,0.930113514643261,0.932491632967943,0.934404403582468,0.935851942600132,0.936847477090902,0.937407642105062,0.937546581490165,0.937276178784941,0.936606443882615,0.935546049804268,0.934103006346872,0.932285449245406,0.930102515315767,0.927565266285278,0.924688062181537,0.921510384966114,0.918073996513247,0.914414949689089,0.910572782560426,0.906590658633435,0.902515204008727,0.898396014376007,0.894284827486539,0.890234386427663,0.886297053904021,0.882523273920125,0.878961478563076,0.875656983964141,0.872634497811306,0.869919875001093,0.867530152727145,0.865474604821068,0.863752612487965,0.862368489760777,0.861321009738293,0.860600352028112,0.860192920795928,0.860081790912077,0.860246817960072,0.86066538378716,0.861312362629675,0.862162758188052,0.863189997058902,0.864360166336489,0.865636272219261,0.866975732801493,0.86832936617147,0.869639992165257,0.870847332668693,0.871899136485418,0.872743998060311,0.873332004246382,0.873615652224293,0.873550655383241,0.87309661602035,0.872217557614523,0.870882319610223,0.869064823906481,0.866744224944338,0.863904955085913,0.860536674664801,0.856634132454765,0.852196938110132,0.847226856452581,0.841691495862006,0.835563629987543,0.828903302844099,0.821804563073406,0.814332391881648,0.80655177245483,0.798523739752463,0.790313278891889,0.781991767365001,0.773625581286474,0.765274758343537,0.757007283811178,0.748884905402441,0.740973184073661,0.733332965719125,0.726023858461661,0.719106024301056,0.712617868725817,0.706586677953609,0.70104517624006,0.696020082819394,0.691529063769785,0.687581343061103,0.684180295304635,0.68133162980829,0.679040176707237,0.677301506068342,0.676109182271158,0.675457032714132,0.675338307721435,0.675743986803048,0.676660272907083,0.678065649843739,0.679928066965757,0.682202886956489,0.684832139902666,0.687745378591336,0.690862097930247,0.694095372494789,0.697356173816403,0.700557793031148,0.70361989317882,0.706471888117463,0.709055525796656,0.711326695893752,0.713256565660625,0.714832174553501,0.716056600222834,0.71694796196477,0.717539321987601,0.717882695052689,0.718044336768852,0.718102422068271,0.718144070980579,0.718261344605341,0.718546194340015,0.719084532463247,0.719949822426874,0.721196810058849,0.722856159149128,0.724930747668164,0.72739721240235
0.709682974394304,0.71301669903382,0.716877359350025,0.721087625350033,0.725451431954942,0.729766653838853,0.733830373173095,0.737447857891219,0.740463833844466,0.74274235145063,0.744149029731593,0.744581907044272,0.743978696548321,0.742303061203029,0.739545833709319,0.735727113526142,0.730899453629319,0.725152253469551,0.71861730792855,0.711474497617807,0.703927892757691,0.696275566407883,0.68890431066386,0.682260443998394,0.676823347919217,0.673067786639745,0.671416052925177,0.672182608345298,0.675527207178365,0.681432457515089,0.689712759656552,0.700047040802746,0.712034830022936,0.725249051250522,0.739277605839643,0.753751810245486,0.768355630236014,0.782826436313097,0.796952167517394,0.810569362845898,0.823585762662179,0.835926967711769,0.847532703410278,0.85835904588227,0.868373445666686,0.877552421526949,0.885885505133939,0.893370492704313,0.900036328590275,0.905961010492053,0.911181071277862,0.915737022988772,0.919667957390518,0.922997087964,0.925748654041989,0.927935752498214,0.929590372887555,0.930742448271085,0.931417041222772,0.931634216167165,0.931409122696118,0.930752313411941,0.92967031090304,0.928166426594653,0.926241820364494,0.923896775078606,0.92113214565904,0.917954362662853,0.914403328031382,0.91051142580648,0.906310369885164,0.901837500479896,0.897136741846446,0.892259149390407,0.887262943303997,0.882212940314225,0.877179325864416,0.872235760643155,0.867456889266185,0.862915410524995,0.85867896495075,0.854807387668326,0.851354983991421,0.848346233742479,0.845802458490592,0.84373005588138,0.842125281764257,0.840972545137335,0.840250800652758,0.839950826070631,0.84005666765557,0.840549028970816,0.841405303379978,0.842600674823688,0.844106706908036,0.845897420517304,0.847944515352531,0.850208604737362,0.852644194605073,0.85519605855427,0.857798481901295,0.860372333258117,0.862841382414002,0.86513569999304,0.867186196506542,0.868926273128065,0.870293242931589,0.871229481410707,0.871683301859126,0.871609576631892,0.870970139712616,0.869734082095502,0.867877929832449,0.865385105105811,0.862246119413198,0.858458458895042,0.854026362586837,0.848960518207256,0.843272553383497,0.836913700136276,0.829908032442177,0.822330093711655,0.81427180017496,0.805873644591469,0.797239678711235,0.788465846356694,0.779639784990188,0.770853820251301,0.762202060106688,0.75376472310828,0.745624594567418,0.73787866526386,0.730614100501614,0.723899545698183,0.717796030961498,0.71235079843747,0.707597751406514,0.703569997586696,0.700284362870755,0.697740663067745,0.695923286308712,0.694810034981099,0.694361472239037,0.694522023312061,0.695229144904213,0.69641626151839,0.698021393879366,0.699985117794874,0.702243286268533,0.70473282529609,0.70739139904634,0.710156767566013,0.712966136613839,0.715755773289959,0.718461081020176,0.721017216829441,0.723360223183442,0.725428562597504,0.727164900891722,0.728517985521284,0.729444498497375,0.729910812983204,0.729894632658151,0.729386530891971,0.728391424499504,0.726930009365838,0.725040148947081,0.722778138309919,0.720219567468015,0.717457959989347,0.714611402687751,0.711818405993977,0.70923154340529,0.7070101637108,0.705310098474629,0.704270883124855,0.704001861105943,0.704569298157091,0.705994080696335,0.708264307658775
0.683208572617538,0.687615996958331,0.692971586571313,0.698952115747967,0.705217882858124,0.711424657849246,0.717270062860489,0.722496047677415,0.726871450681686,0.73017796455201,0.732257067339639,0.732987434756272,0.732277290806481,0.730062633689175,0.726306819176541,0.721001930111619,0.71417241750697,0.705881606694183,0.696241771368785,0.685428483555158,0.673677393849478,0.661326113200002,0.648905148886595,0.637105929555169,0.62677207693014,0.618827951339607,0.614170321651876,0.613508385157827,0.617196149493639,0.62514225518431,0.636847859749915,0.651549881524987,0.66839448041033,0.686573528308813,0.70539925460961,0.724326722340068,0.742948687273417,0.760969789735385,0.778179819066113,0.794473684878599,0.809788323052733,0.824078427207768,0.837317515483466,0.84949169137293,0.860596782813647,0.870643334538776,0.87964723942259,0.887619468575188,0.8946036449054,0.900693437868863,0.905952827064619,0.910432409174352,0.914168966388608,0.917197082188663,0.919573592943237,0.921352696683189,0.922581842302615,0.923301014431926,0.923542176895577,0.923328943193303,0.922676541143739,0.921592130250477,0.920075514534243,0.918120271678749,0.915715293576595,0.912846706603008,0.909504060063801,0.905714562814812,0.901497165501503,0.896869460416091,0.891855982727278,0.886490574601371,0.880818377419837,0.874897269688237,0.868798544623611,0.862606607191494,0.856417481358916,0.850335975356121,0.844471476339547,0.838932546094693,0.833820752190397,0.829224444458389,0.825213389821675,0.821839526365488,0.819117621087589,0.817042326236234,0.815594346485938,0.814741673738856,0.814446812711617,0.81466338592569,0.815365601705624,0.816534383674317,0.818150548140219,0.820196010938055,0.822649620826405,0.825492186513701,0.828698149071096,0.832224124267328,0.83601417989219,0.839994994645947,0.844075681752532,0.848147636826624,0.852111953359469,0.855872715545423,0.859336110954816,0.862413252799378,0.865022823056802,0.867090807921077,0.868551887258807,0.869350087455192,0.869439006780679,0.868781815778093,0.867351124059784,0.865128783452746,0.862105674698646,0.858281502167037,0.853664598586094,0.848271719575895,0.842123707146536,0.835211443069013,0.827553536927768,0.819213291169054,0.810298856766752,0.800927646948287,0.791238049082636,0.781420590722495,0.771618851149405,0.761960641426434,0.752556677429187,0.743547382439932,0.735057073137805,0.727178835408947,0.720003247883041,0.71362649778746,0.708131674182446,0.703570732813158,0.699989944611658,0.697420688316988,0.695868701055254,0.69531316812731,0.695715703758128,0.697008467438072,0.699094070617781,0.701858127642035,0.705175204578882,0.708914734440046,0.712946541011565,0.717145308098898,0.721394014668946,0.725596956480089,0.729665474988865,0.733515584848774,0.737071920990761,0.74026665017317,0.74303846287698,0.745331812271513,0.747096485465922,0.748287527818493,0.748865500039699,0.748797031084702,0.74805563415016,0.746622772787031,0.7444891926508,0.741656565207762,0.738139516200676,0.73396812582142,0.729190977316974,0.723878776785617,0.718128439659788,0.71206730013656,0.705856435226726,0.699691705154707,0.693811265296382,0.688483491520501,0.683989636597485,0.680599128098308,0.678538009294177,0.677966119664655,0.678962792661745,0.681454106254486
0.648197038982417,0.654823757504122,0.662954411645191,0.672000108542902,0.681381162786747,0.690603644121988,0.69924760768689,0.706948532681765,0.713394698678487,0.718359402099605,0.721664272327509,0.723168625117202,0.722761751377204,0.720357179802504,0.715889042314294,0.709310767158654,0.700596577452466,0.689746706145911,0.676797917758861,0.661841946719166,0.64504544343875,0.626694542447535,0.607346680130163,0.587886864476104,0.569611002882873,0.554276138830871,0.543954755339647,0.540549468831416,0.545068985920023,0.557154823369243,0.57529228473824,0.597500422160508,0.62194681017384,0.647222040607445,0.672353289071315,0.696712630704985,0.719913778081483,0.741735058553634,0.762098520752687,0.780999777748855,0.798442318864369,0.81444518382331,0.829034948729313,0.842243604891514,0.854115528211958,0.864696064886001,0.874027236786062,0.882144585171883,0.889116428744191,0.895065546513948,0.900034995445278,0.904072670603513,0.907264013307035,0.909698127342956,0.911456858633769,0.912613631095902,0.913232200002322,0.91336542281974,0.913054166822981,0.912326487104984,0.911197211716309,0.909668059090363,0.907728385273971,0.905356616625115,0.902522372856301,0.899190462396993,0.89536099222489,0.89103513737615,0.886204900556417,0.880868161567515,0.875032856156052,0.868721004573719,0.861972403991487,0.854847745773126,0.847430834879592,0.839829482584932,0.832174542982867,0.824616522621053,0.817319291578987,0.810450752546166,0.804170933731705,0.798618805872122,0.793899960536808,0.790077755744335,0.787174039413585,0.785163707670424,0.783982234862558,0.783553714866097,0.783794666908232,0.784634610766718,0.786014842633402,0.787908427166783,0.790320691876053,0.793257867448597,0.796724277998205,0.800723395021207,0.805241216696078,0.810232554404397,0.815625985222257,0.821319114052802,0.827179962453563,0.833060310576413,0.838825340903477,0.844343055630619,0.849486211536335,0.854136707341551,0.858188113955498,0.861547013937262,0.864133449488093,0.865880765577093,0.866735095715326,0.866654686725192,0.865609208128049,0.863579147062243,0.860555351964448,0.856538756033145,0.85154028193959,0.845580899190216,0.838687306546834,0.83085731035873,0.822162157111936,0.812653699430264,0.802444095647904,0.791684745736888,0.780539555819683,0.76918182606531,0.75781936600843,0.746697428180192,0.736029399407494,0.725975517222363,0.716675786388031,0.708254422048619,0.700821232132164,0.69449681858444,0.689384331303819,0.685551179929452,0.6830595586782,0.681944151640484,0.682202817181719,0.683801999105103,0.686662752355045,0.690653648754128,0.695606406475425,0.701326145769587,0.707603596264532,0.714227560930694,0.720995512785771,0.727721173398886,0.734238851653303,0.740404968816447,0.746097500883134,0.751221165679166,0.755707919483387,0.759492078675434,0.762519147242873,0.764744020509338,0.766129230601656,0.766643658028202,0.76626169343362,0.76496282270354,0.762731617364701,0.759558136392394,0.755438782289041,0.750377702588857,0.74438888829312,0.737499193769154,0.729752584973603,0.721215998221081,0.711987214615074,0.702205025655533,0.692061499884569,0.681815084598964,0.671800032307285,0.66243610922598,0.654217490208601,0.647666117331651,0.643271829519352,0.641414844771159,0.642228062024535,0.645626826300849
0.603363363108708,0.614085619242284,0.626929667806932,0.640835929942768,0.654930925576427,0.668517179406105,0.681036840924227,0.692065052657074,0.701305265028998,0.70853706868768,0.713593912951475,0.716346088128952,0.716687876171236,0.714528156496145,0.709783554414397,0.70237162735461,0.692208492587591,0.679207844765504,0.663295991802435,0.644423909054387,0.622533510746921,0.597577167990117,0.569761295652343,0.53968603841529,0.508673615473475,0.479400939831904,0.456608637327308,0.446569498745046,0.453463414449297,0.475512993870673,0.506855404206037,0.542033583322348,0.57768022532473,0.612083472201248,0.64446789312655,0.674528454334215,0.702184632322308,0.727486540871238,0.750590356150782,0.771627253413859,0.790711199073368,0.807942965139442,0.823412997492766,0.837213946977495,0.849429721317886,0.860133262142014,0.869383469889047,0.877239104871295,0.883782635865819,0.889118530174176,0.893331483329833,0.896537646976166,0.898854918412736,0.90039083203433,0.901253046743226,0.901539177733196,0.901334344416745,0.900708997421535,0.89971679592618,0.898392776105277,0.896752073523087,0.894789454179121,0.892479862946161,0.889780115341191,0.886631750927911,0.88298821317358,0.878831383386773,0.874117809935026,0.868804655417437,0.862856203149535,0.856250074542175,0.848983417349638,0.841078962065317,0.832590787760036,0.823609484052059,0.814266120326952,0.804734041527262,0.795227068810703,0.785992371270554,0.777296413920572,0.769403388431458,0.762547660851667,0.756905443605538,0.752576284931944,0.749562710319723,0.747784759731972,0.747093883330239,0.747308823922761,0.748264859938683,0.74983103226576,0.751936899191358,0.754561012737468,0.757731853925834,0.761528386499855,0.766019111276736,0.771260494376725,0.777264882152817,0.783985414638788,0.791320911430911,0.799116287621883,0.807171716859595,0.815281968376173,0.823252506449261,0.830896281661268,0.838041279092666,0.844534761273244,0.850244921201507,0.855060742027207,0.858890766596509,0.861661322177879,0.863314587214555,0.863806756507497,0.863106465629909,0.861193570612814,0.858058337007957,0.853701064624269,0.848132152284239,0.841372583030916,0.833448555447683,0.824360387495371,0.814198890461066,0.803071227976633,0.791061627043289,0.778350689563273,0.765148548588501,0.751683466859506,0.7382120818157,0.725024473546816,0.712430479428792,0.700682270160939,0.689966466101847,0.680460946010755,0.672338898841766,0.665725914978106,0.660735268270574,0.657461332821949,0.655991648322157,0.656376930988608,0.658627836440448,0.662695679286073,0.668443990744545,0.675658704764094,0.684061000189359,0.693330808510265,0.703135080251688,0.71315308057424,0.723094243123605,0.732707677252261,0.741784739735626,0.750156918822685,0.757691142822762,0.764284088479296,0.769856489536588,0.774353983263905,0.777752413307118,0.780023903447393,0.781147092204649,0.781106247314402,0.779889666009661,0.777488553320041,0.773896323804609,0.769108312212227,0.76312192686441,0.755937339287395,0.74755888443954,0.737997466882382,0.727274460283548,0.715427891036888,0.702522145290572,0.688663010660452,0.674020365350337,0.658860654860254,0.643589059727843,0.628793546692364,0.615278530203523,0.604052667367698,0.596202216901634,0.592588072514513,0.593637936455946,0.599157361827666
0.547409014450657,0.565478230567532,0.585971511590007,0.607148820894507,0.62779130892476,0.647057200362682,0.664395543197302,0.679464057138418,0.692040776668886,0.701979353108222,0.709179033825052,0.713560993144764,0.715055889583733,0.713593812563761,0.709095931748922,0.70146684069672,0.690595017712049,0.676366056763237,0.658588765877114,0.63700742609005,0.611284938018157,0.580917760660041,0.545387359930386,0.504135389878902,0.456665928514775,0.403286045092515,0.348658524539661,0.313849532729352,0.33160378344238,0.384882189603237,0.443166615161721,0.49714580670683,0.545525418322612,0.588675182101316,0.627202049247859,0.66165690271713,0.692499355527587,0.720179293605168,0.745031122302639,0.767321743247531,0.787276209495444,0.805065256381551,0.820837653750007,0.834718405217125,0.84680972070281,0.857190309730781,0.8659365488349,0.873090684438501,0.878695707164255,0.882944861140092,0.885982651587749,0.887945122986094,0.888976872608161,0.889229756775677,0.888840955103543,0.887935496793919,0.886634188003823,0.885040496437317,0.883221993208836,0.881216987606585,0.879043931578416,0.876690416391965,0.874113071101857,0.871239430253761,0.867976657774462,0.864267576360677,0.86003455226622,0.85518295612944,0.849617675996538,0.843251610629709,0.836014096852261,0.827859308278757,0.81877481965861,0.808790582622047,0.797988434586394,0.786511864633432,0.774574960786438,0.762469555968025,0.750566781160278,0.739290838598906,0.729091356101169,0.720395908632469,0.713531048313081,0.7086605712782,0.705751801926314,0.704587957053257,0.704831771982119,0.706101921460476,0.708056884149124,0.710467872156554,0.713240979722986,0.716425090784947,0.720161295188847,0.7246323802281,0.730053582876282,0.736590669096278,0.744303299902004,0.75313144906583,0.762907188504074,0.773372029085993,0.784207784656766,0.795109798692164,0.80579240810352,0.815997804842487,0.825503447847057,0.834123563537648,0.841707034727563,0.848133464249867,0.853308610613728,0.857159909365261,0.859632458809471,0.860685643651001,0.860290459078526,0.858427547602351,0.855085946604594,0.850262548940035,0.843962290170641,0.836199084567304,0.826987729332829,0.816323159159837,0.804304808508567,0.7910664619693,0.776710275258987,0.761408868512399,0.745422900811982,0.729067755481383,0.712723016509472,0.696744097037694,0.681464816180046,0.667212669193103,0.654345645645771,0.643112266886263,0.633711312812587,0.626336539073076,0.621130548187446,0.618216655679207,0.617704747048017,0.619691607136512,0.624235910192092,0.631287099671942,0.640649078522761,0.651966595648693,0.664759677753015,0.678491025609373,0.692634048195089,0.706720229199538,0.720361335766128,0.733252258973889,0.745162739805682,0.75592457045209,0.765418280271774,0.773561253563963,0.780297950175519,0.785592236378286,0.789421546763438,0.791781365473309,0.792689149053533,0.79214881137447,0.790164663288954,0.786740769871057,0.781879760966465,0.775581893268462,0.767844372019148,0.758660985855046,0.748022151847757,0.735915531591078,0.722327519032916,0.707246232703863,0.69066738078823,0.67260584835312,0.653118543916507,0.632348326313557,0.610604183777731,0.588494990364077,0.567122147049812,0.548284555779573,0.534378477157909,0.527830534781047,0.529913395475713,0.540003316917115
0.480066341349378,0.511143890974025,0.543293782467287,0.574307628348916,0.603023402661979,0.628853306553373,0.651526137426958,0.67092830155724,0.687022148054013,0.699803483925262,0.709281661755838,0.715465257536735,0.718354349371943,0.717931783560834,0.71415574867022,0.70698410556227,0.696335627223289,0.682050389930293,0.66390098269695,0.641570463150575,0.614615011485177,0.58233232496005,0.543846134610185,0.497896830421278,0.442394735961143,0.37338050270762,0.281719192234672,0.137304001116452,0.231667374897493,0.340938957556262,0.420289986656951,0.484126098282798,0.537873549617824,0.58424863317282,0.624830322093316,0.660623126990126,0.692383504888177,0.720688046117212,0.745927475968651,0.768395201084961,0.78833164469863,0.805945378485692,0.821396973679799,0.834812568864037,0.846283728802286,0.855893344721396,0.8636579272718,0.869608409656506,0.873863207704938,0.876644791615243,0.878125775123095,0.878466508291834,0.877827332412132,0.876390382405642,0.87434591239842,0.871870308889792,0.869114131648271,0.866218440531201,0.863301349394461,0.860443210527086,0.857685461175183,0.855013164952611,0.85232734819139,0.849513443945976,0.846445194725523,0.843018105591474,0.839080209343632,0.834464853303742,0.8290035288301,0.822537092859306,0.814926073954492,0.806060379810186,0.795869167593478,0.784334064319562,0.771514396294033,0.757538945834827,0.742632371212662,0.727142649312383,0.711568360381208,0.696568110027254,0.682922251937676,0.671439663745784,0.662801932166216,0.657373469118733,0.655069393114942,0.655369495403411,0.657486283140636,0.660599097164969,0.664041077159686,0.667408373707775,0.670608151712056,0.673829241909239,0.677483037109791,0.682073741888622,0.688082286017309,0.695897780829631,0.705653394186845,0.717204466596733,0.730208132314574,0.744184523111883,0.75861520738216,0.773033860078583,0.78703398626735,0.800280511640289,0.81250853025639,0.823514884169186,0.833147306616531,0.841293702208414,0.847872703471486,0.852825842383888,0.856111295385198,0.857699020146632,0.857567084181682,0.855699022350461,0.852082118623139,0.846706572068566,0.839565572468568,0.830656375522946,0.819966690435272,0.807474515598857,0.793269330470965,0.777472568948563,0.760213362969861,0.741627834191435,0.722021299897573,0.701831361129091,0.681532322186716,0.661626272322821,0.642608811434291,0.624956600212508,0.609051519253492,0.595244279338709,0.58380474506795,0.575002556062994,0.56910668473108,0.566287452458702,0.566667746100349,0.570391775628223,0.577652706420777,0.588528232861529,0.602755580644068,0.619672033089468,0.63836583835154,0.657894763783874,0.677440757573852,0.696369906602562,0.714227786904656,0.730707023281543,0.745609967795747,0.75881634712394,0.77025839465166,0.779902907771699,0.787738774992775,0.793768506072616,0.798002556510973,0.800456258700287,0.801151635717389,0.800121090887258,0.797399335524595,0.793002517044766,0.786942136656261,0.779223702369903,0.769845293676788,0.758796115450637,0.746055093056168,0.731589455718952,0.715353074565454,0.697285725986449,0.677306293923611,0.655308520846984,0.631161843264271,0.604723711344745,0.57588950982538,0.544756087383451,0.512046796437209,0.479931484066311,0.45341671730155,0.440185138434947,0.445406213273267,0.466170047310853
0.406937663829597,0.45829403408443,0.505406477214774,0.547572768350222,0.584712317102749,0.617010085257905,0.644719191351737,0.668089181460636,0.687341588082644,0.702668102823011,0.71422218049371,0.722119010369053,0.726441789907245,0.727241975848251,0.724578719351862,0.718454015961643,0.708807431455843,0.69553081127497,0.678462415108917,0.657378938087179,0.631985291191386,0.601835609170438,0.566520218668216,0.525685858437866,0.47926093712155,0.428376390157869,0.37884424214326,0.349085076948083,0.362068810547625,0.406997746211337,0.460102872561873,0.511245070890729,0.557937251318184,0.599933785765983,0.637548127766705,0.67123350668698,0.701475039361716,0.728604020972933,0.752852098025269,0.774417076779715,0.793475315292155,0.810198143057281,0.824721275503064,0.837131128920508,0.847499099030118,0.855802497565135,0.862091322073295,0.866463985936375,0.869028716413843,0.87000578764196,0.8695819862836,0.867936938211415,0.865261829589872,0.861757155156539,0.857654349834229,0.853199349755187,0.84861804638036,0.844102496511545,0.83982353089226,0.83591235080682,0.832438146414931,0.829406938641461,0.8267423751728,0.8242974813198,0.821854652597793,0.81919422564712,0.816067936525299,0.812209759261339,0.807353283384081,0.801248949792134,0.793677870152502,0.784461697009741,0.77346804655884,0.760588333289202,0.745776992113144,0.729077833585301,0.710649201262383,0.690830649516392,0.670211637380248,0.649702324664411,0.630590552000504,0.614466907202058,0.602904366951452,0.596883746563152,0.596271299588312,0.599801659284286,0.605625211431261,0.611984965965268,0.61764286986474,0.621992130521779,0.625020954927303,0.627242195067895,0.629571755816461,0.633158296891974,0.639086307650305,0.648100058824841,0.660420124670023,0.67569951314652,0.693186019967011,0.711938158427993,0.731068652946676,0.749884895599709,0.767856711804931,0.78459927828428,0.799843949205219,0.813408955677449,0.825174839606481,0.835065464191565,0.84303388881581,0.849052021136612,0.853103048149637,0.85517587044912,0.855260990051559,0.853347492681289,0.849420917422796,0.843461930183583,0.835445826670588,0.825343001326699,0.813095743579089,0.798651991082471,0.782062091722617,0.763396999917162,0.742752996440771,0.720211762492246,0.696090634752943,0.670863514340633,0.645134666945284,0.619657729725148,0.595329546575226,0.572962129982547,0.553038927730447,0.535669187088797,0.520995685179016,0.509592717320739,0.502277457592722,0.499401495602631,0.500713313164746,0.506195647250809,0.516613099974597,0.532753978935689,0.554241593365114,0.579474689134504,0.606480397619476,0.63360757119087,0.659727343348119,0.684157389665121,0.706523418218039,0.726643174946994,0.744447339870991,0.759929956092686,0.773118611940687,0.784056968518626,0.79280664566869,0.799427881808521,0.803963739553259,0.80645286385931,0.806929594172164,0.80542405323192,0.801964372241499,0.796602279345631,0.78936922698091,0.780287296399018,0.769387984168263,0.75665246998155,0.742037421410172,0.725485331939796,0.706919909100639,0.686247406063977,0.663342090913965,0.638029249337642,0.61005887129804,0.579022169250047,0.54426887885965,0.504826893426398,0.459356808967698,0.406757981931619,0.349861070205378,0.311619139791197,0.330219306593525,0.380359344550091
0.347289442739325,0.419812008638602,0.481090773397657,0.532883144389249,0.576823751482438,0.614095554896875,0.64555545223017,0.671839241074256,0.693415011380435,0.710641699882132,0.723797912707911,0.733093910539707,0.738695162432508,0.7407669241107,0.739410689646701,0.734664147231737,0.726529746136181,0.714983347181026,0.699978883175676,0.681470790149059,0.659432646828589,0.633802068228048,0.604790552001432,0.573029828203909,0.539927460146632,0.508264786878425,0.482928209038697,0.470404874414741,0.47515205203125,0.495621666798218,0.525944232333603,0.560463647990511,0.595603836634167,0.629516237633021,0.661329828871262,0.690779450103201,0.717786957544521,0.742356742187478,0.764525580641059,0.784337609689625,0.801835992216123,0.817079372851668,0.83014026088727,0.841061286718583,0.849777158172794,0.856334518068258,0.860810632481305,0.863285740428744,0.863846454869765,0.862697721673546,0.860051547593249,0.856094493661724,0.851028133653489,0.845081229638702,0.838512094626797,0.831641759950311,0.82478963298195,0.818261028020265,0.812308619196834,0.807140298535153,0.802888121928444,0.799584624684213,0.797138058143852,0.795348991503706,0.793985295534878,0.792726133328205,0.791108755288309,0.788729255584341,0.785191149079166,0.780151565938629,0.773302491071218,0.764343494419681,0.753020934468425,0.739122942182297,0.722496834211072,0.703048551399347,0.680779857670784,0.655844184586848,0.628674665590432,0.600210708516249,0.572236504877797,0.547705876228039,0.530505529933384,0.523803091069428,0.527571331352061,0.538260260465232,0.55126206720153,0.563074892081626,0.571778022620341,0.576733354202615,0.578247360017958,0.57739363398663,0.575959001693306,0.576295880615912,0.580833922297243,0.59117852628655,0.607455982022989,0.628506047183953,0.652515305937339,0.677741628571271,0.702881819713322,0.727011164250885,0.749511148768749,0.770044436847767,0.788422430365775,0.804548661709785,0.818382585319868,0.829916351870887,0.839159851031156,0.846130867372536,0.850848352411659,0.853327587204557,0.853576501689512,0.851592726224309,0.847361146985779,0.840851867161441,0.832018573791836,0.820797404326432,0.807069354895287,0.790743396949454,0.771797561930636,0.750205443269333,0.725950103155318,0.699008602090461,0.669543332156675,0.637915304689297,0.604756814821761,0.571207078809523,0.538931817402161,0.50980560418056,0.484912529714515,0.463434834607824,0.443607773261066,0.426242151325987,0.415709638144633,0.413888638048718,0.417314567821781,0.42363379232005,0.436640857294243,0.461135309880451,0.495497344940693,0.534222574228636,0.572961717735637,0.609474176038525,0.642848405641059,0.67281889537791,0.699402165785793,0.722726064495285,0.742952809649002,0.760249935465341,0.774799412064552,0.78673456900303,0.796160381585384,0.803163151107011,0.807814202402957,0.810173433012586,0.810292317494113,0.808216056834731,0.804005339185951,0.797746886410627,0.789458262119896,0.77915486672691,0.766842996805203,0.752511383703944,0.736124622865546,0.717621770224165,0.696917610603484,0.673921085683432,0.648525975364992,0.620585323323904,0.589896438976847,0.556114963720906,0.518586334511568,0.476019787225572,0.425971070430888,0.363504113538813,0.277041887835375,0.128163658597481,0.217456831538886,0.306950248340419
0.324617246696754,0.410374168171259,0.478588066240548,0.534722224984412,0.58166680686248,0.621177348277217,0.654391371320735,0.682094914038085,0.704872522077206,0.72316866679766,0.737322467464482,0.747596089999948,0.754238665740507,0.757448558818375,0.757352864977279,0.754046771671934,0.747598106091867,0.738059967172099,0.725517153322692,0.710088425808281,0.691926415512298,0.671223381450951,0.648537381891692,0.624829912635117,0.601618732576869,0.58105991584652,0.565826158447461,0.558554765361925,0.560761566354301,0.572078450678051,0.590539819714283,0.613632130359268,0.639070149106156,0.665114986611081,0.690720029408293,0.715272612295592,0.738348905555036,0.759684388102565,0.779132833005836,0.796631407283047,0.812126415406779,0.825531271244627,0.836777501166624,0.845761513579994,0.852508117101996,0.857062613758868,0.859472869003524,0.859791179781104,0.858082510164457,0.854508853442091,0.849298585425178,0.842653058011978,0.834805291612322,0.826009137983065,0.81656131552362,0.806821879839443,0.797217306862965,0.788177948882539,0.780128164303317,0.773421743077688,0.768304184094017,0.764871185328698,0.763023820450792,0.762486971196239,0.762912068583888,0.763812578979393,0.764596650137569,0.764635657164213,0.763313196838623,0.760127320646416,0.754642873309757,0.746497237094227,0.735374834945655,0.720989414598977,0.703071507865634,0.681364534557478,0.655609483724883,0.625571167059363,0.591118852545841,0.552468184247108,0.510844878827649,0.470103374759965,0.43934331769567,0.431192650696133,0.447188372537292,0.473922725870724,0.499641918147587,0.519273999526053,0.531334168964705,0.535817601229494,0.533540123834318,0.526122015586521,0.516382159514563,0.508828714251261,0.509169966173329,0.521515578996364,0.545300161679186,0.576344727412426,0.610291136418571,0.64421530767251,0.67651631445518,0.706419281788015,0.733595018241356,0.757857306134905,0.779180275586706,0.797622644336802,0.813264242794088,0.826190038948283,0.836481492861586,0.844211493542809,0.849440963065921,0.852216151239098,0.852566129731848,0.850500245969999,0.846005422970732,0.839043246347994,0.829546793016259,0.81741609823733,0.802467395893783,0.784571478998682,0.763612514251847,0.739431416603328,0.71182976109183,0.680588883859536,0.645476058312126,0.606406431502479,0.563654707059201,0.518227940004397,0.472620019071867,0.431815632245378,0.401868739472637,0.380970264353798,0.355854290038693,0.318674791324807,0.29478882935578,0.303813357617483,0.31896795107156,0.318691415155192,0.324796643731384,0.37066437309168,0.433549679705751,0.493322949452772,0.54595096585137,0.591613210381663,0.63115376302851,0.66538049038356,0.694955242128378,0.720406188922767,0.742195067396707,0.760654684764478,0.776028927309143,0.78850357322858,0.798220134475787,0.805287113358709,0.809789327118726,0.811796363504187,0.811424131333337,0.808773509287183,0.803833053850447,0.796637823925765,0.787226728823334,0.775628627261742,0.761888509794587,0.74600913247839,0.727949522407647,0.707649145769865,0.685017327456393,0.659912420426906,0.632195987488629,0.601780489296554,0.568678734403216,0.533013824133977,0.494912126306504,0.454285363446599,0.410583620402393,0.363034893242588,0.311469919575534,0.256508372140698,0.180189177862591,0.271691717882874
0.365321628113467,0.437375644918625,0.499908512914117,0.553281104052601,0.598760815177749,0.637460511598102,0.670271425612244,0.697864325742042,0.720733146929873,0.73925920150496,0.753763241215022,0.76454526535739,0.771889283461542,0.77598462515664,0.776980593753432,0.775000703414552,0.770158079946599,0.762606286343131,0.752505109449593,0.740031767390513,0.725448491454903,0.709062440054025,0.691528543721726,0.673778917195562,0.657019939977122,0.64269533364188,0.63231818765452,0.627209425045035,0.628105986653449,0.634967188781543,0.646997831663611,0.662905452829536,0.681307991122831,0.70101463940183,0.721169805445526,0.741067229580868,0.760196120585159,0.77819957092023,0.794819479823206,0.809863263971949,0.823166936331704,0.834549779385032,0.843728155109391,0.850639151626497,0.855308872263678,0.857743274617222,0.857949174088924,0.855946557285337,0.851773444020745,0.845535406666053,0.837465800608442,0.827764205418273,0.816672589213308,0.804494598230272,0.791587049396431,0.778361596413869,0.765357197905777,0.753191227837053,0.742494859734035,0.733848953134892,0.727716596132663,0.724360662402862,0.723732520709278,0.725429884295042,0.728809912486779,0.733020611431419,0.737202257189156,0.740538579247015,0.742259075135957,0.741621762436458,0.738135908968148,0.731414667552633,0.721121759622124,0.70694403088116,0.688556863086998,0.665589589450968,0.637583137501073,0.603925285626898,0.563756841198859,0.515849331117753,0.458552592321421,0.39064620747889,0.319495096009716,0.302828607286428,0.363406281115548,0.420740946204461,0.461933084744096,0.488518502399743,0.502279723697692,0.504424176694356,0.495860922769467,0.477765954926215,0.452677984495547,0.42713431446417,0.415650581892687,0.433307026003631,0.474534363894718,0.523550786815768,0.571593589219462,0.61577305202281,0.655457930877503,0.69074111978332,0.72188705735676,0.749198840650108,0.772891118291466,0.793126597370491,0.810115692886698,0.824038427918246,0.835047125440657,0.843268727768036,0.848805854075369,0.851736639992253,0.852113492282537,0.84996089810726,0.845272392947373,0.83800672300239,0.828083131779936,0.815368355903166,0.799636889647034,0.780729230515889,0.758444620197754,0.732496358555929,0.702508167678621,0.667988843689601,0.628172765915802,0.582288789541212,0.529453965902672,0.468784274435409,0.400373502232348,0.329800379104527,0.288844742988298,0.302246594961144,0.300604673186282,0.251838592392785,0.189444202862513,0.18911733691389,0.259859196196343,0.231815945163876,0.124142773579201,0.301939757549506,0.402383019031653,0.477105837732823,0.5369757691511,0.586599758799482,0.628464178104553,0.664099637220463,0.694571131543344,0.720655768764533,0.742870088820257,0.761587344189448,0.777078198098001,0.789538079413569,0.799107216565261,0.805886335291132,0.809999696448449,0.811590172765578,0.810638157898364,0.80718893171165,0.801297810511373,0.793019610702129,0.782407806089228,0.769509071679067,0.754352586412045,0.736967606080165,0.717387014977524,0.69551360346787,0.671156011632862,0.644044951636741,0.613879938431765,0.58043762264134,0.543771853716757,0.504522155402637,0.464176026012134,0.424585931168797,0.386522796116571,0.350807482422933,0.322755806669626,0.296439982328559,0.263736102768488,0.326944463940578
0.429930370315651,0.485218595739296,0.53709056198526,0.583706927837375,0.624795811160492,0.660584772887455,0.691422155397161,0.717659390323247,0.739639475761876,0.757659500002959,0.771963711835746,0.782851952660358,0.790550240880969,0.795234751871999,0.797055758676272,0.796153323317699,0.792713395481961,0.786912873117056,0.778932347049524,0.769007426796551,0.757416535443642,0.74449793299262,0.730865435549105,0.717285930980433,0.704662903728621,0.693990707280318,0.686200637113839,0.682063395252751,0.682094872590937,0.686359903858918,0.694451488528812,0.705645690701772,0.719060828115362,0.733951648473969,0.74964196777192,0.765544338060259,0.781165929748275,0.796113954054278,0.810075730221471,0.82276643974352,0.833880612848828,0.843078849134677,0.850215232096868,0.85513416375249,0.857762901631239,0.858090985372093,0.856084148134936,0.851723659280157,0.84500447757959,0.83596267340313,0.8248070562525,0.811730656225929,0.796970999164281,0.780842506730546,0.763762623690897,0.746261126152498,0.728963188385207,0.712702772078882,0.698430950667061,0.687150105844548,0.679792994698784,0.676920765457439,0.678501575908106,0.683835734857583,0.691753001081876,0.70083231173499,0.70971766841464,0.717269961847466,0.722654025401593,0.72521728017887,0.724323652237773,0.719592515539555,0.710730362125911,0.697461309754784,0.679497211049927,0.656501041602077,0.628035541921402,0.593480588115105,0.551885439521848,0.501682755782303,0.440084993793027,0.361673284723427,0.256264195442773,0.254796211069964,0.342740812821324,0.407430291554345,0.450670869539408,0.477040801959018,0.488849703313853,0.486995415791045,0.47144099192488,0.441437403167138,0.395862311553035,0.334610035789621,0.276961210809875,0.32354467356495,0.409675600997087,0.483701032975736,0.545673879079862,0.598226968511099,0.64329340945052,0.6821757658374,0.71582979381197,0.74492312610283,0.769946384955226,0.791225640811443,0.808953696241666,0.823376387275889,0.834699689481289,0.843093822342691,0.848697366637193,0.851618577244886,0.851934612392171,0.849689169203588,0.844888848307032,0.837498415048011,0.827434939287733,0.814541328744638,0.798589986552183,0.779413308477546,0.756765510536323,0.730289576991466,0.69951932873423,0.663752358469893,0.621960093704672,0.572912435492997,0.51468296781195,0.443936647173609,0.354040780716872,0.229969470824639,0.18541012515284,0.282457676453213,0.324883565331394,0.331413693059517,0.3246690606525,0.32548292021265,0.332982510751546,0.326770415940008,0.328393318253442,0.374259075260598,0.438263360356588,0.498597504594144,0.551282132735925,0.596663769870094,0.635706433391694,0.669389567386175,0.69847075160243,0.723496501856554,0.744874978635007,0.762904793201398,0.777798072927314,0.789699392200062,0.79871352267939,0.805016995443505,0.808623742694911,0.809529500370565,0.807769464584353,0.803378603999097,0.796400447078676,0.786892672464664,0.774928101159411,0.760589056932327,0.743982641446357,0.725214151634044,0.704282392197044,0.681098894365348,0.655378805400842,0.626629325984519,0.594155290750306,0.557132779272262,0.514866723655265,0.467549061503239,0.418014558259942,0.373744867677469,0.340979232374894,0.309166307558427,0.309014410356181,0.336098079510372,0.359577805307165,0.402876311503244
0.494086029650948,0.537693310128483,0.580105602251044,0.619652915745404,0.655550634687372,0.687519783360914,0.715529442040073,0.739692744619788,0.760165351857441,0.777146396308403,0.790858404345219,0.801498251359651,0.809226114965048,0.814191695804733,0.816534586978992,0.816442668238517,0.814099516723783,0.809683025916055,0.803401392861457,0.795518350296644,0.786301994361923,0.776037711358444,0.765254200737654,0.754550413613088,0.744598545550891,0.736116131689528,0.729778641296332,0.72613154348704,0.72552489504075,0.728019343927137,0.733415186280555,0.741257154567502,0.751038648305917,0.762292765346848,0.774511593452568,0.787191729058462,0.799887286720138,0.812217130085388,0.823822652150994,0.834313461168815,0.843267030435672,0.850441233221895,0.855652162213448,0.858734399940269,0.859492091409299,0.857842826278667,0.853739067540211,0.847109148960898,0.837890148121429,0.826047719364701,0.811712156076127,0.795041855406172,0.776243724570293,0.755620244358376,0.733610125181954,0.710832696255275,0.68810773555552,0.666438597622208,0.6471988749782,0.632029035998175,0.622720349609917,0.620718218464273,0.626133472000821,0.637473862868522,0.652335598105279,0.66825039910911,0.683247221027086,0.696013037738086,0.705698383380279,0.711773007127656,0.713824998350013,0.711412202850736,0.704327439879408,0.692405426555486,0.675480835919532,0.653375052074507,0.625888217015732,0.592798799678744,0.5538870144319,0.509054906228723,0.458854363612775,0.406721358087177,0.366478145952974,0.363762452166541,0.394373804533258,0.431749652527983,0.462420672939495,0.482278223471498,0.490008978988141,0.48474134071038,0.465200093901207,0.429068101348908,0.372071981314687,0.287917480408594,0.218611158855173,0.296856172299403,0.396871948735709,0.476419012746059,0.541274630967086,0.595589661120304,0.641827872084534,0.681537189270818,0.715719387810727,0.745129929192262,0.770318140596883,0.791684933713919,0.809488677060419,0.823879223879023,0.835087270879186,0.843311405404031,0.848718810021972,0.851445964594819,0.851596980804497,0.849240181720786,0.844403385843761,0.837068220553809,0.82716361893629,0.814521834027501,0.798959708077856,0.780328797442666,0.758392327083383,0.732808534406675,0.703121923662232,0.668695870324661,0.628725135694696,0.582287673406417,0.528157330203171,0.464810526482616,0.391495290504193,0.318677823634677,0.307802855093909,0.354583100074717,0.392094983905906,0.412253780589486,0.421456188323145,0.42656489149697,0.430262224398558,0.433819234819469,0.44390220398326,0.467560309731459,0.50266419308117,0.542258952697673,0.581334795072568,0.617597906000919,0.650387785176333,0.679622855862745,0.705422933975242,0.727973215171007,0.747450227574338,0.763992116603452,0.777689563226238,0.788622212360209,0.796928761964624,0.802525518825519,0.805391550274311,0.80550649524934,0.802848333274016,0.797407522265755,0.789199765346971,0.778276560738867,0.764731776471956,0.748750490450809,0.730564098118834,0.710349403184767,0.68820865130747,0.664084648884756,0.637690563302713,0.608343235834917,0.574859410931911,0.535467038618923,0.487738753466084,0.428536350338495,0.354970759377139,0.27925105570086,0.271541192762263,0.309044385815663,0.347139439252546,0.39088142808975,0.431579726461751,0.472682017191505
0.549303714456325,0.586593824783245,0.622457468330724,0.656247134503814,0.687372281195221,0.715483126128968,0.740453553828009,0.762260144327843,0.780942754225871,0.796585043168108,0.809385864529722,0.819490007925105,0.826972635048212,0.831936093308767,0.834543093414993,0.834976916879228,0.833407967763365,0.830014638212012,0.825026785880438,0.818693784335733,0.811233564874491,0.80290429622703,0.794129528366077,0.785385040443649,0.777172642168061,0.770066342408585,0.764597361208872,0.761162228090002,0.759998940385255,0.761175066545653,0.764540221615325,0.769861380479528,0.776946034321667,0.785455989971598,0.794972629336274,0.805099244766686,0.815446639036213,0.825617764185713,0.835165908457478,0.843611181333747,0.850661437726369,0.856077228310499,0.859614008322615,0.861063486115308,0.860210414374327,0.856832417087127,0.850839182631057,0.842134816806805,0.830600566416872,0.816120527109869,0.79868453246486,0.778388005409958,0.755337343991875,0.729756737264937,0.702057986456988,0.672909381557705,0.643307942283074,0.614625488842061,0.588496149327152,0.567194698593552,0.554077971045837,0.553048226801675,0.565248258000933,0.586882442685887,0.612353227398754,0.637460937562945,0.659910199142422,0.678534335299432,0.692765692331466,0.702339798149281,0.707141697124086,0.707002782021443,0.701691941926749,0.691175520755197,0.675429879946999,0.654455066860569,0.628319647121244,0.597251748112002,0.561820360136297,0.52329553634855,0.48433572668034,0.450036581360194,0.42818061132722,0.425104767071414,0.438701045247757,0.459979091606059,0.480411425254171,0.494682339677305,0.499856313697882,0.49417164451816,0.476246876477691,0.444715560002998,0.39843698200098,0.341558837505195,0.323536911323243,0.374344217801843,0.438640568189677,0.500830673180515,0.556926831672212,0.606445989372528,0.649826319253027,0.687700750725166,0.720629721363566,0.749052376357977,0.773392555420448,0.794005968175964,0.81116974042197,0.825031724216931,0.835725519318949,0.843462970685962,0.848430683561348,0.850789482715399,0.850670945657684,0.848172327197359,0.843350407360621,0.836214784117429,0.826719524603272,0.814707097780405,0.800080408802158,0.782735355789701,0.762493390921033,0.739075446594704,0.712134991446133,0.681369266234729,0.646417302835129,0.607153468088206,0.563877677298827,0.518065145540441,0.474261268742497,0.442919042125897,0.436265221120602,0.450985256260473,0.471362346910835,0.487864619924426,0.498888833953071,0.506047017698186,0.511412669239196,0.517283243382713,0.526677141933489,0.54208228401935,0.563567286843046,0.589057999071223,0.616065264716205,0.642850481819857,0.668342506867545,0.691948388632421,0.713393028950465,0.732564526787354,0.749417557022201,0.763917601762951,0.77606242991548,0.785898724736878,0.793258582992916,0.798052297080081,0.800172153546602,0.799501944663041,0.795934424932291,0.789388766190013,0.779828129079106,0.767277521545832,0.751897535589741,0.733972625892942,0.713822877587054,0.691826994281265,0.668351223174852,0.643613406180579,0.617487068484188,0.589315585649111,0.557701445539603,0.520375858389656,0.474046329281795,0.413534809416784,0.329207732724959,0.201353288569344,0.227089716464887,0.33402794559164,0.399303886351243,0.448677608240108,0.491086748618371,0.530303393675721
0.597596912927516,0.630399723923168,0.661513920958714,0.690740757927659,0.7178094399665,0.742465146441325,0.764536767666682,0.783963102369815,0.800734836316155,0.814913957527628,0.826618833856235,0.835937407699185,0.842941011435191,0.847685365482128,0.85032530809162,0.85102445348597,0.84993595978772,0.847249441407984,0.843181360180233,0.837959291371701,0.831710600312011,0.824697670854452,0.817285844416875,0.809840676909768,0.802806872591771,0.796624645414481,0.791695358807866,0.788308982260697,0.786628340134786,0.786685602982547,0.78842831222026,0.791841979518843,0.796848072398805,0.803217999281386,0.810632402814076,0.818746828910563,0.827211407510948,0.835575104191782,0.843310659543708,0.850067691188377,0.855560666276933,0.859520128468361,0.861694616293352,0.861813923758627,0.859642964979233,0.854899883617188,0.847358740594756,0.836904242431692,0.823374410177032,0.806576745364484,0.786348954592873,0.762657675050155,0.735430798966542,0.704694837377149,0.670676693034517,0.633991773888709,0.595900005730864,0.558266889997824,0.52311668987552,0.492403419914465,0.47056211694932,0.469451832611394,0.495673232928887,0.535740991628978,0.576447715024737,0.612595618106044,0.642796179225073,0.666930303387429,0.685164145605377,0.697687730609568,0.704684658135605,0.706293296644503,0.702422298843031,0.693023734851683,0.678165909246831,0.657941488331852,0.632536948091625,0.602360555516639,0.568275336352777,0.531995569980567,0.496641619964878,0.46710958904488,0.449178705078464,0.446389029294357,0.456915082976041,0.474526834364812,0.492456865567915,0.505806508522121,0.511729292499467,0.508829390957408,0.496737858715137,0.476286970730109,0.450781721451645,0.429481010480664,0.428178694042556,0.45275867741384,0.492712130437276,0.537846779019214,0.582786055463151,0.62508952876528,0.663715402790944,0.698285130245452,0.728804826951377,0.755388291234122,0.778200994425418,0.797498003648507,0.813507064406009,0.826418957246926,0.836285573928334,0.843263161109787,0.847556776637874,0.849363443180076,0.848863996157539,0.846191209159788,0.841436150950237,0.834641365836063,0.825781119231996,0.814740274975151,0.801503021264869,0.786016664538061,0.768156246318239,0.747707633471491,0.724620249902271,0.69887916082679,0.670532747803516,0.640016844480038,0.60839318558344,0.577771215910894,0.551718692968981,0.534825527242673,0.53007634910847,0.535754874154748,0.546469719307034,0.557404514135964,0.566295930611645,0.572974562156745,0.578380338494893,0.583908539860753,0.591135480168799,0.601301671248898,0.614760445294689,0.630894720428065,0.648739283509404,0.667322977306569,0.685795675465032,0.703565118362509,0.720249635638123,0.735602553774218,0.749442648797913,0.761648985998122,0.772174632020916,0.780757010282737,0.787210235162365,0.791315420318062,0.792831468687546,0.79151576570531,0.787144628978226,0.779533362943349,0.768557452770773,0.754223838671436,0.736727750181961,0.716347630612624,0.693546200409754,0.6689965796534,0.643540744830384,0.618016278368433,0.592916884991174,0.567970515375693,0.541926527087523,0.512792309336281,0.478169106779713,0.436302146080093,0.389400230800052,0.354383247356118,0.364261812597995,0.410715734736262,0.460927895578245,0.505359572942173,0.544663610751618,0.580570758800319
0.64030020016212,0.669166204806286,0.696355799763635,0.721839637100679,0.745481499462322,0.767104831477679,0.786541471482039,0.803700853565809,0.818567689708428,0.831221013046819,0.841730961933791,0.850116140163203,0.856434936415424,0.860791991616771,0.863271678421461,0.864005050100543,0.863126719165673,0.860829635242434,0.857329414024455,0.85280273388072,0.847358400715718,0.841248410966687,0.834763208740198,0.82822836300181,0.822005226013599,0.8164269935242,0.811822703365408,0.808370955385509,0.80614369127522,0.80519910651244,0.805626477366053,0.807532107202492,0.810869453823377,0.815514808546372,0.821258959406178,0.827788312722059,0.834687942823429,0.841464390124468,0.847755546121655,0.853220365146899,0.857528602257699,0.860390854274649,0.861534616234378,0.860683713781447,0.857541403557394,0.851828166453431,0.84321672965496,0.831475294315455,0.816439170788239,0.797851616835522,0.775411931904845,0.748909226757355,0.718054555423122,0.682516361202309,0.642063711079243,0.596908385915203,0.548250492801957,0.499092010516714,0.453822123240386,0.413617753415911,0.37352878857931,0.361030541677606,0.427886822482046,0.497089323866391,0.55371540833174,0.599129045871254,0.635112709528525,0.663005455973239,0.683804804674235,0.698160545982791,0.70647867354043,0.709057166469752,0.706032232521779,0.697273592891509,0.682814867411191,0.662713982420795,0.637062950595639,0.606087715635001,0.570342341996902,0.531115233985678,0.491213032307569,0.45614546409496,0.434345088530353,0.432537679287299,0.44827793093867,0.47188227551865,0.494632518254212,0.511689289037818,0.521080396740093,0.52251041028217,0.516874266813199,0.50633800196951,0.49478006362572,0.488104217033934,0.492492976828705,0.510308227512652,0.53875048460675,0.573146233710442,0.609613056657286,0.64557852759145,0.679536627600621,0.710622520254375,0.738427216528664,0.762844892057347,0.783855192138931,0.801527146311325,0.816043524803556,0.827586890682931,0.836300085909907,0.842251014740406,0.845665473329048,0.846775865704133,0.845783876458029,0.842870188164171,0.838178810260374,0.831800105511001,0.823728955099533,0.813931046460649,0.802452366732929,0.789275022973249,0.774263689944637,0.757389634675572,0.738758857294827,0.71851476129123,0.6969119188361,0.674611431706165,0.652717866762291,0.632831401887395,0.616971243753714,0.607068863063551,0.603946874076392,0.606572150251093,0.612547876140539,0.619429096605955,0.625620181063813,0.630588320152131,0.634665222035852,0.638549853408859,0.643081915232255,0.648964195031875,0.656535181062949,0.665794786235004,0.676507415370165,0.688137682835603,0.700205301867859,0.712317747509767,0.724177090208879,0.73554918909506,0.746244885316416,0.756179677014528,0.765027121138866,0.7725127960728,0.778304869559916,0.782019372125402,0.78324951197698,0.781593833604591,0.776680055949632,0.768185002867749,0.755878515212055,0.739742259292682,0.719824519513247,0.696354606458266,0.669865923646185,0.641339210211733,0.612315261034769,0.584794637901248,0.560654532585518,0.540629973447235,0.523750405110375,0.507763362480986,0.490583932312221,0.472011739085922,0.455641817959353,0.449656197531318,0.461587244136015,0.489424337038256,0.524339604444893,0.559881725704465,0.593650720059075,0.62526120717579
0.677598180414086,0.702824356363501,0.726602428217413,0.748885862084004,0.769571047063923,0.788520867793765,0.805591004165422,0.820659097433164,0.83370627922984,0.844829216895545,0.854067098396998,0.861417794417132,0.86691018807619,0.870668888953662,0.872788694755489,0.873319437773946,0.872410073686429,0.870266615927489,0.867071336095149,0.862979937770759,0.85807126006507,0.852570098904022,0.846725023284073,0.840857262929694,0.835190267454683,0.830012284019084,0.825538088588317,0.821888804559712,0.819092730344228,0.817240733616001,0.816560920988503,0.817176922371211,0.819115075854381,0.822326244506894,0.826686380916844,0.831876679741947,0.837407732292585,0.842938991696934,0.848144565153746,0.852680423984954,0.856193307536338,0.858340379245627,0.858823644494131,0.857367919855048,0.853661124584887,0.847393766370376,0.838212524080099,0.825797987227573,0.809894614279844,0.790256414812399,0.766495637303857,0.738217388993669,0.70493591740208,0.665930291957567,0.62031899315592,0.567139392723325,0.505826814971857,0.439518974248567,0.382583404099225,0.347830876298563,0.330899963380263,0.333294765371619,0.41701746136849,0.493219724784819,0.553462907584246,0.60108877378871,0.63852668114168,0.667380552660642,0.688767851533632,0.703510491962349,0.712104086414149,0.714851600436462,0.711973090499305,0.703400680150707,0.688956980046465,0.668565667952095,0.642070570618138,0.609245822963827,0.569836147806126,0.523749433646828,0.4718352315923,0.418657717966461,0.380003813328835,0.380706436892221,0.415076140609431,0.4556848015579,0.489189596630165,0.512586223651275,0.526164660154358,0.531332748957801,0.530264154516117,0.525881065762561,0.52186847844218,0.52222116884609,0.530165950803051,0.546854677905772,0.571118606841038,0.600414414462941,0.632039150559641,0.663843309144114,0.694347486190642,0.722622992995573,0.748069101118516,0.770380571638973,0.789483281159712,0.805366000931061,0.818159746721199,0.828115257332042,0.835421894558645,0.84014937070473,0.842443182777707,0.842598181487591,0.840901290187145,0.837604783702807,0.832903337063602,0.826946917776542,0.81975567728565,0.811406094855028,0.801964661074887,0.791367615618527,0.77956785246101,0.76664055324707,0.75272663327364,0.738001703588817,0.722739171059768,0.707531442476981,0.693222349076361,0.680858871698087,0.671521971175277,0.665963178038556,0.66432712355368,0.66592856466241,0.669518527732802,0.673731357832924,0.677537871277006,0.680435021390653,0.682514412386452,0.684108608647861,0.685661815701002,0.687585459586522,0.69018899980572,0.69382740185733,0.698496701184391,0.703993528044582,0.710124483339118,0.716756200986856,0.723781202005548,0.731097145644048,0.738705283381821,0.746349311443911,0.753737842026988,0.760478455694113,0.766056119359668,0.769881367809754,0.771341306133427,0.76984128400187,0.764832130767449,0.755828561830842,0.742540012583923,0.724745227455736,0.7022806699414,0.675161964578658,0.643753697252666,0.609095015184634,0.57342387929717,0.54065993055326,0.515791133829084,0.502111773323094,0.498226382490474,0.499346224036587,0.501321275923593,0.502952407750944,0.506070572648382,0.51413888420744,0.529756891224752,0.552549325519373,0.579815898383416,0.608637471161092,0.637137164667506,0.664478799666889
0.709198490570068,0.731201873291199,0.751992714876626,0.77148945452761,0.789588396216281,0.806166571302092,0.82109361129728,0.834243491297815,0.84556148493287,0.855145156612473,0.863020821624839,0.86920302389783,0.873752316923205,0.87677441616953,0.878381098870467,0.878556539398425,0.877459399058105,0.875284899572915,0.87222101931332,0.868365591608725,0.863793429156573,0.858696659869388,0.853350900058249,0.847956625073413,0.842716870121715,0.837795631944979,0.83330578041169,0.829318344439645,0.825913259208642,0.82324795674547,0.821538765909512,0.820969346561233,0.821646015183587,0.823599575026608,0.8266995580686,0.830636234990571,0.835088908175129,0.839714347863582,0.844185917301963,0.848147593470722,0.851227668063232,0.853050767369291,0.853266453414699,0.851579207135657,0.847711753777211,0.841325664682779,0.832088050349015,0.819629768070452,0.8036407251745,0.783843084073365,0.759888831145292,0.7312859063205,0.697480166535322,0.657594784863563,0.61040973829359,0.553891011768042,0.484674256417579,0.396761575789264,0.319039087367471,0.336263947902684,0.376152835101736,0.415890459306211,0.46795945452056,0.524063430844291,0.57476038263285,0.617406918518467,0.651973081615566,0.67900091737091,0.699106504975493,0.712874869358804,0.72078816265109,0.723072699032685,0.71986134171867,0.711143969233787,0.696581516106522,0.675910933900964,0.648732464796199,0.614375693167988,0.571750997798337,0.519049603233708,0.453111192934774,0.368882582451625,0.270508740664154,0.282213547378557,0.372144136736368,0.438760962831483,0.483490652961793,0.511778928075004,0.527483488270668,0.533801305054987,0.534047001218667,0.531889988909951,0.53123773293408,0.535529630740512,0.546819436261271,0.565283081086128,0.589687770770996,0.617991861573229,0.648012556517624,0.677989900345442,0.706622284235195,0.733018232883561,0.756627473208614,0.777123578439313,0.794394027970077,0.808525495000727,0.819605341726799,0.827826050674899,0.833445378015681,0.836670637740945,0.837601298973416,0.836556887877663,0.833894859514176,0.829973233664535,0.825101036788477,0.819473330867671,0.813163305185294,0.806340294602365,0.799045626726427,0.7912363959541,0.782951075519995,0.7742120356944,0.765103814896979,0.755732101594275,0.746276741198013,0.737153782357284,0.728904951094994,0.722128676650966,0.717357142785976,0.714914928477612,0.714683012883159,0.716105121421912,0.7184345702294,0.720863930397132,0.722715098242489,0.72356471304161,0.723412953635647,0.722436180882897,0.720865359929646,0.718945567782404,0.717078479575205,0.715637395313333,0.714757153090677,0.714488892309662,0.714860630562902,0.715989052372837,0.718033672184591,0.721214164801848,0.725623153545446,0.731116555006615,0.737411021043423,0.743953954834841,0.749989202863103,0.754654502026145,0.757074691152502,0.756426112287492,0.751965821695111,0.743096630532345,0.72940641786186,0.710430229561119,0.685721429018809,0.654885885923365,0.617708156761203,0.574534559521344,0.527321448413218,0.481998798216319,0.450974736818043,0.445915094272897,0.462098207541009,0.485470101185322,0.507552139122746,0.526409232487738,0.543327711176928,0.560538319894654,0.579742981117496,0.601483864368945,0.625174274136474,0.649723599761546,0.674146703620808,0.69779828357888
0.734907164625515,0.754129902058,0.772309771635522,0.78935765101462,0.805160525169287,0.819591221079166,0.832526840636833,0.843848114077735,0.853504481140921,0.861569049976825,0.868064925388175,0.873046333898368,0.876598888885546,0.878825760612737,0.879755558528974,0.879456475246026,0.878034291887391,0.875702078677675,0.872627302459013,0.868852339568865,0.864475087087029,0.859695784534682,0.854748588516968,0.84975136576182,0.844858654983677,0.840111729746174,0.835506556052134,0.831097909220311,0.827038718757916,0.823544637765412,0.820804622442856,0.819042884344692,0.818478513858739,0.819168607216226,0.820996105306921,0.823842429846299,0.827474647686334,0.831520882104433,0.835611761131305,0.839362653078597,0.842370581411022,0.844234742570596,0.844568124766902,0.843037883313412,0.839380762014689,0.83330711949118,0.82449466509603,0.812587503937668,0.797295646687949,0.778314585197473,0.755373779594355,0.728079844281137,0.695990690100794,0.658542229654011,0.614870227881747,0.56385772567023,0.504796138255712,0.441447504749276,0.404084885766291,0.418472263567877,0.450281389763238,0.486857329573377,0.526884206472982,0.568362534691705,0.607849425639408,0.642854787682897,0.672209144225331,0.695648102314596,0.713224003704299,0.725145063610246,0.731671239449279,0.732992853909462,0.729137397129,0.720082838308531,0.705484996709303,0.684909425654683,0.657869125147796,0.62359521612648,0.580810644179732,0.527282995665033,0.459018753959034,0.368277156319779,0.244925113281901,0.262351067266276,0.370639266579974,0.441207223163496,0.486260832095829,0.513227147064142,0.526578612497704,0.529931890344454,0.527201911570597,0.523019384571942,0.52237150733326,0.529193426373421,0.544795136654984,0.567859064417358,0.595915970714314,0.626505386410379,0.657629125575911,0.687759749458643,0.715876073839635,0.741297148243132,0.763590270680459,0.782592814407923,0.798304631328615,0.810755003308074,0.820053347371077,0.826418063400158,0.830152197127408,0.831564360892949,0.830830937492338,0.828271137571923,0.824343462620551,0.819501635760451,0.814186365337871,0.808702632640397,0.80325294052521,0.798004333926089,0.792958921984808,0.788153748195221,0.783563554953314,0.779146832847985,0.774884643506772,0.770705957085549,0.766617563954681,0.762836386954162,0.759644521176915,0.757331138238279,0.75613478992569,0.75611771164066,0.757118744312164,0.75876379131695,0.7604605691277,0.76165722341954,0.761899788527496,0.760864907944139,0.758474547268574,0.754857426582062,0.750125597502368,0.744474213810019,0.738372000396309,0.732075986449639,0.725802251884816,0.719768884268529,0.714232753360797,0.709541753548362,0.706206113237644,0.70488403279621,0.705887750869828,0.70938868886912,0.715092183535462,0.722222774732528,0.729664584645089,0.736163068706817,0.740498510419823,0.741583708195924,0.738497105097293,0.730615059817689,0.717352309062553,0.698074393466996,0.672069039624282,0.6384710679725,0.596187970844294,0.543893857621819,0.48047956513016,0.408526063050872,0.352241061743672,0.364467070566027,0.418959486129729,0.471109876185275,0.512708965302846,0.545408138611024,0.572141169431158,0.595517057535176,0.617521270129182,0.639283432074778,0.661143713962975,0.682933475723439,0.704331921871674,0.724958459014753
0.754587069766715,0.771393596147349,0.787256910938996,0.802099924962181,0.815821140454927,0.828303088227087,0.839422654498872,0.849061148332511,0.857181672488934,0.863797780893431,0.868942968120441,0.872709191578453,0.875230102964626,0.876577457718052,0.876721398563133,0.875809944418719,0.87396457337567,0.871358675984259,0.868139411216896,0.864331923810158,0.860066438594261,0.855586826279229,0.851004650132044,0.846416480824519,0.841857846902876,0.837262363643321,0.832505648014555,0.827639660390117,0.822881222560843,0.818445930482659,0.814554954750614,0.811491240986743,0.809513522600961,0.80876993969401,0.809353725345268,0.811252492566562,0.814290318156776,0.818085526930961,0.822166698853649,0.826089179792217,0.829397976078333,0.831655615131972,0.832458106426761,0.831443482875385,0.828342918286377,0.822950541063701,0.814986856361945,0.804160369283679,0.790229582115407,0.772987648516203,0.752200286182381,0.727700779248331,0.699341028289304,0.667068797430258,0.630817299555533,0.591148992893035,0.55048085600633,0.515550455362249,0.49824316501511,0.503859527678378,0.524415944792847,0.551930364690856,0.582542915896017,0.614005489098728,0.644368658575428,0.671997997116658,0.695737068525735,0.714968837328065,0.729386177016847,0.738916285068976,0.743632041632569,0.743645201794208,0.738944283098758,0.729477082215776,0.715016654512813,0.695072826495992,0.669281274864393,0.637109583282516,0.597763102208412,0.550313868718387,0.494285907057587,0.432628626499904,0.382969117757351,0.382592751504435,0.42384015542095,0.467802416026405,0.50001556645019,0.51860058386193,0.52466573481234,0.520422058108809,0.509540113710696,0.497900517659993,0.493375791270183,0.502340138500161,0.525050980766661,0.556754192548093,0.592198760622966,0.627981368537114,0.662236904481168,0.693914828755797,0.722433752081261,0.747471213846971,0.768923979191649,0.786749549996752,0.800994542223245,0.811792273357436,0.819282267153268,0.82368287297244,0.825321357217333,0.824590494089557,0.821819730931478,0.817325775782962,0.811701740021578,0.805560147363026,0.799474827039216,0.793873378538658,0.789167374815294,0.785509629641289,0.782963668926559,0.781478325052373,0.780882854266254,0.780965640028257,0.781533903618046,0.782373718865191,0.783349623956585,0.78442490599816,0.785660003073493,0.787151618821119,0.7889576892377,0.791020576829988,0.793178503422386,0.795149580367123,0.796556924863612,0.796920703546411,0.795863460636584,0.793135471730185,0.788621230125528,0.782426382032952,0.774591248483234,0.765383221378114,0.755164691262626,0.744109493838156,0.732425522191586,0.720409862571806,0.708490562842981,0.697302704842056,0.687822990343981,0.681143708238614,0.678297576179677,0.679902465497437,0.685703788797927,0.694554635862513,0.704732239524762,0.714374358633351,0.721799994898935,0.725637669183034,0.724883823885382,0.718905023842168,0.707056619039809,0.688667467880886,0.662930384815878,0.628748826473305,0.584488350774044,0.527476597152302,0.452840819801836,0.34987940799016,0.185046332537861,0.277456071470493,0.39384355216433,0.469292301049867,0.523302542175773,0.564097089817339,0.596333954983113,0.623144902099418,0.646691045439884,0.668375059884194,0.688946379547365,0.708720396171014,0.727729667328628,0.745870768531522
0.767995516341274,0.782672555973408,0.796502206655147,0.80942119401667,0.821326770050522,0.83209386188257,0.841591169475996,0.849696735182307,0.856387908953323,0.861629035167226,0.86546324873396,0.868022836212471,0.869481717750943,0.869854895910948,0.869122044292791,0.867476338850367,0.86510298899092,0.862103710945809,0.858608332103376,0.854679481239022,0.850514898398349,0.846339524425807,0.842189777908894,0.838088666159897,0.833938374372542,0.82953175253474,0.824671831461192,0.81938164954754,0.813844807899725,0.808286191021366,0.802999189299853,0.79831442376084,0.794576792836327,0.79220008931249,0.791494198112825,0.792551017057921,0.795231552307856,0.799119363609945,0.8036038642423,0.808115304096983,0.812116553914824,0.815118567801714,0.816699042908275,0.816503290540682,0.814258488524054,0.809823932927613,0.803040599932939,0.793709781483878,0.781671105427811,0.766856644825447,0.749183001499762,0.728603091084666,0.705331177723656,0.679698139550168,0.652243629159062,0.624308362573081,0.598522993741686,0.579131041635001,0.57083725987808,0.575134486398309,0.589343085842865,0.609566007332297,0.63273468477835,0.656656682029202,0.679891938106704,0.701299374202152,0.719823586837101,0.7348111132617,0.745879820232347,0.752767429451896,0.755435192175191,0.753938027564255,0.748301652531022,0.738453687727081,0.724281772950914,0.705444207751916,0.681740375601525,0.652974995812548,0.619095383542062,0.580542398734108,0.539174101982491,0.500077139744791,0.473252639761855,0.46849116690123,0.482987421352144,0.503728618218086,0.520175084090851,0.527213068980936,0.522929172414012,0.50723691301953,0.482264254193338,0.454711517804027,0.439393365804223,0.451847511703944,0.488912545946368,0.53568518844059,0.582434233518889,0.625515376454151,0.664004731919536,0.697825354573622,0.727079201518642,0.752054797902723,0.772897959309512,0.789665022297643,0.802500753718189,0.811635662455296,0.817266317920708,0.819567160515577,0.818883076312178,0.815655331563075,0.810356797335991,0.803384244557066,0.795463998267979,0.787443943139143,0.780109242677898,0.774088227154378,0.769932550518896,0.768008946759724,0.768336791112961,0.770621742828836,0.774441551777553,0.779329291368299,0.78486284761975,0.790630109577211,0.796365887686199,0.80193960324252,0.807237836944108,0.812156817939508,0.816636095474897,0.820591125438095,0.823882210385587,0.826293977648478,0.827551026110211,0.827340330507326,0.825278453475921,0.821099685658381,0.814661006764241,0.80604072959582,0.795286506236019,0.782728216270818,0.768540728879551,0.752815757270637,0.7356757899373,0.717373730473472,0.698397800008731,0.679625799107004,0.662580319146718,0.649077363588887,0.641381071263388,0.641039795248152,0.647956775921692,0.660253170485421,0.6750646152381,0.689542456600033,0.701410750386471,0.709052955807134,0.711548820527922,0.708309628939766,0.698811347328289,0.682531581747436,0.65883404043466,0.62684237461545,0.585272753968967,0.532219851112644,0.465168366344964,0.382681026548345,0.308248025487948,0.340231142465871,0.421955699213118,0.490316278839186,0.543338460260872,0.584842443384631,0.61810871061065,0.645646855959982,0.669280777528436,0.690294599374055,0.709522676969079,0.727485184680653,0.744407563214653,0.760365564601058
0.775054659935971,0.787865971353606,0.79993643400808,0.811205225645556,0.821555193105755,0.830839930885917,0.838908349484754,0.845628996277296,0.850986533780698,0.854923495419061,0.857488933397254,0.858866121884282,0.859221103776772,0.858534241809146,0.856848199087334,0.854363481198329,0.851319514311799,0.847786848942723,0.843873500369848,0.839741884010618,0.835696224680536,0.83188665894788,0.828316001210423,0.824875456778751,0.821312281837432,0.817246294363724,0.812433746939917,0.806783758086629,0.800376402137014,0.793452772622614,0.786348408213406,0.779506359483224,0.773553445300963,0.769194938762019,0.767032401034635,0.7673217515051,0.769921357828636,0.77431187055568,0.779689667138647,0.785263029357192,0.79037366186142,0.794466158585281,0.797100020912689,0.797944035423304,0.796764700010295,0.793470702030856,0.788073872857099,0.780503207084783,0.770724013784389,0.758820381221855,0.744878460809827,0.729021442213459,0.711527125759283,0.692924739309896,0.673982694762248,0.655994224177466,0.6407947499927,0.630736942683767,0.627869605392715,0.632545006081982,0.643545371212173,0.658851092230422,0.67646201735521,0.694722338015117,0.712409919324443,0.728610488672095,0.742525342301959,0.753521207615619,0.761246462649821,0.765445365379786,0.765989217996167,0.762901075339196,0.756238137012152,0.745974192887445,0.732139040008852,0.714599600947112,0.693240803005938,0.668209783964831,0.639943355334365,0.609525320490455,0.579123768080463,0.552435692435633,0.534168188410686,0.527366538188305,0.530281065048757,0.537032348463193,0.54117282756709,0.537765592841077,0.523335489528452,0.495284830522249,0.451810390143114,0.394720541452741,0.348388949057824,0.372294159064728,0.442811986195203,0.512740496420101,0.572721755871085,0.623129348061511,0.665529004409619,0.701166658669518,0.731047122330628,0.755843207978652,0.775974878365967,0.791691428004741,0.803131580867589,0.810540101041758,0.814186276972294,0.814252755058395,0.811006884956015,0.804902179720053,0.796515828096546,0.786381821486275,0.775356607561968,0.764604145267996,0.755234287407921,0.748249845969653,0.744559711886558,0.744653843238019,0.748406075634691,0.755149432325234,0.764009858602886,0.774159283557885,0.784893787931334,0.795605567115471,0.805923598051457,0.81562841061011,0.824586736117753,0.83265704171114,0.839636190571219,0.845415633439593,0.849876448657699,0.852855796404623,0.854148601780634,0.853516566831783,0.850696128611624,0.845353699571533,0.837284190207143,0.826484426864063,0.813123046182478,0.797486607219517,0.779587287339355,0.759389773779509,0.736863432583308,0.712069041570258,0.685342522410337,0.657634433598924,0.630766359620059,0.607821524788836,0.593147689391736,0.590487735475653,0.60024905538567,0.618847174790784,0.641061534049689,0.662467021460287,0.680166293807761,0.692530159424504,0.698914902483437,0.698963511680676,0.692447294440599,0.679167750692328,0.658883293486588,0.63127905982716,0.596022189900981,0.55320947336702,0.504461069104139,0.456492729991496,0.4277389352437,0.438835042605358,0.479650059859079,0.52698505166473,0.570158530739844,0.606896491279867,0.63771319592365,0.663732739155054,0.68607408694007,0.70568587303035,0.723293898110934,0.739414859311695,0.754393059807734,0.768387222522958
0.775717774750505,0.786880141007244,0.797448349391308,0.807343275918319,0.816409835550872,0.824457746791441,0.831298830486859,0.836782851948539,0.840897375357461,0.843592568002248,0.844929523659412,0.845140709426594,0.844355486320005,0.84254560110699,0.83982983785755,0.836401726994886,0.832503236780674,0.828246586298412,0.823747296317631,0.81933225632071,0.815410445957779,0.812099339001808,0.809344216844253,0.806866669022684,0.80419411697165,0.800782847357967,0.796274742373148,0.790375698006204,0.783022214337204,0.774401714112598,0.764909078361968,0.755223192266543,0.74633252493178,0.739385355191659,0.735427099648356,0.734991293693998,0.737888406849041,0.74334399184521,0.750221323086667,0.757405631040967,0.76407051203066,0.769589270147971,0.773509358451304,0.7755341938257,0.77550799482848,0.773419713492935,0.769465600711019,0.763785395954963,0.756501938975556,0.747854384749162,0.738065083572388,0.727375961713025,0.716007876302465,0.704315394750856,0.69308263916952,0.683215587285503,0.675781289532377,0.672089374166077,0.672998140204171,0.678498626959249,0.687857701729506,0.69993417512358,0.713598148093752,0.727588301985967,0.740855750861847,0.752725342758333,0.762586293480431,0.769919734506743,0.774459800734118,0.775993248077563,0.77435074482143,0.769568129169008,0.761736547512713,0.750945143857744,0.737354690341293,0.720957587065388,0.701741662163711,0.680026025520584,0.656477319173007,0.632232506413844,0.609034701057918,0.589170064266046,0.574852210662172,0.56701838538153,0.564318893090152,0.563333112323179,0.559767281475276,0.549421322878805,0.52832935370152,0.492298991325857,0.435400088981299,0.345680871477575,0.188936963744653,0.28218002409245,0.412313232302468,0.502087896621875,0.570579404647314,0.625082190580452,0.669298106063848,0.70560778546606,0.735392767533029,0.759522376098689,0.778652881388274,0.793144901415911,0.80313540746357,0.808766133791337,0.810298913835191,0.807960886023201,0.801936058785243,0.792596255252696,0.780532709949307,0.766429237564178,0.751267439951633,0.73658467336368,0.723984004572423,0.715312322206238,0.712010309275777,0.714600565866421,0.72260827984839,0.734795112781731,0.749595883452968,0.765643539733356,0.78191454164802,0.797650410782583,0.81242985332248,0.826023353790252,0.838288770762681,0.849116667163488,0.858396336686409,0.865917477607925,0.871554739136833,0.875194815212636,0.876688122828326,0.875850914301225,0.872468274439536,0.866282710904502,0.85695959125921,0.844365269356123,0.828825321306155,0.810520675749213,0.789338737610935,0.765089310965197,0.737521579755413,0.706377068460604,0.671544086419256,0.633580026912848,0.593991688382224,0.557001192653244,0.530674542307726,0.524505234628069,0.540673776559131,0.570748123095937,0.604330552800298,0.634926233299952,0.659522766103602,0.677060220000683,0.687471538817175,0.690865806574694,0.687449939244675,0.677455419797089,0.661125919795096,0.638767260506835,0.611032662660393,0.579310414707797,0.546580733855784,0.518753775225957,0.504636691593341,0.510605923529962,0.533706112197158,0.565021670792186,0.597385944093324,0.627390476095,0.653956647216218,0.677078973636718,0.697177283665971,0.714801855248789,0.730492560314932,0.74469842171704,0.757771020428389,0.769925232766482
0.769851967640973,0.779561147562122,0.78889313502018,0.797720481394895,0.805812882689529,0.812900866586209,0.818733729308673,0.823130186437648,0.826080915587003,0.827572094250794,0.82771499127103,0.826762024639976,0.824808237090128,0.821850964756068,0.818041803886205,0.81355211508607,0.808579419539403,0.803330491016053,0.798004987149146,0.793167915208403,0.789361575940314,0.786744979744104,0.785163505468505,0.784122471144919,0.782839072691982,0.780592404957583,0.776756499376735,0.770801457683412,0.762454488062842,0.751789360125008,0.739267674197928,0.725809152948984,0.712845805010378,0.702257244377722,0.695879091304033,0.694756658906225,0.698559141972119,0.705913573171692,0.715085377206287,0.724532890054944,0.733236470420233,0.740518615207089,0.745926431852439,0.749213919354037,0.750332717522464,0.749413986309704,0.746822457551927,0.742993108891063,0.738260840801474,0.733039235704646,0.72766568117738,0.722375048273956,0.717238755170212,0.712315375767599,0.708056389518442,0.704991572467826,0.703680831744601,0.704812440476059,0.708666689576736,0.715117621882423,0.723662924340137,0.733699721966447,0.744464748014761,0.755091994902147,0.764769928052935,0.77297689292764,0.779296404664663,0.783289202335712,0.78479244481966,0.783681792821594,0.779825406148347,0.773253005944309,0.764107508660741,0.752640578305415,0.739031102597926,0.723411716440146,0.705831007268768,0.686695292711308,0.666679890414134,0.646731669054146,0.628081526893054,0.612092985736077,0.599856554642046,0.591606686200622,0.586290855870493,0.58161415382779,0.574472760457005,0.561456699804425,0.539043540161806,0.50357384274641,0.450710309680564,0.376202642343412,0.299129391242125,0.337951560642001,0.434063002228283,0.515510011015204,0.580876947103779,0.633735042151816,0.676767524544679,0.711986960420539,0.740619510216488,0.763501427506377,0.781259801058673,0.794276548786117,0.802696080830542,0.806528487073095,0.805913628672494,0.801040600272803,0.792044202293032,0.779176946930136,0.762885121782834,0.743898568283061,0.723298417685349,0.702929042204967,0.68542866162691,0.673970263400644,0.670954146450686,0.676961503843251,0.690674165133833,0.709707543415816,0.73157313677761,0.754247945939515,0.776414562615053,0.797243793910414,0.816360904576686,0.833602477918594,0.848890229740155,0.862187818509408,0.873453159082382,0.882603366301186,0.889427276013853,0.893802969178704,0.895628728003679,0.894765500339726,0.891036102185183,0.884222185774044,0.874025488958722,0.860135314213275,0.842925538553842,0.822507729803295,0.798685182272918,0.771113722756349,0.739300580402444,0.702591440005781,0.660232317324748,0.611670014599591,0.55685114458139,0.49883329728796,0.44972653584765,0.43605774176139,0.468034527854288,0.519316630116891,0.568938730350724,0.610139984855905,0.641644900293916,0.663901855358631,0.677737690453211,0.683893219023265,0.683067551749011,0.675936617571333,0.663199394176557,0.64575080900622,0.624803180860636,0.60211851024417,0.580413291331272,0.56356434107456,0.555931526010096,0.560056237361763,0.574715714402429,0.595950173191568,0.619750405175136,0.643356789798408,0.665306611492394,0.685005534839447,0.702382373813464,0.717656450502692,0.731174957471226,0.743338831511771,0.754487073465038,0.764868679135516
0.757266123019893,0.765700338769406,0.774084710874086,0.782207191061695,0.789705626715815,0.796166318985883,0.801237660749321,0.804692744939223,0.806533056197197,0.80682022601216,0.805768532410308,0.803633583623913,0.800510685686214,0.796424962188997,0.791499958346821,0.785830905038905,0.779539408178644,0.772919516277356,0.766382011341073,0.760844262063053,0.757098711218908,0.755440865935515,0.755576109088158,0.756674394487845,0.75757294094321,0.757191298368334,0.754544291512591,0.748846688528028,0.739567351208855,0.72661833053191,0.710406992280206,0.69196123189758,0.673207164009808,0.657130173792021,0.647180229751925,0.645497809115623,0.651338904868235,0.661931493706786,0.674443689899266,0.686865387473506,0.698074097540395,0.70743374769612,0.714523441517465,0.719117301651171,0.721248242121426,0.721237272244402,0.71969705368075,0.717457455428178,0.715179257874289,0.713487822982795,0.712782194800984,0.713132568622118,0.714306092622585,0.716034731471182,0.718286975767661,0.72119371186709,0.725070254265445,0.730187674613311,0.736535783126786,0.743977399129478,0.752297620824904,0.760992433821104,0.769557823251988,0.777467970513477,0.784122850742958,0.789182856816245,0.792377073836919,0.7933433499106,0.791968125697144,0.788212607421272,0.782030491076984,0.773456729854597,0.762775986363109,0.750306506891332,0.736284047844415,0.720965227914548,0.704441579198326,0.687114849643181,0.669544845197369,0.652430742408592,0.636589273563284,0.622843893969768,0.611796676730013,0.603521716795293,0.597307047233984,0.591588150370116,0.584115131730829,0.572268888117837,0.553457440951636,0.525675483380798,0.488620164049644,0.447379740147816,0.42169222397003,0.43875473127743,0.489726187928452,0.548102603102846,0.601929655590487,0.648434416064806,0.687650506054482,0.720158942633918,0.746712685850226,0.767803515153965,0.783874337125545,0.795220332876547,0.801945361725652,0.803978797565324,0.801289072637034,0.793914511810537,0.781881210532929,0.765298048396327,0.744381936587083,0.719649134766512,0.692011416069225,0.66363589226048,0.638634283753948,0.622400388478346,0.619483209974081,0.630660597875551,0.652627510913894,0.680674181681371,0.710940396735384,0.740914334605141,0.769147898690479,0.794994106785971,0.818243809924204,0.838852496072431,0.85687660985591,0.872383947708547,0.88541429435106,0.89595814809901,0.903935524890221,0.909124188743334,0.911415481321213,0.91071086438471,0.906868891928164,0.899699642775173,0.888954687358641,0.874323700522368,0.856007906568258,0.83413381295545,0.808466391322772,0.778565385411422,0.743761424075342,0.70307654143346,0.655188124497216,0.598192650227994,0.529342260295272,0.445422328002225,0.348297758658358,0.307655757692056,0.389658534559843,0.47576306624762,0.542545631640158,0.592640234887328,0.629099372763107,0.654365794284854,0.670181809482819,0.677855256945458,0.67850334431557,0.673178628978444,0.663029186285765,0.649330190228029,0.633517642323879,0.61730987749003,0.602792984748286,0.592363355971414,0.588268434844436,0.591559190539586,0.601608300105469,0.616571884907086,0.634203226600388,0.65258249600766,0.670372931633474,0.686757457668013,0.701359798046825,0.714161141493728,0.725358139492613,0.735329468552576,0.744440922451493,0.753047180631897
0.737992439360165,0.745329269318892,0.753103670372037,0.760932612768626,0.768233479676528,0.774395291729099,0.778928918746531,0.781554000025628,0.782284221354494,0.781299246931064,0.778974386492851,0.775606405540167,0.771352604644039,0.766236794736367,0.760272135268253,0.75336938678957,0.74547994832655,0.736971458809391,0.728586544692631,0.72178717390861,0.71792357852628,0.717588707753403,0.720276933260963,0.72460463063299,0.728794137185828,0.731191768456302,0.730445967165623,0.725481522376236,0.715533127726167,0.700285562610383,0.679870154259353,0.655115057437959,0.628124563072964,0.6033028556498,0.587458519492191,0.585667728561469,0.595839976786288,0.611700045867947,0.628674858269591,0.644635023243051,0.658739834114238,0.670506783723017,0.679466582961418,0.685322655387863,0.68815749555575,0.688526814617917,0.687432694380363,0.686247503498082,0.686174501338883,0.688136725676688,0.692505931597269,0.698970684012619,0.706780116004155,0.715215402452238,0.723787870377211,0.732232954732192,0.740703588774362,0.749291725492778,0.757869609151057,0.766427944856165,0.774805367164621,0.782570734074975,0.789412425367332,0.795094927134833,0.79925087882867,0.801600988869983,0.801957108009869,0.800025926621972,0.795761400151273,0.789231446041927,0.78048495994422,0.769614039031791,0.757066369289726,0.743197744146058,0.728345825746837,0.712807673282029,0.69674736499784,0.680485028407981,0.664431562947271,0.649044108104289,0.634819847275681,0.622267855610227,0.611831629483951,0.603729858531497,0.597718728927632,0.592870965419223,0.587549941326542,0.579708826447982,0.567519063876422,0.550211256379102,0.529174588029385,0.509665837462915,0.501825456275404,0.514554806050041,0.545968717757888,0.586448570910841,0.627922376926066,0.66642394052902,0.700341079390964,0.729184393580118,0.753065071296636,0.7720531930395,0.786265346702765,0.795879620763807,0.800903397095553,0.801192578572301,0.796575602176762,0.786918345357207,0.772048133406017,0.751823660488371,0.726175569007819,0.695120770395636,0.65892884824448,0.619740320471288,0.582915035547493,0.557900391825582,0.554736075204461,0.574751507561274,0.609405573457953,0.64943833254957,0.68946691330952,0.727078911365904,0.761201036180577,0.791660805074934,0.818594264277725,0.842192759823579,0.862633655059203,0.880088623282851,0.894683836441328,0.906477682405017,0.915456712724747,0.921513795141362,0.924412679950833,0.924059354963944,0.920346130185346,0.913114909967676,0.902148503927924,0.887276358916038,0.8684982353366,0.845896489156988,0.819290575701402,0.788241213456091,0.752038626765749,0.709625977408188,0.659546368889485,0.599380458964975,0.525327222675418,0.430242854661589,0.29542816041975,0.18405834126855,0.357641425897241,0.461987945190166,0.534509897981503,0.586789927282892,0.624031772602744,0.649451048175737,0.665100717687906,0.672512950627274,0.673028496794524,0.668025153213777,0.658957693172581,0.647350670955025,0.634793623594205,0.622861895317473,0.613057379105695,0.606724032514398,0.604805014822171,0.607640696163739,0.614979643351085,0.625957249471839,0.639350004619009,0.653885500766937,0.66841854526259,0.68202851238438,0.694135798431851,0.704531391436099,0.713325046328192,0.720920845511189,0.727796481482069,0.734525195855314
0.711717040098548,0.718182685276721,0.725883203494422,0.734112382670018,0.741869398065671,0.748192925619054,0.752384691812624,0.754110221466479,0.753489275741658,0.750958937046361,0.747139791864648,0.742425720848546,0.737115812700002,0.731211204493038,0.724488305566655,0.716473595663358,0.70675110056244,0.695641391551064,0.684329942245645,0.675181616271219,0.670736745789034,0.672259682085214,0.678871752344161,0.68808770711857,0.697049611655699,0.703416993182265,0.705430233330905,0.701841258711048,0.691724035263377,0.674513522188455,0.64991016653008,0.618041559223929,0.580113144789978,0.54084085918356,0.51339438922214,0.513081367264223,0.532622591902837,0.556332543233561,0.578360596017886,0.597956238464646,0.615205205246626,0.629776181568112,0.640886107915948,0.647940951161008,0.650994786484974,0.650885362904808,0.649197021555656,0.64813471775173,0.649835721580728,0.655717324586696,0.665939431315966,0.679417362038711,0.694547481391143,0.71001656206328,0.724904250470058,0.738725420008656,0.751495166844065,0.763194916002551,0.773833461121763,0.783503016386576,0.792050161225016,0.799167953828693,0.804707989578823,0.808610865177157,0.810615440615305,0.81046715538122,0.808096293701393,0.803269479327559,0.795991968214668,0.786424843624453,0.774756718049369,0.761260682108607,0.746430044857207,0.730714119840211,0.714519496434509,0.698215668237408,0.682011931655181,0.666130791839421,0.650832309552109,0.636340525909833,0.622866718206509,0.610690989637954,0.600264940842429,0.592204180476139,0.586995259854033,0.584441199036077,0.583299779801057,0.581636117097237,0.577703700861462,0.570976050685551,0.562751614492504,0.55661635662327,0.557656403920208,0.569643629944005,0.592259620554366,0.621638456335508,0.653414353792665,0.684477099433175,0.71292171909616,0.737779591789298,0.758717053346003,0.775527165260848,0.787947011980413,0.795933570092974,0.799402594695786,0.798131708261715,0.791835713844296,0.780251441212283,0.763026291799718,0.739696510335182,0.709748651000182,0.672549751689425,0.627320614559883,0.574697215362556,0.519260277253073,0.476133620009038,0.47189169890021,0.509791922673525,0.564546148426828,0.619566286623739,0.669822322272183,0.714503630123984,0.75375562713988,0.788046262748193,0.817961372100551,0.843976185318944,0.866434375135667,0.885563591813373,0.90153283832458,0.914456105535244,0.924369129958619,0.931226553347886,0.934863503308574,0.935048300861789,0.931699127200099,0.924697322622279,0.913866712631734,0.899166451611839,0.880575880674984,0.857976231455743,0.831352809892506,0.800361069168963,0.764419564193914,0.722671196582542,0.674078291279466,0.61697688946327,0.549664294025759,0.471367859157687,0.390778305276529,0.360701675982982,0.416152421801585,0.488096835285354,0.548169309371,0.594016908170349,0.627147049761663,0.64948104279062,0.662523439065013,0.667613113350382,0.666141243508432,0.659608503074877,0.649687559353128,0.638223874291295,0.627037136337382,0.617683573324605,0.611119702068518,0.607698497000323,0.60742835418952,0.610251254203697,0.615993227548186,0.624355697418652,0.634861389394653,0.646761844607607,0.659065905764715,0.670700468005515,0.680832305284897,0.689018046476131,0.695297857113161,0.700180003134745,0.704422371505296,0.709020409558998
0.677867499277704,0.683677810787653,0.692076971934351,0.701748066769628,0.710938758105868,0.718103475724359,0.722255544816586,0.723019671904258,0.720666597711371,0.715995029427034,0.710041714061101,0.703627024836901,0.697354549393974,0.691149993828009,0.684340505379424,0.675712678132662,0.664140691602868,0.649543977540985,0.633508807877721,0.61986765019635,0.613734368906734,0.618055915775161,0.630986189209721,0.647607036264527,0.663310891817835,0.674957153249965,0.680630058166804,0.679118887205558,0.66951134743408,0.65112076954443,0.623290112579742,0.585169801445119,0.535737480870079,0.474989764903804,0.418543194878747,0.427310707865779,0.466252354372265,0.498208699569092,0.523843712076298,0.546252539304285,0.566910535326847,0.585122146726936,0.59898775731511,0.607218766186773,0.609803891126013,0.60793196153756,0.603959600801167,0.601422980282178,0.604198974799209,0.614658042923666,0.632294996318435,0.654397226283613,0.67797747556853,0.701026436604545,0.722336027732922,0.741413629902643,0.758262182777968,0.772900018001452,0.78549045952104,0.796146070400948,0.804891272384574,0.811622615945848,0.816161827824364,0.818517372590439,0.818546413805126,0.816004175177754,0.81089209590715,0.80307207983008,0.792580803686822,0.77969931469165,0.764762499454921,0.748218964842821,0.730583343570161,0.712470835160458,0.69433767815471,0.676672812379517,0.659692195908213,0.643529219564423,0.628320015238479,0.614071479184758,0.60066836322989,0.588093056249009,0.576816127841985,0.568116346422474,0.563773600602468,0.564732388749704,0.569839450629353,0.576397037845114,0.581898782044333,0.585282157440442,0.58725171168939,0.590077954531701,0.596643467785289,0.609015630175905,0.62732604233748,0.650002396590287,0.674904334277912,0.699934153418698,0.723548361857726,0.744695498429986,0.762759187010637,0.777406913862389,0.788218267554294,0.794862901680889,0.797086972691489,0.794584383541135,0.787013749541103,0.774014960227559,0.755128621384027,0.729628849773842,0.696654112675731,0.654870531476745,0.602353854023503,0.536846095661409,0.456501925954875,0.371241911639283,0.362467514205331,0.444142008083664,0.526970903658445,0.596715889224123,0.655248606631247,0.705042437119583,0.747833735994949,0.784780180527526,0.816797889979356,0.844557454940553,0.868526506810954,0.889005346631079,0.906162457076323,0.920107501025576,0.930902816520939,0.938528456239782,0.942903017037748,0.943792772162998,0.941023728122459,0.934523074608819,0.924167683778816,0.910040355101056,0.892173581518312,0.870292428340659,0.844492589110521,0.814630680128004,0.780369854281751,0.741236387752962,0.696875399659268,0.646883513686462,0.592069712420395,0.53621936804287,0.490549621919857,0.474831603347364,0.496085320057752,0.53615579009291,0.577250631157356,0.611665595711337,0.637210693756001,0.653885726417747,0.662219773708052,0.6631019096955,0.657674003197531,0.647424204865788,0.634330174795737,0.620758647955352,0.609124341640226,0.601123967126019,0.597114437243849,0.596414835178508,0.597916491209398,0.600928973577399,0.605426291339563,0.611795468867118,0.620331710529434,0.630758639465095,0.642078919257696,0.652849135804339,0.661787552426782,0.668097889346642,0.671712168860726,0.673315083046739,0.674179384506545,0.676062604711695
0.635412964955091,0.640922629255238,0.6513309344439,0.664055373762688,0.676022227530308,0.684867785688007,0.689276696003245,0.688877859571519,0.6841830089329,0.676487133482225,0.667438695533195,0.658611280419355,0.651300042356489,0.645599684833011,0.640063415202751,0.632064306320548,0.619184182684223,0.600291564635742,0.576798325164794,0.554377581600126,0.543830262078815,0.553023392305132,0.57686889748607,0.604635074207058,0.629245644742192,0.647337530115485,0.657365553628599,0.658501405512966,0.650108964663084,0.63159403491328,0.602246315956421,0.560912666948818,0.505549920992813,0.431835750541204,0.33052015546193,0.360598508003282,0.408445091298613,0.438827919119061,0.463654037337136,0.487190465447153,0.512389046442235,0.536407694005332,0.554222586807617,0.563572996891745,0.564725068810576,0.559309515504025,0.550409635786037,0.543524003395874,0.546135889689563,0.562878180944939,0.591154542116804,0.624580970452313,0.65813610680607,0.689345972304481,0.717121805114556,0.741252364695352,0.761865039125516,0.779272411230958,0.793662909156855,0.805279662069369,0.814285467761827,0.820671330039035,0.824297394424926,0.825233231772696,0.823391549393468,0.818540071958985,0.810669388128513,0.799709170783069,0.785794208954953,0.769262382148687,0.750608339356196,0.730386057629538,0.709236474779264,0.687983896861783,0.667224370347767,0.647547957227967,0.629137161088819,0.61204200568497,0.596367480941098,0.581948270583528,0.568185847631144,0.554462335119642,0.540978098553501,0.529881219736272,0.525589980384888,0.531530900926207,0.545914838255975,0.563417173544521,0.579658488741633,0.59277277371219,0.603187603796479,0.612575650530933,0.622956324699122,0.635878536377002,0.65184818358085,0.670396986670028,0.690519738469921,0.710980551224159,0.730687589489621,0.748699410452969,0.764283497873586,0.777025529378321,0.786406686191684,0.792011091295571,0.793438915628501,0.790205364471531,0.781878544598918,0.768098865569281,0.748339079914033,0.721886786607745,0.687785494922602,0.644407607729399,0.589427970942006,0.519053097675926,0.425884749230561,0.289086928571717,0.266160443132074,0.412530941871138,0.511043831977015,0.586726142939341,0.64823462865074,0.699805888785424,0.743937219595012,0.782095929387258,0.815229203629322,0.844060301801182,0.869066957837853,0.890557388731631,0.908703158553057,0.923562953060479,0.935176017592904,0.943560690885159,0.948662596901352,0.950345389127094,0.948343918019213,0.942577909658652,0.93299176179418,0.919784658744619,0.903044146061653,0.882542489265838,0.858262176771857,0.830352907982268,0.798749431320621,0.763392139677993,0.724525358877145,0.682693038385354,0.639832833432769,0.60007584821736,0.570488038566966,0.558808331850546,0.566858333976991,0.587936351892625,0.612901579108291,0.63530700130886,0.651924742228187,0.661531462213678,0.663805312042702,0.658984635634947,0.647825257713771,0.63170889695366,0.612808693701186,0.594318292950334,0.579913937701643,0.572132265088814,0.570852286329552,0.573560573955987,0.577304508465564,0.580560427357066,0.583619003305024,0.587965140979804,0.595085400058789,0.605293759967176,0.617306688137688,0.628835814647593,0.637752120469225,0.642678218052326,0.643345639379742,0.640667403464552,0.636758610314343,0.63476307553999
0.582474173106002,0.58828132200458,0.603222520626681,0.621744448436285,0.63837291931461,0.649770739147859,0.654519000941331,0.652470935497704,0.644452917419258,0.632324290859559,0.618544797523562,0.606010038662758,0.597555379412354,0.593827993940517,0.592002157923484,0.587100101312168,0.574531901439709,0.551341846369224,0.517283493446869,0.477785275386773,0.454919433247214,0.475081048656701,0.51894150536841,0.562242697233694,0.59731783970543,0.622346069348969,0.636937790472408,0.640996609363402,0.634308697438308,0.616539486475319,0.587272124818263,0.545922301836325,0.492106883276286,0.427917234759739,0.369739533873245,0.353756719984846,0.357801224858813,0.371882504693044,0.393482839966693,0.415020466829043,0.449582444859755,0.484734830340197,0.507971623758273,0.517760080647233,0.516130229760483,0.50510539641527,0.487508534634608,0.470667473085786,0.470249233305245,0.498009906873826,0.543553564962762,0.592118066531482,0.637039647435307,0.676587495455372,0.710536120852746,0.739266172342781,0.763294062861218,0.783120182547742,0.799134435828844,0.811647780288047,0.820892578991067,0.826941323621708,0.829698415979144,0.829269614921916,0.82562902626053,0.81848401251982,0.807777864065692,0.793511258090327,0.775857164683083,0.7552205298766,0.732206968742431,0.707469858778597,0.681849485858278,0.656443036719982,0.632214584200506,0.609843538437063,0.589315200661842,0.570495437141917,0.553757554863806,0.539047721543822,0.524953488744154,0.509689430136303,0.492352066779766,0.475152169298874,0.468065420790217,0.481855945963966,0.511327950946766,0.543830411385031,0.572168554427202,0.594582848956353,0.612003325567374,0.626233849320878,0.639196726712284,0.652427258300853,0.666794555944441,0.682587705369857,0.699396158802072,0.716555192733524,0.733333557747332,0.748940533873646,0.762616417956672,0.773881672804599,0.782187452286329,0.787032917032647,0.787966223408645,0.784495227488215,0.775980800772191,0.762016684054891,0.742266712970404,0.716162642725962,0.68286221261141,0.641302445529361,0.589933504246237,0.526919576536619,0.45175854915304,0.377087142734912,0.37127304471441,0.44421913894051,0.522893022504607,0.590961557206867,0.648887394067472,0.698620073831829,0.741893901064754,0.779867971577241,0.813222096907506,0.842531909182178,0.86818401632054,0.89040787077116,0.909327803683815,0.924996254316568,0.937389954739617,0.946505793712917,0.95233001729894,0.954792418207034,0.953706209666496,0.948869217334089,0.940297078173337,0.928278156150854,0.912953909851345,0.894244289515925,0.872000471842116,0.846559472398013,0.818127172971472,0.786978509180544,0.753721035838611,0.719331590295765,0.685836448259219,0.656363179264735,0.634891887784584,0.624710590313329,0.626150148128272,0.635968186618189,0.649178362952057,0.66123049204527,0.669200550052581,0.671483479317708,0.667146612850879,0.655823802299208,0.637663869303556,0.613532766778126,0.585593122168887,0.558072928703566,0.537190220185348,0.528464816994846,0.531494263196017,0.539865927250294,0.547010299336947,0.550192200822084,0.550586207260406,0.551819510823536,0.557641048905942,0.569313022532186,0.584608909448392,0.599388715139567,0.61002815694804,0.6143314944922,0.611706424991077,0.603195489785398,0.591979702638453,0.583631315667608
0.515706241195984,0.523142103908464,0.547888043185163,0.576661924031209,0.600215481139077,0.614806042636029,0.619560196748066,0.614896091901315,0.60206412056145,0.583417544623819,0.562189319985806,0.543269406478169,0.533108215432066,0.534382628263294,0.541005748130333,0.543241390638709,0.533804705125726,0.508143568958957,0.463269321163295,0.39715498026579,0.331609950771949,0.388926896061023,0.465219856407799,0.525439084985987,0.57041896448925,0.601712900966153,0.620448829886088,0.627258906913587,0.622343303722636,0.605649315987135,0.577073359362549,0.536510645929765,0.484487061669153,0.424239885843786,0.367268765975855,0.33201870678134,0.292649049097656,0.290271009189854,0.313996054206791,0.31431865583385,0.380838489998117,0.435611700001587,0.462806595313439,0.469953755801415,0.463743489502145,0.445697409051467,0.415386135302947,0.377898156290306,0.364816289272459,0.420204895079977,0.495068769821306,0.561649068875752,0.617741231116081,0.664751336480253,0.703980686900857,0.736536620199051,0.763434363963512,0.785288580559523,0.802579401622478,0.815809060589193,0.825267048148197,0.831001776784018,0.832923561324517,0.831122251023678,0.825610344147167,0.816160720480997,0.802644006699558,0.784951767452638,0.763243359990726,0.737977535341526,0.709836186232224,0.679545559401019,0.648193084644043,0.617276782670893,0.588467362176464,0.562785934083699,0.539521619575582,0.517630219281437,0.498646363699198,0.484019290786481,0.470290731068902,0.453719602631048,0.431895019572639,0.401488472280479,0.381541258909886,0.4125247868509,0.469672192168979,0.521709171036352,0.562366134714302,0.592763124952947,0.615415178733949,0.632839483330698,0.647245022067351,0.660358448046441,0.673401420956512,0.687089968720274,0.70150068403451,0.716346883404122,0.73108238659077,0.745042349594796,0.757480136596429,0.767841437937214,0.775543199059162,0.780013247364629,0.780766374342404,0.777287052232329,0.769029650407997,0.755482174516496,0.736398042662997,0.711521674896399,0.680535406044151,0.64319691863694,0.59931053334609,0.549764713564592,0.49932822755931,0.462124221709801,0.460722423182039,0.497289060321538,0.550186247403066,0.604341447063228,0.654603413131097,0.699987529102957,0.740810420929393,0.777555067704976,0.810482576951451,0.839836041570852,0.86582584902045,0.888572047486917,0.908126551360454,0.924493430434438,0.937641786036447,0.94749846758693,0.954055282263788,0.957292544267304,0.957146850441239,0.953403849502299,0.946034766009578,0.93539902391898,0.921693798187294,0.904949973030144,0.885071665544333,0.862316039364522,0.837196465241325,0.810192008722449,0.782063802781899,0.753837863625816,0.727223409772049,0.704357223043394,0.687431846726684,0.677884383929133,0.675507939778039,0.678297357190991,0.683208187866449,0.687146741711164,0.687757084869561,0.683347574024572,0.672655246028459,0.654713679636159,0.628901521430358,0.595160107727363,0.55465790632768,0.511609172125631,0.476928250119833,0.465726168611424,0.478363292556293,0.497521447335451,0.509736066723739,0.511502188987238,0.506020647690214,0.500998951671749,0.504965665543944,0.521046332764108,0.544161713236303,0.566035868297564,0.580818769803138,0.585603436843496,0.579475447086707,0.563166674581667,0.540392175318004,0.52033120143349
0.428398061779455,0.441750033466705,0.488620736630794,0.533542848907539,0.56530752157742,0.582623696831396,0.586297441586915,0.577540326999841,0.557909117962046,0.529966891645049,0.497241623184795,0.466275552733881,0.451923677731112,0.465218778193179,0.489253879765056,0.504021462720715,0.500854935693637,0.475929194237815,0.425957039124293,0.346271482779555,0.262604780757375,0.333631681032383,0.427594637645245,0.498871443941035,0.550783190923358,0.586684628962514,0.608577820995689,0.617559275706507,0.614106135659234,0.598313302999423,0.57014072840226,0.529356042981681,0.475556548446129,0.407857265525672,0.32398608035269,0.276647954739049,0.285578061362094,0.280452237494583,0.255176594202883,0.210288965466657,0.33901094601829,0.401305242652927,0.421299273902268,0.417334872800904,0.404637599019797,0.381324641999076,0.334779928195148,0.268551992327138,0.187193892966496,0.351805241804537,0.459398990175284,0.539594486261727,0.603524609275202,0.655767867056805,0.698733130642437,0.734078169783407,0.763103010287344,0.786435095882769,0.804651797466908,0.818367497114368,0.827879269297609,0.833232450344217,0.834300551284905,0.831161519184714,0.823840446595699,0.81212868749305,0.795864841405444,0.774722064098135,0.748763283572096,0.718425670612636,0.684319998634184,0.647251575429804,0.608423442746913,0.569905303672737,0.534697803352579,0.505467199032273,0.479920277273907,0.452305717866522,0.427044105913906,0.41468971400905,0.402970850762993,0.383860378713867,0.363509792398823,0.316025166031459,0.23361910339566,0.332565484021028,0.4342135582612,0.504647191966016,0.554400370831145,0.589884334393376,0.615399822296423,0.634148013802006,0.648636066484121,0.660829360159381,0.672301953274408,0.684034645836631,0.696486451705233,0.709661128270795,0.723128814570359,0.736236589626537,0.748206790166277,0.758344256725426,0.766010807692871,0.77055858384676,0.771469896908949,0.768246675094371,0.76048624643377,0.747854241990951,0.730039733734712,0.706932674290801,0.6789494303696,0.646584502965311,0.610720824355087,0.573622444265486,0.540390069329328,0.519542468785143,0.519733316208419,0.541755142601579,0.577818959600272,0.619423944366323,0.661415510452855,0.701603163199978,0.739271589842843,0.774262702330015,0.806421201436402,0.835592673174664,0.861775734639786,0.884944284780941,0.905064104034345,0.922082379585055,0.935934187330069,0.946555587753908,0.953883499278912,0.957947530485434,0.958739230911242,0.956154497273336,0.950088901816391,0.940925500835409,0.92892774907114,0.914242563795594,0.896891061557795,0.876948105013914,0.855033760225097,0.83180720751269,0.808052577319462,0.784704362448458,0.763106354818797,0.7446423728407,0.730504732130501,0.721267664480978,0.716508879825828,0.714784217743587,0.714057646825284,0.712065484548809,0.70693156796072,0.697044653145763,0.680868609949981,0.657030532580456,0.624182267398411,0.580795371397554,0.525436871518306,0.45864775344974,0.392831261139071,0.3744835757209,0.413385739731619,0.452721690324693,0.471154561108106,0.46812398071118,0.449853663926462,0.430848628738558,0.430995208427729,0.458272945539846,0.497859536480543,0.532155290779826,0.553722178288783,0.560293906077009,0.551063825749984,0.525690652083121,0.485769737081663,0.441817937478966
0.306898548238933,0.347925768859752,0.439975207170168,0.501692800575766,0.538858068964799,0.556247400739909,0.556652204213524,0.541827985871737,0.513133212692162,0.472674603156934,0.423749419612901,0.370160381489166,0.339626334895215,0.388301013808467,0.444141821673565,0.474699028642773,0.478721907251897,0.456308635492891,0.405835504499839,0.321178089537002,0.172331535110012,0.300114885786438,0.406419854477993,0.483418259427882,0.5390548083172,0.577636602877693,0.601504230653665,0.611918633560455,0.609433239283456,0.59414753293951,0.565900802231774,0.524026308161776,0.467024260429261,0.391819013922199,0.295585150961389,0.251774862055234,0.278739279817033,0.261279246580406,0.208706629049548,0.277164111021814,0.352482506713147,0.389288035881221,0.384943115566306,0.350529596325393,0.328246954161392,0.316710862605903,0.235814647940236,0.151111026332303,0.215383838318411,0.345495598240423,0.447585186926936,0.529574710954743,0.596235338745752,0.650853552136263,0.69571996813216,0.732660122457907,0.762897205472808,0.787112814683155,0.805891232940616,0.819769727660941,0.8291033781187,0.83394282122155,0.834152563335035,0.829771533917259,0.820816358913255,0.807048829899051,0.788206630418342,0.763786867361682,0.733604777603827,0.697909067699333,0.657067451731362,0.611824691523842,0.563377778372407,0.513976386183286,0.468223303834758,0.435728053820904,0.414066229820033,0.378030426212818,0.327367842037287,0.330645857567776,0.326706108214167,0.28238317395211,0.289934695814916,0.255476625874816,0.169798127674938,0.314746331688166,0.425994682562225,0.500294188792028,0.551840148619784,0.587995628340462,0.613319340176608,0.631119365084257,0.644017247346607,0.654187416640774,0.663477124275512,0.673123891639622,0.683858343856833,0.695857659577026,0.708807257695229,0.721953921084222,0.734325418729575,0.745012938210519,0.753260976256597,0.758323248472463,0.759711557032432,0.756996432737638,0.749842724963211,0.738177749834348,0.721731323022213,0.700692513381087,0.675755887924248,0.647999550914569,0.618868326697845,0.590855071363517,0.567996009659104,0.555207176948129,0.55634570684669,0.571691775713372,0.597886979495105,0.630389134968831,0.665496812809497,0.700971098270614,0.735670848956721,0.768971523940664,0.800364752044572,0.829368878390911,0.855751997681814,0.879356968673487,0.900048584988477,0.917708900439429,0.932260110426628,0.943646155064683,0.951818164752931,0.956756211799864,0.958499091939452,0.957043856438826,0.95229150149497,0.944641156349051,0.934407467124556,0.921781739026376,0.906898885383616,0.889803548710801,0.870900451545975,0.851012184534577,0.830909889269919,0.811375163265972,0.793414499975403,0.777963600953483,0.765666880813318,0.756649891737852,0.750436207038692,0.745954551923232,0.741595162377092,0.735568538242905,0.726312753727282,0.712358620915051,0.692169617813523,0.664109557501759,0.626257055974384,0.576034495420943,0.509499861802319,0.419304642832739,0.289813616373246,0.234378500682956,0.356673254043875,0.420107674268807,0.44112880452833,0.427816390055937,0.384786445759806,0.331510396567064,0.321351875592028,0.381488374242356,0.453084640956476,0.504176043099778,0.533714354212981,0.543075809678825,0.53244199927683,0.500297018489373,0.442877140753506,0.354627166530402
0.297731488906082,0.33992779077639,0.43211058491447,0.491560189559967,0.525296290929189,0.538041917679084,0.532277044203538,0.509195317887235,0.46908125171398,0.41188585251587,0.341702050711485,0.263074271447988,0.178886551492268,0.339457581440054,0.422034581665283,0.461446938146558,0.468998330842185,0.447643304220301,0.396385811889096,0.309973813418302,0.180199303407071,0.282995443699568,0.398663971723737,0.477711496470621,0.534629550617282,0.574314029924245,0.599102186244648,0.610235772504966,0.60824419788631,0.593147165628331,0.564598213157511,0.52155724243685,0.461832871311829,0.380834087713795,0.268442725177751,0.215123627325618,0.262632638490516,0.22677740948272,0.290449607798513,0.343545770993508,0.385756981708246,0.396435511418549,0.364775521673206,0.269810993696236,0.203284037109087,0.269166907806737,0.218239818197729,0.107224273047051,0.26492145865064,0.357826445207152,0.449902310919608,0.529558446558227,0.595716454997308,0.650323039549062,0.695445260306424,0.732724929111871,0.763228966351716,0.787643429002903,0.806528109348793,0.820319431338685,0.829290027834131,0.833488655916709,0.832803835421859,0.827350233717208,0.817064682511445,0.801604429920468,0.780570539290301,0.75324837535041,0.7192070278757,0.678252948466971,0.630237472522163,0.575489284156189,0.515196394478788,0.451565565623497,0.385365098387023,0.345301117401869,0.354518835933547,0.32764592859945,0.208977372698422,0.266119434076518,0.274430824305792,0.195233436648974,0.245227523071384,0.191359339508803,0.25559058690369,0.359953268885072,0.445693669821352,0.509339205187166,0.555298411671817,0.58762553258256,0.6096134165666,0.624092028020072,0.633587225079198,0.640438817301505,0.646712234783815,0.653911980738213,0.663021911216008,0.674354238772004,0.687558396044771,0.701717300896743,0.715508794689887,0.727634814513464,0.737144065499414,0.743227446935019,0.745394647684164,0.74330669783097,0.736770005907397,0.725766334784029,0.710394272367175,0.691050853621688,0.668624303873454,0.644395579457013,0.620029391116553,0.598037724476993,0.581430343453393,0.57309235217578,0.574880063244546,0.586847700411982,0.607344875729408,0.633820002882099,0.663951776100731,0.695934073253527,0.728477836608575,0.760626598399184,0.791632334627711,0.820754470460174,0.847530118200568,0.871669591038796,0.892970008740573,0.91130105428788,0.926584801764262,0.938763847214319,0.947794930624042,0.953630400906142,0.956314393027948,0.955935279725558,0.952523318117941,0.946372204341974,0.937864141496541,0.927238811479669,0.914672414202357,0.900235901695248,0.884180320630399,0.867208052366186,0.850137779378488,0.833616323374594,0.818395296258712,0.805089896373658,0.794049896550588,0.785320675280983,0.778424791448022,0.772368139058855,0.765837432856974,0.757310732198985,0.745446455646545,0.728938026808179,0.706382714063037,0.676283722206965,0.636766228118994,0.585445127068451,0.518781338803059,0.431024182510987,0.316828178003008,0.274376452227945,0.363760887431662,0.417992484783578,0.431092142819515,0.404779893661126,0.331471553913145,0.173907946399138,0.10883535405827,0.322989232182198,0.428387732206524,0.491139463606857,0.525941465695357,0.537999602451291,0.528758702650081,0.497238811239984,0.439677775427223,0.349224228881668
0.414838449169699,0.424300478760986,0.466319755469561,0.503877877971533,0.525414936464219,0.52901069887045,0.514337843804144,0.480976270438921,0.427824126373983,0.350806868840324,0.231363779837784,0.215325244859312,0.273974001844284,0.366050786452118,0.431777158542065,0.466054477733431,0.47152953984552,0.448823568771493,0.39528859700599,0.299597185309995,0.154650816909344,0.301836908014694,0.403431007766756,0.480242033959186,0.536726157475796,0.576324393983695,0.601156653467351,0.61240708388625,0.610538099666652,0.595478013490379,0.566739513749602,0.52311910343013,0.462091053680163,0.378035168290417,0.255338880905387,0.186406802013533,0.289942565406453,0.326066181064834,0.365259618302375,0.400800055764027,0.422758933939413,0.42016441491708,0.383105169284228,0.302374893628091,0.210711588379275,0.229742300015055,0.193877416612341,0.201953612598996,0.221561301827012,0.357516680000375,0.458662208319085,0.537360796541736,0.601279831801961,0.654036510099582,0.697914779493176,0.734306036543014,0.764162524226849,0.788150520542181,0.806704098552843,0.820148886273893,0.828617095616724,0.83213372281672,0.830691497081732,0.824398344217417,0.813105046384765,0.796410370424612,0.773766347175721,0.744261294966522,0.707195889744885,0.661823542048966,0.607085099699603,0.542012774673613,0.467204726058836,0.389839467577066,0.310466415907638,0.240051934683764,0.331234255748634,0.338105781834627,0.300162482604644,0.264783988707638,0.215741587260409,0.280533210993721,0.297547787501297,0.288641450568782,0.348429428807369,0.416879088607333,0.477438265382216,0.526182613807252,0.562707561555168,0.588171745227843,0.604304773277084,0.613224353448258,0.617310774376368,0.619214150116413,0.621383138014819,0.625672589694445,0.633204222189127,0.644351061539202,0.658717456807816,0.675064853776792,0.691515296398033,0.706178685556713,0.717767209992857,0.725355631370807,0.728507127990671,0.727042138597242,0.720852056671801,0.710122374359695,0.695229977916565,0.676753247372997,0.655667773889845,0.633410826363965,0.61182070183458,0.593329025475105,0.580520570965321,0.575143674915343,0.577755436530734,0.588016170240813,0.605052986252421,0.627742233060911,0.654835454655047,0.684836567176677,0.716400708342158,0.748336733399315,0.77965388513003,0.809402468850792,0.836904581927099,0.861786258744507,0.883814651997758,0.902876547683329,0.918913947946622,0.931883854034913,0.941740086973909,0.948457841236892,0.952087232866442,0.952771831839964,0.950637621389787,0.945933274446529,0.939042510315413,0.930267023247587,0.919817439190264,0.907782311951572,0.894324650793739,0.879930917349637,0.865396815836881,0.851307033736706,0.838222776229215,0.826608724687496,0.816700069134505,0.808403850596493,0.801252745524971,0.794426277519129,0.786754039396269,0.776879194001543,0.763633006481106,0.745995031840407,0.722848305989294,0.692972119796008,0.655154797585952,0.608167450191604,0.551198888993346,0.485958176939812,0.425108231339628,0.402970985320835,0.424647986353088,0.447136219292735,0.446380814403655,0.413194972748026,0.336803498751595,0.183286977455553,0.22543375367727,0.349812197688505,0.439734962230599,0.49849866688035,0.532703989065649,0.546117498933833,0.540486754364905,0.516697219059209,0.476585879084937,0.430221911747408
0.495361742808928,0.496430910506791,0.512284775206689,0.528938568219581,0.536232914919229,0.529017867001984,0.504237746686965,0.459132065135491,0.390923526665042,0.297379978872549,0.198362696251925,0.273700234211547,0.352630884203523,0.414159543412452,0.459467929242626,0.483786355055051,0.484815449635816,0.460603767077116,0.40771938022348,0.320159809610092,0.228701255861666,0.312325393995243,0.414817270363944,0.490305657954842,0.545201444860511,0.583543045120863,0.607543766355522,0.618346151490133,0.616328747030032,0.6013431345334,0.572863427091402,0.529642234526025,0.469266551966835,0.387306536743192,0.277949640939013,0.222223918139328,0.308272526662957,0.370247870214793,0.413377038509025,0.443774124334434,0.459005858607793,0.454664244656648,0.427470029422323,0.379222380331855,0.321851163239959,0.287834249137623,0.234074802972012,0.242711270256394,0.294743209944804,0.39289371678241,0.482361032815618,0.553902011824046,0.612558568846522,0.661508697880695,0.702663003197406,0.737067945169874,0.7655388836801,0.788557305086207,0.806383391988731,0.819227419937151,0.827153254726765,0.830117063444912,0.8281404080385,0.821314884848467,0.80941702068581,0.792018828251982,0.768484969269218,0.737813436303096,0.699162286497141,0.651281481353773,0.592219011477694,0.518710178526867,0.425998728967486,0.320932363237282,0.298116464399345,0.322855571943402,0.360910118328799,0.368204076371166,0.334271562959179,0.245908238221394,0.233062643979871,0.322162964522811,0.364137054772713,0.388083269174268,0.42379760700948,0.46782767893766,0.509844368967972,0.544970613740357,0.571343860186414,0.588560417738309,0.597169698189875,0.598558058589765,0.595030454274782,0.589848879891509,0.586374273783442,0.587112273488586,0.593135519506942,0.604699569445552,0.621441811889317,0.641666301073886,0.662501785796935,0.681076845173609,0.695581390469483,0.705066820755621,0.709277957763138,0.708203865434501,0.701931922172723,0.690941246839027,0.675756576964558,0.657013208207262,0.63579249032983,0.613498229432288,0.592293854879891,0.575237480161772,0.564939122408701,0.562148372295264,0.566047749509737,0.575629405228168,0.590572226282417,0.611028918517323,0.636683896875759,0.666392052536497,0.698533318617572,0.731527725646147,0.764109980681578,0.795163635431685,0.823848429918918,0.849757782097847,0.872699402154863,0.892586650103312,0.909379165637739,0.92307079832254,0.933680466781563,0.941257505739255,0.94583064958925,0.947536307982207,0.946567143072258,0.943200015777992,0.937769056085802,0.930621328460615,0.922014024789845,0.912070164099239,0.900855854540799,0.888797287827132,0.876419238039419,0.864369607954075,0.853121468400701,0.843056029291672,0.834266724547373,0.826558382950986,0.819496194605222,0.812333029315034,0.804111820668641,0.793700863500916,0.780162024680862,0.76271503428913,0.740445611323051,0.712611897374447,0.678724465251952,0.6387664176449,0.593909635881611,0.548149178612097,0.510438863499725,0.491641906680711,0.490747166037871,0.492452750859758,0.482145902544056,0.451850639410006,0.399951953468965,0.346838575697927,0.359511560878202,0.418624155072968,0.477695199792136,0.522915293768611,0.551835219560958,0.564869557275897,0.56313283286777,0.548555527558012,0.525254252745869,0.502314969398149
0.554044014093001,0.551642755449418,0.555110487874907,0.558193608632246,0.554229450509457,0.537973390053981,0.504916194905402,0.449616693818508,0.362936031944139,0.236149284669244,0.220438309927045,0.331845378161447,0.406348965385702,0.457640406711094,0.491945417341132,0.508950703900003,0.506942596945776,0.483827834189463,0.437034775149406,0.36189429779151,0.269451510287018,0.346664214381791,0.441486124784704,0.510422054638067,0.560734226434786,0.596027430821024,0.61812726528994,0.627906435881408,0.625562133728411,0.610900344753592,0.583395376750562,0.541831113647222,0.483899668751564,0.405203476750473,0.296033630159217,0.189319413543796,0.307181951572497,0.393339858166373,0.44597835311905,0.478072383144314,0.493387076239578,0.492439197117471,0.476010754691997,0.447746693936976,0.415802285050833,0.388809710382279,0.36935065226483,0.372980377649488,0.404645860059916,0.458829328180297,0.520726885653487,0.578154892980445,0.628347706429648,0.671637581761571,0.708845422978677,0.740435151422156,0.766924167036481,0.788537534164892,0.805375451302,0.817491314109584,0.82488934672311,0.827516058410273,0.825297491710065,0.818309007368224,0.806279423880626,0.788799685738114,0.765205361015573,0.734574537349212,0.696152502120318,0.648681999971644,0.590156627010361,0.516999599956929,0.422806923451712,0.30192707903468,0.322140661326955,0.375462777857402,0.401479357847786,0.401518028488571,0.369970564491076,0.305248767527121,0.303127086424211,0.371054104966085,0.41561207263855,0.446513662445459,0.47634058605512,0.507739791020241,0.537394192726685,0.561887433846182,0.579165167130785,0.588069347108162,0.588286923871007,0.580481167054763,0.566778488210948,0.551419146776651,0.539965510759555,0.536289074369402,0.540880694570253,0.553682108006111,0.574851781921173,0.601818726311902,0.62947002157973,0.653465599888686,0.671612985697725,0.683164193429021,0.68820021604244,0.686992735099489,0.680038360276565,0.668046897955728,0.651666571287437,0.63152283943075,0.608484040865165,0.583816824403715,0.560085562396054,0.541970066293776,0.533496514321238,0.534275841553124,0.540577687025855,0.549955327535102,0.563191048928195,0.582417513069328,0.608379052414814,0.639774159280321,0.674385272831697,0.710076355363535,0.745101929512753,0.778221746868348,0.808567188749891,0.835804278438657,0.859812742635527,0.880563445068967,0.898078649151725,0.912427281559026,0.923720229254006,0.932057133378489,0.937514264683904,0.940166176728685,0.940229766810182,0.938038387111296,0.933879634740041,0.928124063641612,0.921062723724869,0.912865060590579,0.903553104654339,0.89348898778923,0.883126949090802,0.872857707695864,0.863299960407146,0.854685834642517,0.846974706932889,0.83994072907087,0.833150805056082,0.826017637932499,0.817766388026874,0.807528104660674,0.794557716661504,0.778154326033426,0.757781376615688,0.733118565357913,0.704160445078956,0.67151889697921,0.636903374177859,0.603622711087536,0.5763909596492,0.558875678735149,0.549626242414635,0.54189650176924,0.52834191936537,0.50534978102356,0.476093050314323,0.454986370503855,0.460458436777681,0.4894182932904,0.525191592369957,0.556505470120669,0.578551199401727,0.589883778370549,0.590868205460216,0.583253212950673,0.570541474343751,0.558198350967303
0.598641910787769,0.594616366002013,0.592064233935817,0.587575500186712,0.576843310860309,0.555642725483496,0.519771741790862,0.464127421060081,0.381027336114451,0.273815363334233,0.307197972451221,0.392646377810923,0.45479703094945,0.498011436022858,0.525648521163946,0.538448684369147,0.535914110505407,0.517364261407684,0.483244796252761,0.438909344339481,0.410102042172501,0.435352536718642,0.4899797170604,0.541826118721534,0.583213891310043,0.613354896006463,0.632447286623153,0.640684449213497,0.637959299587937,0.624041965210745,0.598468081988988,0.560269195491957,0.507665778393052,0.437265052263832,0.341965337515195,0.236315090554726,0.336520479164154,0.423020315727642,0.476984332400585,0.509747703192248,0.526375061284158,0.529384761062992,0.521085853621117,0.505021844303457,0.486234047333445,0.469880378722404,0.460793308513987,0.464918120990214,0.48531259064887,0.519752144631863,0.561990328897528,0.605368437972118,0.646013408540624,0.682724050728107,0.715258985492744,0.743515525004661,0.767642381590234,0.787635230136977,0.803383294465867,0.81476632867266,0.821750818119627,0.824240323530385,0.822128094305709,0.815381538477997,0.803722002950134,0.786790257715273,0.763973010599567,0.734583775981842,0.698184780556102,0.6540469320598,0.601266849884582,0.539047445628397,0.469945536143136,0.412968835621655,0.405758755904831,0.426316820774969,0.439138157686548,0.43544238661891,0.415334242257101,0.390654406986076,0.391844152525092,0.421870236829634,0.455063474401168,0.483975408427064,0.51055960545995,0.535714076276795,0.557932349903464,0.575021659180542,0.58512695599333,0.586709523651245,0.578692272858951,0.560655061555596,0.533751760785033,0.503009049246557,0.479336648359304,0.470837158197903,0.474537169363378,0.489003715991541,0.518155721246122,0.557087794432613,0.594858199968864,0.625492702965664,0.647446146059825,0.660720970957248,0.665912358162396,0.663817285553967,0.655280307202149,0.641302208758071,0.622734870223947,0.600217768914556,0.574091124724856,0.544628896365152,0.514122919804221,0.490691961125016,0.484136935785191,0.491907242075284,0.502641951206069,0.511364212344938,0.521740597815732,0.540082516022075,0.568580437402161,0.604617619655186,0.644281143003035,0.68447207610405,0.723166637208198,0.759099822443994,0.791532299609595,0.820288430864072,0.845395708014221,0.866950505492757,0.88510807832823,0.900050537500292,0.911936422027643,0.920901941292747,0.927072609111711,0.930548858098712,0.931497959407078,0.930274752094344,0.927172794234645,0.922561760173242,0.916774650762768,0.910027046835966,0.902348632555201,0.893986993731937,0.885362812643669,0.876812135382386,0.868699688112783,0.861300870927645,0.85459108264405,0.848346601087426,0.842180070295104,0.835537042775119,0.82777326542072,0.818225334286781,0.806256317544743,0.791518871015627,0.773675378661009,0.752616137785224,0.72861455643083,0.702449918857767,0.675590830905392,0.650215922096384,0.628704138307002,0.612413035536581,0.600339589297805,0.589323357959514,0.576008709408778,0.559381911749637,0.54241459038245,0.532160599847133,0.53510296040264,0.550503443456983,0.571776773453504,0.592295956520756,0.607970440892264,0.616995200406983,0.619228636210579,0.615806483204328,0.608964442398417,0.60164222944593
0.632988546187193,0.628440863436424,0.623281063705763,0.61541600656545,0.602089688019253,0.580481988903229,0.548121164402732,0.503648269694049,0.450443860710605,0.410283177094218,0.419707154083123,0.46226993204473,0.505238738189329,0.538529530860265,0.560413001355501,0.570638840940151,0.569199647325095,0.556668832142163,0.535574914539832,0.512794793384453,0.502013255545548,0.514607572871525,0.544906965593305,0.579533265167575,0.610356705056935,0.634106412262296,0.649484499530562,0.655877977284483,0.652865821859677,0.640186970487801,0.617557785957832,0.584570160775093,0.540816767246799,0.486668423069812,0.427789686841774,0.393535453673195,0.420801231565416,0.471532162551849,0.513683265856562,0.542343195166994,0.558439440032008,0.563835173727072,0.560727202834886,0.551978356038701,0.541083457960712,0.531704617288723,0.527389792863765,0.531446701265694,0.545542150872181,0.56879125835709,0.598357797240099,0.630578175190639,0.662523195786868,0.692723868634667,0.720433062985983,0.74521325356187,0.766917402797511,0.785284284606599,0.799988901283823,0.810788497978126,0.817554145489862,0.820143245313314,0.818427232650453,0.812336048613636,0.801521462044621,0.785692745926289,0.764338455194792,0.737122715813092,0.704004088664377,0.664962980891263,0.620365662893454,0.571598138731851,0.523716922472094,0.48765562513151,0.472764841385346,0.472044046737552,0.471052384825079,0.462657163577057,0.447961797438674,0.435644716658932,0.437343206629156,0.454776420970281,0.479626681701174,0.505558050774002,0.530319244012709,0.552695301462636,0.571080982325917,0.583763523440203,0.589062354020882,0.585247085418934,0.570555478121895,0.5431140482424,0.501314175973149,0.446555054910035,0.399764069552651,0.388786804518759,0.394162311509606,0.40731370462772,0.452241072391669,0.513095985596348,0.563642447864032,0.600548125138851,0.625145196658152,0.638933010407121,0.643203911895628,0.639088592134812,0.627728049963419,0.610480115425546,0.588628301258417,0.563260862260652,0.534079147487217,0.498663512606362,0.455374787971298,0.415781219114393,0.413246928206371,0.438654983193658,0.456950672013311,0.461476216094245,0.463656254512251,0.480692183361712,0.515964123809277,0.561168343573136,0.609271216097197,0.656120262418805,0.699538968412681,0.738767866616803,0.773454824485632,0.803696998518743,0.829766383954022,0.851977294240839,0.870642012723093,0.886021991903972,0.898333300159705,0.907757106884134,0.914447465873297,0.918542777580586,0.920192922743919,0.919726270454407,0.91746874585241,0.913756325301799,0.908954917511264,0.903309342759963,0.896885882168971,0.889866095944711,0.882737483862253,0.875747568500281,0.869055879278596,0.862816858864152,0.857174381129095,0.851913277624001,0.846635510198986,0.840836918138529,0.833993380572884,0.82551002223499,0.814960626754004,0.802220042504047,0.787140749769528,0.769715193458181,0.750229300998468,0.729396543079624,0.708309352595663,0.688303513162288,0.67058812500061,0.655751649139479,0.643272622166401,0.631737670794808,0.619755695795973,0.607332551715064,0.596404098359942,0.590292644700742,0.591620635940199,0.600085290488199,0.612647894549544,0.625602557145861,0.63614309246526,0.642776147281577,0.645156986149729,0.643844985493456,0.640083987703537,0.635343278383136
0.659048154987161,0.654803434451763,0.649150419250882,0.640749474982928,0.627932802181397,0.609193067525149,0.583810512597918,0.552993215850305,0.522306649653838,0.503653955599202,0.507463010422986,0.529098366741672,0.555854123763403,0.579252518653717,0.595681036330791,0.603938811945283,0.603894435282451,0.596569254066541,0.584702606387933,0.573356185556605,0.569263509930593,0.576934473054826,0.594780091141941,0.617104569806253,0.638659932692982,0.656132723250374,0.6677142442563,0.672289293443524,0.669194000849627,0.658184049613959,0.639220617314579,0.612529590023215,0.57902538430246,0.541508104884209,0.507415470411829,0.490709197789187,0.500481991558094,0.526593559551752,0.554081530330333,0.575572382545415,0.589033332684827,0.594823193535662,0.594373457469935,0.589756826404996,0.583439635477446,0.578056830667742,0.576131726877914,0.579640049144348,0.589592646157193,0.605719493017071,0.626721013304563,0.650576398603961,0.675291786825723,0.699636238394227,0.722850239002023,0.744405608847476,0.763892751696583,0.780826127004581,0.794727992824731,0.805215523489959,0.812040739385441,0.815003870568252,0.813962934762859,0.808814498086631,0.799234953174157,0.784924088497326,0.765480332961087,0.74092405299107,0.711564432523047,0.677912442632445,0.640979079992809,0.602627498179192,0.566577064971878,0.537713620493197,0.518504598379143,0.505758228255899,0.493153720667999,0.476900224057793,0.458946412899683,0.446740179664836,0.447802219595936,0.462562733656394,0.485690397492241,0.511894174581819,0.537499001099282,0.55997833504642,0.577408933553673,0.588347322686129,0.591378270171581,0.584837553832735,0.566676822817174,0.534134225087981,0.483039531180605,0.40550212388311,0.301371379259117,0.292643821516721,0.313921369698492,0.315748888600655,0.39964676912943,0.485266983688175,0.543382115523879,0.582413565901834,0.606769440454078,0.619014460460667,0.620788620879838,0.613242418111984,0.597542301248304,0.575234689882499,0.548476081578017,0.520053862894787,0.490408162912171,0.453575489840321,0.397195585378563,0.309801338587428,0.323447668251637,0.391114023348731,0.415922486938541,0.406351404723734,0.383330701228341,0.398559704183796,0.45069127565231,0.51162103360236,0.57203193014231,0.627347802709251,0.676142949374115,0.718592801183123,0.755216432140523,0.786573291250999,0.813284803271384,0.835900710520375,0.854849686048801,0.870457006510361,0.882985065156107,0.892648775217677,0.899631281910652,0.904094772263071,0.906183517954135,0.906189008766038,0.904483736145755,0.901351368235633,0.897191905864391,0.892294995153144,0.886786113719812,0.880888141934619,0.875054224449657,0.869419620914966,0.864139893854854,0.859277527330107,0.854842890168087,0.850722722888651,0.846526531348912,0.841836826247392,0.836202781032725,0.829156307592112,0.820369386346798,0.809822166097011,0.797485035481408,0.783443602102355,0.767936655047039,0.751443566714444,0.734721098707008,0.718588006027057,0.7037153967399,0.690460254381953,0.678622517184417,0.667653495304768,0.657056057759527,0.647133039889941,0.639072020466116,0.634476932742738,0.634459295172679,0.63881587214678,0.645962597421635,0.653720173006153,0.66034923152989,0.664782685728624,0.666671206685503,0.666227116632683,0.664050042360925,0.660876730917319
0.677799826089189,0.67450362982358,0.669719014691671,0.662592320834746,0.652201071207566,0.637928560569476,0.619968886979423,0.600151315748164,0.582534945038362,0.572846266365929,0.574804351051142,0.586637292909313,0.602877045535721,0.618431417938307,0.630163465241886,0.636591735472591,0.637489916697842,0.633745610850718,0.627387075817732,0.621776986853971,0.620467795163778,0.625511098057423,0.636470584259743,0.650740455295258,0.665223497722847,0.67741209258318,0.685549512009935,0.688542406311962,0.685575774784726,0.676460139999743,0.661358855233188,0.64090163595326,0.61655800143497,0.591336879404244,0.570424849660983,0.560130122407057,0.563410490934338,0.576561630341417,0.592803617795191,0.606989516365644,0.616643026934208,0.621302236959532,0.621618696593958,0.61891853160767,0.614984026846103,0.611703475598075,0.610698163036301,0.613255418860461,0.620127963572289,0.631258125685838,0.64608924057545,0.663560005072668,0.682417149077989,0.701771883879954,0.721137247701361,0.739976015341263,0.757681537528967,0.773592027864123,0.787114639917385,0.797681077790002,0.804924893901227,0.808567905852883,0.808460797673197,0.80447374134489,0.796307533921348,0.78370196557763,0.766382681279322,0.744562628798177,0.718789536529184,0.689833563958337,0.658788945224165,0.627147001531542,0.597106467773954,0.570617133644039,0.54798392789784,0.527084776580544,0.504081387745664,0.476460653210868,0.446615504989169,0.425581511777017,0.425793999954101,0.444107333629787,0.47187021805306,0.503302708715735,0.533386550181731,0.558799587082248,0.577748807731859,0.589332264848796,0.592606079739097,0.586299913422054,0.568751484154689,0.53779480828353,0.490751883338116,0.42583166085742,0.352855980056188,0.275400319316681,0.31269971320415,0.364522037765555,0.423469034764567,0.488918436698181,0.539107333015769,0.573263920916114,0.593536251131572,0.601795345350408,0.599320864645931,0.586897973966436,0.565224236416377,0.53541001118648,0.50030409132921,0.467048285632427,0.442376613532295,0.418863303898736,0.378184745083896,0.312018414157384,0.326428624450167,0.38412775324755,0.399522227081675,0.369078651583676,0.280713297696032,0.299824636271373,0.37918478165426,0.462467399663804,0.538372426068196,0.602175112138175,0.655399937371057,0.700086094480044,0.737695271088117,0.769429819018618,0.79625804996547,0.818873131721578,0.837785491069109,0.853368278387992,0.865894200808935,0.875574991713203,0.882601260826458,0.887150798239132,0.889388197605575,0.88953583956389,0.888017350101285,0.885119083346752,0.88124069959292,0.876738458707934,0.871883986916602,0.866881638829798,0.862098931313955,0.857675078473017,0.853800107936694,0.850462654416065,0.847511897745124,0.844685074584097,0.841790494176092,0.838487541460569,0.834326890839104,0.828976162142204,0.822168958702818,0.813928646301739,0.804261226863318,0.793264904810797,0.781156524377485,0.768242062478112,0.754942259041176,0.741770654990623,0.729145105405381,0.717371044592328,0.7064598386683,0.696302494018461,0.686799040581815,0.678273713369407,0.671471512978796,0.667215584184285,0.665977499459095,0.667566920656168,0.671085973922414,0.675208919710844,0.678896228461311,0.681439899687592,0.682580321825475,0.682378385148778,0.681130893508799,0.67908795262779
0.68954700777264,0.687707428592897,0.684752894481109,0.68005337503042,0.673089315837688,0.663657973595042,0.65230035784343,0.64051838602383,0.63075068986758,0.625789487314762,0.627193253629768,0.634164496735895,0.644106821933518,0.654187173385865,0.662210374383612,0.666922921131999,0.668081388351903,0.666349865018921,0.662941748467782,0.660004375567309,0.659647167617932,0.662930230072756,0.669702339587824,0.678712960647065,0.688133771315119,0.696246861488173,0.701660271642774,0.703392228965992,0.700759984435445,0.693546701032576,0.682004172290425,0.666874760969646,0.649595979914636,0.632511974617101,0.618775631250695,0.611389752252662,0.611500862449744,0.617457559765535,0.62599507101454,0.634013807897506,0.639611470840709,0.642151856083393,0.641877394394476,0.639652800778235,0.636708776628759,0.634235600812233,0.633270563589081,0.634681693567872,0.638968707812868,0.646212635910435,0.656229489708912,0.668542107125465,0.682556827093188,0.697791750403921,0.714048805535752,0.730853823568432,0.747427649611536,0.762969357986473,0.77669880468849,0.78786463814155,0.795950541891323,0.80059726258728,0.801651118416782,0.798970492640352,0.792263164627829,0.78129528809759,0.766008603996551,0.74674029655481,0.724039682215075,0.698703081419671,0.671675148881141,0.643922760860595,0.616662993348002,0.590613827883996,0.565237978732504,0.538393878934221,0.506527102448075,0.465617269625855,0.413882897132174,0.367202706096829,0.370388383022731,0.399745503799549,0.438435890863834,0.481610691151678,0.52021672776257,0.550944125873014,0.573243871135761,0.587265740282114,0.592816975739607,0.589289698937195,0.575829702902855,0.551585557803396,0.516419110982593,0.472621684196744,0.427520254092609,0.396069542394327,0.402758660943272,0.433868946546196,0.472399330873929,0.513132965803777,0.547788532032344,0.572085070207992,0.585178859283935,0.587367025555268,0.579152601991689,0.560751652159891,0.532109690421496,0.492587989396774,0.442516594149129,0.394622350029419,0.382399386648518,0.394050327129399,0.395322083684947,0.388402769040579,0.397622955841065,0.416286120424988,0.416312859734014,0.384489384638101,0.322997456473505,0.276037134110782,0.311213966705362,0.430979506981719,0.518285032140273,0.585756737190821,0.639957856667248,0.684512736723036,0.721580113111836,0.752638212480944,0.778825936691185,0.800914110387404,0.819415776162894,0.834686986037707,0.846971885072165,0.856456545682795,0.863292990017632,0.867647174213368,0.86970505963779,0.869659445508043,0.867918588997226,0.864839846801259,0.86084872271252,0.856418115181354,0.851947460281769,0.8475635341013,0.843620079494521,0.840374460372096,0.83790084250074,0.836108001798008,0.834791283611238,0.833633090102787,0.832339744247707,0.830647424365949,0.828252246143416,0.824844959684053,0.820168462407904,0.814236783835238,0.807137864919523,0.798907388921125,0.789692104347778,0.779709402808278,0.769185601848169,0.758371864626254,0.747561956586367,0.737064236572608,0.727014712451936,0.717525069647108,0.70868014079349,0.700768756577351,0.694303026357541,0.689750728762908,0.687323423324386,0.686839247944781,0.687724566227869,0.689217702328908,0.690669718032854,0.691634616901648,0.691979245860947,0.691791889192786,0.691187805083379,0.690207982470749
0.694363992234636,0.694437075814348,0.693933832396299,0.692310361707043,0.689166425701833,0.684501528861592,0.678771412386176,0.672953808599728,0.668391639753669,0.666471582372919,0.66795641230702,0.672494694169715,0.678789765584934,0.685237713369649,0.69047526189485,0.693630761097908,0.69448470341068,0.69351549925355,0.691395896169698,0.689457669381619,0.689033509591873,0.690834633269515,0.694793077810243,0.700263411419872,0.706143258366432,0.711294871729918,0.714733727697132,0.715604798503896,0.713441735102092,0.708035326905197,0.699576029267084,0.688705867103948,0.676540752671142,0.664677496481927,0.654964254786095,0.648935218937625,0.647096037589682,0.648609887776219,0.651790654483426,0.654834569926378,0.65654047787687,0.656422759863122,0.654650553948032,0.651908037226149,0.648954317025792,0.646499036680599,0.645152872294263,0.645369567202672,0.647444112999717,0.651417894662815,0.657283008644999,0.665033663279356,0.674772685216319,0.686538522877469,0.7004207293597,0.716021744789381,0.732373333933383,0.748444378469173,0.763146765977598,0.775555140788771,0.784954684055129,0.790930327483571,0.793328614841688,0.792007536958161,0.786687497596347,0.777187621059464,0.763632876977612,0.746424231743998,0.726115263940018,0.703344567610332,0.678737972499815,0.652942262554896,0.626712732492345,0.60033623046176,0.573034246522869,0.542716765186195,0.505698287496161,0.456289704025497,0.384816862234094,0.267983750931896,0.302402072968009,0.330692771714816,0.388571155273776,0.452504495255547,0.50195725853314,0.538725165700676,0.565040197273833,0.582474614309208,0.591648139372142,0.592605468674343,0.58520905065873,0.569594116750765,0.54685789430034,0.519939284290978,0.494558625874027,0.479074731951357,0.480292044705678,0.495631107911418,0.5180286202768,0.541904455904034,0.562337667717662,0.575719478772798,0.580208648952853,0.575062484744748,0.560049117461566,0.535167386576536,0.50016314329005,0.452810519136479,0.385606011575076,0.286852735035484,0.306957227148655,0.380295050463159,0.417770699714301,0.436514682463559,0.449239242656053,0.456767732492347,0.451754817623306,0.429354140548444,0.392641033749264,0.352975232946687,0.366816298931399,0.446651019927365,0.520739558174218,0.581417339017569,0.63116159668685,0.672422292328612,0.706989660415366,0.736137882663241,0.760858412787871,0.781860932142035,0.799586475635018,0.814290581824807,0.826131660541817,0.835212596224948,0.841640539622833,0.845538845548915,0.847074312242244,0.846462830377214,0.844065885643954,0.84032425940679,0.8357752033768,0.831084331429679,0.826625806674431,0.822581534422382,0.819373194304237,0.817249455792743,0.816183471316441,0.815986984309354,0.81642833978629,0.817198841359008,0.817905191412402,0.818183128799299,0.817811517051789,0.816574317916382,0.814197370170981,0.810614063294738,0.805943290955573,0.800228016761891,0.793529092940332,0.785966974765755,0.777680196421453,0.768781277563865,0.759423883003935,0.749931753911969,0.740518928492138,0.731409672223823,0.722792995492417,0.714923492262995,0.708209860479463,0.702973005131047,0.699328565232264,0.697094858537482,0.695901550549318,0.695319799059976,0.694974840356515,0.694600903873491,0.69423337647791,0.69401413324076,0.694028625130057,0.694241730841099
0.692004632573509,0.694421446043742,0.696770873317597,0.698618435728048,0.699571914105751,0.699508800021663,0.698661915940206,0.697554912061817,0.696856935671933,0.697250786424506,0.699203365340059,0.702641113123337,0.706851753682917,0.710926740515363,0.71410372084718,0.715841939011715,0.715996503162862,0.714897488912192,0.712946203641479,0.71098632185666,0.709916695811767,0.710262701070708,0.712081474183936,0.715028533209427,0.718437668540873,0.721531632741433,0.723643832191005,0.724080298262282,0.722478585129773,0.718745268047313,0.712875086304366,0.70530098786985,0.696778314882771,0.688305791622291,0.680934611473388,0.675461479794097,0.672115030809856,0.670439780021442,0.669548537377982,0.668438716487604,0.666456832897387,0.663385474239955,0.659560488105551,0.655496884288945,0.65176988729863,0.64884982403945,0.647018402387788,0.646252680210895,0.646492281562795,0.64758504310522,0.649566891982195,0.652911774755283,0.658451732066131,0.666997064997983,0.679144234784523,0.694548541489972,0.711926212115701,0.729709056355113,0.746365163838758,0.760741952805022,0.771947173517602,0.779540891032353,0.783410406033546,0.783429217833386,0.779340337305497,0.771072515554905,0.758879196447933,0.743167475423081,0.724412033352157,0.70312143401939,0.679697614174724,0.654599719023554,0.628385721905561,0.601263306883816,0.572835350139381,0.541619224264149,0.50468466052609,0.457878791066928,0.397019794775501,0.331784292949951,0.301328248731666,0.279252902380538,0.350924230798268,0.427501627389531,0.483448905297533,0.524151897745004,0.553756546874267,0.57479056814965,0.588313210457398,0.594655731705437,0.593998876822452,0.586882966876251,0.574646590807243,0.5597751584872,0.546027815129688,0.537639354369952,0.537365224854675,0.544556930554095,0.55605575013055,0.568196137116376,0.577492437060312,0.581069696899967,0.576987567396879,0.563966276255286,0.54130754394561,0.50917285886133,0.468874438067306,0.421683011019059,0.365009771180327,0.30014038853991,0.325706933259668,0.39728749512641,0.443697739733132,0.47108748882606,0.486792339601409,0.493306119529365,0.489899501614476,0.476547485269473,0.457142571248323,0.44277025054209,0.453062135239459,0.491934953184156,0.540618817328627,0.587018105000077,0.627840964156245,0.66304028845775,0.693289173099748,0.719323702634241,0.741847426567306,0.76131377751094,0.777997776896741,0.791978583857439,0.803253315304681,0.811804382839417,0.817633905393706,0.820817128512836,0.821499364173976,0.819899733940777,0.816356542293704,0.811411795735672,0.805832137670353,0.80036459309041,0.795491138949533,0.7915535047888,0.788946413608798,0.787902441912791,0.788294051142093,0.789857422603208,0.792269505016821,0.795162202098761,0.798088983498312,0.800735941036439,0.802797229554436,0.803974209311442,0.804068141360063,0.802924594220968,0.800639131363367,0.797244662196883,0.792750282748656,0.787214902809376,0.780718739558523,0.773317047563824,0.765077388901159,0.756276941280617,0.747190250446273,0.738109590942887,0.729316990677034,0.721067896770393,0.713710138363555,0.707510449054947,0.702541289110438,0.698674518118459,0.695681294563614,0.6932983404367,0.691358606703928,0.68982070656726,0.688815376817048,0.688596925197542,0.689315942796376,0.690932687081446
0.681885855643416,0.687076759849005,0.692841225784575,0.698602287167516,0.703887646971425,0.708347894939139,0.711937664613072,0.714840601781077,0.717323262796712,0.719714346426619,0.722428497032577,0.7254939888451,0.728531480099182,0.731063192773604,0.732663643717989,0.733065637172998,0.73224713673206,0.730379991526404,0.727810352395562,0.725120756041988,0.722969418776742,0.721807437033957,0.721789863207514,0.722771976504266,0.724397229791681,0.726132729794203,0.72746186353591,0.727849696570485,0.726995227344605,0.724774965970287,0.721114652556126,0.716126102297347,0.710233033632534,0.703995594674522,0.697982202319139,0.692597948261254,0.687926161529018,0.683697869263765,0.679412389713107,0.674559594922241,0.668904971274309,0.66263432675789,0.656153837680665,0.650069210547697,0.645021430944739,0.641464927767868,0.639303762260255,0.638001332415323,0.636910008083135,0.635471968717904,0.633619339042092,0.63219593158356,0.632959840357355,0.638053145675312,0.649049706613388,0.665705990539143,0.685904502212058,0.706987429925909,0.726803500973636,0.743909910066969,0.757375352789975,0.766796863648345,0.772191053571884,0.773431632940981,0.770325371974277,0.762990452723483,0.751736069656085,0.736913538752059,0.718909683340073,0.698108604682388,0.674792902936009,0.6493293361025,0.622174326095448,0.593834172320163,0.564542662894222,0.533980481856043,0.500783593041061,0.462578297806363,0.417113551759538,0.363996077956927,0.299294227004148,0.258220118886401,0.335796365035484,0.411626000903407,0.46673794414694,0.507487293404031,0.538875147543425,0.56342026259267,0.581798349574875,0.594000315544075,0.600077031089494,0.60056097163821,0.59663084063271,0.590169245432698,0.583551808459281,0.579140377990855,0.578380342603804,0.581049887367514,0.585538872343696,0.589559402780892,0.590575544988086,0.586219655903796,0.57453513458195,0.553836366853545,0.522749675834184,0.480936271353671,0.431505422888806,0.385852663063841,0.36027351322666,0.359789939867192,0.388918705728263,0.433638614009188,0.472289053366351,0.499261821154159,0.515780723155185,0.523475169155429,0.523377428524332,0.517196493106141,0.508701759424617,0.504582860128159,0.512415811591158,0.53411258042401,0.564170608190473,0.596211846103899,0.626678358838263,0.654326166275691,0.679040005824917,0.701101459468462,0.720900669237446,0.738620418678434,0.754199120813456,0.767482023806363,0.778215295707834,0.786205073485677,0.791335711673571,0.793584643969154,0.793063307314514,0.790004043583304,0.784755763797221,0.778031056902433,0.770751307882739,0.763839835615968,0.758059715253715,0.753897054615754,0.751746627547352,0.75180019142425,0.753842551614133,0.757436231198703,0.762110396078296,0.767357269343268,0.772760625517899,0.777997469449582,0.782758897718736,0.786729557879987,0.789592400463336,0.791064838823557,0.791194229241149,0.790025102936252,0.787541088748723,0.783725196217441,0.778630016133108,0.77231572094207,0.764823513264874,0.756374266261811,0.747275445161969,0.737867241975672,0.728501486857284,0.719468632994894,0.71109427263286,0.703641511147668,0.697187863263265,0.691700511315773,0.68701888880885,0.682949887552682,0.679472496119656,0.67676892873392,0.675094621586657,0.674881893715639,0.676430639836104,0.679702098882073
0.663217188833316,0.671940583159848,0.681885854672398,0.692166741584508,0.702079884358642,0.71112086528545,0.718950731239978,0.725502474326667,0.730815329332439,0.735104903339488,0.738762619416809,0.741852470721536,0.744254048122637,0.745722731896052,0.746042284285823,0.745121267350951,0.7430846116067,0.739975799252126,0.73618636421533,0.732192838686142,0.72855534919293,0.72571063088453,0.723934688741565,0.723250293289556,0.723494939823955,0.724367075251429,0.725388016827019,0.726119696136474,0.726256799299978,0.72553437273189,0.723837154025583,0.720985056776692,0.717081866213898,0.712373808851872,0.707124080186103,0.701510688570067,0.695538542011219,0.689046697855694,0.681711923074378,0.673331783227123,0.664025305689131,0.65408243801735,0.644124176892886,0.635138280749923,0.628282091950222,0.624175927598127,0.622357860041024,0.621475952801777,0.619910884171605,0.616443786840187,0.610635691503875,0.60341951311415,0.597698621901716,0.598121046023977,0.608667892920494,0.629065888656869,0.654874504881567,0.681359687114405,0.705575889050996,0.725982760464372,0.741903191445875,0.753177311090802,0.759938953901731,0.762112205398423,0.759668960598168,0.752907306833099,0.742114766395655,0.727584876343565,0.709617463135012,0.688483297970604,0.664390233640769,0.637465338013467,0.608199463707137,0.577364420575494,0.546173515991224,0.516051594025076,0.487653022748482,0.459333007364042,0.42661613341676,0.381926972270559,0.311062851597352,0.248517489433022,0.337921253121512,0.404057829762488,0.44984256001451,0.486321427550487,0.518516271007768,0.547242438080585,0.571381535508155,0.589889158959129,0.602459073794284,0.609515044079286,0.612058003459249,0.611533505105473,0.609576374247779,0.607700678869885,0.606784077418789,0.60677335381034,0.606789423222882,0.605331475792137,0.600515496366442,0.590343517826489,0.572836996490953,0.545886008622762,0.506963508996121,0.453101482336097,0.382193572388615,0.312688011758208,0.323524922408652,0.375209825380514,0.422625385106917,0.463975502906768,0.497511883632086,0.522045000649195,0.538018058518768,0.546627024760655,0.549247804371823,0.547797932452405,0.545172098342023,0.545125581172746,0.551083858676626,0.56412139847933,0.582389784459279,0.603029002694535,0.623814802101053,0.643647117509038,0.662287748342058,0.679933728212901,0.696836099998138,0.712891903645518,0.727651193229982,0.740498735017371,0.750922768124354,0.758469421528752,0.762885004702452,0.764057123897756,0.762015661125789,0.7569779732805,0.749400184026263,0.740134849262427,0.730259915362263,0.721052596983825,0.713637614809482,0.708783181323061,0.706959752155489,0.708289272394523,0.71235534153103,0.718409320043907,0.725708090478491,0.73364249635119,0.741799980075969,0.749872523274059,0.757554910394727,0.764510859692612,0.770378349544286,0.774799751198658,0.777571770839534,0.778676841958206,0.778087535060616,0.775796408109324,0.771804435454607,0.766186223748411,0.759038780858302,0.750583559481178,0.741086072759269,0.730907753916853,0.720490217848457,0.710210247061052,0.700404733362859,0.691377898031329,0.683308854845374,0.676183508964414,0.669832874049479,0.664063989537234,0.658925211543593,0.654796149621346,0.652201342910982,0.65183497186676,0.654273169868966,0.659600343835482
0.635234576876766,0.648638760082837,0.663831583401775,0.679477717275809,0.694532825259685,0.708299911485035,0.720333014637347,0.730355188869555,0.738332094204116,0.744492120004762,0.749164254778517,0.752501258272269,0.754536651223171,0.755190461669007,0.754366299182103,0.752095293888762,0.748554963987352,0.743802751798175,0.738269410313919,0.732434878335545,0.726839259866843,0.722012097378821,0.71835255875114,0.716073065076174,0.715193035260263,0.715554017194173,0.716691592680223,0.718220932208705,0.719691017290706,0.720670536928472,0.720838369803718,0.719920283158763,0.717658405383064,0.714067695810341,0.709215240933875,0.703148474121719,0.695838583363365,0.687174671633511,0.676950860027259,0.665234162327801,0.652129983428252,0.637923469688,0.623412643604942,0.610252164500535,0.600746340294638,0.596423301474245,0.596418631915936,0.597827201365604,0.597447467647355,0.593098832573178,0.583551598399179,0.569105073879694,0.553217588323428,0.545021393126851,0.55612175065395,0.585378476787558,0.621071774890846,0.655173884968392,0.68457207028185,0.708362109470962,0.726547236810021,0.739387409657633,0.747138222883066,0.749820803873431,0.747666610957016,0.741034029186083,0.730202371289036,0.71541687723578,0.696896854855786,0.674833914691729,0.649186074739186,0.619866656162235,0.587089589969034,0.551568331282231,0.515432529107289,0.48285847665068,0.458624931632211,0.442503914542687,0.427256825172096,0.404661084188179,0.374223728538511,0.357900401521951,0.375102110100507,0.401322642874873,0.42576939662381,0.454421358324496,0.489305953787859,0.525314390702988,0.557259921944425,0.582805439506642,0.60157290877955,0.614143949543858,0.621560941873305,0.62512591375114,0.626215940955499,0.625927750668335,0.624904188734961,0.623234985191556,0.620428749965859,0.615467431245322,0.606931726363116,0.593185883790588,0.572406754658327,0.542301723064128,0.499839159348773,0.440304027673975,0.353807836409447,0.210414788185414,0.291079095113878,0.384790217691367,0.443776895776681,0.485876568425664,0.516890069446591,0.539027801369201,0.553684765299969,0.562265725172433,0.566263593295142,0.567351701862978,0.567580709214389,0.56907217509324,0.573483211192254,0.581322349325051,0.591864888962166,0.603871692903239,0.616243617726642,0.628516514188102,0.640898394342555,0.653983612814781,0.668197527216812,0.683149698053843,0.697766400600052,0.710832654418848,0.72136523059412,0.728761223346309,0.73257363813978,0.732601853831223,0.728793197440567,0.721292678343729,0.710682853194249,0.697853361324852,0.684176033969087,0.671399492623255,0.661267002189434,0.655043112584681,0.653478890811633,0.656499159414238,0.663279150121301,0.672474458766209,0.682909933674357,0.69389842331236,0.705083181159451,0.716258484775883,0.727143770635976,0.737355127870718,0.746445172370801,0.753968194856792,0.759558927311593,0.763093957437231,0.764485328473584,0.763682786897872,0.760660766584317,0.755478397384757,0.748262460469687,0.739274694215543,0.728875907980883,0.717381852909598,0.705323514555859,0.693218063742069,0.681494911172717,0.670591279654895,0.660756696486958,0.651965604148839,0.643943504626255,0.63637074560688,0.629181541133949,0.62293735315483,0.618723951021257,0.617891484473597,0.62148647824855,0.629661710995929
0.597047485361431,0.616968430402084,0.638993973074593,0.66115156535774,0.682031142294392,0.700793827087249,0.716988219980208,0.730360829573503,0.740914961957749,0.748868030821308,0.754548672002112,0.758216701941686,0.759998768359635,0.759903523834838,0.757940379318546,0.754242118922401,0.74888513431598,0.742096298788262,0.734298622073541,0.726033846861317,0.717898830210697,0.710592066664118,0.704702347615826,0.700693152248142,0.698813866459355,0.698953535631654,0.700708912644543,0.703575589456267,0.70690487736626,0.70998010283307,0.712203418491238,0.713177151134941,0.71243103001351,0.709744332294244,0.705062384741284,0.698367080833892,0.689645032953913,0.678809764376901,0.665890448734708,0.650962273723004,0.633971015630284,0.614961412524899,0.594546677945519,0.574958747474365,0.560958751878716,0.557204278255758,0.562096402661192,0.569065072132166,0.572560145694738,0.569459002792768,0.557765255602265,0.53617943183741,0.505300325937336,0.4762077519849,0.490725679368215,0.541131557940074,0.591017176237971,0.633039886049126,0.66681245924122,0.693075842689829,0.712684255839938,0.726348677159096,0.73442455039959,0.737059076963683,0.734672796982515,0.727647335236911,0.716265852945221,0.700730902278904,0.681259721016307,0.657806382112704,0.630206731461595,0.597960206235611,0.560595333373844,0.517804680294896,0.47101510546581,0.427728145940035,0.404637778137155,0.407389318730286,0.417487656845303,0.420217740898054,0.4142160541457,0.405679721794097,0.398057900849513,0.387823661274895,0.38075582117448,0.401506027353555,0.449316976421242,0.499565577527462,0.541760177653398,0.574468462720402,0.59854832175219,0.615304294157475,0.626095686117228,0.632324768308344,0.635234433450452,0.635760795883305,0.634475236225002,0.631611419925482,0.626975197186883,0.619939925521725,0.609478785756414,0.594389010741449,0.573158497788415,0.543906640080975,0.504566232321176,0.453262888801089,0.391582223407524,0.343476458386763,0.36236101467783,0.417507028414543,0.466628694847883,0.504024619140172,0.531293965461355,0.550291770659967,0.56265845130045,0.569978235518524,0.573856870427418,0.575790890062097,0.577199857432228,0.579201089892132,0.582404091892688,0.586815513427886,0.591968897674163,0.5972688902205,0.602275164680885,0.60713166834215,0.612845161523761,0.621169200816829,0.633325039600604,0.648451326061811,0.664216370392556,0.678456000505649,0.689777808764026,0.697383447438858,0.700850250946608,0.699813879718821,0.694103690556725,0.683826280984377,0.669425877041032,0.651797331320342,0.632525698501893,0.6141822553413,0.599620116232145,0.591066387169092,0.589685257108152,0.595268195326617,0.606108194084364,0.619556907926206,0.633759581032973,0.648066670512156,0.662463370429201,0.677024581145079,0.691503980418551,0.705381865240939,0.7180432079529,0.728908305813962,0.737491354656494,0.743538030366576,0.746922670578852,0.747560209186515,0.74539188099929,0.740440790282084,0.732821765832956,0.722792566713962,0.71081102302045,0.697330989638472,0.682890250277778,0.668206175722972,0.653955190773483,0.640716871250501,0.628876237011365,0.618411104629286,0.608850667357283,0.599446448898608,0.589701344334414,0.580234327984897,0.573100704578551,0.571083760647685,0.576233299504209,0.588631954484633
0.547811102515717,0.577300573565584,0.608464251362092,0.638547550036826,0.665959713425455,0.689924757607598,0.710164703090788,0.726688273232826,0.739647442040943,0.749234543866889,0.755848178155516,0.759815419929475,0.761324309126425,0.76044856990901,0.757265399183276,0.751957249802877,0.74450480659647,0.735251726948005,0.724632142126193,0.713235811063267,0.701798749993823,0.691227948460964,0.682465702937075,0.676334929078812,0.673407779718203,0.673682301448607,0.676740112153149,0.681748371411594,0.687688521624432,0.693503959588141,0.698239804114222,0.701247360114288,0.70204936193634,0.700181290752147,0.695514270981197,0.688018365372076,0.677746733256368,0.664757884119056,0.649289862873936,0.631378050092871,0.610818920293008,0.587172547818791,0.56011511021033,0.530640789726611,0.506605867963676,0.505200804957719,0.521847505969346,0.539089295168824,0.54939524764097,0.55037019737884,0.540468264171247,0.517812659840071,0.479719897387204,0.422122213013809,0.446135749489081,0.519289576077472,0.576115384939877,0.6207366978169,0.655539364254014,0.682089896264829,0.701599754479719,0.714910548936922,0.722399096724101,0.724280780163387,0.721026754431087,0.713028284268686,0.700562553865036,0.683888026282342,0.663065824649562,0.638063617271569,0.608532288734627,0.573695389722253,0.53223893845932,0.481826067446394,0.418850358952191,0.343748639420118,0.306995592450516,0.354852371366252,0.40110791930417,0.426172771172482,0.433722113840424,0.427444164474744,0.406899651869711,0.365832823272242,0.29907324020621,0.318607448233175,0.410243602823527,0.479578787927593,0.530563714417189,0.568084722014187,0.595252349674516,0.614212893850674,0.626682246141905,0.63411331972059,0.637672105789934,0.638239316321915,0.636427699496425,0.632566925462817,0.626725581692746,0.618597285021543,0.60759641951444,0.592964330491768,0.573640931888485,0.548427696987979,0.516448306702104,0.477959366872016,0.436881661444631,0.407855659619501,0.420622332268018,0.455778253806437,0.491098204414508,0.520114521583356,0.541611995723928,0.556140249425031,0.564891038807483,0.569451270562953,0.571663475635014,0.57318563286371,0.575004115512268,0.577356520594174,0.579910050229603,0.582119365329046,0.583385218922673,0.583295967560679,0.581673796367361,0.578897240377135,0.576632751099487,0.579090350894865,0.590482748936124,0.608446449763025,0.627358096148774,0.643861840439766,0.65657212202702,0.664854457224147,0.668283622659115,0.666494059369281,0.659082251044552,0.645977906830668,0.627272668347813,0.603464271336766,0.576129486541729,0.548853566771862,0.527028935249902,0.51462098595667,0.513107932820513,0.523082839512074,0.540859441803448,0.560415655575574,0.578784832095003,0.596160995245695,0.613683454674385,0.63197367989476,0.650670928742041,0.668865551096871,0.685620699664824,0.70019383955103,0.712035260350127,0.720754591610359,0.726185931131696,0.728188772529048,0.726687685934334,0.721655656568828,0.713188335424438,0.701519774670235,0.687169320585139,0.670703155441472,0.652862118143089,0.634595609417479,0.61690662001329,0.600652330334456,0.586506023117468,0.574654576214299,0.56434683340888,0.553770005202112,0.541093759318894,0.526378096749599,0.513233173511738,0.508064345992541,0.515549251448433,0.534927463372969
0.487517341630619,0.531609464488378,0.574901643104425,0.614240163641084,0.648509409367332,0.677504642679266,0.701425284027512,0.720688904103343,0.735671813440572,0.746647396595689,0.75399871225324,0.758138735975127,0.759269084211891,0.757519985839393,0.753047302510349,0.745860456956064,0.736059010467486,0.723915537076672,0.709863674623152,0.694503029353028,0.678717706912204,0.66369333190084,0.650911944178549,0.64185970708704,0.637640812380262,0.638568129045411,0.643978834618493,0.652431959860683,0.662176654320077,0.671647751555773,0.679571497311464,0.685001035541079,0.687431861039612,0.686366831940401,0.681574579765762,0.673071866616627,0.661031000578368,0.645802271614384,0.627793379617295,0.607253413415132,0.584050753962558,0.557537199990905,0.526477407972431,0.488969747192224,0.445178708819217,0.446623974043793,0.486039409839232,0.514553178973102,0.5322740672294,0.539444836900038,0.536028415282637,0.52214851737896,0.500111739384641,0.481890168632894,0.495976847199783,0.53817872681939,0.582723881550768,0.621193524851349,0.652363208092284,0.676463306813724,0.694056915744021,0.705667416361502,0.711505351789078,0.711840672910223,0.707024868832417,0.697414905960452,0.683356257690653,0.665033710301695,0.642544984133488,0.615896351809873,0.584779053156665,0.548500763843961,0.505760799962071,0.453812378912556,0.386221783403782,0.286892790295913,0.207136336576458,0.329525705621669,0.396392066753106,0.431672422953868,0.445725089884593,0.442472551240087,0.421668477218161,0.379476517390612,0.317957287599522,0.332701418210883,0.41446617403836,0.48052455058353,0.529948960651405,0.566607680305204,0.593269081144203,0.611930299195684,0.6241661577117,0.631263653939734,0.634256366980919,0.633978215824991,0.631079443708921,0.626066823075562,0.619204982049395,0.610546021511932,0.599967992187701,0.587099376299189,0.571293452226113,0.551918847694228,0.528657757637029,0.501997985042392,0.474151120853193,0.452325872050238,0.463677360553058,0.488667239584742,0.512938267920906,0.533152936666967,0.54787004530169,0.556837213748226,0.560599038664424,0.560592683729593,0.559314526367573,0.559453759933944,0.561817326879699,0.565188108477408,0.568012070226677,0.569116407726817,0.567620215365702,0.563177954637534,0.555815278007932,0.545679979017639,0.53326593063082,0.524911404170864,0.539180479144694,0.565332110226115,0.589088067007438,0.608139297075018,0.622342832745268,0.631597332576641,0.635528693120217,0.633573096988662,0.62524332421655,0.60992457237409,0.587068223769862,0.556338082058368,0.518315520412168,0.476312699838286,0.441850657347279,0.424206916550512,0.419541812571848,0.438443963778882,0.470311462098217,0.49820315738893,0.519494598861633,0.538108582857804,0.558149049206569,0.580844517803353,0.604928531299903,0.628468780059026,0.650027923552401,0.668756266305221,0.684116461663167,0.695699889950519,0.703244233891338,0.706593510227632,0.705620948842916,0.700263355388762,0.690558077872972,0.676653242826505,0.659005977406786,0.638335020035758,0.615642129446281,0.592279200882334,0.569745456219495,0.549307656167689,0.532134072188011,0.519379180668836,0.510418089293522,0.501202213414256,0.486363718695092,0.463218027496114,0.436388188230602,0.422137504827307,0.434438651031159,0.46706257599005
0.419952430304321,0.486139645212826,0.543913792394809,0.592463374915971,0.632732755094428,0.665772234050066,0.692522939752976,0.713795365498253,0.73017762807568,0.742117686830909,0.749933188308658,0.754034396001105,0.754648935025078,0.75194314126061,0.746050141321292,0.736848336896573,0.724471174983032,0.709093204791831,0.691009834986037,0.670755109435923,0.649239320438103,0.62796468505348,0.609148688811402,0.595530270334471,0.5894912006137,0.59194782480892,0.601600345563382,0.615620040259248,0.631030696908684,0.645467028519451,0.65736457021803,0.665714437313973,0.669917153037201,0.669655829597676,0.664599420673803,0.654835677510061,0.640694780044337,0.622739663807562,0.601781513079893,0.578654845305416,0.553822581254373,0.527142279775248,0.498105172313066,0.467054857703005,0.440111982447113,0.441572055463301,0.470885528970558,0.500527074339312,0.522987669187913,0.536761137833457,0.542064218778332,0.540406079699585,0.535741040576935,0.535621984755361,0.548183868471723,0.573110819933693,0.602920438046113,0.631558830584882,0.656217818906604,0.675830769583611,0.690029311561003,0.698748549915108,0.702003352323082,0.699988089058014,0.692911064287463,0.681066937788219,0.664770752457568,0.644213109533913,0.619625729746809,0.591069075887995,0.558468941845905,0.521480158190099,0.480011991149855,0.434556004104362,0.386473594845176,0.342621329487546,0.33248632620205,0.369225328723445,0.411837303681855,0.441504172394403,0.456668210988003,0.458367868413387,0.44777891018034,0.428194261285966,0.412155384194385,0.422476259508153,0.459424454268799,0.502265092639803,0.540028703162087,0.570140741793735,0.592730519657227,0.608629779922407,0.618764500800867,0.624029788599333,0.625233646142497,0.623098595257458,0.618313916553393,0.611524456533449,0.603308074910959,0.594164218159443,0.584453669063927,0.574179494948672,0.562993904355986,0.550439577519713,0.536244785542393,0.520917571999673,0.506741685239407,0.498995177150185,0.503050282896487,0.515412871702397,0.529535930021839,0.541633174299546,0.549785548838821,0.553017527474103,0.550986107544261,0.544335635139041,0.536548022198417,0.534469674489248,0.539295122317262,0.545267390035809,0.549418968575188,0.550472439472856,0.546959763974353,0.538750008800546,0.526925946390491,0.51273625938882,0.495343804946726,0.47337129775408,0.495674016069914,0.527605432563599,0.552658757271916,0.572251821052811,0.58724703810459,0.597678590332032,0.602927710526574,0.602122108741326,0.594339598967487,0.578439455311441,0.553066776283915,0.516909534346422,0.46896939307518,0.409718247668822,0.353817188206714,0.332478635647919,0.302290138824488,0.350347317842313,0.408110866751946,0.441587524751473,0.458978779418825,0.473137180989255,0.494697611953845,0.523813289118415,0.555582302977272,0.58579269889902,0.612739351132472,0.635909295883962,0.654974721676642,0.669566190908301,0.679325662689992,0.684053922603415,0.683583252106264,0.677772860649197,0.666535533431287,0.649895997008295,0.628091323683446,0.601795513601071,0.572184592811164,0.541332215233351,0.511833650379598,0.485388330892899,0.463035809672903,0.449135832722144,0.446714933301171,0.446260108563632,0.434317361189779,0.401941192020199,0.345074309544044,0.295323354020558,0.326499095616752,0.38592869719689
0.367036219311902,0.456813054856988,0.52486326099504,0.578694489821787,0.622013453670479,0.657000234586884,0.685105040548386,0.707288653489746,0.724280808439458,0.736586875547003,0.744502582668302,0.748321941304643,0.748287027138907,0.744615000885947,0.737208336470099,0.72602685373996,0.711042721214643,0.692274970221633,0.669779169304981,0.643796790443912,0.614982182879595,0.584844761560063,0.556400316501929,0.534667937115244,0.525482238531112,0.531377899635164,0.549047249541381,0.572312905600938,0.596010128795918,0.617015258128193,0.633707210216147,0.645319532376647,0.651453571586965,0.651923726106261,0.646492719663032,0.635235635402071,0.61841202717958,0.596712705805845,0.57148015834331,0.544720388441586,0.518277262795956,0.492679824178693,0.468024317518482,0.446346128581576,0.433410686985256,0.438624537117643,0.462404597359868,0.492302361812877,0.519139006778222,0.539511762093483,0.553148543372166,0.56161079300859,0.56786304933923,0.575693153319195,0.588265853832614,0.605884535707114,0.626221899716416,0.646437705706196,0.664378338856108,0.678781956436741,0.688821333150947,0.693959841170101,0.693986555960471,0.688955692488556,0.678993774059007,0.664276239756561,0.644976182004141,0.621434327102819,0.594030934704018,0.563034618535213,0.528346948000619,0.489503192824544,0.447080652845969,0.405767048512672,0.375954874100575,0.366131938097436,0.376128746274134,0.399609073909727,0.426276715264918,0.448685565591174,0.464039930005415,0.471825439306899,0.473007835935689,0.470833252409004,0.471690410408909,0.48227112897999,0.503224499062415,0.529064312340568,0.554223300714521,0.575596538132544,0.592057162590716,0.603430781695987,0.609973129822779,0.612128376969921,0.61041951344712,0.605382368009015,0.597659202748867,0.588042740670805,0.577561601015731,0.567371923795074,0.558469077226856,0.551274223195461,0.5455325994064,0.540430318336461,0.535179963550983,0.529716607422028,0.525090738683616,0.523284685759366,0.525691143988289,0.531407267154177,0.538201451328094,0.543986218385474,0.547096330938411,0.546140215316083,0.539689974979902,0.526253601404648,0.505885830820493,0.500059895693342,0.514627291363081,0.523552934339175,0.528641456216551,0.530727704946255,0.524942743631896,0.512003243942057,0.495082013741832,0.481121048357022,0.473269201030307,0.471129402639591,0.481234480870811,0.499391309760248,0.517907212392316,0.534892734614171,0.549984102582346,0.562342864022865,0.570526438132864,0.572978985250906,0.568094083615036,0.554340868093779,0.530043428624403,0.493287655377637,0.442069469089922,0.377853165585464,0.320720658593934,0.293075837560719,0.283503956882335,0.331424842442631,0.381803046660328,0.406393756682452,0.405491194716299,0.400524366468272,0.423609433673161,0.464584721064914,0.507223230934704,0.544128903981386,0.575945458389154,0.603365362240902,0.626191469567834,0.643898144696996,0.656006584715443,0.662183958811408,0.66225596278852,0.656029102679704,0.643281342669954,0.623794991724434,0.597377386097787,0.56414000468113,0.524847304490126,0.482242073244171,0.442403007968173,0.409605341694323,0.377540575163898,0.354208595315985,0.374256278689147,0.399093164021989,0.400941927785523,0.373199317645716,0.307778197365371,0.215414489951526,0.190851856149988,0.309374643155906
0.388104530005252,0.463444384408368,0.525828132322605,0.576852380471847,0.618597143787669,0.652694033420255,0.680256123635687,0.702080267305413,0.718782250544317,0.73080468359734,0.738404777296409,0.741710763201221,0.741017470571355,0.736330013786635,0.727559355563386,0.714636776594202,0.697378857451347,0.675529020353878,0.648813317744543,0.616932547561519,0.579756340171377,0.537803977987182,0.493610560521225,0.455326397292893,0.438738196690683,0.45344756860506,0.487863010775818,0.526345889391233,0.561213091125966,0.589878127085009,0.611669617185313,0.626506545395712,0.634456305736953,0.635570472599913,0.62985185846365,0.617062594591091,0.597154593065131,0.570428351351804,0.53824500248979,0.50462738277711,0.475242109274692,0.449990403926753,0.426671737218698,0.40871456425461,0.400777260064565,0.409120070600567,0.445247347606327,0.48410345078116,0.518060837481417,0.545242831160285,0.565874811838248,0.581469415887106,0.594141937564936,0.606056561095027,0.618803938982604,0.632895165224426,0.647670772157639,0.661864009179815,0.674238336438624,0.683740807843037,0.689563900896749,0.690960951597279,0.687514542306752,0.679132949246602,0.665835998005634,0.647576895629328,0.624463687479031,0.596913729766597,0.565637659490837,0.531379953617738,0.494050409242676,0.451698813163663,0.40123781573203,0.3457167458159,0.317415573362761,0.339726708965926,0.372338349050613,0.39992172756285,0.422895010483321,0.44317659825941,0.461467404608785,0.476854679218312,0.488687122441059,0.497992747417974,0.507304547124793,0.519070436391275,0.533885073850351,0.550227461715045,0.565903281723128,0.579198682496486,0.589089001773503,0.59511678387216,0.597157988388371,0.595331477452627,0.589812036613862,0.58083739042672,0.568851100692478,0.554759314031001,0.540140660510377,0.527230981309105,0.518316804780006,0.514650422466327,0.515591892582664,0.519066279605906,0.522963824955162,0.526111094256733,0.528402786973998,0.530376378721132,0.532536976437901,0.534878893574238,0.537067095687637,0.538740745820464,0.539308724233833,0.537602415729618,0.531877349871082,0.520375007686272,0.503954837654525,0.497951873160506,0.509631958156854,0.516489805748584,0.518995081527581,0.517498301615971,0.506960568690996,0.487497796380119,0.460227379035646,0.44320309976421,0.451099500026998,0.456196674744525,0.461109051165962,0.467976830048188,0.47772327226207,0.491055696911275,0.507333165506224,0.52412153974995,0.538253125706701,0.546870479056712,0.547844823125056,0.539661814755866,0.521239061077134,0.491408817312283,0.449135521347375,0.39811106789622,0.370637454617836,0.355889210346738,0.346120417727767,0.363051077641182,0.396323174924351,0.409144507569755,0.40023010678075,0.38048219305577,0.366202079780991,0.425806082573743,0.470943054753819,0.507912633252648,0.541862509229733,0.573082183405028,0.599831162542139,0.6207623906665,0.635216258546577,0.642891805552447,0.643614308722228,0.637228508561069,0.623421898028065,0.601721850174969,0.571424087441352,0.531537806356202,0.480815537674563,0.418896937088094,0.356639604079202,0.330212146331589,0.309964889602387,0.25384196515677,0.331267921498883,0.380427808257537,0.396849538789182,0.387501258287338,0.358097481057429,0.319808211437724,0.295451961833938,0.347560623417472
0.449703898646289,0.496688211221611,0.543462106020312,0.585613777921294,0.622062146635104,0.652801863831874,0.678136156829281,0.698435479396079,0.714037195519213,0.725201023033319,0.732081513239654,0.734790147507254,0.733398235930967,0.727844409320166,0.718080796227999,0.703946437641957,0.685156459150575,0.661250306239051,0.631575057730811,0.595256588784597,0.551041978622281,0.497125401564604,0.431557569326514,0.356451072098178,0.310971837909865,0.358998807009491,0.429272815290176,0.488110206085776,0.534202428183988,0.569382294122934,0.595116861806415,0.612373349902965,0.621678409416511,0.623393040283871,0.617701882358728,0.604093337503448,0.58202299674874,0.55076682433123,0.509564180034305,0.461536435194751,0.429305641696852,0.404992029622722,0.373269788325783,0.350971451160688,0.355278758106387,0.380544532416917,0.430340729698779,0.480236487153572,0.521559693167201,0.554333149372094,0.579857048839854,0.599788927800908,0.615974569810204,0.62988084492051,0.642622933701787,0.654709181048414,0.666035733074667,0.676099118978723,0.68420504645012,0.689600588428665,0.691592957027875,0.689493138674658,0.682783936379969,0.671188172083755,0.654418402446654,0.632244603275216,0.604615826821327,0.571781065842281,0.534745396656502,0.495730194097495,0.456786713022955,0.415035605023967,0.359861675352443,0.27194627493938,0.179554933139049,0.290491936710701,0.344493858207302,0.376212424302069,0.396629610964699,0.417830644303558,0.444403916620528,0.47119862159878,0.493978600501993,0.512179616574307,0.527051520356652,0.540058816222711,0.551987514964981,0.562709157562178,0.571635838257299,0.578182594667808,0.581864187062792,0.582381013352307,0.579577087733802,0.573341431573508,0.563495916556707,0.549797902710478,0.532173216010825,0.511210830742871,0.488910858170861,0.469388695796159,0.458209737637722,0.459015547247537,0.469850383580206,0.484893847838495,0.499308711100102,0.510889056620819,0.51915359543017,0.52428343542188,0.526640358253376,0.526733588390657,0.525439559483471,0.524259209532321,0.52476759604173,0.526602194845592,0.527445021309208,0.525617013367325,0.522416302784455,0.521802860044204,0.52447336981437,0.525922614776142,0.523044335948676,0.514035113242778,0.497261200168195,0.473180846366375,0.447078702505081,0.433305086737635,0.434622099101434,0.434771635990158,0.430138831323221,0.42398170122333,0.422840324389153,0.433470802347601,0.455304606671206,0.482332207347745,0.507191017094493,0.525242075498951,0.534604731672553,0.534758712329813,0.525793080385886,0.508441072623184,0.484846259122568,0.460651039651308,0.442787771564473,0.431381258934558,0.425238449223643,0.429597988989784,0.44032743057565,0.44443049715944,0.438589593348257,0.427520198843073,0.4234117668404,0.435157033735531,0.453048130230226,0.476906913096399,0.5115008059843,0.547931420348708,0.579095639691205,0.603036825695952,0.619437773346761,0.628326908163508,0.629720831276648,0.623524618659009,0.609492617782793,0.587091809957802,0.555473265496732,0.513191014165828,0.457757963082249,0.38410347033655,0.281894417240016,0.288548257171667,0.323003221881809,0.338449970490368,0.365915325530051,0.395322381320985,0.412466356131067,0.415815568780946,0.409329073344489,0.400917149907271,0.403606559191127,0.429340008705224
0.499710096879975,0.532016180782821,0.566315178113607,0.599388966005988,0.629481345182008,0.655759208804479,0.677932574785402,0.695965315089555,0.709895801870875,0.719795707961025,0.725766012658052,0.727806735315937,0.725764869069898,0.719681911698649,0.709474676514024,0.694951017958259,0.675795759927593,0.651521324422994,0.621392929750368,0.584320008835963,0.538650395189563,0.481787394958044,0.409216683088534,0.311798408060589,0.209905838477151,0.318996360351982,0.409822864616761,0.475431970681386,0.524451892164676,0.561125860651818,0.587753932119045,0.605615295042513,0.615494847805573,0.617830832817327,0.612714589315681,0.599925712680113,0.578785487680294,0.548649075088078,0.509017894886348,0.463858128659894,0.431597894943775,0.397714137687874,0.347368719011776,0.333330403117574,0.333884331545772,0.368950292872707,0.437045191742745,0.491527327150226,0.534801054541258,0.569169401245962,0.596360148984787,0.617883973093235,0.635273214959584,0.649723706859215,0.662027436347616,0.672613807923832,0.681603009857822,0.688753695377921,0.693649706869143,0.695843562715497,0.694661916033385,0.68958712481405,0.68022051885338,0.665971886505048,0.646300483030445,0.620760351646652,0.588817815249895,0.549917036139739,0.504147328472574,0.454873326254371,0.41458854075209,0.387372599487559,0.352231017072747,0.298033837117688,0.243701934252017,0.252786243179307,0.311514725418576,0.341757251403228,0.345589982135897,0.366799715068439,0.416734973160042,0.460965155991122,0.494501796633327,0.519258369580134,0.537448782014608,0.550828477631992,0.560518150419721,0.567057058597609,0.570621902388347,0.571295464935504,0.569134190663728,0.564188834037049,0.556461051143066,0.545815659367177,0.531805227474412,0.51349674523339,0.489615159073671,0.459147740271171,0.422953099853461,0.387206799847585,0.366576389062135,0.375697177518556,0.406658315428038,0.439729742782056,0.466782055522628,0.486975828792107,0.500920675397793,0.509068260699966,0.511813344193212,0.50981307877036,0.504332568529829,0.498760755152444,0.500614768867001,0.511333650353245,0.522999411695637,0.531464673546965,0.536728049205094,0.53991628779869,0.541162096651152,0.539167688144571,0.532111328053314,0.518336274077731,0.496436856225782,0.466057195953353,0.433117072967756,0.42275705546395,0.423956032820192,0.415581127630651,0.395828865743252,0.371568167327081,0.346811236155922,0.35765822579782,0.393872672166148,0.44268433899853,0.48299667865718,0.511667406660374,0.529695131673605,0.538406889102962,0.539116587882108,0.5334380761628,0.523714599074559,0.512869372006854,0.503470516449381,0.496697755866464,0.492978457434679,0.492448231664811,0.493148351070177,0.491576942676221,0.485971316476408,0.477404134759125,0.468629300220762,0.460251412382258,0.448681269150534,0.442374373574803,0.492737680319552,0.535743543754985,0.569414139991784,0.594428258284816,0.611350619043022,0.620565041519963,0.622271294532348,0.616490071190476,0.603071950603202,0.581711079272294,0.551957179883413,0.513325426058477,0.465773098584218,0.411932858318194,0.364803372855257,0.348403765898619,0.356029935046881,0.370843294930861,0.390263233500531,0.410562448654927,0.426871175609282,0.437613445419387,0.444542756675425,0.451685234629847,0.46420374278698,0.485716759125762
0.532214371992071,0.558744119663289,0.586104791248206,0.612734335357226,0.637423506083591,0.659411179698691,0.678269206406267,0.693777535087507,0.705792985070927,0.714318788364968,0.719292967016315,0.720590929746067,0.718192245548754,0.712033889164698,0.702085433835679,0.688181830658179,0.670072541065379,0.647393870813087,0.619658393106011,0.586234862438721,0.546489819080214,0.500087548599542,0.448365453382295,0.399239554418619,0.377100876853574,0.401522968278874,0.448785464733949,0.495774771842841,0.535668504813334,0.56737190588392,0.591189407093097,0.607614484746505,0.617108112646934,0.619890874696717,0.616049371629145,0.605680843103899,0.588692769506498,0.565332922676739,0.537026410231309,0.507027146729595,0.478528159079485,0.451071592477567,0.426906507461037,0.413943250396829,0.418790011426324,0.444603279015731,0.483537228330225,0.524155373269291,0.560450584537881,0.591124409961104,0.616401245046796,0.636959654752433,0.653723486164759,0.66745157119478,0.678725255678884,0.687894267096102,0.695014202293603,0.699979117687973,0.702540649803036,0.70225491852935,0.698702153865497,0.691541895009342,0.680303730839047,0.664421657165907,0.643352168937845,0.616416956659006,0.582725492859221,0.54099606817702,0.489118567513649,0.423434907713713,0.364332715639944,0.380217889987318,0.370532538776943,0.337306103781685,0.284414831476474,0.273439573265532,0.321546288375976,0.342638341781211,0.329675064376973,0.348312343678774,0.414297044148593,0.464254293702179,0.500413053487685,0.526307992388916,0.544338689215198,0.556150730172156,0.562852208949002,0.565194971971714,0.563618030671037,0.558572063796929,0.550516999615033,0.539870423889286,0.527004354528172,0.512172546716218,0.495133513412797,0.47433286313979,0.446487729946753,0.407143590618229,0.351065971963292,0.274442025794664,0.209638422866711,0.254642163878065,0.338674652142982,0.393688814985432,0.431472419434583,0.458796998401044,0.478248394472078,0.489715178982536,0.49338703055031,0.490473826704389,0.481927776397121,0.466694885406513,0.467340019376817,0.49855997048342,0.521970041947838,0.538229500479007,0.548844146182615,0.554910637349135,0.556795888888692,0.554071536048475,0.545834606973071,0.531120674544546,0.50890001602684,0.47841251912018,0.443048711932663,0.433505332625639,0.433698868074002,0.421206184001463,0.396022625730342,0.372210599151602,0.344576064142086,0.330323362765214,0.369638625469821,0.431763699536215,0.478063014413136,0.511371528622646,0.534399303648149,0.54907211382398,0.556951399010867,0.559556343120683,0.558557478792739,0.555663219128144,0.552245403692428,0.549161289532091,0.546786594382035,0.544880149948889,0.542542811397764,0.53864445562269,0.532388747736753,0.52364261548932,0.512748491797204,0.500023994909915,0.48762640100884,0.488472708221552,0.514431711319363,0.547266066547319,0.575844508862033,0.597813037194626,0.612830450209499,0.620942480476717,0.622222894277413,0.616686758801615,0.604277058207544,0.584887757609192,0.558482594027404,0.525333065163275,0.486476735193022,0.444692206861358,0.405116313082472,0.373786260064421,0.357265531235925,0.362959027319467,0.383672950088777,0.405961454390474,0.425633618523218,0.443261564044738,0.460143656457452,0.477632222105379,0.497176714865886,0.519790595897745
0.550965141326935,0.575993364484948,0.60008169707914,0.622760129136642,0.643520674598751,0.661969417292732,0.67782275984039,0.690882224926235,0.701091784351838,0.708233686596524,0.712201022114044,0.712974027336988,0.710528560327884,0.704791707317621,0.695716128018924,0.68327274042061,0.667356892422762,0.647828576638037,0.624606785146177,0.597778223745185,0.567809544574514,0.536036203360565,0.505611866716934,0.482445136680383,0.47402163875801,0.483618459826576,0.506375801729019,0.534257990281308,0.561486414068993,0.585142456210647,0.604003192418536,0.617674832159568,0.62603547873507,0.629032395649885,0.626769027845614,0.619500069270745,0.607578523338349,0.59159258977948,0.572757446952062,0.552789830211107,0.533418859015262,0.516242388986121,0.503453015747283,0.498151044498046,0.502957645412938,0.518268068546645,0.54137959903408,0.567961235752793,0.594363696076242,0.618524791419561,0.639562623677154,0.657323910813823,0.672087517214512,0.684171820386462,0.693890922866984,0.701437542370947,0.706866382334832,0.710091221978602,0.710852453968343,0.70878889516544,0.703699916791797,0.695325807186746,0.683285207826791,0.667237150688737,0.646701401995009,0.62122533423344,0.590322865815325,0.553593838454917,0.511448087462811,0.468024691671878,0.437869497328831,0.427976728472471,0.419952583047818,0.405436231058402,0.389926671181346,0.385767553452702,0.394226952168013,0.403457001358275,0.410956078424485,0.428228669959488,0.458337671738908,0.490360237779856,0.517444713202071,0.537923793021946,0.551889263564186,0.559821737488106,0.562260265911257,0.559673255145173,0.552484987635524,0.541235729100915,0.526687638490891,0.509590783410735,0.490679799802598,0.471158517732055,0.452944704501971,0.435007464241156,0.411003136805625,0.373152045742017,0.314665495389296,0.224041687175614,0.193073579968556,0.24476036763819,0.310763364182785,0.360407050595808,0.399748553520213,0.431435213627786,0.457924524741435,0.473073144143772,0.478069461478115,0.475941934329912,0.476020316182755,0.477290655443006,0.487597138357519,0.510198546152096,0.532537206693155,0.550051491993627,0.562367729408481,0.569836991729539,0.572687761840825,0.570829285358024,0.563926823400846,0.551849843918015,0.534852529718626,0.514458086336161,0.494854965376817,0.480900390011779,0.470425829125609,0.457846623656183,0.44214837980685,0.426165328627016,0.413988325434313,0.413067377039056,0.431113662898617,0.462940057371378,0.496220350365496,0.524986955247249,0.547844042482733,0.564933132886983,0.576901417192363,0.584613800849544,0.589035085753786,0.591152753953948,0.59182405494126,0.591600136881225,0.590723786184653,0.589132631952064,0.586497429493622,0.582406596022872,0.576496999201684,0.568701176199591,0.559342542006667,0.549286149396413,0.540587522287885,0.538980401211756,0.55639839618308,0.577174466927202,0.596773131272965,0.612701634361218,0.623769559949079,0.629447199966691,0.629488227574786,0.623760531903593,0.612180171263399,0.594695765937448,0.571314939939298,0.542204817213185,0.507734907426372,0.468210326761636,0.423134864019902,0.369733370090925,0.306083014375717,0.312891558121127,0.353827980562461,0.380551092136402,0.403470437122563,0.429187363144536,0.457201467884823,0.485170249179369,0.512146939960302,0.538224190135261
0.561561821298894,0.586480200930859,0.608886711896135,0.629018389094108,0.646916600462771,0.66254553902851,0.675879655922902,0.686829367368668,0.695206455885925,0.700934981000522,0.703973048334399,0.70433655711216,0.70203065195914,0.697042719988238,0.689329694351611,0.67891614200345,0.665885094087763,0.650357766992801,0.6325732233618,0.613001039365476,0.592492506903752,0.57251688260627,0.555337109186016,0.543769711904352,0.540282740990504,0.545598187998375,0.558085480008536,0.574680236637051,0.59232727139462,0.608810743393845,0.622767256333813,0.633461959407753,0.640443546162804,0.643547336180033,0.642784493533788,0.638400341529584,0.630891019083775,0.620814426679264,0.609052566315989,0.596655778738071,0.584839193437185,0.574883317522729,0.568239919042663,0.566395006082138,0.570352145930766,0.580125910785047,0.594592460956994,0.611917882438413,0.630199929907901,0.647923141746693,0.664104621612854,0.678253829650834,0.690264992039334,0.70014896367983,0.707937360601194,0.713726220728672,0.717519827405536,0.719186539803501,0.718474905546088,0.71527441192384,0.709420385278176,0.700687796748565,0.688927875204191,0.673943986269834,0.655589418560611,0.633730149936425,0.608497442847446,0.580549531838118,0.551587817544371,0.524890906808746,0.504333066676122,0.490770233785951,0.481135395152748,0.472874321532243,0.466564566176586,0.464256968005002,0.466355463435538,0.471514372906736,0.479434959390841,0.491446368425331,0.507563779164985,0.525239251629394,0.541364988393668,0.553882261004474,0.561735655861374,0.564442885618672,0.561807013544158,0.553755798127197,0.540367526027977,0.522116471336541,0.500259834352583,0.476262175105629,0.450664919268304,0.423591583522939,0.403882959735487,0.399561609142046,0.392485972119475,0.368674230118045,0.330181531185917,0.288741553230496,0.230237678217179,0.249518071943363,0.306516561845231,0.334514711471777,0.380892419177846,0.422148908068268,0.449928822115618,0.467004893553095,0.475643398324207,0.479928576867418,0.489307236512832,0.502140559233324,0.51710634579928,0.534411304324931,0.551807530841961,0.56693487705561,0.578537551466914,0.586180413623507,0.58976534086432,0.589283845331348,0.584707319126978,0.576236500172029,0.564514338247411,0.550770757624324,0.5367031293769,0.523558150386834,0.511207125455537,0.498839205539123,0.48651680859383,0.475772726530134,0.469356353702278,0.470531348417037,0.481215563398678,0.499904312528628,0.522550457434258,0.545369779936229,0.566036672277856,0.583487239847866,0.59744584304991,0.608111477628959,0.615904017755773,0.621298911909427,0.624831030147649,0.626887398020015,0.627670836572962,0.627219038352489,0.625524758496628,0.622494831812715,0.618029452816829,0.612315332968815,0.605879326411885,0.599758444721978,0.595788040941894,0.596739030777957,0.603946906286379,0.614794884449402,0.626068643760063,0.635609848371005,0.642093847557344,0.644725832798259,0.643032130265841,0.636727136360763,0.625636141272159,0.60965047733338,0.588680613940855,0.562693370402668,0.531581550685103,0.494939292607064,0.451857322064226,0.401714508773116,0.352265554341163,0.336103670601902,0.340654718082114,0.340175986207649,0.354991323100896,0.397101661947786,0.443132652625646,0.483576642934107,0.51812700383674,0.548027304356204
0.570193473627629,0.59415747821846,0.614745331248289,0.632532643857756,0.647916968271146,0.66107995348684,0.672021597563347,0.680766449642228,0.687315331346541,0.691671146785665,0.693830259368209,0.693842572293159,0.69175594815,0.68760734586078,0.6814498386727,0.673334148471314,0.663445687914388,0.65207384166615,0.639583299480261,0.626506786184895,0.61360898879606,0.601946533711248,0.592804003465149,0.587449506224375,0.586767419511459,0.590884907026193,0.599060583399126,0.609924636903216,0.621885455392977,0.633524473755625,0.643810105811928,0.652037110540284,0.657834711898451,0.660998427649038,0.661501154959357,0.659497602139443,0.65540645675147,0.649710250983327,0.642952434952974,0.635894376619411,0.629279801769228,0.623955913361573,0.620806447727298,0.620607699339203,0.6238066304729,0.630381778489916,0.639835108242541,0.65128964533758,0.663722781945639,0.676195577537267,0.68792455395404,0.698432649833088,0.707486459902764,0.714957405513919,0.720726991059219,0.724736921316131,0.726904894691706,0.72709893362104,0.72530659699554,0.721471439848917,0.715410065675667,0.706997772076867,0.696190488514994,0.682999739505923,0.667461879619746,0.649717668189575,0.630199850321607,0.609730244244952,0.589561237511212,0.57123487702848,0.556025455262887,0.544304013408192,0.535589382483483,0.529253795688634,0.525140114324828,0.523428882841752,0.524181818235947,0.52726655099528,0.532532835397271,0.539841104405569,0.548670391814982,0.557889584036146,0.566015554147177,0.571687429525774,0.573846225541638,0.571712773431912,0.56460000688642,0.551871644606156,0.53292241677947,0.507372690006073,0.476960997109706,0.449238585042542,0.422179744674015,0.40433122585078,0.394844557869317,0.401384881431667,0.40717384574364,0.400311675939946,0.383512230467531,0.361846718313524,0.341609826104735,0.341365573037123,0.358168957094671,0.381272962822061,0.409317397967115,0.436128922076683,0.45652756961927,0.471143575312091,0.482836479894023,0.494725166730163,0.508662256117665,0.524403760644198,0.54089622646215,0.55725380129858,0.572545086653012,0.585849078583246,0.596440347692509,0.603860318572647,0.607932527163303,0.608679189144291,0.606176222276211,0.600549341756276,0.592271744655111,0.582036200631517,0.570588032345313,0.558482950725268,0.545987306601473,0.533306502741236,0.52103641742357,0.510539818309917,0.503977142543883,0.503801917575848,0.511394989384905,0.525908926597473,0.544752951492754,0.565086760808144,0.584755001255656,0.602471100411571,0.617632732455764,0.630133553873631,0.640076989242078,0.647703987076513,0.653332499734295,0.657249459511787,0.659649495871394,0.660674022547679,0.660415665383792,0.658945698837797,0.65635067881547,0.652940486595333,0.649240915907749,0.646021978524332,0.644259045192118,0.64483791851981,0.64794749069529,0.652786400636737,0.65805755730542,0.662454466070812,0.66492506442968,0.664703104378685,0.661274015531548,0.654293413069063,0.643534329607884,0.628848895102209,0.610144065189354,0.587397871896028,0.560625740942837,0.529926614649827,0.495824799542267,0.460036092048031,0.426163442081872,0.396499036814231,0.364917087598398,0.318199919442225,0.305677520023006,0.383638872569437,0.442809394349512,0.488889401118013,0.52602675303123,0.556742279958003
0.581397591490898,0.602034814474104,0.619612494854657,0.634507417841602,0.646998710578566,0.657336093908669,0.665684765892757,0.672151153486993,0.676808364310746,0.679711185868675,0.680914424213016,0.68049350798966,0.678552163710602,0.675197707756711,0.670549058150762,0.664746969294442,0.657947317579595,0.650425666433069,0.642596079952058,0.634895774379234,0.62786493921439,0.622138963978745,0.618377830796332,0.617134882454486,0.618709582508096,0.623054452094517,0.629736347599054,0.638022877794723,0.647044450575035,0.655947938708467,0.664035976576041,0.670797309120898,0.675920625361369,0.679243745815157,0.68076745094346,0.680611181025423,0.679056550405445,0.676473796927027,0.673155293032636,0.669598016493176,0.666362901963101,0.663947029783933,0.662827263836873,0.663441975168875,0.666029286191937,0.67059661337701,0.676889502173696,0.684459813509719,0.692753190629725,0.701182397648141,0.709243434190247,0.716560034479388,0.72287454550255,0.727994180231418,0.731791490827977,0.734068053510148,0.734722265910577,0.733760770234095,0.731195801422254,0.726902720983205,0.720855183239857,0.713045020573326,0.703456431938878,0.69212759482433,0.679227049028674,0.6650705028624,0.650077588881511,0.63485710647371,0.620166175200499,0.60676639931941,0.595232305233064,0.585826240050054,0.578526066993323,0.573214565819636,0.569784437417259,0.568135905404133,0.568144199243525,0.569699084740922,0.572598455486016,0.576512551834341,0.580934573724242,0.585131687986061,0.588231792638568,0.589355316274275,0.587720705987207,0.582591808005669,0.573262408151199,0.559036429914756,0.539224862526189,0.513202787636022,0.481945450889596,0.461047643519849,0.449935509699629,0.44418936210775,0.445543494899677,0.449050016153958,0.451364695337947,0.449653383215498,0.443793825538988,0.435980241389516,0.429846361618896,0.428966534181802,0.434054603446608,0.443298720632439,0.454247580172799,0.464208682223854,0.471382328970106,0.476892037107388,0.486027368465908,0.502433717483871,0.522459112791813,0.542468492264834,0.561099189499316,0.577928499099247,0.592700335119889,0.605167294172571,0.615108419062793,0.622331250722579,0.626738487333118,0.628362118415422,0.627251182451528,0.623474141586808,0.617253155773641,0.608940178176467,0.598877280401021,0.587327604162685,0.574473765196957,0.560519336935499,0.545915072079035,0.531708415404516,0.520274287805911,0.515970244603107,0.522860131003835,0.539329781576256,0.560282398731475,0.582021495886644,0.602647280660203,0.621246154189963,0.637460205630489,0.6512252146482,0.662584959459984,0.671729123883285,0.678899472171062,0.684289241406048,0.688106096751534,0.690550865071001,0.691772721600359,0.691843770286554,0.690980650683507,0.689476202364209,0.687708535107955,0.686139079488559,0.68522167302718,0.685263326233312,0.686267617788454,0.68786914837308,0.689438664719152,0.690278390214089,0.689749073538692,0.687305076189398,0.682513739430072,0.67505288048143,0.664701422830442,0.651336634842961,0.634958476614625,0.615606331634639,0.593463659173005,0.568890769222661,0.542524850409764,0.51533304813062,0.488314528015732,0.461946568693363,0.436757589929288,0.417736336378967,0.418751939798114,0.444073118504684,0.479053500521048,0.513283094652661,0.54365843818,0.569814764143721
0.596251608283473,0.611471853689246,0.624470059607526,0.635335875507921,0.644219714340628,0.651279724661827,0.656660695565254,0.660531377879636,0.663020273744594,0.664224491756274,0.664252778390802,0.663211176038428,0.661236413389524,0.658479276440626,0.655105936606451,0.651303010714754,0.647273456557292,0.643227273115499,0.639426381829297,0.636199318477583,0.633879133751591,0.632783356504319,0.633195385471294,0.635296034877686,0.639121924679632,0.644538817974672,0.651240444929733,0.658776638393025,0.66665116250325,0.674368261730278,0.681476683895768,0.687640810275219,0.692646934049036,0.696400897252771,0.698894223492522,0.700205332055582,0.700481366974427,0.699988972491669,0.698981071985068,0.697732282799708,0.696594791659438,0.695894473583485,0.695929345300835,0.696904192945459,0.698972393818705,0.702140825898079,0.706294508818465,0.711193903290621,0.716523628491721,0.721954077253612,0.727141117890789,0.731800385104861,0.735724792399487,0.73870759446949,0.740566549237171,0.741197888934075,0.740577979813436,0.73867694538291,0.735404370462021,0.730742470095068,0.724711004139333,0.717350221480851,0.708735887886067,0.698992164589413,0.688303115281752,0.676923298794808,0.665189422190793,0.653504866256456,0.642328235137066,0.63208246764288,0.623101683279197,0.615584968681035,0.609589146785888,0.605087818065666,0.602039636146426,0.600329836902803,0.599795034643559,0.600283481112055,0.60157464752144,0.603357755662258,0.60520844547403,0.606609168918944,0.6070116853128,0.605853114102876,0.602607269639206,0.596799235484792,0.588056376243724,0.57617069946797,0.561269427224225,0.544245371563847,0.527467788634315,0.51424089176698,0.50591840718082,0.5018982800916,0.501066046838002,0.501773098517535,0.502376571139046,0.501811960491766,0.499892793653727,0.497281355399911,0.495101779145529,0.494319298066226,0.49516882322888,0.497020619514249,0.498599989586703,0.498301168131016,0.494484235454782,0.485787101703908,0.480349084903363,0.512175888981995,0.539327614402478,0.562419546851253,0.582154413105258,0.59903568988937,0.613322172561632,0.625120085154215,0.634483864123219,0.641445130641744,0.645998553646924,0.64812841933321,0.647859769592846,0.645215653084309,0.640321111082011,0.633278363658483,0.624218859772876,0.61321687563537,0.600273377666364,0.585329588978903,0.568261483092394,0.548971280582364,0.527743113329421,0.508899164851664,0.520917690493562,0.548969842647597,0.57592254206389,0.600372881397167,0.622187300356898,0.641408999409936,0.658148398089043,0.67249964953274,0.684569916187253,0.694564771492999,0.702684821587659,0.709108322749771,0.714011600764688,0.717593448590347,0.719983099062339,0.721320978907666,0.721793256825463,0.721640472052462,0.721112244923138,0.720452992685954,0.719880832401472,0.71951549356327,0.719330129555566,0.719135444031011,0.718597079846234,0.71731842030718,0.714915631275572,0.711031747344199,0.70536208220072,0.697692053740768,0.687882147789057,0.67589674625579,0.661777251630256,0.64560996075872,0.627608742983988,0.608146611907491,0.587731715904909,0.567025950197967,0.546842272934174,0.528250897146378,0.512993092596203,0.50390961210861,0.503977350714748,0.513697170623027,0.530243025201039,0.549781642586626,0.569488517885127,0.587839323166216
0.612565792931263,0.621459116128676,0.628992560815123,0.635045055259978,0.639624635313305,0.642814928573615,0.64474105474592,0.645562619261993,0.645446333377434,0.64454823758638,0.643030867234906,0.641028099641016,0.63867306340218,0.636140713361698,0.633639380230549,0.631405142486894,0.629678151066291,0.628664708409754,0.628518269376072,0.629354481688293,0.631239410264834,0.634261709261316,0.638447476690674,0.643737328737853,0.650019980230944,0.657101876281976,0.66472439458864,0.672631208233122,0.68053054404436,0.688122614889322,0.695127863293533,0.701331752034765,0.706619950396596,0.710950263915292,0.714309066263751,0.716752105390829,0.718388493529833,0.719415830739008,0.720005155062546,0.720269212329171,0.720423480303885,0.720683928626478,0.721276996576781,0.722360534712461,0.72397320655366,0.726129710607006,0.728768337897284,0.731765984292469,0.734956075586169,0.738124883614498,0.741052310646057,0.743517738564371,0.745309247945141,0.746296618210455,0.746379218209795,0.745525755800978,0.743672494079536,0.740744349866026,0.736724628847092,0.731635849366401,0.725520990243756,0.718448741639114,0.71053345197131,0.701920800860019,0.692783337816486,0.683334804445393,0.673821499435654,0.664501713661499,0.655634364323552,0.647497653570492,0.640319236023441,0.634243123296317,0.629326019539524,0.625559895037522,0.622888521069122,0.621231937524542,0.620441502193589,0.620371907088928,0.6208073332943,0.62149934458189,0.622143717320274,0.62237931197203,0.621854765872718,0.620222401211961,0.617158004739728,0.612442651518873,0.605988376916715,0.597888128767679,0.588508360766151,0.578569259038678,0.569163493760389,0.561377007662331,0.55583020663651,0.552507628960181,0.550945232488909,0.550447619437568,0.550308696611561,0.550006845403424,0.549341530467241,0.548404483188728,0.547440120957118,0.546647705746618,0.546013573644452,0.545261126494072,0.543917650767618,0.541554875632245,0.538322558043377,0.536224896019609,0.540650879417038,0.554698784616042,0.573213668320092,0.591677876989608,0.608496002513666,0.623284686867649,0.635965075420975,0.64652529515251,0.654998891203413,0.661432707862328,0.665828918095069,0.668156887138469,0.668415129275371,0.666591532714451,0.662751933492195,0.656943934143583,0.649178024717522,0.639491643386209,0.627900039259683,0.614389714681874,0.598988691992694,0.581990199877567,0.564757345463055,0.553415153115807,0.561231699826741,0.582359827904922,0.605514839282367,0.62746971601116,0.647492725798679,0.665442786133068,0.681323748833216,0.695169640845896,0.707060278842013,0.717146584711711,0.725574660879548,0.732497667071378,0.738049161109599,0.742339714015622,0.745486653786654,0.747659107013599,0.749024678062812,0.749727086623335,0.749929185480258,0.749773331226801,0.74935493483956,0.748725706567568,0.747863026841379,0.746663550994083,0.74495234076012,0.742495066120586,0.739062065492546,0.734448103637558,0.728471296455127,0.720990684200449,0.711943620481138,0.701358194609882,0.68929332032728,0.675871179586214,0.661293630246436,0.645888455198956,0.630091115966384,0.614436644912334,0.599613102096948,0.586494629077339,0.576145487735951,0.5696857071877,0.567920050563235,0.570892455949347,0.577742497406755,0.587057455951862,0.597421116437232,0.607709796079999
0.628015879534677,0.630808327460823,0.632723063677901,0.633580003140068,0.633324899682524,0.632015027609595,0.629804727214681,0.626916172624818,0.623612427370502,0.620131802256382,0.616647183175904,0.613259901697542,0.610040777682492,0.607152060233393,0.604877860385697,0.603583917034233,0.60363876794952,0.605304024382362,0.60864887403111,0.61355785859958,0.619810241216637,0.627142467271848,0.635280640019118,0.643970863117327,0.653023506664688,0.662240359029517,0.671451254543598,0.680482606030307,0.689158415940337,0.697300911244217,0.704740759272573,0.711358309136773,0.717112126746221,0.722004307145507,0.72607277428577,0.729377050394959,0.732004630821186,0.734079187831229,0.735741331744958,0.737035403361597,0.738038697440042,0.738901702581361,0.739773479975381,0.740774987459059,0.741970468364913,0.74334177956275,0.744841493532746,0.746413327402069,0.747947130963632,0.749268773927984,0.750224931893677,0.750693275853655,0.750547161507984,0.749727454868195,0.748189020447794,0.74589281000451,0.742762186294839,0.738778413127,0.733964500470562,0.728359675900545,0.722022679780086,0.715034983026717,0.707501493046138,0.699552409719277,0.691344865391822,0.683057305737971,0.674887502378989,0.667027252053434,0.659656147345724,0.652949566350717,0.647059951151613,0.642088171721622,0.638078454274999,0.635032821463338,0.632901624330434,0.631578864339513,0.63093826717653,0.630860685763612,0.631202265214612,0.631755750051291,0.632276136649072,0.632523780610958,0.632272862772049,0.631310256252251,0.629459432184296,0.626638164822611,0.622875316619822,0.618312597673447,0.61322927216465,0.607988594143522,0.603056660163601,0.598877216575293,0.595733540165618,0.593681707933212,0.592567524972367,0.59210513321191,0.591993601496457,0.591985039185852,0.591915240972013,0.591724361180435,0.591419228661617,0.591013850600252,0.590501462188307,0.589854437631604,0.589101171326736,0.588467390490512,0.588599485511488,0.590593535577184,0.595633102938358,0.604102700054102,0.615135427859552,0.627298259416572,0.639397448654293,0.650717905770279,0.660860530323974,0.669604309470837,0.676811234125013,0.682408620406356,0.686375909757397,0.688704249447451,0.689362603845847,0.688292651206029,0.685538293379378,0.68117078025359,0.675245628855589,0.667843659220373,0.659137829504158,0.649413723008297,0.63921743237425,0.629570084063246,0.622260897756994,0.619790435067549,0.624029064016924,0.634367920716272,0.648380018367734,0.663818410585576,0.679269979968003,0.693978150882922,0.70754138995824,0.719748029804255,0.730542901833973,0.739959534273527,0.748063520683941,0.754927033292269,0.76060058392221,0.765134370395411,0.768635444454832,0.771234529142605,0.773057337306234,0.774220316046591,0.774807278193569,0.774894731893157,0.774541186388354,0.773759383765543,0.772531979034293,0.770804710645102,0.768485837044109,0.765452467467953,0.761563192521478,0.756699994244879,0.750768461647865,0.743712972629495,0.735556466595271,0.726325650264012,0.716089792478109,0.704971325869131,0.693142686021405,0.680860304047964,0.66846159724655,0.656350619824774,0.644986238768399,0.634893390372203,0.626608657636814,0.620586072430557,0.617075329825358,0.616023152066654,0.617055216622978,0.619572704350427,0.622899132714023,0.626386526196968
0.64156038302261,0.638994299336055,0.63563980063156,0.631323477507907,0.625965088540423,0.619609116307253,0.612452734426392,0.604871001861472,0.597416740082507,0.590662550877009,0.584873167038713,0.579866091374007,0.575328396271158,0.571233492506991,0.568021092159908,0.566495934320071,0.567543755006293,0.571727713284905,0.579000643213082,0.588757189926243,0.600177957159353,0.612515613841908,0.625186066089105,0.637784892479819,0.650049077660014,0.661827583192436,0.673013652589616,0.683523563238714,0.693295272810073,0.702259266091542,0.710363974226923,0.717587736284185,0.723909592488542,0.729365815632966,0.734029954330884,0.737975493716139,0.741270310662459,0.743992162691733,0.746252599767247,0.74812082675042,0.749585167371955,0.750716725774948,0.751630869351069,0.752407871944859,0.753096910873083,0.753709289534923,0.754216151473821,0.754531339419823,0.754578562148579,0.754275433810988,0.753534898382802,0.752285410740798,0.750489235594347,0.748120888718523,0.745146339480594,0.74148155718795,0.737110139394544,0.732054963900188,0.726351034724759,0.720051519928436,0.713226498012221,0.705963507179292,0.698369716572371,0.690572247543754,0.682714067664118,0.674949671287395,0.667438400611496,0.660343107333582,0.653820382333177,0.648000066836169,0.642996914586578,0.638891724046892,0.635717898089806,0.633470134554325,0.63209551924537,0.631495732905142,0.631534569086975,0.632071096145728,0.633014390690678,0.6341999242255,0.635445874514761,0.636570424079714,0.637408667034585,0.637830779593634,0.637741202384185,0.637101361591792,0.635942089966535,0.634368781402009,0.632545248244887,0.630654907735975,0.628884847143262,0.627423874468368,0.626410758009117,0.625893579320257,0.625833686430953,0.626128992011641,0.626640727891142,0.627239207228255,0.627837948308336,0.628383999737087,0.628844028343704,0.629224135874364,0.629563846600143,0.629936078797734,0.630492421223729,0.631503203400287,0.633332218065343,0.636370486644486,0.640915087551194,0.647015324553942,0.654394309453312,0.662549665989473,0.670942296565253,0.679133191160549,0.686774529213069,0.693595951731867,0.699400090308805,0.704060353133069,0.707526474480381,0.709775653722205,0.710790077049021,0.710498105671251,0.708922850147066,0.706163744393277,0.702351065873388,0.697633983248543,0.692238013387312,0.686550209233138,0.681127350181294,0.676704179078955,0.674148241007965,0.674277374438281,0.67757193436731,0.683920340768201,0.692671750616357,0.702948481915422,0.713938571784746,0.724997958392861,0.735659393699978,0.745614933940929,0.754725316221036,0.762923222079589,0.770180938364274,0.776472311618903,0.781781458342432,0.78615395166707,0.789648601338807,0.792330473989237,0.794281970193319,0.795581199635663,0.796294302124679,0.79646227514872,0.796101763986616,0.795226733783648,0.79382251062249,0.79185421974648,0.789276404735018,0.786028114093878,0.78203747438912,0.777236479122566,0.771583142861302,0.765103668858864,0.757822582358346,0.749783201886901,0.741058096939121,0.731749762494851,0.721986597740794,0.711952467075219,0.701876878372831,0.692024853437375,0.682676440452314,0.674101248176044,0.66655118738842,0.66021046075025,0.655149840951503,0.651298223041794,0.64845133121442,0.646305495268799,0.644486831697535,0.64261930955061
0.653414358711941,0.646533046404577,0.638720876431845,0.629789731773175,0.619602156847394,0.608106424913927,0.595372923184436,0.581712782559505,0.568093582048853,0.556910635248817,0.549813160130323,0.544373482828405,0.538371325254879,0.531390096008434,0.524291618746291,0.519156699666936,0.518991147281717,0.525967332496347,0.539388455024672,0.556596228725296,0.575174577635273,0.59369497558318,0.611447954043024,0.628122652147478,0.643624452093542,0.657942232105565,0.67109616111262,0.683115655291487,0.694028195691983,0.70386730426982,0.712680682733804,0.720490148802096,0.727323087764383,0.733238266386137,0.738329938281212,0.742675254214561,0.746339010067116,0.749389118364657,0.751907132270391,0.753954087580639,0.755520903946303,0.756624846186444,0.757316830825465,0.757662829085115,0.757706556275329,0.757463031857466,0.756923484139129,0.756058393877271,0.754813874983398,0.753106284366753,0.750906039587892,0.74821668739689,0.745007868334257,0.741236969921421,0.736846419217745,0.73183383167386,0.726206388699889,0.719984600922932,0.713219225386964,0.705972359282782,0.698322047613461,0.690363691943158,0.682209763882294,0.673988513704969,0.665842173551991,0.657922905823001,0.650394333194082,0.64342381541903,0.63716746848485,0.631758968705371,0.627300129922254,0.623866554330656,0.621489614356007,0.62016426002861,0.619831870437387,0.620380440264889,0.62165683921512,0.623492129607088,0.625765061513982,0.628327448748278,0.631037890848226,0.633748411776928,0.63632621153115,0.638673265805034,0.640715315741936,0.642421190676326,0.643799475792787,0.64490367012464,0.645814407901833,0.646614365864778,0.647392970080997,0.648222063411718,0.649169176615952,0.650272942385789,0.65153483265712,0.652926564210488,0.654401845738256,0.655909029607822,0.657398686875897,0.658833742087617,0.66021693007635,0.661566087163542,0.662920267528225,0.664367657705591,0.666047688388547,0.66811720729014,0.670737924102932,0.674043659748279,0.678116676750345,0.682942213318142,0.688393567225495,0.694269628032288,0.700321068278068,0.706309802107466,0.712016873929459,0.717255233190946,0.721873860733031,0.725756286222479,0.728820729519762,0.73103914207831,0.732400915264481,0.732871266806101,0.73246561861736,0.731270555080609,0.729423698941366,0.727100060602172,0.724506365790594,0.721924059027342,0.719719681372156,0.718292221632495,0.718028831298944,0.719270281610481,0.722197797118371,0.726776619007897,0.732781315405162,0.739865554286344,0.747629090126648,0.755682764232531,0.763692206003826,0.771417276295871,0.778701820561745,0.785432082189317,0.791504119632037,0.796868622391887,0.801501163243654,0.805403850597358,0.80859401938821,0.81109641972696,0.812939565048532,0.814165453284061,0.814816660786166,0.814925109790304,0.8145079957938,0.813557441930478,0.812065389599511,0.810016802522734,0.80738202236036,0.804131617413917,0.800232106037869,0.795656259641442,0.790427206722838,0.784561091835683,0.778086134040657,0.771048603083705,0.763511685735152,0.755556354904076,0.74727424932118,0.738783425255667,0.730218588478393,0.721733833714881,0.71348281798189,0.705601438179105,0.698186921295597,0.6912998746073,0.684940445336414,0.679038197858707,0.673459364460328,0.668008795009047,0.662459648925716,0.656563385510301
0.66497676275188,0.655091360143599,0.644128494198774,0.631901914735822,0.618255320785318,0.603100919125539,0.586472824274489,0.568589852925982,0.550000857494818,0.534312374349301,0.528259866316553,0.52260263366773,0.514066931847095,0.502008797103045,0.486307121317963,0.467935786150296,0.454670598494138,0.469662487062661,0.49938878703375,0.528705280703392,0.55544969771248,0.579539484848301,0.6012042056089,0.620719252372354,0.638318982914398,0.654196100472019,0.668509083444087,0.681385284688301,0.692938082302334,0.703275312492701,0.712465985217288,0.720568451560939,0.727652755263788,0.733784186710505,0.739038861934339,0.743508503786307,0.74725378298093,0.750325848206104,0.752787717056253,0.754695272924062,0.756053827552516,0.756849891840585,0.757133887026424,0.756933852801163,0.756268683437464,0.755154599467037,0.753593599241959,0.751576293630585,0.749092467487945,0.746138647710034,0.742682124510085,0.738686147653239,0.734120138729965,0.728935368930864,0.723126908774251,0.716711638493552,0.70971292377835,0.702160093780807,0.69409142706792,0.685572398049281,0.676689828802475,0.667545234576617,0.658257685724104,0.648964862028667,0.639822157585921,0.631009021320719,0.622722238446111,0.615165315531021,0.608537216620872,0.603018148539668,0.598755544220601,0.595847433070536,0.594334822534407,0.594196348183775,0.595340240953965,0.597610910109315,0.600807689026957,0.604713368971307,0.609136048594515,0.613916881704016,0.618879434082261,0.623865886735457,0.62875248717286,0.633461684707419,0.637931207055496,0.642127476216938,0.646044530480812,0.64969264990688,0.653097647802398,0.656292428172554,0.659328454642774,0.66225157070108,0.665083558738967,0.667851888261039,0.670574678511322,0.673256029555508,0.675890215352271,0.678466734082738,0.680975270203973,0.683409912570397,0.685774337053197,0.688091287454301,0.690411762876872,0.692810760760369,0.695362118573222,0.698141655695284,0.70122124818627,0.704651198285149,0.708454161263707,0.712601015850633,0.717028039406052,0.721636073000938,0.726302368769842,0.730917115767086,0.735369487150211,0.739547420822618,0.743351964336003,0.74670106729903,0.749531177526708,0.751807571189081,0.753522255421565,0.754660701543308,0.755263419076837,0.755388019223508,0.75512617947534,0.754614850738179,0.75402634413083,0.75353851467778,0.75333950079272,0.753637617309233,0.75462025537786,0.756443967001921,0.759183903569198,0.762834310367945,0.76730810050163,0.772451136749955,0.778070375175465,0.783951950617293,0.789887445491778,0.79572291734159,0.801314292534115,0.806552654185368,0.811362584914694,0.815688163761124,0.819484914950674,0.822731264128315,0.825419075459883,0.827547410978682,0.829120173728366,0.830142592191885,0.830626445813811,0.830593272364443,0.830056593219203,0.829021798626484,0.827482796150633,0.825420634036802,0.822824607973556,0.819680002337598,0.815969259722301,0.81171308191429,0.806934558261858,0.801650667211998,0.79587992708982,0.78966027160257,0.783040315669226,0.776076583242602,0.768828029052748,0.761362217899183,0.75375830141897,0.746092602808094,0.738438882219457,0.730852858240094,0.723367754611661,0.715979113637803,0.708655023334251,0.701334197259834,0.693913091134909,0.686256051999135,0.678201096344277,0.669562811391766
0.678063626430789,0.666779637378371,0.654469791534042,0.640996514205048,0.626249350074264,0.610178347178417,0.592886502191189,0.574952199567204,0.559542540764393,0.549632221702156,0.541179242855157,0.53251382490547,0.522575127063711,0.510785549170973,0.497379163093345,0.48443315066547,0.478686024929641,0.489065098847375,0.511119597323294,0.536018892667514,0.560196699846082,0.582676312985699,0.603269707267225,0.62201769482972,0.639030840579884,0.65443111163609,0.668332359210484,0.680849755189759,0.692093095449186,0.702138154201501,0.711049100331316,0.718903718637068,0.725774245618633,0.731716966120679,0.736780349433861,0.741034671677896,0.744541579508247,0.747340735866151,0.749468061095681,0.750976908533237,0.751891307673458,0.752185830041698,0.751875653376306,0.750986026037366,0.749535788849234,0.747528773552755,0.744969518738097,0.741878790546252,0.738255850530333,0.734089617349806,0.729358949252391,0.724021329919319,0.718048252063395,0.711419209191443,0.704134130794421,0.696200641060822,0.687644142367125,0.678499573152231,0.6688106254084,0.65863223409451,0.648034155924763,0.637116947879587,0.62600615835775,0.61485020755554,0.603834911808881,0.593182660616178,0.583154203218984,0.574045649625247,0.566170948425819,0.559838878491343,0.55531708419293,0.552789921454421,0.552328529294166,0.553882356973384,0.557273372019373,0.562221666890837,0.568394589059884,0.575455403831243,0.583082490340949,0.591033256118962,0.599099279968962,0.6071029315602,0.614910153335952,0.622442612178368,0.629648457227446,0.636498737193695,0.642983854600284,0.649112755628735,0.654897372205809,0.660351964888579,0.665503021648747,0.670393420105166,0.675050526716473,0.679482722245816,0.683711192883574,0.687756763888649,0.691634437528708,0.695355314178291,0.698928634493585,0.702364260820298,0.705687939220989,0.70893054132819,0.712130167310991,0.715334185629608,0.718589069497135,0.721938837840019,0.725408799832945,0.729007427810962,0.732730281730007,0.736564140133667,0.740484379284317,0.744445780199436,0.74838754574556,0.752263691351966,0.756022068450298,0.759603836661835,0.762953905507184,0.766023960012474,0.768774337959979,0.771181406759524,0.773243066441208,0.774940690452444,0.776311673424358,0.777416995701744,0.778314119916064,0.779081581390463,0.779831575318821,0.780676868757175,0.78171764930453,0.78302720789816,0.784705054462826,0.786828582234887,0.789441861889233,0.792547798170528,0.796107683179162,0.800046583520075,0.804261129409951,0.808623870472343,0.813002122441828,0.81731439545463,0.821478511466494,0.825421500630985,0.829080917539303,0.832404121957599,0.835344111078156,0.837871447514949,0.839966328014723,0.841614899079505,0.842807603279059,0.843537660613015,0.843800058252656,0.843590673040701,0.842915830492597,0.841781305585976,0.840188686305301,0.838135354276026,0.835611940055033,0.832604844621819,0.829138426351827,0.825226444009576,0.820873829288295,0.816098742136671,0.81092218166486,0.805364239839456,0.799454765845776,0.793229337195648,0.786722262985467,0.779966736384539,0.773004672616811,0.76586938753074,0.758589110039487,0.751182475300105,0.743650553452441,0.735974099573078,0.72811107322337,0.720002206905497,0.711575555308618,0.702739295465578,0.693375514250462,0.683352479773254
0.693857159210678,0.682789111551608,0.67101108212801,0.658505098883718,0.645302286152906,0.631533006837954,0.617525375954812,0.604012306100371,0.592203258060332,0.58263299624183,0.574465541422528,0.566905371600475,0.559704787995014,0.553090310125442,0.547775129195524,0.544936106681261,0.54591297573549,0.551501086565407,0.561381246095285,0.574344318544671,0.589009496902403,0.604277847231101,0.619419340602303,0.633991375515728,0.64774454693259,0.660549504614262,0.672363133670614,0.683176408263732,0.692987506221979,0.701814496793303,0.709698804824191,0.716675017418891,0.722778007025271,0.728040732908831,0.73249058203151,0.736154309066884,0.739076963250398,0.741292901599413,0.742824704985931,0.743704977027251,0.743953832939527,0.743562498354533,0.742514364393163,0.740826755982277,0.738514374311004,0.735599228278947,0.73208243279664,0.727955034406517,0.723208370700001,0.717821261582954,0.711752393357659,0.704990307069952,0.697529736665381,0.689364606656533,0.680489316946495,0.670892250033276,0.660573136625805,0.649552712675132,0.637865668026848,0.625556362785151,0.612682369706755,0.599318531193344,0.585567450817177,0.57157265693361,0.557532515786241,0.543703288454193,0.530422921930841,0.518132335152486,0.507384059366204,0.498816777237806,0.493071356589151,0.490646772934931,0.491745346027713,0.496205111103943,0.503543991912892,0.513090535462766,0.524151291487996,0.536104910303378,0.548446643583256,0.560799585580544,0.572933131793753,0.584683128195626,0.595948990936802,0.6066872668406,0.616874593273328,0.626507043310593,0.635593986526024,0.644153461435925,0.652208354066285,0.659788150467768,0.666927795206701,0.673661630026734,0.68002265024571,0.686041995578237,0.691731366451099,0.697114856258906,0.702219217180955,0.707069608277678,0.711692712649549,0.716115074946582,0.720366238427798,0.724472093774936,0.728468179323704,0.732386636316304,0.736251431255417,0.740084737108844,0.743899142841646,0.747697503222462,0.751488020592816,0.755270068622147,0.759032106593422,0.762752082391343,0.766401365637349,0.769967566466904,0.773429692253288,0.776760677041447,0.779934764834694,0.782931146214011,0.785733307054622,0.78832916476266,0.790706248428091,0.792859112540031,0.794814078742655,0.796606926527735,0.798289259174754,0.799912184789638,0.801515159623317,0.803156763083801,0.804891575989272,0.806774259251472,0.808840710843191,0.811123557908908,0.813644054669483,0.816401877059685,0.819369074791126,0.822498002945038,0.825729260513949,0.828984407871229,0.8322224842094,0.835397916010714,0.838460203561742,0.841360830582834,0.844054748713699,0.846499954290472,0.848656531355697,0.850497014798579,0.851999436058711,0.853145847972335,0.853921598135567,0.854314583363871,0.854314544651944,0.853912449876474,0.853100150287019,0.851873840157329,0.850237576164622,0.848190548089016,0.845732935459617,0.842889046047242,0.839670348407359,0.836074532205306,0.832105618120212,0.827773975278545,0.8230923492013,0.818075438163398,0.812739109961146,0.807099399230894,0.801172829760294,0.794972498429924,0.788518111890617,0.781824169375888,0.774895413355076,0.767733095822605,0.760329566646065,0.752669581343425,0.744725453841226,0.736460186101006,0.727826809655522,0.718769613019239,0.709225946974896,0.699124522048876
0.71207924239893,0.702323665839496,0.692244034582821,0.6819076382135,0.67142734282092,0.660968941061505,0.650760946453722,0.641071537598025,0.632146935123713,0.624139186278278,0.617098020204167,0.61103306229478,0.605999088690232,0.602144760293499,0.599716386026401,0.599003069192693,0.600250125936942,0.603565449129831,0.608863158081377,0.61586742133549,0.624171495538012,0.633333912724443,0.642950436881261,0.652679273301339,0.662258068179614,0.671507375293565,0.680289071281449,0.688499866652952,0.696076809845932,0.702987525405198,0.709210692358894,0.714734812080413,0.719554578177999,0.72366916814773,0.727084476605515,0.729805321166892,0.731839936593543,0.733206847514539,0.733912049722086,0.733968361591065,0.733386902941806,0.732161696544772,0.730274363528829,0.727729199044042,0.724532560086684,0.720686625026116,0.716184219892088,0.711009236928655,0.705123118201393,0.698498589594445,0.691116191825099,0.682957339576869,0.674008193387414,0.66425462515221,0.653681601007698,0.642273999844239,0.630018434748494,0.616903935820293,0.602920283167418,0.588071183451244,0.572379220814296,0.555884180537495,0.538644388095488,0.520743248573305,0.50230031673536,0.483492119429435,0.464596127165114,0.446081156853889,0.428766738361881,0.414035381572607,0.403916741661097,0.400573439719877,0.40504863424356,0.416427390048163,0.432522715965171,0.451131892761626,0.47066130186185,0.490132331354837,0.508999808777631,0.526979399032606,0.543938779305146,0.559871139328132,0.574810866075306,0.588807580906933,0.601913246415307,0.614182990267236,0.625671847485133,0.636432122885517,0.646514538334256,0.655970210572945,0.664850961299924,0.673206327579127,0.681076577118023,0.688497234441091,0.695503887206809,0.702114158480039,0.708355887020963,0.714263473134957,0.719867978443952,0.725202956410299,0.730298142946861,0.735184049601474,0.739893365794682,0.744447854800301,0.748867795512392,0.753167672297532,0.757356779528642,0.761444325337061,0.765439100356407,0.769345103221444,0.773160485151522,0.776877909957041,0.78048903277185,0.784001458687709,0.787411933013256,0.790713964709371,0.793900192909059,0.796963061308037,0.799895744808918,0.802692759087499,0.80533875991063,0.807825026429679,0.810177189632837,0.812425761395258,0.814595868657711,0.816718553630572,0.81882432580965,0.820927007065538,0.823045578352609,0.825214774004469,0.827459011868631,0.829785414920068,0.832184163382045,0.834651526755107,0.837173011408336,0.839722111588182,0.842253094120422,0.844742011995288,0.84717680248514,0.849530251640698,0.851772788513841,0.853874151304052,0.855804404577438,0.857532446843662,0.859029217632773,0.86027319235087,0.861245302317281,0.861928759462579,0.862308860468596,0.862372731483797,0.862109050392439,0.861507777151603,0.860559915785004,0.859257324460355,0.857592588482467,0.855567135053048,0.853208488578287,0.850526012114532,0.847524274852863,0.844207217537344,0.840577002137071,0.836633667887202,0.832381747020127,0.82783047272015,0.822987263576531,0.817859407964058,0.812451119793952,0.806764236019385,0.800806984689494,0.794585613218981,0.788101113452016,0.781349321985048,0.774328371584262,0.767032268140869,0.759454179633708,0.751583114758547,0.743401827237551,0.734890043483536,0.726030195158774,0.716811105486615
0.731213909593623,0.723122757813453,0.714952580993236,0.70677203852855,0.698665639581053,0.690734340813679,0.683091188768919,0.675851438413727,0.669128137478987,0.663021734967681,0.657619881853408,0.653003459146006,0.649251150472793,0.646443399889082,0.644659149948705,0.643965045151515,0.644402663384422,0.645974857737674,0.648625035056359,0.652242178728627,0.656672500904274,0.661733228819356,0.667235303487574,0.673010265845466,0.678895659796925,0.684741669840024,0.690423687448492,0.695842431245264,0.700918135698306,0.705588379351733,0.709805444870408,0.71353228599089,0.716738722338193,0.71940005580992,0.721496084577965,0.723009472735183,0.723924174494149,0.724232549811533,0.7239315580334,0.723024598224859,0.721516834506223,0.719398722818273,0.71664700902179,0.713234719237003,0.709154135141928,0.704390726198698,0.698914346921954,0.692706407121393,0.685745846312603,0.67800760670535,0.669462503903507,0.660075755789615,0.649809607887256,0.638633431746467,0.626512694138102,0.613408403006375,0.599277450142832,0.584072652495976,0.567743649941521,0.55024248948933,0.531523603657266,0.511548682841381,0.490292802309877,0.467752173500281,0.443950832773077,0.418933605736937,0.392732605671902,0.365272734245622,0.33621327276038,0.304955643810023,0.272466630739605,0.254811530353087,0.280224830152111,0.320119558992561,0.357989739614379,0.392088931139442,0.422739305692931,0.450430735814577,0.475583191955516,0.498536212051515,0.519562086432026,0.538884184086132,0.556699079431851,0.573194856631454,0.588508995322431,0.602756630125651,0.616036510017168,0.628435185843435,0.640030150511423,0.650889865186612,0.661079050631608,0.670658603074828,0.679680348348656,0.688189778302767,0.696224633920575,0.703822318063157,0.711009879810698,0.71780796042221,0.724249217331389,0.730365991764836,0.736186260545872,0.741742421074915,0.74706049366758,0.752162406448137,0.757068107524148,0.761794761360057,0.766354378124983,0.770758407618599,0.775017404821262,0.779138862343004,0.783126907805333,0.78698221157698,0.790712266676035,0.794330171172699,0.797839500170807,0.801241907245962,0.804537576386183,0.807725624839975,0.810804435104871,0.813770151245034,0.816607115786969,0.819317832661474,0.821914239991679,0.824419908009067,0.826857307364563,0.829243407769519,0.831585714135328,0.833895940530003,0.836189223630682,0.838466194157838,0.840734165739132,0.842998464875161,0.84525779234752,0.8474961892028,0.849687478477048,0.851810301894481,0.853852192135739,0.855814297977678,0.857687849655624,0.859458088093887,0.8611082562626,0.862620287906801,0.863975169282813,0.865150595825265,0.866128706574889,0.866894133144014,0.867432483995302,0.86773044263889,0.867775797603318,0.867557421543798,0.867065216325858,0.866290039227537,0.865223622887907,0.863858498585134,0.862196724154953,0.860248951536579,0.858014804014114,0.855496562026622,0.852702827745885,0.849638477394818,0.846306561328957,0.842707865447065,0.838845409316869,0.834723299504491,0.830342346540739,0.825702781485205,0.82080751909612,0.815655205048882,0.810247847443882,0.804588427751393,0.798681068973361,0.79252787664283,0.786132564935316,0.779504367592722,0.772648351861119,0.765571148389433,0.758278638180672,0.750778061374069,0.743080360959816,0.735201510545869
0.749411797522466,0.742901555731104,0.736418550722956,0.730013426751167,0.723741378168565,0.717661003006874,0.711833417445542,0.706321716432988,0.701188410191174,0.696491440152347,0.692284598070528,0.688620506457463,0.685543827105712,0.683091840547739,0.681299254677486,0.680184825483364,0.67974836073206,0.679969872522308,0.680811856944666,0.682217815719636,0.684116386364399,0.686432869891374,0.689076434886869,0.691949336892164,0.694960361682831,0.698020302493288,0.701043429983068,0.703954766667589,0.706687433142247,0.709182705519104,0.711389065105367,0.713261142185089,0.714758963223478,0.715847817727547,0.71649792778682,0.7166857565338,0.716387010609277,0.71557896159218,0.714244278154147,0.712368864523084,0.709945250489303,0.706956172656948,0.703376834933055,0.699157190318581,0.694271771345939,0.688704308187096,0.682435436110423,0.675442371545811,0.667698559385091,0.659173206829601,0.649830843273196,0.639630798179858,0.628525625833115,0.616465110337511,0.603393637573847,0.589242790021668,0.573938361111454,0.557396292660618,0.539517668066077,0.520185841889042,0.499263144895106,0.476587630571235,0.451971407611081,0.425205162772366,0.396081803971438,0.364483937342372,0.33065522418176,0.296024091992156,0.265174139951644,0.246643364439287,0.245123632545322,0.25849788216402,0.283858123403556,0.31587904678481,0.349291112262373,0.381423800662126,0.411381886346996,0.439025001224786,0.464469342269154,0.487901855355777,0.509520273192738,0.529505579613712,0.548025822812225,0.565224313441838,0.581227706791015,0.596161888359915,0.610126727610244,0.623208444533981,0.635482271351964,0.647014569410315,0.657867000311951,0.668097437444384,0.677755919201849,0.686887522710343,0.695533197752098,0.703727411644041,0.711500558239492,0.718882499873321,0.725892933469119,0.732550688819447,0.738885043235021,0.744926726074808,0.750699294764791,0.756223141815843,0.761516626478934,0.7665952283608,0.771471745935803,0.776158663395981,0.780667731597515,0.785009048423879,0.789190308817578,0.793218499367963,0.79710989769502,0.800874278685017,0.804518049305913,0.808046007744378,0.811461529700979,0.814766741144322,0.817962612716778,0.821040923223855,0.823999057345504,0.826845256139653,0.82958815240116,0.832235193972501,0.834797237735274,0.83728700524441,0.839712216336626,0.842082525440622,0.844402511360734,0.846673690634853,0.8488961260898,0.851057567534082,0.853146154737563,0.855152207704106,0.857069895546816,0.85888626123166,0.860592485302723,0.862191532427227,0.863677486376603,0.865042617528219,0.866277724575914,0.867372437802533,0.86831382779971,0.869088712651046,0.86968692543433,0.870098427786784,0.870313447952406,0.870322604404441,0.870116994152648,0.869688250619898,0.86902857667156,0.868130758468486,0.86699035115156,0.865615099909891,0.864004883131216,0.862158272169354,0.860074306200069,0.857752438554187,0.85519248158385,0.852394560667893,0.849362765477527,0.846101357389872,0.842611901433535,0.838897835504393,0.834962871688127,0.830809453413092,0.826439069366032,0.8218511758076,0.817049745262961,0.812038614827983,0.806824637353393,0.801417347548974,0.795826056054703,0.790060395012854,0.784134038205902,0.778060539501579,0.771855644844276,0.76553773211057,0.759128571364902,0.752654340759125
0.765157089367495,0.759986037214082,0.754874753005304,0.749855299624514,0.744959859026283,0.740222893048499,0.735679704836209,0.731364922441719,0.727310679935443,0.723547398532621,0.72010311564121,0.717008040588446,0.714284415991905,0.711947251789034,0.710005175053823,0.708459634207202,0.707304297087238,0.706523934823355,0.706099636329528,0.706007031595066,0.706208496102343,0.706661332814846,0.707319860431483,0.708130339573572,0.709036535858934,0.709985404800797,0.710925922853509,0.711808412510122,0.712586527071234,0.713216641040163,0.71365695653861,0.713869077837188,0.71381720787964,0.713467811815936,0.712789554251619,0.711753660781884,0.710332298718687,0.708498289270018,0.706225036891397,0.703489144777125,0.70026790081314,0.696542491715309,0.692291060636537,0.687481640258816,0.682079259465326,0.676065284176577,0.669419589736014,0.662119741203132,0.654140677742881,0.645454372660373,0.636029456167985,0.625830744791524,0.614818043951242,0.602946292386199,0.590168158866719,0.576432018942371,0.561678888231357,0.545841288528622,0.528841947649202,0.510591724601445,0.490988296033554,0.469918853125363,0.447259906088291,0.422886819696108,0.396704955623945,0.36874467605884,0.339457638629607,0.310660690692533,0.288082871157465,0.282520789012419,0.296264707746125,0.318990877493478,0.343791859950603,0.368535351771483,0.392693864086738,0.4160988992516,0.438646705195119,0.46025430789802,0.480866580721343,0.500462213187526,0.51904423314016,0.536636470061962,0.553277030320905,0.569007050084569,0.583871484860338,0.597918881843042,0.611196784597473,0.623752524905322,0.635640417275305,0.646904188076879,0.657584104131154,0.667720499616382,0.67734879123828,0.686501265571037,0.695207739611791,0.703496640879295,0.711394262016836,0.718925217897051,0.726111709800378,0.73297736802736,0.739539261199041,0.745811379174957,0.751811620002534,0.757556881149006,0.763062376522362,0.768342197949963,0.773408452593438,0.778272786648441,0.782946325636875,0.787438539845515,0.791757618391021,0.795918087527377,0.799931811096885,0.803806861464767,0.807549949541745,0.811166482818328,0.814660623575568,0.818035316038652,0.821286795794856,0.82441487058497,0.827426447720167,0.830327099156164,0.833121525512521,0.835813503745445,0.838405755424413,0.840900465784034,0.843305864564822,0.845630499913266,0.847878046116996,0.850045421146241,0.852129430457642,0.854125211461979,0.856027551620312,0.857828613851471,0.859516754726522,0.861088299547071,0.862549000843612,0.863895767174054,0.865118999561342,0.86621101598955,0.867167003557817,0.867980234381056,0.868642879555594,0.869149299178088,0.869493671264511,0.869670047780527,0.86967246296482,0.869495027282896,0.869132006729489,0.868577887991012,0.867829001337335,0.866890127679234,0.865760381576013,0.864437988621405,0.862921546441657,0.861210012316158,0.859302686989558,0.857199195910519,0.854899469010669,0.852403720108996,0.849712427115965,0.846825941347819,0.843744073147306,0.840468482620562,0.837005914144021,0.833360850691658,0.829535831333883,0.825534758931824,0.8213663718334,0.817042115997658,0.81257202523391,0.807966734994625,0.803237710516453,0.79839501881928,0.793449544912685,0.788415236830144,0.783308343746844,0.778147306517771,0.772952774348662,0.767748106628167
0.777489804279309,0.773389949766105,0.769343483013588,0.765369471881842,0.761486823550032,0.757714344221039,0.754071092419206,0.750578185736884,0.747252385709317,0.744108786881554,0.741160672320288,0.738417521917484,0.735886384716209,0.733571981798481,0.7314765130489,0.729602048844145,0.727943719551468,0.726492534629744,0.725237975845188,0.724162416614347,0.723244902163604,0.722461052912831,0.721783127557834,0.721182266406517,0.72062912607122,0.720093109549646,0.719542883280473,0.718947348868226,0.718276060809693,0.717498974750888,0.716586440651468,0.715509495401886,0.714239904169969,0.71275008635061,0.71101393619976,0.709003038679522,0.70669224515093,0.704058383082856,0.701079069756948,0.697732946940712,0.694005447261479,0.689881192224874,0.68534217638698,0.680370191366113,0.674934670162357,0.669014760484811,0.662597672201523,0.655670364450823,0.648219508757098,0.640232445300596,0.631696951047664,0.622601562744128,0.612936114717275,0.602692515793461,0.591865560440666,0.580454658592976,0.568468731703688,0.555927158708398,0.542864225779113,0.529335863306267,0.515429234595666,0.501276171206449,0.487071398843209,0.473095724731938,0.459741958462283,0.44753536432785,0.437129851526081,0.429251984364067,0.424573360078028,0.42352833654563,0.426169633403305,0.432158607594028,0.440895619036706,0.451703394788115,0.463958853284685,0.477151401635295,0.490889088012789,0.5048828859724,0.518920346103337,0.532844821339073,0.546543925180358,0.559939785199242,0.572976334893285,0.585617560522994,0.597840208948551,0.60963107702233,0.620984983636328,0.631902603726755,0.642389006121039,0.652452486126353,0.662103820984154,0.67135807804567,0.680231119816766,0.688742141942841,0.696906777614906,0.704740093044284,0.712258413514436,0.719477018145843,0.726411100424484,0.733074427864039,0.739480294084261,0.745639875032215,0.751563576287568,0.757257351648676,0.762728489168682,0.767986769647092,0.773041253535311,0.77790036387874,0.782572479914286,0.787065646295021,0.791392714829944,0.795563071761161,0.799584070032877,0.803462096999228,0.807202576936719,0.810809976716226,0.814286857395277,0.817631835819242,0.820849849501097,0.823945726434308,0.826923490183856,0.829786456027031,0.832537184154098,0.83517741691769,0.837705664151176,0.840122150063912,0.842430375049706,0.844632264975494,0.846732064588327,0.848731767305512,0.850631964075607,0.852432106298653,0.854130526565684,0.855724477218386,0.857210240071395,0.858588537207817,0.859857076107196,0.861007051938507,0.862034279388113,0.862935910992282,0.863707054582856,0.864343028974056,0.864836734190542,0.865184580031095,0.865383658947128,0.86543091934696,0.865323228417393,0.865057474508173,0.864635248328665,0.864057773972119,0.863323701648977,0.862431868592456,0.861381319419957,0.860171322031393,0.858801379743876,0.857271240433916,0.85558090350916,0.853730625572319,0.851720925679429,0.84955259114008,0.847226684862344,0.844744553497668,0.842107254938887,0.839316071645792,0.836373382211088,0.833284040113599,0.830052833474051,0.826686655650849,0.823194562899031,0.819588110223823,0.81587703636457,0.812071028396164,0.808180204488612,0.804215176296604,0.800186966468608,0.796106725794543,0.791987668863517,0.787844392349802,0.783692329133718,0.779547960694566
0.78586874308701,0.782615013180055,0.779394662770398,0.776218525180811,0.77309705239768,0.770040348852006,0.767057853556631,0.764158226206835,0.761348898530772,0.758637019316149,0.756030774180188,0.753534796531065,0.751152432596751,0.748885055189837,0.746732257651985,0.744691448588337,0.742757090060345,0.740922349037124,0.739178580784465,0.73751515700113,0.735919086427734,0.734376951366281,0.732874615443943,0.731396921193481,0.729927438839284,0.728448934964321,0.726943327595993,0.725391044444517,0.723772884321527,0.722069686844947,0.72026238457728,0.718332522922627,0.716261951568295,0.714032911837007,0.711628136475117,0.70903093500208,0.706225267597161,0.703195830104015,0.699928226076729,0.696408881782559,0.692627543575875,0.688576287036211,0.684246134322149,0.679628549872585,0.674714154094709,0.669488238016603,0.66394505381662,0.658084326527875,0.65190903311702,0.645424679256487,0.638639815073841,0.631566670990838,0.624221934598312,0.616627690390078,0.608812542729456,0.600812936652704,0.592674629815837,0.584454024952113,0.576221682418322,0.568063212243135,0.560080350681792,0.552391809797265,0.545133106528453,0.53845460698472,0.53251710568531,0.527484700998649,0.52351405522393,0.520741598777522,0.519270434574099,0.51915952790913,0.520417311468001,0.523001666189936,0.526826663734243,0.531772405477858,0.537696902698797,0.544449420192696,0.551880735533843,0.559848776622834,0.568223613472029,0.576893743764154,0.585762428935401,0.594745097258791,0.603770294852463,0.612778503771881,0.621720724123511,0.630557049052569,0.639255662368817,0.647791609978036,0.656145514290564,0.664302682853056,0.672252347889291,0.679987780546312,0.687506558425781,0.694807010915652,0.701889214819032,0.708755300372535,0.715408312012136,0.721852093003099,0.728090787378749,0.73412975017417,0.73997406252338,0.745628485407373,0.751097356028449,0.756385579359762,0.761497395349109,0.766436250583112,0.771205538440971,0.775806654094004,0.780245655963403,0.784529573627077,0.788663766243126,0.792653063931344,0.796501743845723,0.800213513069349,0.803790294581495,0.807233266319258,0.810546596389905,0.813733744442324,0.816797763290768,0.81974129356865,0.822566555187741,0.825275339266611,0.827869000673655,0.830348496292814,0.832716229899788,0.834974291496231,0.837123721703604,0.83916515478458,0.841098808205262,0.842924476419487,0.844642811283292,0.846254635659538,0.847759352053435,0.84915575765671,0.850444702687683,0.851630264395065,0.852710592935049,0.853683217444947,0.854545046414602,0.85529366556616,0.855926882232557,0.856442053961148,0.85683284930934,0.857095744327781,0.857230182595458,0.857237878911015,0.857118093494052,0.856868911855882,0.856488456607239,0.855976521419527,0.855332989653256,0.854557847303739,0.853651201869309,0.852613299707745,0.851444542068764,0.850145500049659,0.848716928769067,0.847159781090645,0.84547522125433,0.843664638787442,0.841729663070379,0.83967270440494,0.837497868339084,0.835208212089816,0.832807128528269,0.83029827901645,0.82768596642912,0.824975849023343,0.822174122563737,0.819287523765773,0.816323163536701,0.813288524154378,0.810191454259549,0.807040160273139,0.80384314010674,0.800609316810751,0.797347966127609,0.794068897680815,0.790782608758958,0.78750008713143
0.789827728865583,0.787279453270328,0.784741026245404,0.782218378044386,0.779717222289864,0.777242902320495,0.774800269383168,0.772393590574999,0.770026434644369,0.767701535581989,0.765420914566586,0.763185962649651,0.760997002740703,0.758853489134802,0.756753869824075,0.754695164859375,0.752673794834773,0.750685673350793,0.748725957377154,0.746789449702664,0.74487018560152,0.742961387120046,0.741055329589421,0.739143960363822,0.737218864863156,0.73527114717372,0.733291583199711,0.731270602527868,0.729198563870336,0.727065769154265,0.724862541676191,0.722579327391045,0.720206776548815,0.717735843627018,0.715157915025575,0.71246477176681,0.709648957170792,0.70670382489044,0.70362349793881,0.700402976516241,0.697039797943419,0.693532758070142,0.689880691572885,0.686083989729996,0.682144339775181,0.67806309062123,0.673839975783317,0.669482197684399,0.664999477257645,0.660403287013567,0.655708856925632,0.650935088073201,0.646104027202564,0.641241053328808,0.636375062468958,0.631538589326871,0.626767948638381,0.622103265305738,0.617588246744909,0.613269808453495,0.609197473528079,0.605422572841728,0.601997662445181,0.598974707210701,0.596403403990759,0.594329428801842,0.592792632587589,0.591825324208818,0.591450794276251,0.59168222712176,0.592522316646718,0.593963429970227,0.595987956661194,0.598569616223933,0.60167487898712,0.605263747909685,0.609291846776527,0.613713453340745,0.618480881004318,0.623546450630056,0.628863760327531,0.634388505204823,0.640079398559086,0.645898606574224,0.651811051254305,0.657784927331276,0.663791661170616,0.669805820091567,0.675804962946708,0.68176944226086,0.687682182743413,0.693528195376386,0.699294905194784,0.704973388039067,0.71055606339381,0.716036219719914,0.721408064023548,0.72666693395586,0.731809625124717,0.736833423587658,0.741736186658485,0.746516492650942,0.751173334119998,0.755706122699913,0.760114389322082,0.764399854660133,0.768563631645655,0.772606181254894,0.776528248654672,0.780330830707949,0.784014691838887,0.7875796615923,0.79102706157276,0.794358360869608,0.79757433793912,0.800676418591883,0.803666288118247,0.80654547538063,0.809315336688401,0.811977042132478,0.814531564261007,0.816979669023805,0.81932256465749,0.821561947715512,0.82369867129718,0.82573338716307,0.827666545940434,0.829498393381037,0.831228968701676,0.832858105178118,0.834385433147836,0.835810385550463,0.83713220609855,0.838351067244051,0.83947095577586,0.840491708012652,0.841412651832221,0.8422328225612,0.842951888894011,0.843570745175685,0.844089317250061,0.84450720533709,0.844823956727838,0.845039088136156,0.845152107854424,0.845162537442728,0.845069932713791,0.844873903814386,0.844574134246268,0.844170398714006,0.843662579731932,0.843050493959571,0.842333609405644,0.841512345751624,0.840587390982013,0.83956025177043,0.838432466673125,0.837205544514961,0.835881289821727,0.834461650588722,0.832948951812039,0.831345577323867,0.82965420970372,0.827877624711086,0.826017706761833,0.824077442448442,0.822060556633351,0.819971332801139,0.817814221297385,0.815593910893731,0.813315439369401,0.810984008945478,0.808604947279028,0.806183849742038,0.803726457584603,0.80123860228468,0.798726170385251,0.796195063438312,0.793651018685248,0.791100058896997
0.789277898774593,0.787348991970402,0.785411948128991,0.783469301054645,0.781523489160688,0.779576831129724,0.77763138892611,0.775688904178112,0.773750738175867,0.771817858253549,0.769890820443263,0.767970097358122,0.766055914639678,0.76414815630943,0.762246268060447,0.760349290871597,0.75845601192216,0.756564863040547,0.754673889814949,0.75278065252614,0.750882620601765,0.748977014359651,0.747060919181755,0.745131289284711,0.743184880409196,0.741218261982539,0.739228107012953,0.737211089292612,0.735163890715701,0.733083253182314,0.730966032271897,0.728809252400776,0.726610163213977,0.724366296997533,0.722075526930616,0.719736126023568,0.717346826604726,0.714906880222269,0.712416117813548,0.709875090479183,0.707286055440399,0.704651490233301,0.701974357894622,0.699258434991967,0.696508364057173,0.693729722318057,0.690928533686399,0.688109449458405,0.68528113361795,0.682453815760495,0.679638838168027,0.676848648448951,0.674096773750833,0.671397751841113,0.66876697661929,0.666220345855942,0.66377493919904,0.661448701924778,0.659259902399505,0.657226902172761,0.655367895615099,0.653700623268277,0.652242065227344,0.651008123027599,0.650013300460299,0.649270395260404,0.648790220014924,0.648581434338363,0.648650319007245,0.64900082799012,0.649634585590481,0.650550329851866,0.651744435068306,0.653210974922723,0.654941351712869,0.656924890256378,0.659149108836413,0.661600009471571,0.66426237992773,0.667120095886774,0.670156413166849,0.673354241762465,0.676696395522333,0.680165816090107,0.683745785585582,0.687420047552756,0.691172942817393,0.694989513780923,0.698855576734448,0.702757820136714,0.706684046058119,0.710623151333417,0.714564504349951,0.718498182171781,0.722415049156491,0.726307046486798,0.730167122092832,0.733988705686666,0.737765865247121,0.741493947542169,0.745168466471605,0.748785113548101,0.752340045518899,0.755829774814477,0.759251234279941,0.762601763196793,0.765879266454221,0.769081880791257,0.77220793021977,0.775255912824196,0.778224647554942,0.781113222188378,0.783920860099137,0.786646890508715,0.78929071233335,0.791851800951842,0.794329665936897,0.796723894775055,0.799034091855573,0.801259980598791,0.803401825963813,0.805459567822504,0.8074330937718,0.809322280209967,0.811126983865944,0.812847063623765,0.814482460570616,0.816032841258365,0.81749789686665,0.81887742633704,0.820171208189012,0.821379001166176,0.822501514083145,0.823540952583237,0.824497385834969,0.825370731296326,0.826160851840179,0.826867370047627,0.827490246334599,0.82802959831684,0.828485635069013,0.828858888850818,0.829149664439762,0.829358233941964,0.8294848880637,0.829529966022317,0.829493890640263,0.829377101486238,0.82918007372729,0.828903340684719,0.828547504214548,0.828113244592361,0.827601331182086,0.827012647639701,0.82634815636346,0.82560892701269,0.824796138220054,0.823911081501399,0.822955164417514,0.821929912950212,0.820836973066602,0.819677961409879,0.818454307364804,0.817168096651517,0.815821587670606,0.814417029708533,0.812956795722228,0.811443442714154,0.809879625401153,0.808268288020078,0.806612401705383,0.804915083758012,0.803179555300412,0.801409075418457,0.799606922907727,0.797776376569744,0.79592069913458,0.794043217506328,0.792147191725038,0.790235762033377
0.784389808860804,0.783031967126403,0.781657422789561,0.780267425083498,0.778863157223681,0.77744572224776,0.776016136294803,0.774575307200099,0.773124058714916,0.771663120864754,0.770193083692114,0.768714467142997,0.767227670877813,0.765733045659337,0.76423090373061,0.762721471183171,0.761204885978068,0.759681203236837,0.758150405795554,0.756612365841249,0.755066940764954,0.753513946062647,0.751953210622864,0.750384558989287,0.748807817754432,0.747222831770642,0.745629481203904,0.744027678904042,0.742417361942995,0.740798632527898,0.739171672162946,0.737536759387679,0.735894413082469,0.73424533085356,0.732590389004114,0.730930660305311,0.729267430999593,0.727602216809855,0.725936800654599,0.724273605690536,0.722615133629441,0.720964026435968,0.719323198569914,0.717695840578466,0.716085420041328,0.714495679575404,0.712930631605545,0.711394549614934,0.709891609604389,0.708425289243043,0.70700054071112,0.705622654132366,0.704297136296564,0.703029620170523,0.701825822416045,0.700691498251521,0.699632392450269,0.698654186962625,0.697762445783061,0.69696255781587,0.69625970099759,0.695658875527697,0.695164682818937,0.694781328052683,0.694512540673703,0.694361603991577,0.694331231249175,0.694423603925948,0.694640381768712,0.694982539148528,0.695450369921618,0.696043515408472,0.696760984159549,0.697601162987082,0.698561830706386,0.699640186405786,0.70083288436689,0.702136074701535,0.703545448673612,0.705056287616949,0.706663514349229,0.708361753037857,0.710145376593412,0.712008552700822,0.713945342251217,0.715949749175969,0.718015734054808,0.720137227621787,0.722308146928365,0.72452248328134,0.72677431456721,0.729057840748702,0.7313674256419,0.733697644246901,0.736043234525122,0.738399201198071,0.740760759448666,0.743123292679665,0.745482390165986,0.747833851655426,0.750173734217522,0.752498477571956,0.754804640429495,0.757088946635967,0.75934827184096,0.761579669428615,0.763780372604002,0.765947785004106,0.768079471410981,0.770173161986624,0.77222673624301,0.774238206071712,0.776205699894907,0.77812748721527,0.780002021066523,0.781828061873597,0.783604353136777,0.785329719802453,0.787003075756654,0.788623417473157,0.790189818130021,0.791701422207251,0.793157440573863,0.794557146068591,0.795899869574847,0.797184996587122,0.798411964262883,0.799580258950947,0.800689414184445,0.801739009123598,0.802729021999107,0.80366028222674,0.804532667814263,0.805346006709348,0.80610015627724,0.806795003214553,0.807430463938593,0.808006474532614,0.808522860448742,0.808979652727812,0.809376991729301,0.809715058689663,0.809994076476673,0.810214310440911,0.810376069337549,0.810479706291337,0.81052561977775,0.810514254593374,0.810446102789033,0.810321704539666,0.810141648925625,0.80990657460091,0.809617170324732,0.809274175333813,0.808878379533895,0.808430616416294,0.807931603185257,0.807382218135003,0.806783470513874,0.806136418258587,0.805442180330314,0.804701928290836,0.803916882523986,0.803088309696306,0.802217519831801,0.801305862998775,0.800354725609618,0.799365499192909,0.798339558072209,0.797278354205751,0.796183371153473,0.795056098176314,0.793898076079631,0.792710847717114,0.791495953097347,0.79025494847532,0.78898936808317,0.787700723278024,0.786390514800448,0.785060190928149
0.775224971724647,0.774480017461482,0.773721541536868,0.772950196576779,0.772166639627375,0.771371523965363,0.770565500428584,0.769749221772673,0.768923335293543,0.768088480965462,0.767245297333948,0.766394425309584,0.765536503496161,0.764672168753256,0.763802058758132,0.762926804877277,0.762047037001953,0.76116339594672,0.760276524411199,0.759387081190286,0.758495734530997,0.757603164607756,0.75671006455613,0.755817142179345,0.754925121978148,0.754034746865329,0.753146780317285,0.752262008046267,0.75138123590411,0.750505302720608,0.749635076313873,0.74877145376472,0.747915362682098,0.747067762243053,0.746229642331286,0.745402068893019,0.744586172502416,0.743783057867334,0.742993860777467,0.742219747360734,0.741461912609212,0.740721578496591,0.739999991675963,0.739298420750428,0.738618153113102,0.737960491357492,0.737326749264019,0.736718247373478,0.736136308163553,0.735582250849934,0.73505738583922,0.734563008866392,0.73410039485515,0.733670744560203,0.733274984229281,0.73291426722161,0.732589749745501,0.732302535008716,0.73205366714032,0.731844137424329,0.731674858979665,0.731546669759571,0.73146032441675,0.731416474499615,0.731415674695564,0.731458378065752,0.73154493184723,0.731675573872957,0.731850429703533,0.732069511409999,0.7323327144114,0.732639825421176,0.732990512151808,0.73338432493581,0.733820699086921,0.73429895734214,0.734818312677448,0.73537787175492,0.735976638957504,0.736613520961869,0.737287331794992,0.737996798316262,0.738740566064271,0.739517205523067,0.740325219086752,0.741163046365164,0.7420290712898,0.742921628981543,0.743839012482383,0.744779484500422,0.745741284687203,0.74672262783353,0.747721724939097,0.748736770108617,0.749765947803476,0.750807449448035,0.751859470891784,0.752920217616289,0.753987910309683,0.755060788939771,0.75613711772315,0.757215191035587,0.758293336872127,0.759369920890832,0.760443339980838,0.761512037020924,0.762574487137641,0.763629206410603,0.764674754113015,0.765709733882189,0.766732794697585,0.767742632073997,0.768737988027291,0.769717651410813,0.770680458235776,0.771625291628228,0.77255108295158,0.773456810923663,0.774341500886385,0.775204224469271,0.776044099187107,0.776860287983522,0.777651998731447,0.778418482099069,0.779159032478808,0.779873114627883,0.780560369550784,0.781220248553195,0.781852234054472,0.782455848280894,0.783030653477855,0.783576249191563,0.784092271613858,0.784578392964066,0.78503432090896,0.785459798020919,0.785854601273438,0.786218541572244,0.786551463319457,0.786853244007429,0.787123793838244,0.787363038879583,0.787570905328723,0.787747406545946,0.787892591520516,0.788006540035946,0.788089362181348,0.788141197854479,0.788162216252374,0.788152615345466,0.788112621331195,0.788042488063252,0.787942496452768,0.787812953838089,0.787654193320021,0.787466573059833,0.787250475537735,0.787006306769988,0.786734495483331,0.786435492245989,0.786109768555083,0.785757815880905,0.785380145274199,0.784977288315374,0.78454979173761,0.784098217874096,0.783623143819693,0.783125160482215,0.782604873966661,0.782062900700523,0.781499866616313,0.780916406564824,0.780313163083675,0.779690784316454,0.779049908200001,0.778391189099464,0.777715291711103,0.77702287566182,0.776314606818946,0.775591154661034
0.762083907010379,0.762083907010379,0.762083907010379,0.762083907010379,0.762083907010379,0.762083907010379,0.762083907010379,0.762083907010379,0.762083907010379,0.762083907010379,0.762083907010379,0.762083907010379,0.762083907010379,0.762083907010379,0.762083907010379,0.762083907010379,0.762083907010379,0.762083907010379,0.762083907010379,0.762083907010379,0.762083907010379,0.762083907010379,0.762083907010379,0.762083907010379,0.762083907010379,0.762083907010379,0.762083907010379,0.762083907010379,0.762083907010379,0.762083907010379,0.762083907010379,0.762083907010379,0.762083907010379,0.762083907010379,0.762083907010379,0.762083907010379,0.762083907010379,0.762083907010379,0.762083907010379,0.762083907010379,0.762083907010379,0.762083907010379,0.762083907010379,0.762083907010379,0.762083907010379,0.762083907010379,0.762083907010379,0.762083907010379,0.762083907010379,0.762083907010379,0.762083907010379,0.762083907010379,0.762083907010379,0.762083907010379,0.762083907010379,0.762083907010379,0.762083907010379,0.762083907010379,0.762083907010379,0.762083907010379,0.762083907010379,0.762083907010379,0.762083907010379,0.762083907010379,0.762083907010379,0.762083907010379,0.762083907010379,0.762083907010379,0.762083907010379,0.762083907010379,0.762083907010379,0.762083907010379,0.762083907010379,0.762083907010379,0.762083907010379,0.762083907010379,0.762083907010379,0.762083907010379,0.762083907010379,0.762083907010379,0.762083907010379,0.762083907010379,0.762083907010379,0.762083907010379,0.762083907010379,0.762083907010379,0.762083907010379,0.762083907010379,0.762083907010379,0.762083907010379,0.762083907010379,0.762083907010379,0.762083907010379,0.762083907010379,0.762083907010379,0.762083907010379,0.762083907010379,0.762083907010379,0.762083907010379,0.762083907010379,0.762083907010379,0.762083907010379,0.762083907010379,0.762083907010379,0.762083907010379,0.762083907010379,0.762083907010379,0.762083907010379,0.762083907010379,0.762083907010379,0.762083907010379,0.762083907010379,0.762083907010379,0.762083907010379,0.762083907010379,0.762083907010379,0.762083907010379,0.762083907010379,0.762083907010379,0.762083907010379,0.762083907010379,0.762083907010379,0.762083907010379,0.762083907010379,0.762083907010379,0.762083907010379,0.762083907010379,0.762083907010379,0.762083907010379,0.762083907010379,0.762083907010379,0.762083907010379,0.762083907010379,0.762083907010379,0.762083907010379,0.762083907010379,0.762083907010379,0.762083907010379,0.762083907010379,0.762083907010379,0.762083907010379,0.762083907010379,0.762083907010379,0.762083907010379,0.762083907010379,0.762083907010379,0.762083907010379,0.762083907010379,0.762083907010379,0.762083907010379,0.762083907010379,0.762083907010379,0.762083907010379,0.762083907010379,0.762083907010379,0.762083907010379,0.762083907010379,0.762083907010379,0.762083907010379,0.762083907010379,0.762083907010379,0.762083907010379,0.762083907010379,0.762083907010379,0.762083907010379,0.762083907010379,0.762083907010379,0.762083907010379,0.762083907010379,0.762083907010379,0.762083907010379,0.762083907010379,0.762083907010379,0.762083907010379,0.762083907010379,0.762083907010379,0.762083907010379,0.762083907010379,0.762083907010379,0.762083907010379
