-0.888207535333176,-0.888207535333176,-0.888207535333176,-0.888207535333176,-0.888207535333176,-0.888207535333176,-0.888207535333176,-0.888207535333176,-0.888207535333176,-0.888207535333176,-0.888207535333176,-0.888207535333176,-0.888207535333176,-0.888207535333176,-0.888207535333176,-0.888207535333176,-0.888207535333176,-0.888207535333176,-0.888207535333176,-0.888207535333176,-0.888207535333176,-0.888207535333176,-0.888207535333176,-0.888207535333176,-0.888207535333176,-0.888207535333176,-0.888207535333176,-0.888207535333176,-0.888207535333176,-0.888207535333176,-0.888207535333176,-0.888207535333176,-0.888207535333176,-0.888207535333176,-0.888207535333176,-0.888207535333176,-0.888207535333176,-0.888207535333176,-0.888207535333176,-0.888207535333176,-0.888207535333176,-0.888207535333176,-0.888207535333176,-0.888207535333176,-0.888207535333176,-0.888207535333176,-0.888207535333176,-0.888207535333176,-0.888207535333176,-0.888207535333176,-0.888207535333176,-0.888207535333176,-0.888207535333176,-0.888207535333176,-0.888207535333176,-0.888207535333176,-0.888207535333176,-0.888207535333176,-0.888207535333176,-0.888207535333176,-0.888207535333176,-0.888207535333176,-0.888207535333176,-0.888207535333176,-0.888207535333176,-0.888207535333176,-0.888207535333176,-0.888207535333176,-0.888207535333176,-0.888207535333176,-0.888207535333176,-0.888207535333176,-0.888207535333176,-0.888207535333176,-0.888207535333176,-0.888207535333176,-0.888207535333176,-0.888207535333176,-0.888207535333176,-0.888207535333176,-0.888207535333176,-0.888207535333176,-0.888207535333176,-0.888207535333176,-0.888207535333176,-0.888207535333176,-0.888207535333176,-0.888207535333176,-0.888207535333176,-0.888207535333176,-0.888207535333176,-0.888207535333176,-0.888207535333176,-0.888207535333176,-0.888207535333176,-0.888207535333176,-0.888207535333176,-0.888207535333176,-0.888207535333176,-0.888207535333176,-0.888207535333176,-0.888207535333176,-0.888207535333176,-0.888207535333176,-0.888207535333176,-0.888207535333176,-0.888207535333176,-0.888207535333176,-0.888207535333176,-0.888207535333176,-0.888207535333176,-0.888207535333176,-0.888207535333176,-0.888207535333176,-0.888207535333176,-0.888207535333176,-0.888207535333176,-0.888207535333176,-0.888207535333176,-0.888207535333176,-0.888207535333176,-0.888207535333176,-0.888207535333176,-0.888207535333176,-0.888207535333176,-0.888207535333176,-0.888207535333176,-0.888207535333176,-0.888207535333176,-0.888207535333176,-0.888207535333176,-0.888207535333176,-0.888207535333176,-0.888207535333176,-0.888207535333176,-0.888207535333176,-0.888207535333176,-0.888207535333176,-0.888207535333176,-0.888207535333176,-0.888207535333176,-0.888207535333176,-0.888207535333176,-0.888207535333176,-0.888207535333176,-0.888207535333176,-0.888207535333176,-0.888207535333176,-0.888207535333176,-0.888207535333176,-0.888207535333176,-0.888207535333176,-0.888207535333176,-0.888207535333176,-0.888207535333176,-0.888207535333176,-0.888207535333176,-0.888207535333176,-0.888207535333176,-0.888207535333176,-0.888207535333176,-0.888207535333176,-0.888207535333176,-0.888207535333176,-0.888207535333176,-0.888207535333176,-0.888207535333176,-0.888207535333176,-0.888207535333176,-0.888207535333176,-0.888207535333176,-0.888207535333176,-0.888207535333176,-0.888207535333176,-0.888207535333176,-0.888207535333176,-0.888207535333176,-0.888207535333176,-0.888207535333176,-0.888207535333176
-0.971377718450085,-0.968334217158807,-0.965201487141258,-0.961984194466573,-0.95868701938005,-0.955314648198353,-0.95187176579642,-0.948363048680929,-0.944793158641687,-0.941166736969087,-0.937488399222139,-0.933762730528821,-0.929994281399157,-0.926187564027693,-0.922347049062197,-0.918477162812928,-0.914582284875671,-0.910666746142065,-0.906734827168901,-0.902790756878317,-0.89883871156095,-0.894882814153605,-0.890927133763113,-0.88697568540976,-0.883032429961965,-0.879101274236159,-0.875186071236427,-0.87129062050791,-0.867418668580864,-0.863573909481192,-0.859759985285889,-0.855980794382661,-0.852240731120206,-0.848543265146387,-0.844891754834218,-0.841289505631251,-0.837739770980768,-0.834245753178599,-0.830810604150312,-0.827437426133957,-0.824129272255003,-0.820889146981339,-0.817720006446787,-0.814624758633647,-0.811606263404676,-0.808667332377173,-0.805810728632224,-0.803039166253735,-0.80035530969217,-0.797761772949846,-0.795261118585406,-0.792855856535662,-0.79054844275451,-0.788341277669359,-0.786236704456415,-0.784237007137553,-0.782344408501327,-0.780561067852803,-0.778889078596897,-0.777330465660895,-0.775887182762721,-0.774561109532191,-0.773354048492942,-0.772267721913835,-0.771303768538997,-0.770463740205833,-0.769749098361949,-0.769161210491077,-0.768701346459623,-0.768370674795288,-0.768170258909698,-0.768101053277346,-0.768163899583227,-0.768359522852111,-0.76868852757232,-0.769151393826689,-0.769748473444422,-0.770479986186608,-0.77134601597876,-0.77234650720358,-0.773481261066973,-0.774749932050747,-0.776152024464621,-0.777686889110791,-0.779353720073771,-0.781151551648151,-0.78307925541729,-0.785135537495199,-0.787318935944,-0.789627818380098,-0.792060379780578,-0.794614640503285,-0.79728816475255,-0.800077654479137,-0.802980457638117,-0.805993820980064,-0.809114816428567,-0.812340340997693,-0.815667116982627,-0.819091692436953,-0.822610441948997,-0.826219567732248,-0.829915101043433,-0.833692903944726,-0.837548671425195,-0.841477933898893,-0.84547606009689,-0.849538260370692,-0.853659590426372,-0.857834955508057,-0.862059115049227,-0.866326687812302,-0.870632157534442,-0.87496987909887,-0.87933408524956,-0.883718893865828,-0.888118315813442,-0.892526263384085,-0.896936559336847,-0.901342946548526,-0.905739098279262,-0.9101186290547,-0.914475106161978,-0.918802061752285,-0.92309300553634,-0.927341438054581,-0.931540864496474,-0.935684809036316,-0.939766829647326,-0.943780533346168,-0.947719591814562,-0.951577757335325,-0.955348878973844,-0.959026918928129,-0.962605968964017,-0.966080266845038,-0.96944421266222,-0.972692384962682,-0.97581955657371,-0.978820710015365,-0.981691052394117,-0.98442602966984,-0.987021340190014,-0.989472947388613,-0.991777091551236,-0.993930300554657,-0.995929399496115,-0.99777151913686,-0.999454103094721,-1.0009749137313,-1.00233203669176,-1.00352388406766,-1.00454919616674,-1.00540704188716,-1.0060968177057,-1.00661824530508,-1.00697136787594,-1.00715654514179,-1.00717444716721,-1.00702604701819,-1.00671261235379,-1.00623569603526,-1.00559712584493,-1.00479899341291,-1.00384364245224,-1.00273365640558,-1.0014718456078,-1.00006123406692,-0.998505045965868,-0.996806691983059,-0.994969755526848,-0.992997978974163,-0.990895249997628,-0.98866558806048,-0.986313131150857,-0.983842122821625,-0.981256899593836,-0.978561878775422,-0.975761546739718,-0.972860447701149
-1.03781297597645,-1.03131911566587,-1.02469629776911,-1.01795505575098,-1.01110562427136,-1.00415793312392,-0.997121603738349,-0.990005948004213,-0.982819969188366,-0.975572364731478,-0.968271530723263,-0.960925567869951,-0.95354228877946,-0.946129226403182,-0.938693643483244,-0.931242542865181,-0.923782678544249,-0.916320567323019,-0.908862500964314,-0.90141455873113,-0.893982620210769,-0.88657237832641,-0.879189352444462,-0.871838901491027,-0.864527204443607,-0.857263848427493,-0.850054196060582,-0.842902877481657,-0.835814398852567,-0.828793155270115,-0.821843443343696,-0.814969473383201,-0.808175381146705,-0.801465239100885,-0.794843067152413,-0.788312842810367,-0.781878510746585,-0.775543991722412,-0.769313190854894,-0.763190005199536,-0.757178277984466,-0.751274057867752,-0.745476933761494,-0.739792683463661,-0.734227070418963,-0.728785835365038,-0.723474687519097,-0.7182992953702,-0.713265277142344,-0.708378190993242,-0.703643525013903,-0.699066687092352,-0.694652994703275,-0.690407664684101,-0.686335803055128,-0.682442394938576,-0.678732294629457,-0.675210215866735,-0.671880722350215,-0.668748218546751,-0.665816940822429,-0.663090948936624,-0.660574117928761,-0.658270130424542,-0.656182469385157,-0.654314411318818,-0.652669019970428,-0.651249140500822,-0.650057394164522,-0.649096173489707,-0.648367637962122,-0.647873710210085,-0.647616072684857,-0.647596164827169,-0.647815180707622,-0.648274067124929,-0.648973522143872,-0.64991399405101,-0.651095694012005,-0.652526645067223,-0.654214680900415,-0.656161126887794,-0.658367042745814,-0.660833211364461,-0.663560127938766,-0.66654798942011,-0.669796684305968,-0.673305782782325,-0.67707452722995,-0.681101823100685,-0.685386230166671,-0.689925954142346,-0.694718838674187,-0.699762357691122,-0.705053608105121,-0.710589302849265,-0.716365764238266,-0.722378917635394,-0.728624285409023,-0.735095002732808,-0.74178159050402,-0.74867808455296,-0.755778251899817,-0.763075461231016,-0.770562678668529,-0.778232463609253,-0.78607696464586,-0.794087915588802,-0.802256631623592,-0.810574005646956,-0.819030504843282,-0.82761616757836,-0.8363206007056,-0.845132977401903,-0.854042035671244,-0.863036077680119,-0.872102970113692,-0.881230145769784,-0.890404606636001,-0.899612928725212,-0.908841268971957,-0.91807537452209,-0.927300594771807,-0.936501896535059,-0.945663882734126,-0.954770815017418,-0.96380664070757,-0.972755024471194,-0.981599385073264,-0.99032293753763,-0.998908740970426,-1.00733975222265,-1.01559888546288,-1.02366907760705,-1.0315333594078,-1.03917493184455,-1.04657724728411,-1.05372409470016,-1.06059968806492,-1.06718875685579,-1.07347663747108,-1.07944936422451,-1.08509375849947,-1.09039751459427,-1.09534928078579,-1.0999387341782,-1.10415664799106,-1.10799495006795,-1.11144677155243,-1.11450648487386,-1.11716973040331,-1.11943343137673,-1.12129579692238,-1.12275631327312,-1.12381572347919,-1.12447599615745,-1.12474028401569,-1.12461287306386,-1.12409912357278,-1.12320540395044,-1.12193901878565,-1.12030813234747,-1.1183216888362,-1.11598933065172,-1.11332131588895,-1.11032843618343,-1.10702193592876,-1.10341343376433,-1.09951484710536,-1.09533832035137,-1.09089615727789,-1.08620075798685,-1.08126456067247,-1.07609998834927,-1.07071940059277,-1.06513505026037,-1.05935904509083,-1.05340331402349,-1.04727957803642,-1.04099932526967
-1.08493034422455,-1.07482068267616,-1.06459900340689,-1.05428000112251,-1.0438776470906,-1.03340522235065,-1.02287535129872,-1.01230003530731,-1.00169068613619,-0.991058158964592,-0.980412784932556,-0.96976440311811,-0.959122391906978,-0.948495699724931,-0.937892875113314,-0.927322096126744,-0.916791199029327,-0.906307706257317,-0.8958788536075,-0.885511607806259,-0.875206550263646,-0.864963557107334,-0.854788653424785,-0.844696504086777,-0.834692540323826,-0.824780139753473,-0.814962498166858,-0.805242661374099,-0.795623556032992,-0.78610801934692,-0.776698827527469,-0.767390809794882,-0.758144392922549,-0.748959479106586,-0.739843067294448,-0.730802378160677,-0.72184602059776,-0.712990283018802,-0.704243691739329,-0.695612960548226,-0.687104969484258,-0.67872675614895,-0.670485505370864,-0.662388537362967,-0.654443294518788,-0.646657326995799,-0.639038277233335,-0.631593863551444,-0.624331862973959,-0.617260093413611,-0.610386395352999,-0.603718613147463,-0.59726457606985,-0.591032079208832,-0.585028864325395,-0.579262600763766,-0.573740866505218,-0.568471129446391,-0.563460728974714,-0.558716857908622,-0.554246544862295,-0.550056637089332,-0.546156493364025,-0.542618114035633,-0.539413072123155,-0.53645650640502,-0.533760047975478,-0.531338743029,-0.529211916057983,-0.527390152091947,-0.525882865253297,-0.52469894162193,-0.523846706360287,-0.523333893028307,-0.523167615174233,-0.523354340278838,-0.523899866122591,-0.524809299634941,-0.526087038276955,-0.527736753995809,-0.529761378575809,-0.532156517969175,-0.534916519720344,-0.538040804996529,-0.54152806537728,-0.545376270076872,-0.549582675425991,-0.55414383650907,-0.55906672372346,-0.564392327184633,-0.570123217912638,-0.576256590790074,-0.582788747917479,-0.589715101799463,-0.597030181134875,-0.604727639068883,-0.612800263745948,-0.621239990982211,-0.630037918857957,-0.639182848768921,-0.648654784729366,-0.65843375972275,-0.668496824908576,-0.678828958716699,-0.689414617601741,-0.700306362166767,-0.711587343395352,-0.723216975866922,-0.735127107579742,-0.747306201561637,-0.759742632591922,-0.772424131851728,-0.785337765437162,-0.798469910309363,-0.811806227576042,-0.825331633034638,-0.839030264951456,-0.852885449108878,-0.86687966122592,-0.880994486951304,-0.895210579745005,-0.909507617111875,-0.923864255835016,-0.938258087081813,-0.952665592532211,-0.967062103009537,-0.981421761486972,-0.995717492795804,-1.00992098287151,-1.02400267092564,-1.03793175849587,-1.05167623985926,-1.06520295872461,-1.07847769635423,-1.09146529619199,-1.10412982956192,-1.11643480593049,-1.12834342951493,-1.13981890165654,-1.15082476547614,-1.1613252861255,-1.17128585682317,-1.1806734182617,-1.1894568773251,-1.19760751065076,-1.20509933945579,-1.21190946400811,-1.21801834872183,-1.22341005157897,-1.22807239399815,-1.23199706914482,-1.23517968802479,-1.23761976370912,-1.23932063498149,-1.24028933180056,-1.24053638633726,-1.24007559493126,-1.23892373795378,-1.23710026603521,-1.23462696220934,-1.23152759007728,-1.22782753804246,-1.22355346903134,-1.21873298399209,-1.21339430599514,-1.20756599010885,-1.20127666253944,-1.19455479093527,-1.18742848635225,-1.1799276687079,-1.17208579487107,-1.16392774074998,-1.15547702692356,-1.14675635124827,-1.13778755306148,-1.12859159298207,-1.11918854569026,-1.10959760330175,-1.0998370872166,-1.0899244665991
-1.11357276822689,-1.09999691812738,-1.08637198884301,-1.07271389725277,-1.05903728647704,-1.04535560556459,-1.03168118232935,-1.01802529053475,-1.0043982125724,-0.990809298695791,-0.977267023765373,-0.963779042337722,-0.950352242800412,-0.936992801115627,-0.923706234597954,-0.910497456014967,-0.897370828169499,-0.884330219001308,-0.871379057134222,-0.858520387699846,-0.845758180852963,-0.83310700405461,-0.820591507991677,-0.808222801138062,-0.796004975426892,-0.783941985965188,-0.772037686831289,-0.760290308750654,-0.748619170763509,-0.737004048574608,-0.725452516521061,-0.713955161880577,-0.702507476685143,-0.69111967612772,-0.679802384136697,-0.668566113724606,-0.657421241043725,-0.646377978175838,-0.635446345036403,-0.624636140793642,-0.613956915214665,-0.603417940352771,-0.593028182983178,-0.582796278180249,-0.572730504407053,-0.562838760461885,-0.55312854459282,-0.543606936057184,-0.534280579362948,-0.525155671390898,-0.516242263889876,-0.507563492160337,-0.499131786212061,-0.490958391705812,-0.483054510097726,-0.475487241344261,-0.468253164141085,-0.461153087969026,-0.454211258614414,-0.447475366508541,-0.440982852842484,-0.434754351621127,-0.428810232064338,-0.423170521324436,-0.417854829416068,-0.412882276537714,-0.408271422956095,-0.404040201618949,-0.400205853656488,-0.396784866927439,-0.393792917764111,-0.391244816066733,-0.389154453897652,-0.387540877448993,-0.386437536508102,-0.38585139686578,-0.385785993356569,-0.386244162218139,-0.387228044344511,-0.388739090506151,-0.390778068512644,-0.393345072288263,-0.396439532822889,-0.400060230951467,-0.40420531190284,-0.408872301545579,-0.414057850764471,-0.419738830916295,-0.425897705008404,-0.432527910896666,-0.43962251088427,-0.447174225510423,-0.455217432238306,-0.463826225748278,-0.472999014538131,-0.482731578788174,-0.493018909817204,-0.503855219812563,-0.5152339528657,-0.527147797014866,-0.539588544519841,-0.552525545784305,-0.565913806434984,-0.579724832822971,-0.593939868151956,-0.608539394063134,-0.623503182587801,-0.63881028615612,-0.65441616418069,-0.670277700930284,-0.686369017901021,-0.702663909074083,-0.719135893008139,-0.735913216565758,-0.753242379362855,-0.770919972762933,-0.78889387212713,-0.807147062603011,-0.825661588621526,-0.84441847072065,-0.863397609793865,-0.882577677373149,-0.901935990386188,-0.921448368654177,-0.941088973223126,-0.960830123480267,-0.980642090933651,-1.00049286760335,-1.02034790730168,-1.04016983885199,-1.05991815180645,-1.07954885790607,-1.09901413601629,-1.11826197541098,-1.13723584307277,-1.1558744160138,-1.1741114396349,-1.19187579591624,-1.20909188490897,-1.22568042792507,-1.24155977403282,-1.25664771713853,-1.27086370914059,-1.2841312183535,-1.29637989814428,-1.30754726451296,-1.3175797422481,-1.32643315293063,-1.33407287068957,-1.3404738925073,-1.34562097443544,-1.34950884657379,-1.35214241040064,-1.35353677712926,-1.35371702255835,-1.35271758942808,-1.35058133608859,-1.34735828964868,-1.34310618048943,-1.33791615082478,-1.33185845023504,-1.32499285381194,-1.31737916468164,-1.30907621511629,-1.30014108228535,-1.29062850985999,-1.28059051459985,-1.27007615055863,-1.25913140143814,-1.24779890049411,-1.23611027844489,-1.22410039861527,-1.21180580309779,-1.19926034306118,-1.18649534700276,-1.17353979034977,-1.16042046080695,-1.14716211573291,-1.13378762929295,-1.1203181282458
-1.12186363726778,-1.10521050750044,-1.08859206163325,-1.07202092705817,-1.05550954073955,-1.03908344464509,-1.02275930250415,-1.00654830942811,-0.990459878591395,-0.974502619721449,-0.95868458423642,-0.943010413554017,-0.927471265625862,-0.912067664339092,-0.896801376998673,-0.881673389521561,-0.866683978362167,-0.851832788528319,-0.837118916984505,-0.822497018390853,-0.807892032159092,-0.793322065442267,-0.778829228680709,-0.764428666052781,-0.750131640204098,-0.735940761001487,-0.721762298689982,-0.707576288406734,-0.693428992513348,-0.679342145586349,-0.665358291975321,-0.651498491320927,-0.637775306145584,-0.624201873614253,-0.610791862827863,-0.597556601254844,-0.58444637768296,-0.571445400109311,-0.558563804671251,-0.545812284494543,-0.533202039995359,-0.520744725796115,-0.508452395196524,-0.496337443086021,-0.484412548114589,-0.472690614859668,-0.461184716640444,-0.449908039546224,-0.438873828157129,-0.428095333353493,-0.417585762531353,-0.40744670990207,-0.397446406961315,-0.387447408827593,-0.377481991341488,-0.367625615818164,-0.357931857393257,-0.348379046936899,-0.338978469733717,-0.329746875014617,-0.320700495050326,-0.311855005568123,-0.303249120803334,-0.29501092899735,-0.28727207789427,-0.280077953445819,-0.273442150028443,-0.267383723696375,-0.261971306276524,-0.25722031290017,-0.253129728529538,-0.249697901798915,-0.246922591075833,-0.24480101095139,-0.243329878917555,-0.242505462020909,-0.242323623318928,-0.242779867993821,-0.243869389010516,-0.245587112227252,-0.247927740887818,-0.250885799435976,-0.254455676599796,-0.258631667692512,-0.263409798990848,-0.268784905817651,-0.274749345851248,-0.281296029956954,-0.288418469682935,-0.296110387056338,-0.304332795023619,-0.313058224946883,-0.322280708994344,-0.331995302369129,-0.342264943813698,-0.353217831860112,-0.364857561485551,-0.377184714631405,-0.390199534005047,-0.403901917970755,-0.418291414414158,-0.433367213249407,-0.449116262213252,-0.46550973096051,-0.482544465839818,-0.500216383668951,-0.518464359550872,-0.53724868205803,-0.556554642132959,-0.57636716432575,-0.596661414595735,-0.617317079641908,-0.63823204237259,-0.659340538577251,-0.680608450625149,-0.702002034790686,-0.723487992790772,-0.745123809570599,-0.767465908488479,-0.790264268762819,-0.813412111941268,-0.836891527644571,-0.860683626166789,-0.884768394449297,-0.909124526478868,-0.933729223410275,-0.958557957305363,-0.983584190442808,-1.00877903945189,-1.03411086968397,-1.05954479966116,-1.08504208714258,-1.11055935566874,-1.13604760057716,-1.16145088169408,-1.18670455852009,-1.21173284163671,-1.23644531095751,-1.26073190309637,-1.2844558400926,-1.30744465206714,-1.32948252533838,-1.35031502515943,-1.36968444216968,-1.38739334545316,-1.40334167399299,-1.41749445890935,-1.42982388712963,-1.4402810267856,-1.44879975014097,-1.45530928282975,-1.45974946419434,-1.46210611610508,-1.46241521644108,-1.46080927686496,-1.45740426022223,-1.45233640687186,-1.44574742203816,-1.43778696392325,-1.42860503095001,-1.41834482844258,-1.40710979464017,-1.39501329871841,-1.38216895329697,-1.36867777015813,-1.35462891017441,-1.34010074137447,-1.32516201708136,-1.30987305495832,-1.29428684783148,-1.27845007104602,-1.26240397271705,-1.2461851461864,-1.22982619117934,-1.21335627368164,-1.19680159587212,-1.18018578750209,-1.16353022951088,-1.14685431976677,-1.13017568983583
-1.11062123177419,-1.09157851901566,-1.0726572521555,-1.05386732647457,-1.03521769332462,-1.01671631267128,-0.998370104076331,-0.980184901207966,-0.962165414369392,-0.944315204886135,-0.926656288397453,-0.90921922520407,-0.892008584639677,-0.874991621033919,-0.857981006402785,-0.840968553714946,-0.823975661285429,-0.807023465915814,-0.790230948579643,-0.773623012650819,-0.757192574023882,-0.740949535365338,-0.72493094051478,-0.709135096948578,-0.693519096756105,-0.677860360038947,-0.662177118849461,-0.646504526690786,-0.630844955559325,-0.615195990123819,-0.599594894769371,-0.58404953370425,-0.568556814485378,-0.553123284021725,-0.537765043911832,-0.522558492600396,-0.507534911863639,-0.492712376432407,-0.478109856692799,-0.463684540663659,-0.449368222391971,-0.435175059053187,-0.421120596763165,-0.407221214830807,-0.393494024205575,-0.379956767504306,-0.366627721545211,-0.353525603105452,-0.340724620209532,-0.327967278395985,-0.315010996136822,-0.301900406274286,-0.288691323464864,-0.275519446245611,-0.26244965768546,-0.249524778429599,-0.236787936354933,-0.224282399499743,-0.212079844072872,-0.200405459662587,-0.189304905256884,-0.178838721688473,-0.169116036100549,-0.160136246074427,-0.151873303716521,-0.144185635218531,-0.137035964416264,-0.130405485764889,-0.124386207617457,-0.119127834556686,-0.114641452384633,-0.110970830884492,-0.108105776715726,-0.106030273944849,-0.104728059241391,-0.104182735136788,-0.104377879846843,-0.105297153423106,-0.106924400088176,-0.109243746687546,-0.112239697250839,-0.115897223696636,-0.120201852736285,-0.125139749032127,-0.130697794648909,-0.136863664800985,-0.143625899852428,-0.150973973468466,-0.158898356758818,-0.16739057818892,-0.17644327898173,-0.186045711521984,-0.196131897097897,-0.206676761832511,-0.217675327560695,-0.229182051160941,-0.241418354285948,-0.254412418015097,-0.268171581726381,-0.282703513367961,-0.29801618777655,-0.314117860859467,-0.331003861170786,-0.348641478852122,-0.367036480878143,-0.386198017522916,-0.406135584917124,-0.426858965840787,-0.448358062681233,-0.470584083134904,-0.493533954504632,-0.517207305436925,-0.541557067917936,-0.566436383344912,-0.591782590915856,-0.617484201929412,-0.643337253595698,-0.669226642043712,-0.695113577687257,-0.720960781214788,-0.746945588307017,-0.773833690397003,-0.801187071329555,-0.828945884327372,-0.857094699542654,-0.885617363522473,-0.914496840074973,-0.943715025949108,-0.973252536126781,-1.00308845129734,-1.033200016868,-1.06356227817418,-1.09414762956254,-1.12492524424944,-1.15586033445723,-1.18691316129095,-1.2180376572498,-1.24917940521273,-1.28027243102838,-1.31123345767095,-1.34194952290259,-1.372243339063,-1.40174223173221,-1.42940144131416,-1.45396969693672,-1.47621342759969,-1.49667968875988,-1.51521242789592,-1.53141125299868,-1.54478454510271,-1.55483751047144,-1.56121947950426,-1.56370460437581,-1.56235547179334,-1.55750385903123,-1.54964533732682,-1.53926846283115,-1.52685731298905,-1.51284605692487,-1.49758418145859,-1.48134535474826,-1.46434138935697,-1.44673596076852,-1.42865614931354,-1.41020149319961,-1.39145085256393,-1.37246753393719,-1.35330309571488,-1.3340001751873,-1.31459459578238,-1.29511694494255,-1.2755937607487,-1.25604842688691,-1.23650184777089,-1.21697295581815,-1.19747908883707,-1.17803626558335,-1.15865938060312,-1.13936233464422,-1.12015811357006
-1.08157562828527,-1.06083920116192,-1.04028556230227,-1.01992584478681,-0.999770300896717,-0.979828079339654,-0.960107014402786,-0.940613435456502,-0.921352004439285,-0.902309746635944,-0.883199395216086,-0.863933590852926,-0.844537934053413,-0.825173769352467,-0.806082668404365,-0.787272722106644,-0.768745876657653,-0.750502484692087,-0.732541497122292,-0.714860682484947,-0.697456867164158,-0.680340713213208,-0.663563526611769,-0.647120637658386,-0.630706031640767,-0.614260423074661,-0.597793855314172,-0.58129969502234,-0.564773588556127,-0.548213586110583,-0.531620219215185,-0.514996531653376,-0.498348065601603,-0.481682806320864,-0.465011089986123,-0.44834548013753,-0.431700618752398,-0.415093258175626,-0.398615991067977,-0.382353728390065,-0.366334401250535,-0.350559404192085,-0.33489732192663,-0.319345009699234,-0.303925157053408,-0.288661167175187,-0.273605246671786,-0.258291819526374,-0.242521754385065,-0.22635081374146,-0.209837184691801,-0.193110964239159,-0.176332112934106,-0.159557291361586,-0.142842902803596,-0.126419928149846,-0.110544290050637,-0.0954142805653601,-0.0811867720346359,-0.0678694414889062,-0.0554681897231319,-0.043987203363799,-0.0334290258802879,-0.0237946364981868,-0.0151077042270425,-0.00747423249470741,-0.000891295615046195,0.00467752267576638,0.00935013698068482,0.0133002118527757,0.0167299807144422,0.0196792635453375,0.0219283855395801,0.0233437107071218,0.0239116683048683,0.023654151058402,0.0226004154946918,0.0207791684476063,0.0182184173413792,0.0149453284056006,0.0109860923579549,0.00636579700009787,0.00110830614125651,-0.0047638557082097,-0.0112296133459189,-0.0182694459325749,-0.0258654872702602,-0.0340016212954115,-0.0426635725857565,-0.0518389914964002,-0.0615175333771201,-0.0716909311922057,-0.0823511785280207,-0.0934181479265969,-0.104848028572169,-0.116638558467488,-0.128950366633191,-0.142040746269234,-0.155925988528818,-0.170620484315382,-0.186139558299218,-0.202499431295113,-0.219697296663913,-0.237696159948669,-0.256511378074234,-0.276151884472031,-0.296613150318297,-0.31791009678153,-0.340058888395146,-0.363076219784174,-0.386979229320738,-0.411785403803008,-0.43751247362752,-0.464178297825185,-0.491752199019708,-0.5201312681545,-0.549141753605355,-0.578487072939863,-0.608113085671893,-0.637883269512551,-0.667490146078504,-0.696880740071645,-0.726197935873605,-0.756551930168775,-0.787435146611637,-0.818760336753887,-0.850513997951211,-0.882681772123495,-0.915248180180082,-0.948196310049225,-0.981507442639174,-1.01516059166352,-1.04913192108699,-1.08339398681404,-1.11791472639628,-1.15265609350257,-1.1875722115227,-1.2226069315916,-1.25769079909433,-1.29273781933772,-1.32764331255535,-1.36228282816192,-1.39647689128667,-1.43009231931575,-1.46308294841393,-1.49542280134686,-1.52704983776632,-1.55783497750352,-1.58757629603212,-1.61550257501969,-1.63952938331328,-1.65496371779993,-1.65653539954524,-1.64631073772586,-1.63011307581689,-1.61122677466349,-1.59102431771422,-1.57010543192657,-1.54876219924806,-1.527152138375,-1.50536783008131,-1.4834677931663,-1.4614914415802,-1.43946689929466,-1.41741535574029,-1.39535363282033,-1.3732957744121,-1.35125407492559,-1.32923977125706,-1.30726352356756,-1.28533575694192,-1.263466905953,-1.24166758668761,-1.21994871040607,-1.19832154683916,-1.17679774160618,-1.15538929047267,-1.13410847261545,-1.11296774535258,-1.09197960364922
-1.03719075475483,-1.01536579971985,-0.993754524025301,-0.972375650809212,-0.951246651003743,-0.930383284034269,-0.90979849105777,-0.889180088929793,-0.868289618352871,-0.84717731054063,-0.826174795505249,-0.805425429047877,-0.784932171465171,-0.76469475923705,-0.744709830840796,-0.72499259865695,-0.705617343149297,-0.686588166497941,-0.667984412388122,-0.649838234566034,-0.632125860863382,-0.614811069382526,-0.597933280219417,-0.581347121551423,-0.564740992554671,-0.548143935576193,-0.531473963744477,-0.51467695764596,-0.497743436791812,-0.480667877772153,-0.463448810644565,-0.446088820209815,-0.428594458442099,-0.410976078359513,-0.393247602603021,-0.375426241730152,-0.35753217769065,-0.339588227258485,-0.321619498589804,-0.30365305186911,-0.285743476192442,-0.268063185538287,-0.25067156429169,-0.233551838078787,-0.216540138731729,-0.199253307649196,-0.181177806272965,-0.162379923561336,-0.142929354609818,-0.122898878569496,-0.102460660118704,-0.081821916859089,-0.0611352233171095,-0.040873039563422,-0.0213808777174273,-0.00288332775217309,0.014606106259628,0.031076425627338,0.0465190861784854,0.0609279309819714,0.0742634157920562,0.0863486254308129,0.0971763569387408,0.106768104366202,0.115147480435094,0.122339983534461,0.128372758522481,0.133246708635139,0.136952923638865,0.139529722581909,0.141016563891011,0.141453234597978,0.141059792078289,0.140391698578428,0.139590893869105,0.138221833937363,0.136182652499165,0.133481601545532,0.130102365597449,0.126055033817183,0.121343141008532,0.115955943968011,0.10991554836534,0.103245959846152,0.0959710403653701,0.0881143849987343,0.0796991930600645,0.0707481337535749,0.061283207171221,0.0513256019705223,0.0408955515030912,0.0300121904800413,0.0186934144428667,0.00696916568215522,-0.00502940158338261,-0.0172592063076548,-0.0297529166228728,-0.0429015517727561,-0.0567943947015194,-0.07143092994475,-0.08681091719203,-0.102934427568787,-0.119766719753836,-0.137258211249402,-0.155549573925044,-0.174705189447421,-0.194747267856202,-0.215677262767089,-0.237523923258866,-0.260318169283556,-0.284091869017709,-0.308874852146519,-0.334645804310475,-0.361411298417307,-0.389197146135263,-0.418029325820819,-0.44792657010536,-0.478751118991317,-0.51037407925235,-0.542569142247423,-0.574979750294041,-0.607530738645055,-0.63984347592258,-0.671679628510329,-0.703706655579106,-0.736797373140084,-0.770328863755321,-0.804286433774958,-0.83865373531153,-0.873412314687405,-0.908541123298742,-0.944015991771248,-0.97980906980949,-1.01588823828428,-1.05221650897028,-1.08875144361499,-1.12544465004985,-1.16224144828124,-1.19908083491543,-1.23588770763118,-1.27251458773537,-1.30893980941563,-1.3451266612945,-1.38100169241138,-1.41647719083786,-1.45144388200525,-1.48590298212176,-1.51969820863744,-1.55231689277578,-1.58270183953142,-1.60845166603387,-1.62510207713606,-1.62840172333753,-1.62004836427785,-1.60507107444452,-1.58679141608684,-1.56678301654707,-1.54578578132993,-1.52417561360624,-1.50216057774928,-1.47986501871774,-1.45736832781443,-1.43472419849615,-1.4119708693541,-1.3891369171785,-1.36624472100739,-1.34331264453138,-1.32035648198443,-1.29739046384155,-1.2744279886605,-1.25148217599899,-1.22856629420989,-1.20569409222637,-1.18288004923634,-1.16013954683688,-1.13748896299301,-1.11494568488536,-1.09252803788618,-1.07025512994466,-1.04814661408312
-0.980053285737677,-0.957574964941818,-0.935317081388064,-0.913313334809524,-0.891572710373519,-0.869587946311937,-0.847185869941678,-0.824621414534139,-0.802332343879675,-0.780350445344994,-0.758690017662162,-0.737359707703179,-0.716362481127915,-0.695695739271059,-0.675379083058019,-0.655554340456604,-0.636211143145303,-0.61740188228824,-0.59910820811265,-0.58128212281418,-0.56388923504755,-0.546901422367942,-0.530373866303613,-0.513996486504111,-0.497542144591274,-0.48100774391372,-0.464374595647914,-0.447627035423543,-0.430709678275049,-0.413508977492339,-0.39601511754649,-0.37823142122672,-0.360167366455074,-0.341838158506126,-0.323264192411785,-0.304470445394705,-0.285485837572527,-0.266342594243299,-0.247075636036291,-0.227722015358215,-0.208320409965549,-0.188910677907393,-0.169565412590499,-0.150431932621229,-0.13069743251247,-0.109992324722754,-0.0882486940925774,-0.0655508831059533,-0.0419869836826243,-0.0177046497106452,0.00685101134656219,0.030999096490753,0.0541889403420833,0.0762884302618697,0.097277811213223,0.117140625549492,0.135863690033858,0.153388767481885,0.169458717498458,0.184052752266714,0.197192918571122,0.208904707256351,0.219214726017044,0.228078602441661,0.235499787890754,0.241525237363136,0.246206683619001,0.249822384682341,0.25253543143511,0.254352487773832,0.25528144828787,0.255331285815217,0.254511918178936,0.25283409713427,0.25030932134871,0.247321393833243,0.244366726201856,0.240949963974726,0.236789084181327,0.231917898757955,0.226363547352942,0.220114707897803,0.213195083635122,0.20563568064602,0.197467384261152,0.188720824108578,0.179426221990757,0.169613222978208,0.159310711567491,0.148546616025719,0.137347705043244,0.125739381474465,0.113745478241691,0.101388061417733,0.0887683861012972,0.0760222754150911,0.0631631371893058,0.0497833688212516,0.0356364930370822,0.0207244123357345,0.00504852622509186,-0.0113903020120126,-0.0285272065899038,-0.0463005060335251,-0.0647112339483817,-0.0837615492959404,-0.103454718261587,-0.123795089945834,-0.144788067082649,-0.166440741167061,-0.188988023442834,-0.212594299867458,-0.237262776818856,-0.263036894758423,-0.289960750102469,-0.318078883989573,-0.347377607254749,-0.377783684526204,-0.409101744790507,-0.441327287980663,-0.474487070304673,-0.508478763077153,-0.542678450187016,-0.576859869480387,-0.610569633384271,-0.643684949774504,-0.677993168343046,-0.71278664310691,-0.747957101358248,-0.783482841511281,-0.8193381702314,-0.855492620078006,-0.891910150405756,-0.928548336699087,-0.965357546305572,-1.00228008626728,-1.03924928838062,-1.0761884623723,-1.11297824393212,-1.14954222222992,-1.18578425754469,-1.22157476721823,-1.25675193066619,-1.29111911383233,-1.3245009479405,-1.35684214483678,-1.38774955410952,-1.4166788522027,-1.44279693295836,-1.4651892850867,-1.48297905939466,-1.49541315426127,-1.50210395279948,-1.5031851210014,-1.49925539872382,-1.49115774118563,-1.4797535393844,-1.46579121945563,-1.44986665670426,-1.43243381464026,-1.41383226539191,-1.39431519786137,-1.37407242222389,-1.35324771619745,-1.33195144217288,-1.31026961829195,-1.28827045477478,-1.26600911695915,-1.2435312577378,-1.22087569545926,-1.19807649275795,-1.17516460573673,-1.15216921141366,-1.12911877722496,-1.10604190512247,-1.08296796179059,-1.05992749426983,-1.03695242582634,-1.01407602923087,-0.991332682312867
-0.912528188355075,-0.889636411899172,-0.866955987262784,-0.843993401425051,-0.820378072637106,-0.796520081446904,-0.772948381039074,-0.749713812212304,-0.726855266525657,-0.704402900191356,-0.682377699739702,-0.660792275769519,-0.639837853704623,-0.619585501997939,-0.5999992370268,-0.581017814892896,-0.56254162094197,-0.544517683548838,-0.526991836962002,-0.509997632220386,-0.493480142656481,-0.477383645616897,-0.461737053736007,-0.446121363655012,-0.430328069075068,-0.414319049003661,-0.398061985042771,-0.381533272116267,-0.364718856471427,-0.347613164931117,-0.330159807020924,-0.312230942860232,-0.293834682879195,-0.274995577671575,-0.255745378270874,-0.236121774506415,-0.216167160126865,-0.195927493008007,-0.175451293536622,-0.154788800752418,-0.133991286835852,-0.113110517166358,-0.0919059530033303,-0.0693321990012032,-0.0454809261518991,-0.0206532540372154,0.00517067326044776,0.0321844020297372,0.0602406764239203,0.0883134818582307,0.11541710474641,0.141346635824564,0.166073221063559,0.189572088510957,0.211822584572767,0.232616663606488,0.251697112030856,0.269079650810483,0.284786596574259,0.298829398345753,0.311116989239175,0.321669539545936,0.330589645173249,0.338379502504689,0.345157885790512,0.350928949256071,0.355699128467613,0.359476839689219,0.362272178777171,0.3640966300259,0.364962795275273,0.364884152944409,0.363862155250314,0.361803200278739,0.358711510510684,0.354619878398576,0.34956149709552,0.343891828453225,0.338305568215306,0.332290773401565,0.325607039099892,0.3182757871619,0.310339610281282,0.301798533115982,0.292655504891824,0.282948845235358,0.272716615691457,0.261996402796908,0.250825064777632,0.239238449420489,0.227271092754016,0.214955909333255,0.20232388516954,0.189403783762232,0.176261645050991,0.163103805319747,0.149977041179578,0.13649148389379,0.122230115308926,0.107196762439766,0.0913944618683984,0.0748293630717114,0.0576070914756711,0.0397761274650313,0.0213558780731921,0.00234555153902927,-0.0172638448455914,-0.0374822770471781,-0.0583206126283454,-0.0797905542851525,-0.101904579724344,-0.124675887854311,-0.14811834997184,-0.172245977075737,-0.197178996116847,-0.223319723959339,-0.250740103643682,-0.27949595846309,-0.309432985469014,-0.340388887742662,-0.372282071500775,-0.405141302537882,-0.439001750559133,-0.473829738894962,-0.508755065811268,-0.543403073473432,-0.577128631113068,-0.611847229982174,-0.647120757300128,-0.682683395540599,-0.718501707579491,-0.754535056140072,-0.790743521325505,-0.827094053887531,-0.863524751199532,-0.899961152366069,-0.936346762006178,-0.972629324690212,-1.00862361349325,-1.04420072980582,-1.07920603267192,-1.1134621131046,-1.14676508983645,-1.1790864005473,-1.21040223620801,-1.24038161733293,-1.26855842611002,-1.29433340738668,-1.31728869201757,-1.33702225533879,-1.35318122628099,-1.3655085536244,-1.3738841417963,-1.37834585268645,-1.37908171418271,-1.37639638868782,-1.37066122763909,-1.36224797576337,-1.3515287613368,-1.33884719018214,-1.32450492334254,-1.30875987724212,-1.29182891197206,-1.27389258823734,-1.25510051571556,-1.23557651616636,-1.21542326800276,-1.19472634846006,-1.17355771353638,-1.1519787055565,-1.1300426858444,-1.10779737437305,-1.08528695015088,-1.06255393235832,-1.03964082837677,-1.01659150617724,-0.993452230237583,-0.97027229642666,-0.94710421416723,-0.92400341252711
-0.836604300615017,-0.813122297026392,-0.788712295487614,-0.763632858097637,-0.738706604799968,-0.714079008188582,-0.689832749489868,-0.666038505002609,-0.642753399640263,-0.620033733099894,-0.598196425224007,-0.577291186422379,-0.557295611240651,-0.538146167371529,-0.519733173904889,-0.50200063430338,-0.484884682350973,-0.468312390185496,-0.452208780597869,-0.436644552005607,-0.421605605426145,-0.407005226537001,-0.392809709128878,-0.378556874050398,-0.363970713493872,-0.348986105830039,-0.333549840880459,-0.317623060041312,-0.30118300062206,-0.28422381747807,-0.266756378878405,-0.24880304861288,-0.230262578642279,-0.211063417906003,-0.191256817912499,-0.170900799191947,-0.150057890053684,-0.128793253708178,-0.10717323765356,-0.0852643221451822,-0.0631324104113271,-0.0403699151958314,-0.0157673575160758,0.0106294780587113,0.0387067385092493,0.0683176423747141,0.0990591215404026,0.130473082273105,0.161600065812667,0.191564323254552,0.22025074880913,0.247623160911788,0.273650146907439,0.298065510936636,0.320534118501602,0.341065638488585,0.35967822189393,0.376276582098454,0.390799366867437,0.403498150953251,0.415032856024853,0.425446786321203,0.434739521429878,0.442914582112309,0.449979056406807,0.455943174403068,0.460819845159512,0.464624171663763,0.467372961533124,0.469084252226501,0.469743814283859,0.469218019297829,0.467524497567495,0.464703305403427,0.460794578501897,0.455838364234943,0.449874545236144,0.442942847614156,0.435090201857701,0.426962690213727,0.41880140857123,0.41014889230089,0.400934825995266,0.391176497219231,0.380924991302043,0.37018259888283,0.358946534691084,0.34726341474724,0.335179378566945,0.322739648478936,0.30998805679952,0.296966558736007,0.283714753881368,0.270269436760894,0.256683614222023,0.243202713834779,0.229916185895736,0.216419576040261,0.202209709549224,0.187291435019907,0.171661055582697,0.155334414370367,0.138444197756103,0.121009588634886,0.103022686694113,0.0844742748569909,0.0653539594954432,0.0456503003775028,0.0253509247732966,0.00444262152805286,-0.0170885877219534,-0.0392574016067635,-0.0620792162285612,-0.0855701246021919,-0.109746934250867,-0.134627196222263,-0.160131544907113,-0.186255447764061,-0.213582693250494,-0.241968686035475,-0.271456340621644,-0.302104461447826,-0.333834456035795,-0.366605821134921,-0.400465484725536,-0.435222012706719,-0.46974552990878,-0.503432959129855,-0.538024548047642,-0.573178760853604,-0.608557654509518,-0.644120889580222,-0.679816923009687,-0.715581427587686,-0.751343882966473,-0.787170277524572,-0.822950637256725,-0.858490181287396,-0.893662182219555,-0.92833762568564,-0.962329000604343,-0.99542897567236,-1.02772125331981,-1.05917968978363,-1.08952322899384,-1.11821736999826,-1.14487371144445,-1.1692148279814,-1.19097640352144,-1.20992172879314,-1.22585790236865,-1.23865135227842,-1.24823965463393,-1.25463690388925,-1.25793121545302,-1.25827487313967,-1.25586935546739,-1.25094830285221,-1.24376126554939,-1.23456014925396,-1.22358918005298,-1.21107833626211,-1.19723762568413,-1.18217340567974,-1.165994614331,-1.14882957484925,-1.13078903613585,-1.11196805976318,-1.09244805811362,-1.07229894532473,-1.05158141279554,-1.03034935664807,-1.00865246703065,-0.986538942159464,-0.964058222068802,-0.941263563162249,-0.91821421535161,-0.89497694064071,-0.87162664162384,-0.84824595396127
-0.753178965556661,-0.72729986120068,-0.70100628936409,-0.674828702105714,-0.648919718668925,-0.623419121422514,-0.598448796197113,-0.574111392910295,-0.550806738797088,-0.52869979393526,-0.507786401522166,-0.488037389126122,-0.469333336421543,-0.451616407676094,-0.434825544712862,-0.4188853080288,-0.40370729425981,-0.389191349301015,-0.375226674822399,-0.361744972088385,-0.348828297676208,-0.336372120274246,-0.324275268022845,-0.312031989920307,-0.299254921273781,-0.285838868364072,-0.271696721214163,-0.256765040414895,-0.241008229459819,-0.224420455608708,-0.207024911388656,-0.188870597565961,-0.170027328585479,-0.150523039497061,-0.130221072565063,-0.109181925623133,-0.0874966952462933,-0.0652555191446893,-0.0425459911706147,-0.0194523719434133,0.00447576901865407,0.0307079352519116,0.0591868565284575,0.0897841637716491,0.12236674675705,0.156790161254053,0.192018702528048,0.226274585615358,0.259116034716895,0.290566242630747,0.32059715063704,0.349027920125665,0.375323907108149,0.399438804679873,0.42137375689378,0.440956093531258,0.458209758863946,0.474004310253732,0.488576460338591,0.501913742087454,0.514009807618794,0.524864223344829,0.534482140160748,0.54287384335528,0.550054193292756,0.556041973758964,0.560859169913631,0.564530201907092,0.567076889762074,0.568347912027707,0.568293095245471,0.566962882808104,0.564407512304905,0.560676512812228,0.555818355740758,0.549880275041674,0.542908262728844,0.534947233249641,0.526041335879377,0.516234379375255,0.505772314473768,0.495445622009736,0.484654709595131,0.473494215737446,0.461890718292201,0.449886530887683,0.437540157284781,0.424830769830715,0.41178015394442,0.398444900359048,0.38488020984157,0.371139101338787,0.357271651659433,0.343354488311507,0.329509121367512,0.316004749563524,0.302964005792664,0.289875245767306,0.276094892281811,0.261619323039835,0.246444714023336,0.230625274833016,0.214304336930396,0.19748113380776,0.180145989641247,0.162287801571347,0.143894285146402,0.124952191559562,0.105447489314042,0.0853655046796697,0.0646910165474864,0.0434083022399219,0.0215011317516127,-0.00104729090397279,-0.0242544387432462,-0.0481386219493742,-0.0727191896371124,-0.0980026274727953,-0.123726265728534,-0.149419172266716,-0.175429926355916,-0.202560742063689,-0.230904772393891,-0.260541158106452,-0.291427355311639,-0.323468136591554,-0.356708814807754,-0.390274250401166,-0.423130562170705,-0.457156133429328,-0.491654685672737,-0.526345107040115,-0.561182048679182,-0.596244040327269,-0.631770551406591,-0.667630369909907,-0.70345947643797,-0.739035506738954,-0.774168363465087,-0.808653043801143,-0.842275960353862,-0.87519053071044,-0.907406663535352,-0.938693680217092,-0.968498885431257,-0.996534875121659,-1.02257518420685,-1.04640694241407,-1.06783783247382,-1.08670357555869,-1.1028752799257,-1.11626576694126,-1.1268339359161,-1.13458640875647,-1.13957609279118,-1.14189781267947,-1.14168163696758,-1.13908482579042,-1.13428339179755,-1.1274641230828,-1.11881764964765,-1.1085328401886,-1.09679256585238,-1.08377069702827,-1.06963011219811,-1.05452148088908,-1.03853125324988,-1.02160279718202,-1.00380247922709,-0.985196533513187,-0.965840421455012,-0.945780926529253,-0.925059129342911,-0.903714322808074,-0.881788738788044,-0.859332702713856,-0.836409573557171,-0.813099654345426,-0.789502262681337,-0.765576912287667
-0.661634483880044,-0.633974226450066,-0.606226924693557,-0.57864050785855,-0.551448511768059,-0.524857646060839,-0.499220835411791,-0.475047367549079,-0.452365771016717,-0.431209267469139,-0.411495460126682,-0.393140335198026,-0.376095302483552,-0.360291155112054,-0.345641195240254,-0.3320435107624,-0.3193824170154,-0.307529152528552,-0.29634198839146,-0.285669679926595,-0.275551958217358,-0.265934735856014,-0.256650701698702,-0.247144184134195,-0.236862571899361,-0.225633637203664,-0.213310120217016,-0.199783866057471,-0.184997360748533,-0.168956840647887,-0.151733019781247,-0.133408680141054,-0.114098022967382,-0.0939354799781855,-0.0730487352588971,-0.0513269179677726,-0.0287988432612237,-0.00558740474622735,0.0181906254134046,0.0428657124834483,0.0702555325122605,0.100358623590731,0.133054959345491,0.168200124764493,0.205588569544095,0.243639378977452,0.280865625592355,0.317131153467252,0.351932120240801,0.384650721938364,0.41523445756896,0.44340656129382,0.469158364435596,0.492283359786878,0.51294408285787,0.532208860919945,0.550155616210071,0.566757320402435,0.581994927493698,0.595857543626494,0.608342408477885,0.61945467220555,0.629206963218454,0.637618753619052,0.644715540100627,0.650527867610083,0.655090230769902,0.658406946625174,0.660261031688556,0.660658530614689,0.659664638024525,0.657343831566925,0.653758889148119,0.648970109391771,0.643034782891795,0.636006954650018,0.62793750485814,0.618874554477705,0.60886417371229,0.597951337344913,0.586181035499841,0.573630854210067,0.561244819358059,0.548400686094161,0.535220456491594,0.521792757446224,0.50808029949422,0.494158612645817,0.48007080912923,0.465787502604497,0.451457979844633,0.437200329170868,0.42306502530234,0.40909753961778,0.395346685505912,0.382114999099453,0.369557407284909,0.356987195152851,0.343749226978538,0.329841144185276,0.315258009426295,0.300125188987066,0.284551744591869,0.268526809133525,0.252037691436066,0.235070313867001,0.217609602742189,0.199639822713516,0.181144849707229,0.162108378460405,0.142514060684624,0.122345574232167,0.101586610133689,0.0802207314866902,0.0582311996144347,0.0356006720256632,0.0123107896692198,-0.011658341872834,-0.0362802156011335,-0.0609120704869578,-0.0852769057791778,-0.109377363146574,-0.133464089262208,-0.158687880714894,-0.185287340661728,-0.213370945624939,-0.242865418941098,-0.273702199948853,-0.305409711903818,-0.336841237666954,-0.369963270340295,-0.403669300128973,-0.438057489041379,-0.473194834088716,-0.508968071347471,-0.545096587205619,-0.581202117327428,-0.617084289439482,-0.652526546325527,-0.687299139597366,-0.721569396484968,-0.755414888375964,-0.788462814607789,-0.820085122857842,-0.850014608314201,-0.878026660739995,-0.903988593004562,-0.927799914279365,-0.949307075128091,-0.968383576642851,-0.984933328521127,-0.998893263187693,-1.01023487759829,-1.01896443649713,-1.02512171693914,-1.02877735491851,-1.03002902797439,-1.02899683326581,-1.02581827526532,-1.02064325834485,-1.01362940236053,-1.00493788849243,-0.994729923186313,-0.983163800052232,-0.970392456583652,-0.956561373791627,-0.941806660425991,-0.926253208598887,-0.910006078974225,-0.892933781317586,-0.874977783655307,-0.856166033398974,-0.836514482363422,-0.816032271844153,-0.794729945037691,-0.772630263869198,-0.749780200744041,-0.726261753172475,-0.701794650290961,-0.675316292544503
-0.564257150171733,-0.53453652727217,-0.504704390470066,-0.475157574633947,-0.446264546954466,-0.418828414234755,-0.393174486398745,-0.369409865189092,-0.347580398777867,-0.327573609434071,-0.30933891374876,-0.292814695066891,-0.277914206495842,-0.26453197295283,-0.252548238450555,-0.241831611127202,-0.232240089809456,-0.223620636059851,-0.215807427593028,-0.208618936793027,-0.201979068617556,-0.195919434398076,-0.190215561360725,-0.184281926208866,-0.177425583166415,-0.169370264918162,-0.159813141453843,-0.148516506450213,-0.13534516593846,-0.120286083287845,-0.103440209992878,-0.0849909219004858,-0.065164177488901,-0.0441947747154749,-0.0223051279515802,0.000306808718741877,0.0237017445864822,0.0479176956884498,0.0730589696207903,0.101309927182983,0.132845775484483,0.16749721306387,0.205087405701644,0.245329619528844,0.286128544539499,0.325983171325317,0.36476570420411,0.402488105886014,0.43874078165944,0.472020655810391,0.502086093761472,0.52935125452024,0.553869982353769,0.576913314745962,0.598576662509268,0.618810559930579,0.637574412832809,0.654837370748729,0.670579004271043,0.684789726576329,0.697470911499644,0.708634678628326,0.718303336697997,0.726508497662494,0.733289892775574,0.738693937063354,0.742732675121254,0.745150090152913,0.745958638382807,0.745243564097951,0.743089437179121,0.739578419102502,0.734788724566249,0.728793359551329,0.721659223906133,0.713446669379619,0.704209596421216,0.693996148153463,0.682850012088079,0.670812268193034,0.657923632637746,0.644226856874738,0.629768976869922,0.615359908575737,0.60069054910211,0.585497356238526,0.570278455918965,0.555016198443207,0.53989191209625,0.524981776366821,0.51024568466192,0.495711506325673,0.481443808553617,0.467500098114402,0.453942284386358,0.441124493394229,0.429204030147291,0.417241729810461,0.40465128084517,0.391428297413792,0.37758049599926,0.363303472631016,0.348647245024997,0.333596064876591,0.318132434772867,0.302237787339301,0.285893086798181,0.269079084921473,0.251776806716733,0.233967851694416,0.215634596572528,0.196760310013205,0.177329169001956,0.157326160567473,0.136736847093565,0.115546969068184,0.0937418566693423,0.0713056226060231,0.0482608336383983,0.0251092978355935,0.00223710374281341,-0.020166700043779,-0.0421149260493221,-0.063634843601324,-0.0850821549946693,-0.107865703471868,-0.132281369204943,-0.158463519552498,-0.186271613030368,-0.215594869499896,-0.246034814914728,-0.27921123824842,-0.313467659357415,-0.348723633081825,-0.384839680589657,-0.421391755318769,-0.45805709920263,-0.494599690046232,-0.530759496061012,-0.566625582491594,-0.602394933848367,-0.637628762861371,-0.671627958256986,-0.704112227972359,-0.734845568904562,-0.763613038764888,-0.790222571740636,-0.814506489713978,-0.836326888748889,-0.855702730380484,-0.872621849084453,-0.88703877672161,-0.898936431915721,-0.9083255295868,-0.915243251975935,-0.919751199275585,-0.921932722562257,-0.921889809730519,-0.919739735269194,-0.915611691934851,-0.909643597248827,-0.901979214484763,-0.89276565193025,-0.882151211125024,-0.870283450420001,-0.857307224020344,-0.843362367172314,-0.828580659700549,-0.813081768266567,-0.796968116817754,-0.780293893565097,-0.76277495304696,-0.744293286140277,-0.724799711703085,-0.704231228106478,-0.682532779147185,-0.659686737343002,-0.635111766833946,-0.607717626215855,-0.578908334405476
-0.461721268411285,-0.428930071799953,-0.39608059958279,-0.363943264184035,-0.333695104452809,-0.305661024040723,-0.280066012997204,-0.256960643102607,-0.236226047738848,-0.217801977403476,-0.201587895105471,-0.18745441162624,-0.175255488321097,-0.16483641133125,-0.156038421291023,-0.148700740673951,-0.142660515636934,-0.137750940383137,-0.133797578158951,-0.130612637509992,-0.128086753905228,-0.126512982015053,-0.125653366065565,-0.124884491951516,-0.12304052339715,-0.119577220892474,-0.113928888544492,-0.105606470771877,-0.0943387177636977,-0.0801607310955167,-0.0633751585297039,-0.0444204537549484,-0.023743877547589,-0.00173307099459556,0.0213006907416859,0.0451133699796898,0.0695123863211895,0.0945760046579098,0.122867642525039,0.15507133209378,0.1910019863943,0.230484904252642,0.273226439066805,0.316747446073542,0.359453308887083,0.40121225975205,0.441891693459186,0.481033076600816,0.517483240029171,0.550566770978108,0.579850504902228,0.606886275017297,0.632543097445827,0.656743739661859,0.679418050243451,0.700505118894296,0.719954973715328,0.737730115275654,0.753806766051001,0.76817572358491,0.780842728975525,0.791828296682834,0.801166992324021,0.808906185777872,0.815104341366858,0.819815609757285,0.822776730923737,0.823941060826083,0.823419603951701,0.821323970937102,0.81776370203496,0.812843708975014,0.806661916013242,0.799307203925257,0.790857794147102,0.781380247783813,0.770929283100313,0.759548615641981,0.747272972722634,0.734131306830341,0.720151025694668,0.705362799502749,0.689805269951108,0.673528871306058,0.657242071905682,0.641025347251059,0.624342062141798,0.608008201402896,0.591984522309069,0.576305503699657,0.561073665680567,0.546285506506996,0.531930871515988,0.51808163895905,0.504821816709966,0.492570992455352,0.481425482451038,0.470163383512531,0.458328679741398,0.445912000114247,0.432967436111012,0.419711469550262,0.406142757517694,0.392238199681914,0.377973220611523,0.363322814868145,0.348262224398342,0.332767476853469,0.316815819490313,0.300386071330696,0.283458903744933,0.266017047144147,0.248045409684633,0.229531082525569,0.210463194611584,0.19083256766848,0.170631109149546,0.149850868333152,0.128529400610167,0.107247516954154,0.0861927420341724,0.0657095897460965,0.0459310998387355,0.0268298998364337,0.00835377913116581,-0.00957729336912705,-0.0277950166859022,-0.0479137036770705,-0.0705847129096205,-0.0959087556139957,-0.12368706070827,-0.154605517700958,-0.188613684847825,-0.223985734713339,-0.260550902228774,-0.297790774853343,-0.335387376722035,-0.373035643823082,-0.410664267042293,-0.448583407444599,-0.486307757422519,-0.523014273959111,-0.558366924873548,-0.59209534493018,-0.623961243123688,-0.653757615834325,-0.681307338978812,-0.706461780641066,-0.729099712788377,-0.749126545179379,-0.766473758822044,-0.781177150007359,-0.7933881279867,-0.803130507883027,-0.810445133258447,-0.815392823204281,-0.818052172659642,-0.818517102857877,-0.816894309167591,-0.813300779032663,-0.807861558054313,-0.800707923859583,-0.791976079043651,-0.781806385916563,-0.770343022865605,-0.75773373028014,-0.744129027979977,-0.729679949889716,-0.714533040974684,-0.698821286144135,-0.682650119386689,-0.66607913646869,-0.648888708031583,-0.63061627152534,-0.611055305393097,-0.589970102894182,-0.566388259833307,-0.538971293203676,-0.509236642909261,-0.477830720452215
-0.353630936163828,-0.316170807588565,-0.279261125438335,-0.244604001457737,-0.212826311389614,-0.184332195508554,-0.159174558484357,-0.137203027002643,-0.118280365606165,-0.102210217644931,-0.0887700061659625,-0.0777314382769188,-0.0688719923916157,-0.0620232999075833,-0.0571152514607285,-0.0539013614166158,-0.0521377691026792,-0.0515992551849268,-0.0522061199574016,-0.0540146201553115,-0.0568088834873929,-0.0606778161124443,-0.0654099734775884,-0.0705279444310178,-0.0746187311181914,-0.0769001074581592,-0.0763299880106903,-0.0717241215799154,-0.0623730312597649,-0.048472044637003,-0.0309733028925872,-0.010939710583014,0.0108542684631144,0.0339170176818228,0.0579670456425145,0.0827870795100608,0.108209824327975,0.135814327721498,0.167799222278706,0.204147980867327,0.24469605868099,0.289189725545747,0.334925422277609,0.38001861654342,0.424335274552231,0.467738438918083,0.509540417785202,0.548897372469164,0.585287930139921,0.618669478934919,0.650152112113461,0.679181777264754,0.706061689084918,0.731335792442983,0.754929976031012,0.776766211303898,0.796779890868804,0.814922414390061,0.831163376440701,0.845492145213365,0.857918661993757,0.868473359836429,0.877206184127882,0.884184781203345,0.889491987669919,0.892999235446014,0.894472864677034,0.894049816023569,0.891875336132152,0.888094667334185,0.88284941725341,0.876274011144375,0.868492264743587,0.859614155561604,0.849732946713778,0.838922928478001,0.827238175887906,0.814712841402038,0.801363544788027,0.787194293677757,0.772203975603374,0.756395788022654,0.73981097180729,0.722696822280794,0.705156763260744,0.687869152213519,0.670755292478366,0.653142010311383,0.636015339695039,0.619500122275795,0.603599757346086,0.588435881552224,0.574040139272847,0.560364199584645,0.54752636361697,0.536016635064563,0.525766264876169,0.515309584137786,0.504353457405423,0.492878795833714,0.481034494056582,0.468977229809971,0.456674688348174,0.444093098521096,0.431198557105206,0.417957919050179,0.404339429446471,0.390313206454121,0.375851650975907,0.36092982536664,0.345525816568213,0.32962107937183,0.313200740775573,0.296253833469944,0.278773412211271,0.260756488445792,0.242203693700398,0.223118549401207,0.203574935904783,0.184255176811525,0.16534252099345,0.146950648048007,0.12951880456119,0.113079975831268,0.0975873222764637,0.0829499447330146,0.0688275984333667,0.0545383465539737,0.0381978272470015,0.018434416507327,-0.00514643709051907,-0.0320008076530195,-0.064328559009566,-0.0997812656960631,-0.136952016959497,-0.175246278977797,-0.21428013293401,-0.25376391058153,-0.294025713890766,-0.334563710635399,-0.37435864387387,-0.412954412522013,-0.450015115291887,-0.485260376849638,-0.518458712258514,-0.549420101005567,-0.577989567070329,-0.604042384571403,-0.627480831166972,-0.648232109059124,-0.666246991004678,-0.681498800228724,-0.693982424074144,-0.703779602898184,-0.711140711472485,-0.716146008278891,-0.718875061867595,-0.719419520184917,-0.717880721432857,-0.71436742629347,-0.708993907134432,-0.70187866667386,-0.693144077266282,-0.682917210701778,-0.671332027237864,-0.658532847029652,-0.644678546712808,-0.629946106863169,-0.614530921209901,-0.598639766556876,-0.582471011745146,-0.566176722939915,-0.549805037921284,-0.533072542138336,-0.515110889592103,-0.494484718932528,-0.469093601600944,-0.439988858904876,-0.407415298712604,-0.372004922160346
-0.238140626047339,-0.193878605014776,-0.152142228058607,-0.114429047435997,-0.081483785637469,-0.053319771956749,-0.0296254294612961,-0.0100418472293868,0.00584315731262176,0.0183084612497331,0.0273775170320718,0.0334859221578295,0.0370548121643429,0.038458632373548,0.038028868212629,0.0360581650004318,0.0327077101332507,0.0278015614608351,0.0215656976566797,0.0142421362323582,0.00602740323870052,-0.00325518877323184,-0.0135398493317218,-0.0246207082594968,-0.0351320933054385,-0.0444806396048463,-0.0513586027198864,-0.0523368389845587,-0.0431852589589684,-0.0259600225150321,-0.00503573164128826,0.0174353714025702,0.0405559281368078,0.0643548052038919,0.0888970941993614,0.114107935762463,0.140813285931347,0.172184483650307,0.208025979030665,0.24849262400693,0.294169839945929,0.342438169209419,0.390653004856216,0.438349236930695,0.485217219164042,0.530325686741614,0.572759139931207,0.612246225935897,0.65007701646847,0.685864593654629,0.719420904721981,0.750541019854034,0.778568588851429,0.80392778255403,0.826993074114163,0.848263238597495,0.867851875154412,0.885906141959656,0.902145897322412,0.916232119987141,0.928178317205882,0.938026654370577,0.945846508136138,0.951731682441269,0.95574322897339,0.957525448481267,0.957130070945557,0.954740878884139,0.950545636443267,0.944731440454598,0.937480203186405,0.928964178027951,0.919341423536194,0.908751139073534,0.897308913909626,0.885102134276974,0.872186110370149,0.858534376850067,0.843961642520794,0.828502510259146,0.812210894815762,0.795345650724782,0.777999919210973,0.760216779476326,0.742076728784288,0.72369669272919,0.705838572578757,0.688284166552073,0.6704292984574,0.653299172904532,0.637119268736835,0.621766256742209,0.607282887981579,0.593869559386526,0.581610435090373,0.571046816802453,0.561792440019355,0.552272091517203,0.542344710145725,0.531995169426485,0.521466708242113,0.510803174392785,0.499956760132556,0.488880612511284,0.477529883346983,0.465862209906629,0.453837957477916,0.441420428824258,0.42857613946354,0.415275188921078,0.40149172151868,0.387204454370773,0.372397244404193,0.357059662473352,0.341187535306663,0.324783400410681,0.307856790301738,0.290424214590594,0.272624088802618,0.255250011964571,0.238483077307464,0.222363512856905,0.207314075630791,0.193643389540771,0.181341072056124,0.170117282221383,0.159306351195889,0.148659812236527,0.137478150330413,0.124425882734101,0.107152576229662,0.0850602204927249,0.05815118167344,0.0233638559630975,-0.0146420210311513,-0.0545330721877262,-0.0957876133203744,-0.138541255665573,-0.182279790438246,-0.225673451350294,-0.268021848765311,-0.30886773575239,-0.347863658378833,-0.384748717026255,-0.419325268621363,-0.451440865300107,-0.480976328906831,-0.50783878254174,-0.531957990538151,-0.553284604951231,-0.571789328834906,-0.587462361730955,-0.600312744655001,-0.610367388005348,-0.617669675203293,-0.622374325549176,-0.624790149767783,-0.625020680930219,-0.623165616340454,-0.619327832366741,-0.613610827241312,-0.606116866440122,-0.596946377985531,-0.586199306585895,-0.573979281407371,-0.56040149385322,-0.545604936148066,-0.529768789345709,-0.51313075629025,-0.496001360557258,-0.478762179841668,-0.461828109375712,-0.44554719343388,-0.430015357653274,-0.413921887588217,-0.393800205946745,-0.369382361911168,-0.33908784464186,-0.302272770443414,-0.26023232500112
-0.110759242838598,-0.0567545545721179,-0.00919059038037831,0.0305523944442376,0.0628203064895374,0.0885180181273584,0.108500360670882,0.122960464892937,0.132562519735434,0.138138326097661,0.140375093083086,0.139849056083475,0.137164934386137,0.132733354328364,0.126854012288464,0.11940410806718,0.110314700355929,0.099851891660704,0.0882916068171734,0.0758458781592023,0.0626770841291815,0.048546082690612,0.0333904971237926,0.0170951450517392,0.000889868636893491,-0.0146852760221234,-0.0293956921643664,-0.0422527075477291,-0.0286476157798001,-0.00635500434839938,0.016779461621574,0.0403996271399975,0.0643893226913256,0.0886455402133715,0.113025079139072,0.13764486548814,0.167276268234536,0.20339523092507,0.245397162980668,0.292306966330668,0.341627120491261,0.390561095494034,0.439075084356348,0.487234798159459,0.534144452316214,0.578825494375952,0.621561874202945,0.663857903684083,0.705285661509555,0.74474357359037,0.781802840573817,0.816150628758407,0.847722770421365,0.876014849596706,0.901114611884677,0.922689019323506,0.941050702965244,0.956753148371196,0.9699766895286,0.981242306041542,0.991224695826065,0.999967105606232,1.00653314788017,1.01095041868594,1.01312082143957,1.01275352143966,1.0100617980377,1.00528069758832,0.998648965412627,0.990403679701104,0.980775279330351,0.969982675846656,0.958228074540034,0.945608773898672,0.931776430101108,0.916898240216163,0.901203928360703,0.884929404053391,0.868167257867081,0.85113075656429,0.833900474449096,0.816366118703354,0.798433480028793,0.780073769295935,0.761361278703632,0.742473344411887,0.72363739417572,0.705755406476986,0.688395985102926,0.671179812760335,0.655187202066341,0.640756674810476,0.627727272015392,0.616069263449372,0.605801090351855,0.597152449043802,0.589099469934524,0.580687594415316,0.571980397065316,0.56301164769662,0.55402351251902,0.544967916751251,0.53577874670483,0.526395419806399,0.51676245092039,0.506828663589466,0.496546592201853,0.485872254432549,0.474765285258742,0.463189356637067,0.451112801960476,0.43850938357867,0.425359165121627,0.411649469328802,0.397375912845955,0.382543509406463,0.36716781783422,0.351276073356582,0.335109483413973,0.319554630498428,0.304779308212007,0.290869496503616,0.278081650170548,0.267062519131573,0.257791520519865,0.249620613766613,0.242403837053755,0.235527288020148,0.228386646197937,0.220369774588101,0.21046723414687,0.195556406885217,0.174185608482971,0.144687553905975,0.105973706848979,0.0636083165652389,0.0184067208381063,-0.0290250585918248,-0.0767998823447003,-0.123692391136773,-0.168994538873789,-0.21225017959561,-0.253179814243224,-0.291608829269596,-0.327418476000015,-0.360519318602682,-0.390839671239129,-0.41832201953259,-0.442922970286542,-0.464614373803981,-0.483384501195559,-0.499238783692337,-0.512199910864836,-0.522307214212816,-0.529615321435551,-0.534191051398077,-0.536104522430191,-0.535634097001048,-0.533075552376599,-0.528533031570109,-0.522103702713875,-0.513873609605933,-0.503914468330807,-0.492282464481262,-0.479020668769741,-0.464167441298704,-0.447774142339535,-0.429974026173086,-0.410945516397622,-0.390985405097505,-0.370631715978661,-0.350708546753254,-0.332298354117648,-0.316001982237393,-0.300317465281916,-0.28529138401291,-0.266468886441756,-0.23715663881041,-0.193311370699406,-0.138896799897551
0.0433360748037315,0.107896763971369,0.156904983925151,0.193147222168468,0.219457547964222,0.23718507111047,0.247949272964534,0.253195850227893,0.254067307882056,0.251666304177,0.246640930452711,0.239446345211139,0.230692668656914,0.220945202776405,0.209806290192739,0.197208598259675,0.183285800179069,0.168200141031312,0.15217828044503,0.135431082701408,0.11810471476634,0.0997518593817837,0.0804782356615289,0.0605290426409599,0.0412420241716153,0.0242208916956988,0.0107367084969367,0.00403496157616528,0.0074405264397276,0.0195691536401501,0.0368717183140936,0.0570093185077598,0.0790166280540332,0.102428886355171,0.127756674390378,0.157821720011172,0.19283359524061,0.23221114327936,0.277161850509456,0.326415893184235,0.375676328810807,0.424948488754238,0.474259425061129,0.52249737792099,0.568607219574801,0.61373745626784,0.658858485667348,0.703683187059503,0.747821177848295,0.790119628269076,0.830064260005834,0.867433006873132,0.902158823737022,0.933603978681193,0.961115206917247,0.985489918288406,1.00627382650275,1.02392436820912,1.03788887501246,1.04753149847382,1.05361012015096,1.05716814082081,1.05939515219034,1.06124635032607,1.06102978266777,1.05804800521725,1.05258782404532,1.04494460409818,1.03541539185788,1.0242794374928,1.01178054005417,0.997539636350833,0.98140287283636,0.963947504520461,0.94572019849183,0.927062726917361,0.908277930761689,0.889650955699334,0.871525185428116,0.853827837082096,0.836335198112154,0.818715398104361,0.80065442204224,0.781987682966357,0.762799031467856,0.743406264231652,0.724241921544354,0.705715320053958,0.688825383894722,0.672807385616982,0.657417483305655,0.643697426035669,0.631959495672473,0.62205559768565,0.614373262145365,0.609259230274237,0.604743972314169,0.599445365982613,0.59299963891459,0.585751719394555,0.578555051976638,0.571333224759142,0.564004192367815,0.556497800126423,0.548751557780045,0.540707715223656,0.532311772045653,0.523512078549116,0.514260136840836,0.504511305254555,0.494225722337227,0.4833693576185,0.471915160482847,0.459844321691816,0.447147691716739,0.433827421260897,0.419898904123817,0.405393108055728,0.390705864672952,0.376754439729105,0.363685476385157,0.351633461993448,0.340804132804613,0.331975370070783,0.324869008136928,0.319421163736671,0.315387402181526,0.3124317051875,0.310147729404434,0.307679618536805,0.303748720483009,0.296814985045291,0.283323986905881,0.260424015367204,0.224251231939406,0.177897955798859,0.126291245393699,0.0728206924308819,0.0199674562216344,-0.0309267762570657,-0.0791903317034281,-0.124588382250463,-0.167080985163278,-0.206675604590798,-0.243370782747242,-0.277147051555764,-0.307973708167539,-0.335818081355515,-0.360653279218552,-0.3824637681965,-0.401249020710152,-0.417025574995781,-0.429813852131826,-0.439655530226765,-0.446624910961491,-0.450809418176816,-0.452306179224726,-0.451217668725766,-0.44767409100548,-0.442088032443255,-0.434641879662871,-0.425454011691899,-0.414865927419995,-0.402808152204066,-0.389020042621368,-0.373339111406297,-0.355596048512144,-0.335625934005206,-0.31332159820148,-0.288763504104007,-0.26251708320173,-0.235594348959563,-0.209556938165106,-0.184903520443527,-0.166621961164502,-0.157914779093775,-0.15525972585143,-0.137865299764978,-0.0766294706889924,0.00524700543352533
0.261848268812742,0.316110669930224,0.350330905424501,0.370530036990483,0.380467846992572,0.383371376874557,0.381172943863544,0.375425466329475,0.366935549704191,0.356744554136925,0.345460124142993,0.333084179875316,0.319471788082467,0.304138513961154,0.287009842294103,0.26849003239929,0.249048722702722,0.228955893535519,0.208476024827184,0.187663671641246,0.166593061855542,0.145022958262602,0.123211970430123,0.101701257753181,0.0808749720254379,0.0630958099341304,0.0494932167060082,0.0414451783018417,0.0398155486049289,0.0443302725125084,0.0538644823069983,0.0676442733387696,0.0861234317975486,0.11009659918089,0.137050610291858,0.170968683800283,0.211521740375545,0.257340974181643,0.306956515952101,0.35596476402141,0.404448184012753,0.452722226645219,0.500507268555517,0.546877169751559,0.59357893096099,0.64107371138915,0.689068307419421,0.737215322380998,0.785012084866636,0.831084478014384,0.874606846379833,0.915063462014697,0.951868729585629,0.984478287874985,1.01270399661945,1.03766364516093,1.05988960038638,1.07851378655452,1.09323373478864,1.10408302397968,1.11130130171343,1.11377336906955,1.11150419329282,1.10659804836707,1.10010166715764,1.09332236260315,1.08450812943848,1.07338849366013,1.06031521492945,1.0446026490079,1.02604089050887,1.00555930529875,0.983828242588136,0.961494509722088,0.938966419687071,0.916636719645415,0.895146940101284,0.87484257319798,0.85580619239868,0.837902508229495,0.820725803642101,0.803589946028895,0.785691246456668,0.766517863625924,0.746242675134837,0.725663803437871,0.705695335267799,0.687097117977811,0.670308155491581,0.656121417765133,0.643147863129438,0.631089267896164,0.621002565290877,0.61326598296183,0.608292271386683,0.606300167578509,0.605113756519335,0.603732749722634,0.601788893324293,0.599057662088967,0.594995829125047,0.589844942205234,0.58455922023927,0.579096108078687,0.573392633990892,0.567387044483682,0.561017828566089,0.554224256580487,0.54694754323443,0.539132191688397,0.530727335595976,0.521688036038719,0.511976564071218,0.501563741283133,0.490430440859974,0.4785693827981,0.465987398297765,0.452708397731303,0.439353941918011,0.42675280018141,0.415027355072852,0.404337413708636,0.394897916145046,0.387146769739776,0.381153609162822,0.377093279459117,0.375143042773072,0.375748697438468,0.378855950749601,0.383390881077468,0.387206235552226,0.387869574401934,0.383058505783198,0.368255614982451,0.337286281343929,0.285686790401241,0.22475234421151,0.163179015500646,0.104434601662123,0.0498912649574024,-0.000414699825750459,-0.0469807841286436,-0.0902242629999311,-0.130360364761869,-0.167465365834456,-0.201543114531614,-0.23256632615109,-0.260499986968721,-0.285314724678538,-0.306989645347976,-0.32549485898811,-0.340854046322266,-0.353118914820111,-0.362361342603122,-0.368671549297814,-0.372155158046969,-0.372929148142296,-0.371116627165678,-0.366914694806212,-0.361017591816327,-0.353377329489322,-0.344140282607557,-0.333283729317799,-0.320720840981139,-0.306282041840445,-0.28969269134031,-0.270552428487345,-0.248490859780872,-0.222997955542491,-0.193324992335988,-0.158919428553747,-0.119788213043615,-0.0750102467297146,-0.0293468521143754,0.00961091332958802,0.0325776966876286,0.030012450637543,-0.000177053572930568,0.115198436380238,0.223765485152326
0.545922485174075,0.55177529829487,0.550483892219159,0.544018489407683,0.533648238713482,0.520138690609712,0.50406455426585,0.487547202016866,0.470788155472562,0.453292752996736,0.435184371643527,0.416578733457317,0.396900328152703,0.375798647511857,0.353447285536927,0.330018941697385,0.305635514364608,0.280651598188463,0.255290376925233,0.229929707888184,0.2049280063825,0.180543659264004,0.156731709766545,0.133449611268457,0.110802678461375,0.0912938844977324,0.0758145188730856,0.0650434276772282,0.0594838208787601,0.0591291821650468,0.0640062188802909,0.0770679398363101,0.0938088989964615,0.113572465713357,0.141536647679549,0.177942788232738,0.221346832124168,0.27051003963058,0.32056691539504,0.36955371301166,0.417336358040995,0.464474188024637,0.510223487554121,0.557375725315723,0.606183347552056,0.656320128445813,0.707432622533625,0.759101786084209,0.810905254535302,0.861671037422856,0.910162365493697,0.955707474265725,0.997745776594607,1.03557934638088,1.06839084850382,1.09536425431974,1.11675206784795,1.13270227731728,1.14575354588262,1.15592973927018,1.16229137275044,1.16418022029815,1.16202716972692,1.15480195084764,1.14206161589265,1.12669029285971,1.11138169971386,1.09537118820885,1.0752273681431,1.05200272755281,1.02672280310953,1.00001213824488,0.97250743366528,0.944733786363254,0.917291498599843,0.891006104663417,0.866333314705036,0.843652141043717,0.823228350780857,0.805106360661272,0.788902093176324,0.773457005639999,0.756692251505447,0.736579192021018,0.713510576873318,0.689919539483182,0.668002634548984,0.648950254481854,0.633164458557419,0.620488624898901,0.610859642288786,0.60254275791031,0.595135584019021,0.589736337193122,0.587783581180606,0.589202332406763,0.59179086602302,0.594663748094261,0.597212666637072,0.599208808354653,0.600305490115655,0.599875335643103,0.597400283757289,0.594115168043989,0.590593841096241,0.586768646302247,0.582567395866539,0.577916356045816,0.57274284596643,0.566977322902142,0.560555022144347,0.553417277620118,0.545512658907385,0.536798058549279,0.527239867071544,0.516815391227414,0.505514712756292,0.493356324405923,0.4812478167337,0.469786075907024,0.459067483202745,0.449230568458458,0.440430500724607,0.432439782232229,0.42582263660633,0.420832455570411,0.418572049017229,0.420587893020595,0.428403280194939,0.441577495241706,0.455166089752294,0.464063190494154,0.468722088848121,0.466948308053706,0.439767584959103,0.378444810767844,0.3064526455388,0.236209133486667,0.172321925873045,0.116661660549099,0.0667704566196102,0.0206288716074502,-0.0224069339535082,-0.0624826342676589,-0.09958680747856,-0.133657732670644,-0.164622792274653,-0.192411804588369,-0.216931205894474,-0.238149789759452,-0.256074688632966,-0.270739465639271,-0.282204191823522,-0.29055427809392,-0.295898158861405,-0.2983621412123,-0.29832393019881,-0.296592081721917,-0.29275321295132,-0.286848778469425,-0.278941295339185,-0.269095050412921,-0.25766867491835,-0.244678694274106,-0.229923851526328,-0.213261316703272,-0.194328190102115,-0.172152561360173,-0.145358322747853,-0.11207864586808,-0.0699650224274081,-0.0144937706611809,0.0559807818749402,0.138837449029615,0.227137677706494,0.308312963003062,0.373201460397536,0.433285212992187,0.50690153610203,0.539416371439661
0.798196991567246,0.757529982060454,0.721784367886356,0.689792600301932,0.660504305986553,0.633775968429612,0.608862930422204,0.583546688345349,0.557983095073861,0.532909397588424,0.508254033641169,0.483630263903296,0.458189936735888,0.4319741600198,0.405065082136013,0.377556834975036,0.349520521564727,0.320849718540911,0.291673589219358,0.262756733424862,0.234981722041533,0.207371751163543,0.180041949081946,0.153741353257946,0.128706062933933,0.106659124334502,0.088575628614625,0.0745992320507876,0.0651757020827467,0.0634756298888693,0.0696689547703683,0.0791808012064917,0.0917997066440625,0.110186411822988,0.136639420778455,0.171071571130816,0.215205655827795,0.264808544464575,0.315604480696925,0.366579062667504,0.416029695497416,0.462830839620818,0.510742526822228,0.560317038063657,0.611875980548189,0.665103488316355,0.719630204888872,0.775080539895027,0.831013366588706,0.886440230745641,0.939807515273987,0.990571958572673,1.03794819454076,1.08112179713589,1.11934405483604,1.15152517708225,1.17681191166138,1.19516489407792,1.20628856635527,1.21131296828944,1.21346121269727,1.21208444976179,1.20732373506885,1.19798667651261,1.18385322134555,1.1632137679439,1.13746412885178,1.10936663630707,1.08173460691316,1.0520905880355,1.02062514875504,0.987855319884103,0.954324364673918,0.920913120625892,0.888388211353199,0.857315100158242,0.828271394516289,0.801836040698899,0.778561991997949,0.758911150831518,0.743080789981395,0.730421277944111,0.717208431814034,0.694551243885167,0.664138612466264,0.635120073062306,0.610633931003531,0.591362688103779,0.577243346096172,0.567681687632442,0.562006185212632,0.558836190334988,0.555963586067144,0.552733059006228,0.552869571407017,0.557820266929814,0.565528624727618,0.573673392445176,0.581178812403997,0.587791754647117,0.593470800784696,0.59794977507687,0.600894779125877,0.60143804621045,0.600246233760697,0.598748683298554,0.596866565533994,0.594506436482245,0.591577102122288,0.587991810574343,0.583669649161952,0.57853644915614,0.57252540901078,0.565577589229105,0.557642400684372,0.548678199139154,0.538653112395488,0.527645384286934,0.516768843024368,0.506361171310809,0.496466129665614,0.487152540078348,0.478215498016101,0.468924107336772,0.459724782534015,0.451203397752047,0.444462819086881,0.441683638119012,0.447594613777983,0.470654259664864,0.501331134253602,0.507865261404513,0.513834591726294,0.523445357838679,0.50037080254866,0.427193508127519,0.361887312523322,0.290865432880818,0.222233058737961,0.172548327646998,0.125072059865258,0.079971857382885,0.0374201734156712,-0.00241243271350286,-0.0393637332867637,-0.0732856896447656,-0.104015928589828,-0.131411270112088,-0.155406545638418,-0.175968369202707,-0.193096853255461,-0.206826354337523,-0.217224950447017,-0.224392692904561,-0.228541978699338,-0.230803977902835,-0.230781527781715,-0.228526954514154,-0.224160968774931,-0.2178038253895,-0.209564600326718,-0.199526679847526,-0.187727600386954,-0.174482634528967,-0.160394544282438,-0.145129810938277,-0.128016626155548,-0.107980506128938,-0.0833247176359227,-0.0513791635180232,-0.00666017932670131,0.058377208284988,0.15011910496582,0.27580165287629,0.433450471526322,0.598875117500296,0.723146969829754,0.798384192923351,0.855455438222214,0.820424959834334
0.938796619344735,0.885613709429303,0.836376430578499,0.792351107596568,0.753843798355492,0.718699877683623,0.685861166227326,0.654626437642697,0.624160293544165,0.593406302954593,0.563558861034857,0.533591607489031,0.503249739211795,0.472562564888036,0.441586276778482,0.410391237033545,0.378796959524396,0.346832070291614,0.314931908661417,0.283744570897767,0.25298637373639,0.222525631288542,0.192457730370517,0.163056826165461,0.134572504041062,0.108255847178974,0.0864937991025148,0.0701606800864234,0.0625169754715088,0.0605556855432434,0.0608036635089893,0.0646006207530916,0.0720613201748172,0.0892731143455517,0.117145669134405,0.155295331701313,0.200352720539451,0.247681751908904,0.298183459837552,0.350373148658429,0.40188892365342,0.45354840473992,0.504951459859354,0.557753212571074,0.61233766314164,0.668863008691135,0.726924850203525,0.786180337706529,0.846152187825641,0.906159340848782,0.964483435736459,1.02034886819919,1.07308783437951,1.121930874201,1.16574486201958,1.20355239675317,1.23401243002939,1.25623272692857,1.26963507962035,1.27413702407935,1.27165214225459,1.26417323628315,1.25329235250842,1.23858080501513,1.2197697953551,1.19438547611504,1.16164460869835,1.12348124510044,1.0846142963312,1.04783893041013,1.00975791449536,0.970356346835661,0.930631913213861,0.89123415119866,0.852754275783645,0.815818096693517,0.781092837731488,0.749289809820309,0.721158631812811,0.697456543189954,0.67893242737608,0.666237331578593,0.659371947964467,0.63118071136158,0.592295764180282,0.560122689304477,0.535116243238303,0.517046641655459,0.505482707372451,0.499905598762872,0.499553709331098,0.503337952723287,0.508074747209991,0.508828015241375,0.504444468642436,0.514014497799235,0.52949383974292,0.542707627623085,0.554685408429101,0.565694492198056,0.57564345721793,0.584729279913566,0.59252774336702,0.598659538013299,0.602127039380567,0.603209781275259,0.603820446931679,0.603918524725621,0.603390698244787,0.602131298341435,0.600042653424291,0.597035078103263,0.593026664056623,0.587942968115769,0.581716650513148,0.574287089426955,0.56559997960901,0.55590521822046,0.546372068625244,0.537108296497247,0.528096027004247,0.519316873679512,0.509907432715657,0.498619421630022,0.486208932033802,0.472856261428999,0.458620227861254,0.443526408230823,0.427583494137333,0.41212745495895,0.450993951507553,0.484324044841106,0.499573059208349,0.501203464004147,0.481113808258856,0.442202258797706,0.395998174956962,0.338717763307218,0.279981969379457,0.226609048242651,0.178120044197043,0.132797019954511,0.0902207430029088,0.0504216577437833,0.013549985840151,-0.0201602301747768,-0.0505297763305522,-0.0774367859606342,-0.100793152168206,-0.120549566542175,-0.136698407446469,-0.149274729514814,-0.158330311916385,-0.164625327143356,-0.168655237584997,-0.170161978159651,-0.169272566286986,-0.166134094045716,-0.160908095187489,-0.153764050486805,-0.144871190005395,-0.134387240196156,-0.122735301455861,-0.110420667052732,-0.0974592974149454,-0.0840502628167185,-0.0697897621309018,-0.0538969114632873,-0.0350499531474099,-0.0102978049952603,0.0267451033801274,0.0817992976382604,0.16995402272764,0.316308880618838,0.539646851039649,0.821477976478173,1.001345887953,1.01570443937375,1.00359568260959,0.964712414862809
0.980776413694861,0.937526916584656,0.892628048246395,0.849879934678601,0.809146118685849,0.770499482711752,0.733841705704042,0.699050947904865,0.665783606925134,0.63349131452441,0.599903167837203,0.565609527401353,0.531199211218199,0.496714764080038,0.46224529143086,0.427640016377233,0.392818456734906,0.358283839646803,0.324635284925451,0.291204358011742,0.257710510709479,0.224024244649491,0.190834763019773,0.15848520275469,0.12696167350055,0.0961951817126049,0.071791072142776,0.057445318580736,0.0480765412242336,0.0411762707578706,0.036844899629223,0.0341468796186245,0.0413163076542205,0.0605923359208916,0.0915569387933721,0.132282248401823,0.176495577417316,0.223160024020634,0.271660774010124,0.322648579446073,0.377765921391107,0.434585549238166,0.491386762549916,0.547926864597905,0.606102122046122,0.666241221289506,0.72828913178868,0.791701632164358,0.855918380063227,0.920507029384325,0.983773531913262,1.04481138210869,1.10299618971835,1.15749201296731,1.207401736732,1.25127855021175,1.28769939890991,1.31495874283568,1.33192733299467,1.33788491415298,1.33340996260708,1.32136195469333,1.30324958177489,1.28073190586422,1.25186327421098,1.21838846876234,1.18061441457742,1.13750324141835,1.08889792831531,1.04039538893277,0.995032680886998,0.949250158178969,0.903087092530221,0.857095479382088,0.81185774703033,0.767997614450073,0.726187602349985,0.687147958669666,0.651623533666892,0.620304027822016,0.593590751754532,0.570909129428033,0.548940884060497,0.521887794022099,0.491384050386581,0.463880838619633,0.442508342411887,0.42819477841637,0.421084341001924,0.420949247760508,0.427453209611066,0.440330303937097,0.459095486633882,0.481144798795862,0.484521473498857,0.48107897672468,0.49056731853964,0.503172829203454,0.517445975671734,0.5322675615566,0.546811764170775,0.560488188429186,0.57326162072833,0.584549294474482,0.593821311053393,0.599967916052489,0.603341949430401,0.606086837169865,0.608133160824881,0.60935761225538,0.609647601408968,0.608900061718282,0.607020307660023,0.603920924660885,0.599520653354562,0.593743210170486,0.586515959680479,0.578420901238952,0.570460100777201,0.562595552643893,0.554764033900155,0.546804717567054,0.536812287208445,0.52406478700027,0.509393729147563,0.492737746667045,0.473689798561443,0.451555961925321,0.425733120259182,0.401513156726341,0.411974732239739,0.450162693183709,0.473995820074639,0.478968302923194,0.467351960628452,0.442932300720134,0.411151823480226,0.372284269692365,0.323803671242661,0.27333627565446,0.22463590168974,0.178959099554394,0.13614330956705,0.0962170190252448,0.0594009314309388,0.0258940397070529,-0.00413166529094258,-0.0305269985326821,-0.0531796750941176,-0.0720230416875332,-0.0870410290804529,-0.0982080861658932,-0.106712514453122,-0.112503444515209,-0.115534122004789,-0.115931900629012,-0.113854035044359,-0.109482556986472,-0.103019848146917,-0.0946847013365466,-0.0847081315385189,-0.0737843055280255,-0.062544816477176,-0.0511032239274012,-0.0395283582242827,-0.0278398063528121,-0.0163557157058538,-0.00493238475932431,0.0071796746628161,0.0236089306469981,0.0440277157687489,0.0709629191852834,0.11307171487883,0.211439438304482,0.46560314435137,0.765988174170657,0.972337414589757,1.02779521306873,1.02578455609151,0.999598894900109
0.962057257875413,0.936093941626433,0.903083254985848,0.866398742155072,0.828523423178144,0.790963874228493,0.754279776843558,0.718674456070712,0.684172090461373,0.65053823121025,0.616159171593507,0.579319059952077,0.541657207961446,0.504053057085532,0.466560883366308,0.428911373198674,0.391657128706174,0.355361547632472,0.319544936314329,0.283910538445535,0.248110114497405,0.211607814730541,0.174826705612974,0.138986962918896,0.104620678972734,0.0751485909491784,0.0540581322157044,0.0365375605903378,0.021628361464852,0.00925364849051713,-0.00128406257156388,-0.00452189992579324,0.00505011270139856,0.0268866256214701,0.0605352724484326,0.0996188772648985,0.142343236865018,0.188260604937898,0.236684626927479,0.288738942706404,0.345165209058948,0.406029146707186,0.468438107807473,0.530402351209825,0.592494685032894,0.656425015995489,0.722405007196758,0.790151642225672,0.859066666701734,0.928528213333681,0.996998279607114,1.06327199297068,1.1268632414677,1.18719006936675,1.24329424737914,1.29400107273821,1.33734781610735,1.37133120142128,1.39366596101355,1.40201370535144,1.39577094023288,1.37844399816946,1.35402813006868,1.32233481689208,1.28435686662648,1.24110509337422,1.1948486121021,1.14580273485816,1.09202292960148,1.03378055659449,0.977679005151582,0.925324748004761,0.872502904162508,0.819575026479638,0.767073591479321,0.715569732920437,0.665679820979383,0.618063470348054,0.5733988004288,0.532302638735463,0.495138304665104,0.461679414644297,0.430912193293262,0.401870547888081,0.375214328451373,0.352907981936022,0.336840387352125,0.32819276449933,0.327103473155661,0.333543105130684,0.347730068105857,0.369407795894662,0.398682254309015,0.434482032560611,0.454547820099809,0.451418058818319,0.453624784322248,0.46373079989797,0.478118282324499,0.494717973239049,0.512172022806232,0.529446490479664,0.545906062434696,0.561578806862454,0.575531980866361,0.587169555570356,0.595368296159327,0.600975840722424,0.605822871577903,0.609759820481563,0.612648316282093,0.614363641006686,0.614793003937526,0.613833991205337,0.611393082130257,0.60738412947446,0.601747570305206,0.595553993973283,0.589401286712328,0.583232507910113,0.5769848079247,0.569864643889481,0.55984099667267,0.546740864315747,0.531521337296374,0.514341131588094,0.495311468359346,0.475081637817882,0.455981068141825,0.443907306703414,0.445933886853564,0.458552975227114,0.468930358758653,0.470525915534204,0.461449807301755,0.443333041354258,0.419057277550011,0.39134868901288,0.354553701500418,0.310199567214069,0.263543594418303,0.217992344169197,0.175064781380728,0.135069448307528,0.0982654866092157,0.0648841312408991,0.0351454592853353,0.00923968867351921,-0.0126878992173512,-0.0305479729969267,-0.0442402021469426,-0.0550363578541764,-0.0627888542595391,-0.0674939375688115,-0.069268164003639,-0.0682676799290126,-0.0646807301668789,-0.0587218455405801,-0.0506283096048296,-0.0406589799632544,-0.0295958302589904,-0.0182373343871032,-0.00680305102866408,0.00447658794266276,0.0153786647167321,0.0257202274566297,0.0353990281033748,0.0440899010704416,0.0541080054001566,0.0648492712483689,0.0756412290655311,0.0864114081076741,0.0975439620148528,0.125785586650217,0.425054142911788,0.661050656651665,0.835723620260957,0.933269284169632,0.970045317820212,0.970297282275498
0.912605167161962,0.902014876889058,0.879923361537332,0.850977215566067,0.818500546549282,0.784392726496137,0.749714374502825,0.715065825687076,0.680820557776162,0.646505491151016,0.611020703140264,0.574218639869977,0.534672991993507,0.494647372438545,0.454509790960116,0.414763150260891,0.375912747094414,0.337897421915734,0.299974014311215,0.262456037938115,0.224795325626767,0.186574751955951,0.148030942872732,0.110170107529543,0.0775089642447301,0.0519406298399133,0.0279682701666615,0.00572031296187331,-0.0158140216363102,-0.0356772889777767,-0.0489888739927089,-0.0488907760720086,-0.0363968711662093,-0.0114606854696894,0.0208409565900428,0.0575289378054069,0.0983578398033476,0.143459925334546,0.193721795310121,0.24829896388069,0.306452878726162,0.369081280439672,0.43611667496546,0.504102532941909,0.571152055938722,0.639288853077428,0.709194505269112,0.781087738066244,0.854497105708464,0.92878527652494,1.00282828027769,1.07464106158078,1.14365976179116,1.20963232347934,1.27202896752905,1.32984486245295,1.3818576184526,1.42533658109756,1.45557843045552,1.46718112873377,1.45795171253414,1.43285915919203,1.40039260143032,1.36110117036832,1.31488183691982,1.26365690173742,1.207603168552,1.14948730229074,1.09024774238726,1.02701145335548,0.961063622762514,0.899282043762052,0.839846548572842,0.779934328909001,0.720003019940285,0.66054235420922,0.602082444889836,0.545203754936637,0.490549469234071,0.438838677062227,0.390872202147159,0.347511256891686,0.309603704543406,0.278084426314361,0.25424902335776,0.238105849256013,0.229344288462047,0.227907625710051,0.233868392154619,0.246979646473061,0.266960134873259,0.293262487042127,0.32468539032978,0.357764240479205,0.382979383404645,0.398726437229659,0.411216500305583,0.425229726867231,0.442698917662696,0.46215177324769,0.48241252672906,0.502424507658863,0.521243721055366,0.538498984683519,0.55460830351095,0.569220628866589,0.581816780683246,0.590311038850455,0.597282542172392,0.604010375769804,0.609701105125277,0.614064582268205,0.61701392763754,0.618425189906578,0.618183169518856,0.616182970866544,0.61252286747102,0.608548274304519,0.604489751772578,0.600295121824179,0.595594763016266,0.589178898999286,0.579586651525261,0.566929150776881,0.552418418778974,0.536458600705786,0.519584378366272,0.502928933079989,0.488480162369329,0.478957684918088,0.475952520005191,0.476362673165292,0.476443178273426,0.472402198703705,0.462067128729303,0.445668254363727,0.424780231852441,0.400966093644293,0.373635420871275,0.337029519594762,0.294539939145924,0.250132191448914,0.207180618514331,0.167079456793552,0.130178931045978,0.0968034549577069,0.0672469658070164,0.0417599897260407,0.0205346299950321,0.00378643798840356,-0.00959488659248256,-0.0196635070291266,-0.0263534740859714,-0.0297597636517838,-0.0300314921564052,-0.0273590826931894,-0.0219631208699588,-0.0140865483746854,-0.00399116240364894,0.00763554128186056,0.0197617412213344,0.0321350139926909,0.0444828979333952,0.0564903322749862,0.0678168603463172,0.0781492771198555,0.0872979237665857,0.0969850184826619,0.108114039889395,0.119845840199277,0.134095159739844,0.15552965171925,0.195291116059214,0.282751903804432,0.439552880889755,0.609538984786986,0.749257529262085,0.843663496159945,0.893901971757064,0.911846530200156
0.850132998048349,0.848236133243114,0.83425732157067,0.812316671006754,0.785241791683899,0.755056597869082,0.723155532592388,0.690364374866978,0.657266277926789,0.622942311075216,0.587017652328475,0.549747941926909,0.510977000232267,0.469302723418017,0.427417017508298,0.38633350779308,0.34695725591475,0.308121993595315,0.269710501026308,0.231413787028339,0.192632055115869,0.153313676205718,0.113672226570157,0.0770394331830817,0.0481689350641449,0.021382445722762,-0.00801966123215758,-0.0371115164355599,-0.0650143147574535,-0.0885931799272372,-0.100971301717775,-0.0985308053801877,-0.0826078976067132,-0.0574507791115989,-0.0280551423209486,0.00597397276541996,0.0457387183364557,0.0916759825351766,0.143216000888581,0.199943015492805,0.261132246446521,0.325870168216453,0.395421777215916,0.468759648700566,0.54195038954441,0.614453639157352,0.688718968349699,0.764576193880484,0.842181182036359,0.920927576247867,1.0000060214929,1.07732040206939,1.15190313849354,1.22323378606984,1.29128477919418,1.35622705649383,1.41776985367628,1.47385478972774,1.51792017675526,1.53650542027529,1.51939225206346,1.48097725333204,1.44034871623991,1.39393347634163,1.34112536267365,1.2822595847715,1.21915655957271,1.15229427326768,1.08494953027922,1.01745541347402,0.945398139285177,0.873079101405783,0.806187059349703,0.739558207419818,0.672403165455659,0.605123160678246,0.538149649508376,0.471959075884646,0.407141179928139,0.344498454455558,0.285270932814233,0.231893350752328,0.188399384582848,0.157055363869392,0.137450916232706,0.12807226211841,0.127200935249821,0.133475682892263,0.146218288731393,0.165052261901117,0.18958236385833,0.219107051627834,0.25305848226491,0.288316353382747,0.319522074805144,0.345514365200134,0.368492820574415,0.39002574302475,0.411785427102453,0.435074172551608,0.458718487715836,0.481813840266255,0.503513875247595,0.523045136945149,0.540329329718854,0.555823643909049,0.569066717387849,0.579592014398776,0.587006376250135,0.59428238122518,0.601479018953765,0.608471970160879,0.614209666129444,0.618173738448894,0.620241948239613,0.620327985601136,0.618941377852453,0.61737687632828,0.615653602506927,0.613570409796311,0.610263458913118,0.604941277737854,0.596295032011935,0.584622718578364,0.57131127837536,0.55696960540774,0.542272905599179,0.528144319707635,0.515770216816923,0.506414123743064,0.499373375369374,0.493391159491986,0.487139983642604,0.478427745302955,0.465761970686302,0.44892398434121,0.428981370867426,0.406771786831711,0.38329011002581,0.353870217722787,0.316630857554623,0.27532762930836,0.23282672434186,0.192424886540191,0.155228813835638,0.121664925030043,0.0921185165667215,0.066919554838331,0.0463826806779759,0.0299555602282262,0.0170514689692622,0.00789666221925678,0.00243650599225809,0.00053563056764333,0.00199859803531757,0.00659058782112332,0.0140545267166326,0.0241224719611864,0.0363050734750011,0.0493519895887385,0.0629403383371597,0.0768474657354602,0.0907942805991026,0.104421800848977,0.117289138732973,0.128938697707621,0.139959855690608,0.152499103345626,0.165802201849445,0.181836085267529,0.203846847311846,0.236439535942486,0.286503608562853,0.365098920547137,0.471961368948715,0.588992173846069,0.69410266674126,0.771725120891181,0.820007298722301,0.845061945227753
0.780715130228361,0.782417115207612,0.773349463738143,0.756270472804905,0.733507799160516,0.706900204426143,0.677848433592424,0.647344171210993,0.615760231127952,0.58197878881596,0.546151128480075,0.508722052365258,0.470551331549344,0.430632061323149,0.389126363682411,0.349148403907955,0.309974556036972,0.270957679617372,0.231818363320309,0.192652585343326,0.152858068107502,0.112528359796813,0.0735421228549779,0.041626220427413,0.0126470690346814,-0.0192321315341681,-0.0541190533269748,-0.0908284666415621,-0.122838769600597,-0.146681195979795,-0.156324061988087,-0.152122660233936,-0.135050611276187,-0.11277147687241,-0.0862009525980934,-0.053327378326377,-0.0134367829314341,0.0330531252256529,0.085790228250767,0.144332316735384,0.20815755064584,0.276393703898203,0.348139953646732,0.425072397582236,0.504230260369512,0.582083284872897,0.660696064417406,0.740846774095321,0.822305075132283,0.905057098753625,0.988415133093983,1.07057998912664,1.15004356837887,1.22626865488208,1.29914566397025,1.36963230910335,1.43820989454622,1.50566359400007,1.57368775155268,1.61659457171896,1.5839207752838,1.52664651757077,1.47456157660118,1.41952164934449,1.35998392350671,1.29560551611149,1.22695872625963,1.15471291883601,1.07937683393076,1.00433315568962,0.929044073602622,0.849268449698916,0.772557192904062,0.699646476987538,0.625677758445013,0.550991288288256,0.476019893030559,0.401297328458452,0.327162435353632,0.254312694696216,0.185549566552489,0.123558484663979,0.0731525279572711,0.0415038203244389,0.0290331613184594,0.0286951701990508,0.0360147470415285,0.0493362440025203,0.0679888283251941,0.0916758336161037,0.1201826235372,0.15324414888212,0.190964390587859,0.229607482386726,0.266386804272939,0.300480236862821,0.332015052396368,0.361625544803861,0.389198058769657,0.416055270428665,0.443134755067761,0.469343209452148,0.493965319373437,0.51599239881867,0.534818898070411,0.550866529178738,0.564443614988442,0.57522542656719,0.582319337939729,0.587861282973939,0.593879334561151,0.599873983913178,0.606104078397542,0.612335967697531,0.616719435447161,0.618962533605039,0.620219142424259,0.621286419702189,0.622078741241791,0.621754709554901,0.62002865798818,0.61607431531934,0.608703396537968,0.598363425487231,0.586541128115337,0.573830193474203,0.560830317473196,0.548281015559918,0.536964404145034,0.526806130851414,0.51662341472347,0.506871091517292,0.496590488028335,0.484458863245963,0.46951800147318,0.451461063467783,0.431193116620736,0.409268861430495,0.386310623704398,0.362597889431472,0.329983607434019,0.291959989575982,0.251953937158263,0.211333255145742,0.173542622810421,0.139506145612785,0.109715249659772,0.0846131288459342,0.0643586801917693,0.047919767521062,0.0356234177566813,0.0274972930685103,0.023440888492984,0.0232541934933139,0.0266725419055628,0.0333995524111825,0.0431327394536643,0.055543488200526,0.0693735737372021,0.0840029391563244,0.0992870493934729,0.115063736154506,0.131113791946538,0.147100841134333,0.162499850805379,0.176879837497703,0.192213682306211,0.206812523287282,0.222048123550391,0.241053442236555,0.266919998826948,0.300746301441221,0.348003754483705,0.411882893957142,0.490135137671121,0.574406912259512,0.650850523358478,0.710133766220032,0.750948618046723,0.77481436392243
0.706024639880335,0.708184555001736,0.701259380331712,0.687051530415677,0.667285077950426,0.643466422574863,0.616840169363456,0.588403330774234,0.558546921916648,0.526350714514124,0.492269158181586,0.45687744264336,0.420564743833083,0.383481379614848,0.344384341658213,0.305325828284759,0.266153950209645,0.226531979402222,0.186766469193423,0.146806602421958,0.106115089772424,0.0652530411249592,0.0304923246117366,0.00105198004561374,-0.0319079810988752,-0.0690515459975315,-0.1103294130261,-0.151738964946314,-0.187125678783437,-0.207960290812179,-0.214844345014622,-0.208957228841005,-0.196151341345487,-0.177317328564071,-0.151400996314457,-0.118674053660078,-0.0790285176921194,-0.032107078842791,0.0217469470089476,0.0820539682916363,0.14823942918304,0.219650116362828,0.295163048641508,0.374358669751171,0.458411425644566,0.54239097231778,0.625337346792875,0.709851673622439,0.795276531167906,0.881555174178525,0.96841648888986,1.05460264856833,1.13794512481958,1.2179142217635,1.29480857158251,1.36818282157417,1.43780122393738,1.50342086788546,1.57440237132147,1.64695698336439,1.61181368868312,1.55468539503768,1.49518633724797,1.43401831882527,1.36974861333094,1.30215508292047,1.23037077624954,1.15446658132496,1.07403305471907,0.99164057036103,0.909955233960499,0.826247317366044,0.740696342676348,0.661363754955322,0.582548121413802,0.50289599944876,0.422531993242876,0.341609344481317,0.261229163883341,0.183457916084304,0.108234822455764,0.0352680013675786,-0.0289191462587314,-0.057997804701407,-0.0569350114154756,-0.0480369038413574,-0.0346490730987344,-0.0171310464804479,0.00466523268736037,0.0310074638369517,0.0621539448036939,0.0987948349386412,0.140298150380128,0.182588173380323,0.224531718714804,0.265829059113168,0.30521558516692,0.342184266728661,0.376611096800787,0.408156550201638,0.438284384266863,0.46738026014414,0.494308023433093,0.518399726117524,0.538789987628115,0.555365397429618,0.568989495810495,0.579488455241639,0.586347109808365,0.589099908445153,0.592130132995925,0.596131290168594,0.599921440119149,0.603969060145694,0.608490569514613,0.612297100321166,0.616097323319355,0.619988922391481,0.622901717495361,0.624353043258737,0.624357613227041,0.621949107489465,0.616028362568968,0.607177372189609,0.596905876028889,0.585721821802908,0.574114892043231,0.562617011061703,0.55157229340704,0.539794103133578,0.52803748106793,0.515941892290675,0.502866858463802,0.488145704931698,0.471287868123359,0.451877131845465,0.430690784314464,0.408300499902294,0.385111787116058,0.36163982240775,0.335744465691246,0.30095726841041,0.262567691261765,0.223838800257902,0.185277447436188,0.150392771112777,0.12000928914747,0.0948332419697718,0.0739837126692719,0.057632511162213,0.0459777990428517,0.0390146113062056,0.0365624351448416,0.0383167551575699,0.0439079419866716,0.0529522883373895,0.0650876846147259,0.0794780307646983,0.0948457296691189,0.111046601842108,0.128009193565525,0.145680226267069,0.16398306648405,0.182731882290259,0.201474609062243,0.221669201215102,0.240493249483915,0.256511598458487,0.271833332197804,0.290607726709129,0.313046406235598,0.343037457876083,0.382862787284108,0.432964250205938,0.491563969309715,0.552940089931261,0.607266191630181,0.650775853776436,0.682231706225348,0.701037593611669
0.62628362754643,0.626784482265074,0.619938875032115,0.606860445210085,0.588982556352334,0.567733843866121,0.544158733324779,0.51914607074124,0.492356044132421,0.462844678569628,0.431171530542972,0.398118862261948,0.363982493972912,0.329211511215214,0.293791480334053,0.255224665901949,0.215623436112182,0.175513620334563,0.135281801107978,0.0945721224172758,0.0531080945650355,0.0146187026043835,-0.0160651669588822,-0.0468143179069293,-0.0843420920511443,-0.127887724576732,-0.17387179294605,-0.218442832460469,-0.252526994814987,-0.271285416407725,-0.276108371818268,-0.272847730507265,-0.264927979660762,-0.247857993632666,-0.222387063297572,-0.190094269913425,-0.150666283649078,-0.103439320827739,-0.0485410524814905,0.01349534298631,0.0820258209758085,0.156320047034893,0.235552419721443,0.318278443272283,0.405455769529116,0.495248359629372,0.583123375124714,0.671823194441469,0.761409946087292,0.851075209628576,0.940842473455715,1.03006354682791,1.11639364882115,1.19947149707702,1.27885899547532,1.35347366285463,1.42177908965674,1.48349964792943,1.54087401624601,1.58253767029325,1.58025530597414,1.54457716291134,1.49324741219538,1.43429236524587,1.36992773965098,1.30158828557846,1.22854277021262,1.15068265387963,1.06762179816564,0.979526363703537,0.891248611409676,0.805294455560098,0.716321287211776,0.631313768158388,0.549665086397457,0.466585199291702,0.382090003165058,0.298201266399459,0.21673028135427,0.137040098227702,0.0585087135244679,-0.0162851745338207,-0.0839736400063767,-0.111145390210518,-0.105349714248984,-0.0936790170760289,-0.078218988886224,-0.0592225430005077,-0.0364961777353965,-0.00962169637681504,0.0219404979432422,0.059771884264132,0.102470983695934,0.1477644716638,0.194931863851465,0.242744099500198,0.289827329844734,0.33397011952961,0.375160048006151,0.412605777781741,0.445972686903578,0.476977748941364,0.505706894507104,0.531327085692109,0.553113441801371,0.570465718009106,0.583549196142453,0.593024605289626,0.598533822599332,0.59930299075233,0.598188519105059,0.598169811455157,0.599617004252232,0.600889976992479,0.602473928220486,0.605486120678653,0.610331478422636,0.61491040068122,0.618503711011112,0.621094215870811,0.622697833138122,0.621965360244197,0.617588847501186,0.610312983306758,0.60159970225458,0.591855472222373,0.581475129970757,0.570850081714814,0.559052892271929,0.546378546514247,0.533300122049791,0.519638144378075,0.504816176928967,0.488327825861529,0.469819840992446,0.449149467864229,0.426819686928298,0.403575741273798,0.379699127796827,0.355611872439401,0.331934552688466,0.302953540702742,0.26621213726698,0.227850949165238,0.190551803074481,0.154437436124077,0.123060123850496,0.0968938972371462,0.0753303206749331,0.0589507490107046,0.0479874727329425,0.0423708188327521,0.0417811321413779,0.0457450940939003,0.0537359572596533,0.0652492771154222,0.079760366457096,0.0956893384253671,0.112458877439977,0.130000344684527,0.148321767418116,0.167496056060709,0.187640215637525,0.208863945278448,0.232898320758508,0.259052045882467,0.282931117661803,0.298566308069748,0.310689599576452,0.323345272608481,0.340102288480789,0.36328904206823,0.394078273152038,0.432455041858288,0.476305523037454,0.520004525566375,0.557624799142865,0.588587786651064,0.610208174294995,0.623021754235686
0.540400085872619,0.538748540877731,0.531816536388359,0.520268824462885,0.504924262269267,0.486637806595618,0.466226062879699,0.444419501054,0.420373282303688,0.393464888461058,0.364264956291781,0.333637735561405,0.301907149697838,0.269536574376804,0.236487707473319,0.199126257519692,0.159166583422247,0.118697045705474,0.0780611774066225,0.0366871040212018,-0.00470932120229992,-0.038575662712268,-0.0681701636754292,-0.102529791867203,-0.144891440980597,-0.193896519776056,-0.24286693500624,-0.286849052263351,-0.318465144364206,-0.335430438688632,-0.342459200632331,-0.344370463211122,-0.337597843784194,-0.322816530383931,-0.298986649667975,-0.267266701897337,-0.227963621749061,-0.180517751804062,-0.124629954221421,-0.0608764623752312,0.0100063454337673,0.0871924290101183,0.169792723221293,0.25672151549961,0.346755902166312,0.441292427200263,0.534654441585132,0.627411451721115,0.720962412725032,0.814320374171083,0.906674425908953,0.998015089400886,1.08705336380777,1.17252833127443,1.25341951926624,1.32817305346565,1.39519094884759,1.45321241804166,1.50154874204819,1.53345160221053,1.53803647235569,1.51600017633296,1.47542030822516,1.42294473624133,1.36179137705013,1.2946066918796,1.22166943387744,1.14303210568835,1.05925302543322,0.97069170783878,0.879709314432898,0.79044674419437,0.70129319303935,0.61103935661309,0.526112710861212,0.439693155323656,0.353931661393443,0.270730557255893,0.189251448128651,0.109599793732926,0.0352311958176949,-0.031293474253293,-0.0837018710092012,-0.112178020899432,-0.118047038794209,-0.111292825954304,-0.0974391778782256,-0.0786093139250678,-0.0556408548768594,-0.0287538571531603,0.0027323329804675,0.0403464481670613,0.0823099915153089,0.128643798041639,0.179253653128538,0.232809477034546,0.286934860701053,0.338885992317126,0.386297705646631,0.429251237524289,0.466968222684121,0.499564186292627,0.529239114488782,0.555768037038777,0.578049028529124,0.595109113165221,0.606949165963031,0.61465879257144,0.618330445611129,0.617548403795841,0.612609620262359,0.608281494529693,0.605179230492614,0.603801965037459,0.602412556133646,0.602905256273908,0.60625689504351,0.610718501363227,0.614207062555808,0.616689449996684,0.618190714806168,0.617568585340583,0.613662562664167,0.607394759259408,0.600045903265471,0.591712343261331,0.582510267529889,0.572051130802358,0.559810960771078,0.546660439494904,0.532638224408798,0.517665450979221,0.50157227289131,0.483897754758088,0.464274039913908,0.442572963540472,0.419068755506541,0.394815444867803,0.370013117720462,0.345075638043696,0.320493011580673,0.296294219165594,0.263817081771591,0.225335118113131,0.187369477608086,0.151824959626303,0.118975306677805,0.0909475229675024,0.068291713026705,0.0517327317107994,0.0415564341481056,0.0375681537658786,0.0392029660472121,0.0457159371880166,0.0563533158750013,0.0704556262852927,0.0869462366180019,0.104233505363882,0.122118593879479,0.140566418721636,0.159643243404244,0.179509655025274,0.200418253503424,0.22383369938195,0.251274169428033,0.282261857348292,0.316673702209303,0.326599351812021,0.329838701700968,0.33609720175522,0.346856472751548,0.362995924592617,0.385170258654479,0.413111959956574,0.445124215536604,0.474561349156634,0.499600169756522,0.519564833098839,0.532302820725388,0.539124693322683
0.452278284040923,0.449162141916746,0.442169547416507,0.431654584624775,0.41813379718229,0.402200353758851,0.384462782193391,0.365444818481618,0.343886897542866,0.319448198246203,0.292725710188731,0.264642640791041,0.235389299570511,0.205384322043975,0.173438710572782,0.137768017326948,0.0976437151077306,0.0569077916422438,0.0158475106181059,-0.0260838951437015,-0.0649868992476915,-0.0953860252119961,-0.125567591328057,-0.164800613914977,-0.212269148307229,-0.264305703860606,-0.31517008861158,-0.354308444828396,-0.383262150891469,-0.401909666413536,-0.414709290564524,-0.418501943514354,-0.413871920305973,-0.401681433904177,-0.380564330931297,-0.349753290932728,-0.310587112830698,-0.262851907445527,-0.205996335241665,-0.140504494162563,-0.0672361497001641,0.0128669310212752,0.0988131062636455,0.189575220793718,0.283631653390961,0.381474222906802,0.48050417310247,0.577370630691738,0.674763215089188,0.771669398610108,0.866991021081876,0.960064600815895,1.05148933897468,1.13882972608517,1.22059837906435,1.29499047325242,1.36045101826461,1.41592890176336,1.45985255630284,1.48865230941962,1.49629490161421,1.48258948504493,1.45006404198016,1.40433636808718,1.3474415365203,1.28228238349215,1.21068071869105,1.13432983446815,1.05392418458231,0.967974226870053,0.876199468086365,0.783294175683548,0.691997436551071,0.597908446713983,0.508912830983469,0.422539683381008,0.338668970049522,0.25630949808612,0.175562538212396,0.100167896151107,0.0318910509591668,-0.026629156468387,-0.0714312177493563,-0.0990018010329475,-0.109734143815634,-0.107510366778702,-0.0962408016116754,-0.0785337975745538,-0.0559516001076858,-0.0292906360915334,0.00235434298315428,0.0388316795600276,0.0798694800648174,0.127968579008137,0.182692767430419,0.24077991101636,0.299582399690771,0.357563113937688,0.411363439698463,0.458778202100364,0.49918877996294,0.532877728719074,0.560664660037382,0.584805944365768,0.604763010449498,0.619641296541442,0.62930154532797,0.634479186946487,0.635912506687602,0.63327348604006,0.625852492256523,0.618236731501179,0.612178355162409,0.607987083044783,0.606270834031783,0.605842806327082,0.606258643143934,0.608350019788146,0.611583852848436,0.613795281938056,0.61499308921118,0.614062214942885,0.609756134588875,0.603286588890048,0.595671881499325,0.587161513034025,0.577733524891148,0.566328267999937,0.553887164102346,0.540470614055075,0.525861246507006,0.510009958817637,0.492841803816716,0.474257137339,0.453884413856551,0.431473663905695,0.407102753634025,0.381791595868665,0.356010646795371,0.330121860159474,0.304468300397954,0.279424583855971,0.252965841538178,0.217960536635418,0.178001704433155,0.140853456472772,0.107614408732105,0.0770724362674685,0.0527778899093037,0.0358409012926989,0.0266460718577645,0.02474864993197,0.0291369259915359,0.0386331827207439,0.0521779598085271,0.0689102263733217,0.0869674835276887,0.10536016859267,0.123950784867829,0.142732042328165,0.161802332029859,0.181337646327023,0.202176000994568,0.226306954086404,0.25285700715073,0.281459593554644,0.308194055704526,0.321070965958879,0.324421606323329,0.327732138698368,0.333774064613447,0.343848283531602,0.358475506763787,0.377285971796165,0.398355119964492,0.416364221043884,0.431865710791154,0.443161283274932,0.44960028885469,0.452343296150674
0.363411193301166,0.358735548963631,0.351367932567598,0.341461954849768,0.329313933527476,0.315307310415677,0.299869586747082,0.283303236633609,0.264044315893526,0.24192606659134,0.217706297610656,0.192187734167835,0.165372070610509,0.137240670064284,0.105945132808111,0.0713369181898684,0.0319457216777284,-0.00900138146852478,-0.0505688157219863,-0.0926646019619608,-0.127269645940051,-0.156437782183941,-0.188993532701677,-0.232700876872766,-0.284365570641736,-0.338045107979591,-0.384373962964317,-0.420000389754336,-0.447387937523419,-0.472136770915538,-0.487338790763464,-0.494155829784177,-0.493438302144642,-0.484197885238367,-0.466115898642433,-0.436993905896291,-0.398070371473633,-0.349876417066946,-0.292015791572833,-0.22471979617275,-0.149008125771864,-0.065958538021358,0.0233326598425396,0.117756203947633,0.216091875116424,0.317032475590345,0.421145718298065,0.522514687047537,0.623724549251085,0.724085891266238,0.822303896685474,0.917849415940528,1.01093137938015,1.09980584699911,1.18211360155814,1.25613295506886,1.32062572124422,1.37533658133033,1.41796505072332,1.44611689886297,1.45651948806507,1.44837743419827,1.42230428527125,1.38153712601682,1.32884758404952,1.26706300523014,1.20062857077082,1.12926702080318,1.05236534842515,0.968795709266421,0.877212148015797,0.781314753476545,0.686410810034347,0.591240842328351,0.50024010403827,0.416701355255849,0.334435361886167,0.252870714253533,0.175981917027943,0.105400818425948,0.0427219655230709,-0.00988304323470515,-0.0499924396244769,-0.0759175733191459,-0.0877837896527562,-0.0874584236447581,-0.0774700276035797,-0.0601616895188687,-0.0374317851474859,-0.0104344916844753,0.0208310091952379,0.0534895062420341,0.0914257262263233,0.144304335576372,0.207513230180597,0.271562910959532,0.333707555071834,0.392097572965895,0.446214404663299,0.494069048183855,0.534097205751351,0.566964665973343,0.593049214276781,0.613127188536534,0.629512260188787,0.641466303921798,0.648171887168725,0.650270180059241,0.648868566542195,0.643746052051271,0.634194787438877,0.623104393697252,0.613953270346726,0.607064710123082,0.603838473265415,0.60438883645668,0.605173054513716,0.607074185718836,0.610306671945461,0.612634314605007,0.613451801144292,0.612189313031948,0.607489433802445,0.600806673210631,0.592881180097766,0.58388808080096,0.572702512471197,0.559992086463227,0.546044020214819,0.530956557704584,0.514768650280434,0.497468083528833,0.479005240808219,0.459314969075866,0.438310679616619,0.415450755775346,0.390552848905426,0.364346520172904,0.337678824655991,0.310854197183545,0.284110241012833,0.257746208826844,0.232146406110278,0.202553615161061,0.165165031592066,0.124356580794188,0.0877494952334563,0.0555404804025518,0.0287690400013342,0.0111824978975192,0.00338686248058177,0.00439090226926245,0.0123310776917319,0.0253680988694969,0.0420938685655811,0.0612528466452463,0.0806994600293164,0.0999297727793507,0.118836399927989,0.137424823504996,0.155779188428167,0.17425129085697,0.195009020756231,0.217097508117877,0.240263591216643,0.26338761781071,0.282437902046419,0.293832608162055,0.298210134696131,0.299999622394068,0.302615945464879,0.307970653281165,0.316660759022148,0.328607025214787,0.341208455675465,0.350876733173916,0.359006235327488,0.364049200475862,0.365561800740744,0.364743204956642
0.27347007878578,0.26734942408969,0.259538435385934,0.250058960177489,0.23904263216404,0.226702218938775,0.213308471258239,0.198956634436671,0.181857028470576,0.161962722683741,0.140296705513275,0.11728346773116,0.0927349580946163,0.0658018105506522,0.0351426234571442,0.00114152268894072,-0.0369946757312135,-0.078238380795377,-0.120377510243262,-0.16107746251781,-0.192051818516388,-0.22099757121489,-0.257203017727252,-0.3048400713895,-0.358752108460563,-0.408986807195809,-0.450015600335396,-0.483197898205405,-0.513798863483563,-0.539820351873646,-0.55911758880913,-0.570988912317851,-0.574985911012913,-0.569909390263081,-0.554872177788935,-0.528344632187881,-0.489820071593568,-0.440985545549709,-0.381921488605888,-0.312700032217616,-0.234440333493839,-0.148382263040708,-0.0557366537153434,0.0423209302788309,0.144610738931285,0.249415968870129,0.357271506390095,0.462998947882421,0.567499498580134,0.670741004593264,0.771501042359129,0.869609380671552,0.96429677227262,1.0543557089366,1.13708764869795,1.21096977241177,1.2757367055685,1.33094299815481,1.37519722481983,1.40465410060298,1.4179773728461,1.41445675194604,1.3933300125649,1.35709702405059,1.30933041612036,1.25442316163163,1.19387391703784,1.12642441251611,1.05224541994081,0.97160133442268,0.881492413725287,0.784608720541432,0.686699179789582,0.591572633300245,0.501715898970555,0.420626666091061,0.339271290948483,0.261265300834316,0.188659151966593,0.122357729761145,0.0639366707955751,0.0152824414548534,-0.0217577059526106,-0.0459494804228115,-0.0571795870641619,-0.0564613336192512,-0.0455511675415357,-0.0265008044779962,-0.00136860795032917,0.0287557976588554,0.0609967105186949,0.0906853898379534,0.118092132560561,0.18149364236711,0.256257357783315,0.3244894880171,0.385110644887387,0.438794754763352,0.487260896125143,0.531705929133582,0.570651889330148,0.601416294661096,0.624943909804155,0.642019304277797,0.653715558191025,0.661857642906071,0.66508105148768,0.663452944779057,0.658493069383073,0.650299246363148,0.638253030315864,0.623370840395802,0.610746977574306,0.601122360725569,0.595720319528541,0.594651118419514,0.597138977634378,0.599658508342348,0.603748731159317,0.609268847403571,0.612814924262429,0.611875081875052,0.606849308598767,0.599993838717971,0.591800746881436,0.581490138431646,0.569182320340531,0.555310171835398,0.540003739812812,0.523378281641665,0.505497599115252,0.486380637573716,0.466019644357726,0.444394780741147,0.421491014710967,0.397265454703489,0.371313176337899,0.34384488843634,0.316046149735616,0.288209747634099,0.260366670834672,0.232762825848895,0.205603131151269,0.179219063393541,0.145874940749598,0.10636560642444,0.0635547531629754,0.0262006197114569,-0.00291466083587306,-0.0215842252161653,-0.0270693686555124,-0.021748486722017,-0.00917962139549069,0.00792526699443032,0.0279230337909393,0.0490929687236235,0.0695902322105589,0.089198748046132,0.107862593972118,0.125605849738223,0.142531940434569,0.160643056170392,0.179329313598185,0.198519126891444,0.217897609118162,0.235080563278616,0.248690248445183,0.256916492280348,0.259980121108818,0.260479499955688,0.260948555582373,0.262876983067811,0.267012466730484,0.273498726419888,0.278835853906065,0.281762630811371,0.283045746583699,0.282446647006497,0.279785433704263,0.275921297457962
0.182390570154894,0.175050724079115,0.166886597020679,0.157826191346507,0.147867239093516,0.137074468045425,0.125578156756722,0.113297677188355,0.0982695022471247,0.0805317791662995,0.0614372422267742,0.0408260726273249,0.0181502331122612,-0.00782831307585496,-0.0378584702464031,-0.0713949497149772,-0.108357793261742,-0.149964273915751,-0.19273814123557,-0.230715509984277,-0.259727569182926,-0.288333914998654,-0.328768215746455,-0.379540815166558,-0.431577267167827,-0.474471316863503,-0.510971119425865,-0.545915823184754,-0.576186522768868,-0.603972285724877,-0.62925710549201,-0.647487728968621,-0.657396354883522,-0.657708756567226,-0.646512761690479,-0.622921093748677,-0.584988359099954,-0.535014871754924,-0.473760271885366,-0.401505518218546,-0.319636546802859,-0.22969293855594,-0.133056064595605,-0.0312832790814925,0.0742753370916777,0.182345777638289,0.292349787047434,0.401742456702003,0.508725521093878,0.613934281228024,0.716451138988132,0.816152062087586,0.912116164900918,1.00314370597426,1.08629822393675,1.16028619655073,1.22632509238761,1.28343310567018,1.33013206013495,1.36193741182991,1.37813180351877,1.37855650784766,1.36226022812103,1.33291875711875,1.2935439723464,1.24470930046072,1.18829279604556,1.12463788669813,1.05363863056122,0.975569167339508,0.888264457302645,0.791888727319147,0.692218796256497,0.599088194703145,0.511282185877686,0.430710346457698,0.351610197418694,0.276512627848436,0.20648067276036,0.14287444114373,0.087315197489575,0.0415452707869769,0.00716030350192273,-0.0147458005590322,-0.0238853579306523,-0.0208759020491581,-0.00693684017943639,0.0161929190194469,0.0466986664388109,0.0833834870621664,0.121019454870771,0.157888563912103,0.199027816365683,0.259755587599406,0.328394223651246,0.391645021794477,0.447618643806183,0.496216373183159,0.53816552676583,0.575599997889826,0.609997798681896,0.63861640068126,0.659340681143579,0.673333846715674,0.681388275796621,0.684518559438241,0.683567962232839,0.677747593143796,0.668340605092304,0.656390314988873,0.641140638102061,0.622415704922443,0.605723245402378,0.592365875784216,0.583616124173078,0.579803865658693,0.581215205866827,0.585691013466991,0.590712037042245,0.597644661223575,0.605561685012252,0.609677201680198,0.607548310232092,0.600821690776999,0.591785408730326,0.580370905901856,0.56711850472782,0.552185614588121,0.535700787842682,0.517760679647507,0.498453126608293,0.477823437173559,0.455883027551765,0.432637162292508,0.408115014538798,0.382344695455585,0.355228515938635,0.326428487318204,0.297122859366398,0.267811485837842,0.238513606365414,0.209182721065866,0.180072769954457,0.151399719048018,0.12264130980056,0.0856744869808857,0.0412448327924189,-0.00493966621941407,-0.0416967194241481,-0.0614110368162517,-0.0625170506687402,-0.050612650340362,-0.0323991066711606,-0.0111087335073512,0.0118484253199605,0.0344506888901982,0.0555922170609883,0.0752172830807361,0.0933456609112133,0.110034102215926,0.126859323935778,0.143768370446907,0.16064466984491,0.177409417990716,0.192283930261363,0.204288595284634,0.213300929414693,0.217597176647324,0.217873555531512,0.216018806431663,0.213654849854206,0.212032990442383,0.211898966137733,0.213414134135199,0.212477095763282,0.209545512878846,0.205126114032808,0.199353971169761,0.192411649532991,0.185785386133128
0.090812004480968,0.0822379359572644,0.0738020223468918,0.0652117257274836,0.0563629805116416,0.0471204457319562,0.0374706871849709,0.0271972035898077,0.0141988966327134,-0.00136253430397792,-0.0179164691704946,-0.0362998170722818,-0.0574257224401144,-0.0825075304209901,-0.111877792351511,-0.144991095507246,-0.181391017602614,-0.223176008916085,-0.266536018681065,-0.301163999637474,-0.329530363544154,-0.35886690590527,-0.402346712209258,-0.45362354332396,-0.496784967673864,-0.533569172233142,-0.568619177524176,-0.601785775357602,-0.633608783648134,-0.664874424574624,-0.69568494661257,-0.721542056674505,-0.739068237289587,-0.746215552126117,-0.740051332760364,-0.718285371462459,-0.679419881522083,-0.625876894988401,-0.560450088387232,-0.484064708528232,-0.39807963082959,-0.304625662155702,-0.205273091439086,-0.101068030456691,0.00702983021273475,0.117967839906341,0.230349750949836,0.343442832025963,0.453153330425745,0.560429949723832,0.664449229682449,0.764698335528555,0.860187531094652,0.949884899810446,1.03199944486077,1.10618632581002,1.17421592410531,1.23364831821535,1.28302333471623,1.31768730115566,1.33644992906086,1.34033287932393,1.33023989171969,1.30976452542166,1.27815944703792,1.23475113143606,1.18292742181171,1.12310295054553,1.05529484138235,0.980117739016568,0.896427614319536,0.801756126221782,0.704004477310814,0.612448349348663,0.524584660228468,0.44315883273594,0.366476355075508,0.293635442072855,0.225733500224054,0.164175438325869,0.110629288914867,0.0669015164131953,0.0347127260898181,0.0153931797041659,0.00957572449580132,0.0170005241789887,0.0365199017821067,0.0663127496052626,0.105139064635213,0.149965087317817,0.196441500167556,0.244815069100192,0.295664228933371,0.352326788962529,0.41212942220807,0.468939279353111,0.519570039281278,0.56304683297516,0.600107598244947,0.631081734914353,0.65705240020631,0.680295387433617,0.697445930647267,0.707397092094992,0.711319738505863,0.710155621284167,0.703879774892445,0.69323411232903,0.678851106535197,0.662261032163354,0.643204193489366,0.620741259941203,0.599373674038037,0.582246547277707,0.570121098467925,0.56330582723698,0.562067639733303,0.566449524070783,0.572144819661987,0.579750192178931,0.589943888218089,0.599204794909374,0.602807180168934,0.600845736119508,0.59218455569501,0.579939907050553,0.565795731453956,0.54990788284446,0.532406739046289,0.513394860874294,0.492948978715344,0.471149042585656,0.448038443662069,0.423639393440171,0.398109442124996,0.3715229662617,0.343835868980539,0.314678097566715,0.284420945617649,0.253893162421176,0.22317802720976,0.192341732971492,0.161424579242425,0.130694778742782,0.100560291923261,0.0683333535530041,0.0253733712565537,-0.0254505379914571,-0.0760918463743521,-0.103136738865186,-0.0929679199886852,-0.0718306444344969,-0.0481705303048685,-0.0236629839684908,0.00114150867026309,0.0243489779804161,0.0454858201362429,0.0646005761858005,0.0817522463829814,0.0981016884292291,0.114006689825586,0.129346006667689,0.144120933982443,0.156734340608769,0.166436995461581,0.173553925203999,0.17755379037356,0.177291280831303,0.173858240537382,0.16853047564851,0.162605431404436,0.157145220196302,0.152876539229023,0.149748850325549,0.143560931170244,0.135487816517114,0.126296856900252,0.115963276690143,0.105143403421508,0.0953559366254845
0.000743467409111062,-0.00954277211160091,-0.0184598098405307,-0.0264601307058493,-0.034244801852228,-0.0420613020925227,-0.0500469549945513,-0.0584562084637547,-0.0694355479080953,-0.0827598561586269,-0.0968704124480199,-0.113338380506317,-0.132966327881536,-0.157045614331322,-0.18563154042543,-0.218274357616958,-0.254652129475416,-0.296687149499827,-0.340160541506915,-0.372684041286557,-0.40070051449472,-0.431392354152431,-0.47639343523807,-0.518820549478457,-0.554079116536137,-0.586079243721101,-0.61730256336707,-0.650567535245482,-0.685285357937521,-0.720551758084821,-0.756139481036287,-0.790341984067566,-0.816980822570005,-0.831544167305349,-0.829910211523164,-0.808383262178628,-0.767215044244712,-0.70905890083366,-0.638791483560553,-0.558393404044187,-0.469592273118249,-0.373983749079294,-0.272772336564499,-0.166816522581664,-0.0567765721492163,0.0565965935205046,0.171875615236181,0.288622172872961,0.401680282671009,0.51156741077206,0.617262287237375,0.717822659039401,0.812418203656859,0.900340877862317,0.981245368653618,1.0548585588201,1.1220703010036,1.18222341340901,1.23404207980567,1.27133825762131,1.29294379854624,1.30152781082877,1.29948365390379,1.28546152601484,1.25978518164003,1.22226535953491,1.17477430614496,1.12006527778042,1.05698657876268,0.985508826199903,0.906091542650877,0.814398861212824,0.71929634109273,0.62658019695894,0.537845961119635,0.45756219535508,0.383417146613257,0.312708847458635,0.246542672648567,0.186371539826391,0.13397932261081,0.0913997778968899,0.0607307169370747,0.043815326442727,0.0418242776112126,0.0548810167666717,0.0819379527314622,0.121275564530922,0.171093400942024,0.225459405360219,0.281126786657183,0.335278656489857,0.389375383303148,0.444273370516401,0.499029309089012,0.551110080534313,0.597820907853218,0.637982739078132,0.67091652104667,0.695954810586311,0.713958889286562,0.727424101110534,0.738587855173973,0.74382106591723,0.742730841013573,0.736712808335503,0.726054229226164,0.709689513012715,0.68982337371451,0.668055408737882,0.644465859598869,0.617602070321048,0.591888730898257,0.571289751080638,0.556122204603574,0.546626496683161,0.54297668615539,0.545252265336636,0.55205501421301,0.559146086408065,0.568940519256692,0.581078500325368,0.590154301438262,0.593184444497884,0.589984842518046,0.580010480747183,0.565063621369027,0.548344787995938,0.529985230460386,0.510093866513884,0.488757401968113,0.46617329275356,0.442680306233012,0.418263682691596,0.392788973887704,0.365944603462455,0.337745801682306,0.308421813011449,0.277765282789461,0.246629171197106,0.215271036741044,0.183778391596451,0.151992122557151,0.120051116687289,0.088668787056925,0.0567750260362528,0.0191018613826744,-0.0291963564806504,-0.0858448156594369,-0.126054271123291,-0.104347467211594,-0.0791081274455191,-0.053334852695183,-0.0275334870466049,-0.00212209844908239,0.0206577010295226,0.0408349734763375,0.0586689056955132,0.0750243415645622,0.0904814811527879,0.104944315688877,0.118394910538746,0.129208635036485,0.136855893777522,0.14160486530515,0.143570190091359,0.142215292266463,0.137052806678837,0.129133221011487,0.119783935305406,0.110122260495331,0.101010346385477,0.0928943305023913,0.0853430861174479,0.0744054430978242,0.0616475928442635,0.0480232527451364,0.0334211975447463,0.0190996560858546,0.00644535794897777
-0.0882010272105162,-0.0999845329703506,-0.10952274964288,-0.117266193199373,-0.123733308000175,-0.129758527382689,-0.135838096318969,-0.142329001893668,-0.151478276781967,-0.162696620807526,-0.174575366511922,-0.189339323902208,-0.207405841641937,-0.230210460067243,-0.257708855904188,-0.289660618842469,-0.326386146290126,-0.368968892082305,-0.412555126573797,-0.444720552737642,-0.472519272139628,-0.504548369008488,-0.542542212280187,-0.574547896491809,-0.601255524130913,-0.627657761689299,-0.657354598595248,-0.691696401093928,-0.729082442514918,-0.768252874717301,-0.808268095227246,-0.847940597961036,-0.88268888101306,-0.906692825347064,-0.912419217633839,-0.891287817347939,-0.845660105546518,-0.782015463370521,-0.707555068764072,-0.624404303125848,-0.533396443740437,-0.436159736931191,-0.333878083530733,-0.227163177500885,-0.116165477248831,-0.000976313654320382,0.117509234329075,0.238176153062752,0.355579223979808,0.468739344348238,0.576029158304816,0.676412475441778,0.76998558891451,0.856325460169221,0.935287636722007,1.00880216950092,1.07510116375322,1.13427191449157,1.18507876520753,1.223053544559,1.24851403702185,1.26386849119112,1.26695044923065,1.25782597318764,1.23761037224524,1.20621427690291,1.16458414296327,1.11455861423694,1.05710001695092,0.990968746845519,0.914466682593082,0.826929214772622,0.734719548711433,0.640812766586535,0.552171441524289,0.474078725273176,0.402713661645778,0.334148582130346,0.269398481736899,0.20997629865713,0.157828365176637,0.115320097939911,0.0851547628291894,0.0700334070282327,0.0720090597975001,0.0917259977902976,0.128064287022101,0.179413222078091,0.240521810183903,0.304371048690821,0.365669026295459,0.424274138751998,0.480638810958207,0.535867366766289,0.588800526550895,0.637516973144058,0.680488723899585,0.716754289152614,0.745282008043481,0.765724183202447,0.777830995613687,0.782335112939361,0.78261744148868,0.781736302241537,0.775065976650813,0.763288305741954,0.747732627275938,0.727079115778747,0.701606191736697,0.674841553279207,0.646449263253294,0.615116297078517,0.585928351673365,0.562378546345081,0.544544946692047,0.532466820313964,0.526309687535321,0.526253856182218,0.532482687467069,0.540490529683552,0.549886709497222,0.562336355186523,0.5745013003205,0.582019949575657,0.583785288043408,0.578790981142387,0.566648396878274,0.548839471005137,0.529397520602964,0.508694623878001,0.487223282015397,0.465012053618933,0.441976730665771,0.417798571991709,0.392591695236233,0.366295999660746,0.338838621983031,0.310257877049585,0.280389140299681,0.249429238059459,0.218026240389588,0.186223434715313,0.154144668554417,0.121766291602496,0.090294753424293,0.0582237741007154,0.0253845520289789,-0.0121252580363765,-0.0525236001753314,-0.080088380957171,-0.0814880846186719,-0.0677447339568236,-0.0479126713822359,-0.0244364241211795,-0.000561087925163434,0.0214086337784632,0.0409524084289682,0.0580866627274641,0.0735544389890102,0.0876396108752737,0.100307366254681,0.109879923201948,0.116020976423115,0.119010411748215,0.118848669846833,0.115861051586286,0.109572721436289,0.0997843390384291,0.0874586793716222,0.0736038014220083,0.059452581494638,0.0459721790912486,0.0336822059662308,0.0217076915948187,0.00625937235393233,-0.0108714796938669,-0.0289236669022579,-0.0478974759723494,-0.0657991506753215,-0.0813736961879905
-0.173959350320739,-0.187599215246351,-0.197880710682549,-0.205363609579481,-0.21086494685518,-0.215369977709995,-0.219482443524571,-0.223988970967482,-0.231181196018923,-0.240241778491876,-0.25022752348424,-0.263375188496249,-0.279701095085132,-0.300765880861904,-0.326576391298604,-0.357435436418944,-0.394415934007496,-0.437895368682977,-0.48215790252793,-0.516184011473396,-0.544598538698915,-0.571889097031454,-0.59787324700701,-0.617502480104512,-0.63660433013174,-0.6598418522832,-0.688798350164761,-0.723732510124712,-0.762922525969235,-0.803820916639295,-0.845030440170475,-0.886635941597061,-0.928539583128242,-0.96513353635704,-0.985688213129338,-0.962377878963588,-0.907952882519755,-0.839900421349359,-0.7623431526678,-0.676928853619584,-0.58450401023893,-0.486831973078504,-0.385164040583926,-0.279837140051805,-0.17015050940962,-0.0547577956619677,0.0668484056011009,0.192920177419961,0.316864668777745,0.434577313215735,0.543689215463833,0.643695827094594,0.735332897366596,0.818834162926432,0.895077419767875,0.967211454719949,1.03307008481617,1.09133125066901,1.14052419809537,1.17750168709854,1.20562235158254,1.22390314767779,1.2310660994305,1.22679321853031,1.21194648187616,1.18676233714363,1.15125120284908,1.1068758236915,1.05257998944384,0.988536312603391,0.915200245026105,0.834022479992615,0.744307982587494,0.650096154191235,0.563115764899486,0.488028049540795,0.420065479016494,0.354303277332646,0.291668538360815,0.233507987365427,0.181694839875564,0.13878225714183,0.108095389479778,0.0935734128906234,0.0991852338467166,0.126536692425576,0.174467223553308,0.239124594152992,0.310323919402752,0.380252098899547,0.447277881398363,0.511386645369591,0.57229418089551,0.629009340580867,0.680919057773293,0.726976147564203,0.766428511060827,0.798257622443495,0.821597376425466,0.836514572789529,0.843088188620486,0.841569786075344,0.832377977889642,0.819701136324023,0.807255592334476,0.789759407871476,0.769267657717688,0.745011379867764,0.716214397881368,0.684050129732565,0.650240870794161,0.615170881982123,0.582318639134003,0.555632521562948,0.534958502411027,0.52049367948032,0.512396895511645,0.510729190253824,0.515584806205746,0.525331330932953,0.534929155612004,0.547042960942277,0.561269737440762,0.571905356930021,0.577376215538835,0.577175189811862,0.569778279927367,0.554834486906366,0.534454844358877,0.513578289806383,0.492694119141181,0.470828397517201,0.448178565993236,0.424703644578876,0.400218006306436,0.374593344202657,0.347850446525355,0.319916150239709,0.29084720135682,0.260290130503453,0.229099732925643,0.197547843685752,0.165818516293552,0.134051841552927,0.103517961107304,0.0728558661866783,0.0428320413164021,0.0159580573909505,-0.00964278866850713,-0.0287504246938776,-0.0379395724475921,-0.0371384978561311,-0.027528330838114,-0.0123777429733391,0.00652831357155495,0.0252860387631924,0.0432682563874914,0.0603827222410954,0.0759487127500136,0.0890929317581078,0.0983089284428903,0.103970929938295,0.106013751620578,0.104465541627315,0.0998381417810764,0.0926002635029864,0.0812661099429047,0.0657918545648238,0.0475018920592783,0.0279562722123087,0.00868263241194095,-0.0092034471232047,-0.0252681141685334,-0.0408531537255754,-0.0599071435627729,-0.0805336189726896,-0.102480999764153,-0.125514607834223,-0.147086157029751,-0.165843907802763
-0.255324806501518,-0.27049048493846,-0.281162739706813,-0.288250057941137,-0.293014047810352,-0.296488053953802,-0.29934800190011,-0.302316778316417,-0.307670317552779,-0.314763413495973,-0.323254414142901,-0.33477382728628,-0.349093842428508,-0.367624656216688,-0.390645662845543,-0.419718015168196,-0.456659868310495,-0.502045029076308,-0.549055998333409,-0.58936737844729,-0.616739578828156,-0.631448092995793,-0.642493112946463,-0.651700929153179,-0.665719389263633,-0.686765070216865,-0.715003855586341,-0.749576769896178,-0.787209280012054,-0.82553281433675,-0.864222327280747,-0.903470450626019,-0.944671494872747,-0.987011603011283,-1.02641900444456,-0.996928365094964,-0.940704486146716,-0.874565302296788,-0.796731000840178,-0.710289270578827,-0.617535044285958,-0.520741871498019,-0.421483404906262,-0.320280941317544,-0.215583730777453,-0.103511371480305,0.0197578828070251,0.153207864005534,0.287245208406763,0.411573944664054,0.522434581337264,0.621158189877837,0.709856605471729,0.789322611280622,0.862015469002772,0.93126215127191,0.995466137396573,1.05255663439431,1.10026095324818,1.1375365810487,1.16572415132869,1.18345213950096,1.19207609438095,1.19215315811414,1.18151022619563,1.16067479985084,1.12976318706183,1.0886088970817,1.03620259865669,0.973410073519739,0.905555531972465,0.831830811256765,0.746127755706885,0.654415216151848,0.570377998367992,0.498915837033842,0.43481334311484,0.37206704993443,0.311496637470533,0.254329341671075,0.202364633757799,0.158338305017193,0.126233910160825,0.111794971341478,0.1214416238336,0.158510538720803,0.221036286484405,0.297836796809667,0.37658668565448,0.453548885658118,0.527997686444411,0.598696500773147,0.664269171202179,0.723502572830917,0.775185968595393,0.819016257922584,0.854884159164022,0.881714924679879,0.899230975136015,0.907758135477384,0.907781624450228,0.89961012551449,0.884008057035028,0.861736203756044,0.838487656934803,0.816897999905351,0.791877951874192,0.763751607202579,0.730993563769242,0.694654297022632,0.656117085592339,0.617274801036704,0.58062872331447,0.550860617214781,0.52807107826017,0.512048954324702,0.502545770772066,0.499559021844396,0.503166420011182,0.513240029740398,0.523778720532792,0.535978084595988,0.551180053468668,0.565027303815843,0.573441492971452,0.576193533226056,0.573677124289338,0.564771368979047,0.54920825564859,0.528207757002996,0.506737142200596,0.485162499179638,0.463195071365977,0.440140494920329,0.416011560354305,0.39070282835352,0.364089682604718,0.336392930630041,0.307846625026844,0.278104668229282,0.247371556827834,0.216467414149396,0.185661803570552,0.155453986651132,0.126716045843016,0.0981041397627748,0.0714052872270505,0.0489624097127265,0.0338762306715588,0.0223014295539467,0.0149801680027156,0.0106701243549647,0.010601785199776,0.0169169949303417,0.0265780470072941,0.0384740845972361,0.0526126144896106,0.0671020596024708,0.0807496009152641,0.0913156910596839,0.097947524303837,0.100296161877906,0.0990369702302605,0.0944836941930408,0.086022572239977,0.0736358456038765,0.0561310922511401,0.034077501341686,0.00901783716298722,-0.0170382482285479,-0.041966820635494,-0.0642604047765505,-0.0836132742985453,-0.102003302394757,-0.12383959745591,-0.147381976604147,-0.172829763471571,-0.19948925921677,-0.224378421496327,-0.246058135941518
-0.333068960252849,-0.348778617284543,-0.35838357288343,-0.363932877341478,-0.367362113036113,-0.369931765634782,-0.372372014723154,-0.374888631116244,-0.3793473164744,-0.385225480675079,-0.392796455957498,-0.402926114890024,-0.415063761950898,-0.430979257947944,-0.451352241668758,-0.478533134448031,-0.514611149934193,-0.560974358077631,-0.611413964756691,-0.657610251274917,-0.680566153343202,-0.680565134262816,-0.675505130248865,-0.676132092826028,-0.686843482562271,-0.707015888446092,-0.734503865528488,-0.765933711903495,-0.799091628147088,-0.832100695796512,-0.864989446413858,-0.89750123940395,-0.92949267233443,-0.961265547172613,-0.982187899856573,-0.97319643459338,-0.939602519761192,-0.885608941609323,-0.810306961359061,-0.723674319934418,-0.63185090942159,-0.537083776589548,-0.44163134485681,-0.34756438538362,-0.253288459384637,-0.150993275112853,-0.0287266132704915,0.118180156714529,0.27154316491277,0.403767444323939,0.51247110937083,0.60645942470385,0.690872573010169,0.767041892717819,0.837109102697262,0.903052776647598,0.963343309415402,1.01803147624548,1.06419772631054,1.10141956432216,1.128401742294,1.14476776941537,1.15123507723466,1.15055821540016,1.14302655026624,1.12689362080091,1.099628344955,1.06178161152828,1.01322163383064,0.954827271975967,0.893319418812242,0.827205041693289,0.747010605749004,0.661845971402104,0.582046381343048,0.514432426818586,0.454161578917954,0.39431560178078,0.335763598938933,0.279563578996828,0.226793072885029,0.179757964995709,0.142725834142175,0.123524316574376,0.134566130803888,0.185041109898479,0.265110531405959,0.353511006090747,0.441653394631983,0.527771211419235,0.61015989008423,0.687030021162022,0.756948650476624,0.81861006419182,0.870540414142184,0.912244512688964,0.943327798115366,0.963942424431286,0.974365956396415,0.975272329434289,0.967596778227598,0.952251770305198,0.930790477067356,0.903501204252326,0.872120495981192,0.842258851949401,0.814210350703523,0.782371787012329,0.745144168614637,0.704765020004965,0.663787600759557,0.622490723326487,0.582840405501021,0.550706863167682,0.525797183591102,0.50807518593493,0.497401186522436,0.493429982902604,0.496136660646758,0.505159771354172,0.517568744930227,0.530114873833336,0.545659924122614,0.561629768636494,0.572957034333877,0.579537117370057,0.581832493518252,0.579830254880395,0.570910153606433,0.554031479273734,0.532068004495569,0.509412860388316,0.486290827623684,0.462867795989313,0.438768412413948,0.413550683912937,0.387104036548541,0.359630634072696,0.331323740119032,0.302321566231413,0.27240447850736,0.24236937144646,0.212857267830857,0.185063182533366,0.159904450555014,0.135185233140386,0.112394300595818,0.0935738712239098,0.0808531231762844,0.0758472896194279,0.0723528737753438,0.0695278084711854,0.066279248967019,0.0641492784122677,0.0654320991721182,0.0690960209498078,0.0749389941815132,0.0835043828955236,0.0913426423224151,0.0978437878658015,0.101646949046635,0.101988186685086,0.0980342288563392,0.0893289099511881,0.0762161919871092,0.0586702845815698,0.0349030546863927,0.00581782294667772,-0.0268871125162978,-0.0605709546214887,-0.0919020974153169,-0.118423631357088,-0.140099335144786,-0.160141101002563,-0.183619335939841,-0.209543500684154,-0.238416036501254,-0.268877225389915,-0.297714453525081,-0.322730339928244
-0.406936586412726,-0.422756464689429,-0.429485005906371,-0.431458970337777,-0.432198701833847,-0.433515241858446,-0.435696968661455,-0.438572221151557,-0.443323073947278,-0.449294135573203,-0.457561913071134,-0.468750741995877,-0.481042996128783,-0.494694064594278,-0.511431230974542,-0.534377017424089,-0.565967465780414,-0.608173398660779,-0.649988932209317,-0.694149065128259,-0.738715042566974,-0.710153619647307,-0.687309600172169,-0.68488145362193,-0.696884918811387,-0.71752225451971,-0.741534891513869,-0.76783523082451,-0.795361034773675,-0.821562978627778,-0.845991325146752,-0.86973247609296,-0.891069931769881,-0.908758877815522,-0.920592725350507,-0.921415385623202,-0.913127458138118,-0.87600471317547,-0.803613309816173,-0.715832218438426,-0.62744928040138,-0.534698968664503,-0.442769823800748,-0.358075781449193,-0.281634049847228,-0.201493811333086,-0.0909800932182524,0.0777391659225666,0.274473943314644,0.412155260538719,0.512915115943614,0.600346237991105,0.678842218454778,0.74949445363718,0.815599879802061,0.879003504801845,0.937110528609414,0.988919618094616,1.03355972905487,1.06809302079646,1.09233702461716,1.10596456780482,1.11096350042061,1.11019557655146,1.10369764620608,1.08960009753134,1.06544775384992,1.03156664893892,0.987834185951208,0.936844211558158,0.884078157725496,0.824680685921141,0.751633759252286,0.675051656963882,0.602163955420169,0.539775947059088,0.48378384770249,0.426992200824134,0.370463692856777,0.315018693330071,0.261227642654965,0.210838728807535,0.16714099070448,0.136188120304623,0.140691763166643,0.207159378855705,0.305603012654244,0.409231711481041,0.510409844272258,0.606109635331093,0.694537506457275,0.775016647340833,0.846839497251655,0.908504034331415,0.959177076378932,0.998278439163618,1.02465348960105,1.03837869735674,1.04088383292893,1.03332758292204,1.01773945939091,0.995459146943576,0.967771848817048,0.935297443377522,0.899150487429183,0.862032932986218,0.827450461336046,0.793332225865866,0.755217133934025,0.713485553898037,0.672034680473936,0.630194996500246,0.58971331865761,0.555821845571258,0.529672739822267,0.51096131391615,0.499378151777732,0.494734461359138,0.496164213050942,0.503147174788111,0.515750487956068,0.528860584166858,0.544426987307927,0.562008710590946,0.577955820345237,0.590394309534926,0.598382815594299,0.601088776270175,0.598197377690783,0.58759883401148,0.567952564394015,0.544254394773091,0.519778317357404,0.494703878644097,0.46912277210249,0.443192915485254,0.416343872650369,0.388889587903903,0.361035113064778,0.332681177478232,0.304075889775644,0.276395658750163,0.250484352069151,0.226424287451075,0.205104582487341,0.184130588291764,0.164816869545626,0.14857346671652,0.137023262572902,0.131359894977779,0.131878955848498,0.131991224300774,0.130392632188806,0.126627508152982,0.120596045435896,0.116809909393496,0.114003510927433,0.111616462998578,0.110872663579514,0.111624516987929,0.112150996859352,0.110754054106761,0.104825638635407,0.0923939531243399,0.0733903324251092,0.0491868733697817,0.018727103282436,-0.0174911394372822,-0.0587295564174208,-0.10181392018433,-0.140963384915832,-0.171202605937734,-0.193312392498859,-0.213130203035125,-0.236953593579187,-0.26465036771423,-0.296846686300377,-0.331378633015409,-0.365301527764011,-0.39509698918819
-0.476285720766496,-0.491120628189568,-0.491976075232259,-0.488941248590559,-0.486501977410847,-0.486037640211352,-0.487789349533017,-0.491378321999405,-0.496910928208068,-0.50564163999364,-0.518663093496687,-0.534387441788309,-0.548435668344071,-0.558819480972488,-0.569593185389281,-0.585434017967519,-0.606852024403701,-0.629063174323961,-0.643915888026293,-0.664285303111226,-0.693119864271347,-0.670362062299229,-0.664077579048068,-0.674739243532694,-0.69269016142774,-0.712576458936574,-0.733479517483046,-0.75472678282803,-0.775421532029703,-0.795288838286535,-0.813009486971636,-0.827284835208494,-0.837375142419711,-0.842755561802245,-0.843243933601336,-0.845168968771645,-0.848817396350974,-0.831609166281684,-0.787117173872203,-0.703707922640621,-0.608452560362741,-0.512812284918901,-0.420971168194904,-0.343590384202212,-0.292257068427825,-0.254207671459971,-0.18653113828122,-0.0160607369208905,0.309049903806976,0.417074884494963,0.514610639107993,0.599838099399554,0.674113663359288,0.73954933245046,0.80056377350957,0.858534163263155,0.911469803763261,0.9618085364198,1.00691160315324,1.0397010845638,1.06003423329006,1.07167907548453,1.07578997606745,1.07466394691525,1.06596495857908,1.05023079024234,1.02881183588467,0.999917996005942,0.961704920328515,0.919452251321232,0.875637314282484,0.824773160115488,0.759950689789346,0.693021284473761,0.628814457142638,0.574320338649254,0.523767609690286,0.470951891647458,0.418193815158532,0.366426899263719,0.313897029840423,0.261816089293601,0.214533008503301,0.168663126276474,0.140303425904903,0.237168401864136,0.358716314676974,0.474220015203174,0.582007194961101,0.682962907803986,0.776083598852399,0.859177111095123,0.931459718547824,0.99318985133961,1.04340492206996,1.08043914569495,1.10307665488021,1.11120386874787,1.10606632904426,1.09097326535709,1.06773648741197,1.03779713769867,1.0028266565311,0.963636778837459,0.921143702322963,0.876389475989942,0.833897983700209,0.793609817791387,0.75291703748243,0.713008023640231,0.673045973472924,0.634015649975812,0.59679124579335,0.564866843357799,0.538765987019003,0.519538326109747,0.50740759171251,0.501500551348979,0.501391205696505,0.506994566717406,0.519453855179222,0.533939154322628,0.549734124255783,0.569644888158887,0.591572327308674,0.609474715947455,0.622556182632506,0.629989622838582,0.631150847946585,0.625754936307971,0.611913270541274,0.588810051478006,0.56294344908249,0.536071989246861,0.508515795140414,0.480646415700798,0.45288805234819,0.425025624513008,0.397444064829139,0.371317171553116,0.34628561109815,0.321705611634177,0.298709345664366,0.278403809103998,0.261026262104103,0.243448401223458,0.22671004405249,0.212555849969453,0.201741736075829,0.195169007032346,0.193297462933394,0.19550764211376,0.196417631231541,0.194843605668035,0.189184462037472,0.178038831076584,0.166605180383714,0.155793308818486,0.145803753606477,0.137656187892483,0.131333393625818,0.12546828318511,0.117078328733637,0.102513884085601,0.0793437381005818,0.0490191596124369,0.0116643245827888,-0.0325405545315169,-0.0834961613588547,-0.138909209388509,-0.189318783780482,-0.221866145238902,-0.240820529314672,-0.258172420866267,-0.28132831899185,-0.310371215948135,-0.345503859704863,-0.384214366834009,-0.424444541231476,-0.461776116426962
-0.540678935716557,-0.550213187231627,-0.540551490388763,-0.532530080331011,-0.527905542096652,-0.526692593259891,-0.52841337350616,-0.533403665867402,-0.542260871028569,-0.554915501446075,-0.573346446797307,-0.597622759956625,-0.616541803482023,-0.620163299556006,-0.620019785674833,-0.623269061096136,-0.625468835910281,-0.625803339180193,-0.616558420416705,-0.592064544676597,-0.541000414835652,-0.575415141043427,-0.618209057220213,-0.649598806101486,-0.673754693224613,-0.693749044305734,-0.71104387659113,-0.727904844472076,-0.744781288106036,-0.758400896139645,-0.768250489735907,-0.77384385801334,-0.775170319210007,-0.77041693877576,-0.759660117730433,-0.755902775556087,-0.762086456842078,-0.758533109684089,-0.744843411317562,-0.6710130284223,-0.569276530677935,-0.470026124478858,-0.375108277598052,-0.294665454182334,-0.2714196185049,-0.294988239260847,-0.287035618243713,-0.214487971863665,0.147494545220624,0.389486864490667,0.51607657117911,0.605020036484517,0.676341757516497,0.736968362203435,0.79268577916951,0.844970132435674,0.892139754802118,0.937653830617536,0.979253365310351,1.01214224927878,1.0345913550123,1.04551251960165,1.04692167729199,1.04248010031999,1.03107328719907,1.01398386972341,0.992034153419559,0.966973432794422,0.934974815740311,0.901674747956068,0.866372161514917,0.824705152151679,0.771314900021481,0.714902833895417,0.660737353894556,0.615939181349374,0.572654182414165,0.524876157496154,0.477777901139398,0.435856709251826,0.389351705441039,0.337091485922783,0.302145121622751,0.276263518534654,0.257125103062105,0.330324259339467,0.440829851720197,0.551585070409829,0.658484971628827,0.760592416157299,0.856791703957218,0.944905157798649,1.02202035489262,1.08535079216768,1.13520735817271,1.17005860203489,1.18867790123871,1.19125900607814,1.17951466381,1.1554779220001,1.12245651544675,1.08287320760089,1.03858558840909,0.99034426359757,0.939484830440976,0.88753839368702,0.837293160507443,0.792198485440836,0.74771481121401,0.706301183125127,0.669025767473835,0.632448526000148,0.598106498761222,0.570885289297251,0.549383258514155,0.532234050936692,0.519256596690937,0.512113386382306,0.510786531278495,0.515678806781744,0.527987731228439,0.545226671601252,0.564000170565681,0.58832739734388,0.614691268828182,0.637264060976701,0.654362768679047,0.665609350265928,0.670748060951986,0.669118225838834,0.660191831661924,0.641694287550317,0.614727799434239,0.586191201105485,0.556854126897675,0.527083946167091,0.497624163444791,0.470440890801646,0.445319795737244,0.421565768129792,0.399285080451736,0.377870638536459,0.357530888094369,0.339838155954712,0.325343012690284,0.311384268334795,0.297495950537727,0.284812244974974,0.274359685515265,0.266987130679177,0.262037024350984,0.260496017078254,0.262557225737721,0.26372714849824,0.259034170223102,0.24837141081025,0.231890411288018,0.213762429926028,0.197129385990301,0.180821538075072,0.16459915991907,0.149430080219002,0.135226257231829,0.117803145724017,0.0912876206132307,0.0576120343666061,0.0155483322841229,-0.0341944507754418,-0.0929664895344331,-0.164673498368668,-0.238744473915697,-0.267821537622397,-0.277984114185444,-0.29213370435748,-0.314957601676788,-0.345428486716236,-0.382748768271784,-0.424702073602456,-0.470719029093087,-0.519055061952472
-0.568585326579468,-0.57799925582557,-0.568116618160787,-0.560175576745709,-0.55570380004008,-0.555032044115563,-0.559593847133985,-0.568841936914146,-0.581107297423126,-0.595613873657978,-0.615055873187074,-0.648780160342492,-0.678244940741926,-0.662916918847803,-0.650100140142656,-0.63707989083796,-0.626809178441739,-0.618306433892437,-0.599781535807634,-0.565791983220546,-0.4928994111236,-0.526058444224869,-0.584007615249216,-0.621443854562995,-0.646259565817993,-0.664073966799664,-0.679841290284442,-0.693401322446269,-0.704504208297157,-0.711518296901762,-0.714338460422271,-0.713885325372762,-0.709041374637527,-0.69770651777109,-0.678140291266622,-0.665554483098488,-0.669823909096685,-0.661720701452459,-0.642701975260325,-0.58432715439682,-0.501953438114339,-0.413357044948757,-0.322935912017988,-0.226308408819256,-0.221247497039832,-0.332161614441419,-0.28205722126123,0.00695487273836195,0.221060836052801,0.414885445138524,0.535756541618459,0.620033109530796,0.686267555311928,0.742406330999002,0.793792984930141,0.839391535321818,0.879801655203614,0.919540693861194,0.956737497505067,0.987353131324904,1.00964215507393,1.02244466858788,1.0251713169621,1.01614088129694,1.00074136753179,0.981289913832295,0.958099748486511,0.933192809460353,0.907095939849854,0.882280161424568,0.854881655226726,0.822673439062554,0.781388323548502,0.738065270569098,0.696636952045902,0.662777350467364,0.625946248417107,0.586786787867955,0.548256667241832,0.527506020524827,0.495412097980593,0.442821716591907,0.427694434712386,0.434022857911199,0.438286004195367,0.473221796589414,0.549204194494113,0.643647949521121,0.74532903670027,0.847753468003215,0.946974397065113,1.03950668478339,1.12164888640749,1.1900821213288,1.24060226340001,1.27184314685611,1.28511896303478,1.28153593814896,1.26171276562182,1.22761752695846,1.18303315641817,1.13159439383296,1.07533292325439,1.01590463957491,0.955113387235069,0.89523722818872,0.837953537464268,0.788261708399772,0.74278735518947,0.699768658763149,0.661987647806446,0.628207689879168,0.598384822612582,0.573649090273173,0.555234389949918,0.542162351944447,0.533411741091008,0.52726435978594,0.524905899171412,0.529449690616641,0.541955682045179,0.563313536954348,0.587840555743224,0.616066756394364,0.646598779538589,0.673456172075056,0.694231566071763,0.708882260695837,0.717108022373442,0.718582837486132,0.712781904230555,0.698847326386077,0.674469741641377,0.644449813603759,0.613520896808119,0.583235895110157,0.554734753701316,0.528483894642311,0.50475641971258,0.483258876146336,0.463196811413849,0.444288836169142,0.42634024774584,0.410854339651174,0.398457452460573,0.386567351431824,0.3751674240817,0.364402595395758,0.354167224238817,0.344823270412451,0.337611756064181,0.332772766218655,0.330246311718208,0.329725575795349,0.327298380852692,0.318101182836889,0.303724916876047,0.284666551860033,0.261068975088578,0.237033761280213,0.213087701174209,0.189099635113985,0.164745512969046,0.13774376305683,0.106074137507363,0.0709403216016836,0.0279590377620138,-0.0231795929549812,-0.0814901984478594,-0.151169970276207,-0.289003221130607,-0.286250634826307,-0.294541152902947,-0.310739456898103,-0.335741760537905,-0.368355256850624,-0.406835325505568,-0.449733556166743,-0.496651579804525,-0.546087035502254
-0.556866030333238,-0.572862862732338,-0.574354323520125,-0.57202926880934,-0.571362909061739,-0.575564977768477,-0.584848741299785,-0.598619457262365,-0.614578203735858,-0.629700475287971,-0.633386004908876,-0.664048834286803,-0.682998344835538,-0.672622298187636,-0.65301518082117,-0.636137495593633,-0.623221759747383,-0.612488257004254,-0.5964509977951,-0.583709171937405,-0.590444154679038,-0.548892041433523,-0.570209872663445,-0.594861501344026,-0.614656467619256,-0.630679869556766,-0.642126754200725,-0.650188388302792,-0.655098526316624,-0.655494799123399,-0.652893057861204,-0.64782695169267,-0.639489891131826,-0.626655719829549,-0.608727430216279,-0.594931896156929,-0.582945751140752,-0.563693601998221,-0.531819316813995,-0.481268334889128,-0.416211942406831,-0.347563430853817,-0.285765065808038,-0.251279350614975,-0.352142950477995,-0.401450086718902,-0.274312588071483,0.0544412110498639,0.375726502413113,0.487951330567762,0.573644649498095,0.645176427250374,0.706272808795245,0.757902978540596,0.80192781541966,0.84003717786808,0.875488519021111,0.909731200211942,0.941985643740095,0.967890532368682,0.98844896789436,1.00089038536862,1.00298440579082,0.995008055646544,0.977036946439231,0.95267947625686,0.927229555519341,0.90107117960401,0.877769386716504,0.859823363898989,0.83959524261015,0.816524730207772,0.786556519140523,0.755460645975512,0.727124260570913,0.708434514967721,0.67422732034191,0.6489261382681,0.635827599464696,0.638248777912306,0.6338058004775,0.587084855902665,0.566572788456468,0.566288745796909,0.573944425676462,0.605567580526365,0.666061175903407,0.74743920407207,0.841768414225484,0.942923716899625,1.04526643620951,1.14265591727714,1.23001385517701,1.30250443925269,1.35584706562185,1.38674683942681,1.39507154144871,1.38336680444583,1.35340053335558,1.30784270584053,1.24939658544309,1.18295791453072,1.112447458157,1.04030485470493,0.969381113106155,0.901256516978047,0.838335386296229,0.784132150825366,0.737886545497661,0.694127218019405,0.656293782535986,0.623140669118057,0.595524542187215,0.575770462109001,0.561164692320067,0.550416611242222,0.54417024187454,0.542065656178514,0.543865305491822,0.549598073501985,0.564425626585157,0.590610673902526,0.619643776811273,0.650917890392672,0.68491841888278,0.716636455908454,0.741750435818721,0.759849896607676,0.770916966022145,0.774687939855699,0.770999808741909,0.75981036726548,0.740120547635724,0.710593473780448,0.680430314120824,0.651638546785665,0.624327367839256,0.598985988045996,0.575967464684817,0.555593495047193,0.537613959092755,0.520854694962544,0.505025496280724,0.491079940500784,0.480143028907373,0.469692144623565,0.459240700888756,0.448632808377653,0.438657150423759,0.428388151313137,0.418590669425287,0.410075128173336,0.403531362215227,0.398537366730399,0.392955343259514,0.386293948743311,0.374573556768812,0.356865524485949,0.333509020345859,0.304925592420951,0.273050303190749,0.240627994224246,0.207148185728393,0.171161569688504,0.132572279312696,0.0924952591539699,0.0479536111412009,-0.00278849614405873,-0.0576068651504685,-0.112844828114791,-0.185583868860732,-0.251789791531984,-0.28571250062911,-0.31352910936212,-0.343670108543893,-0.378909541818006,-0.417663165763816,-0.459125372965087,-0.501833966547525,-0.541409283353316
-0.540847956292384,-0.559060965875945,-0.567511710502752,-0.572194454902278,-0.578076626210011,-0.586824597221375,-0.59900665588273,-0.614591514802163,-0.633142231980043,-0.656197682146837,-0.680300808810921,-0.672364179197026,-0.669035678507344,-0.658375535402959,-0.64356786785666,-0.628795480489765,-0.616300824671907,-0.605964858856152,-0.5903101067826,-0.573016893565483,-0.553418695684364,-0.544818506168774,-0.553698073276205,-0.568611703077279,-0.582552434568936,-0.59196806224036,-0.597064634913667,-0.598644143688402,-0.596724272489396,-0.591004498929009,-0.583436173513139,-0.574334870852622,-0.56395465749896,-0.55263228634632,-0.540544259615654,-0.524961122886101,-0.495760171016737,-0.457983759459707,-0.415622730398914,-0.367230658415624,-0.313997652535378,-0.263670604217573,-0.22960750585544,-0.234074313814138,-0.291183644152383,-0.287899107800466,-0.159331658536123,0.129114669929659,0.403624533783643,0.530717458525718,0.611707164837283,0.679383165871539,0.735854406877494,0.780012336230572,0.817111233015066,0.849635586412883,0.879421627092815,0.907837535737906,0.935098801962162,0.957296166205467,0.973816668223072,0.981820485701135,0.981960368876437,0.972577005619228,0.955527107556423,0.93048471041304,0.899711133923886,0.870971938747316,0.848867335550375,0.833563904948664,0.819061155756624,0.803731384493504,0.783184869372224,0.762739671767268,0.737681977839208,0.720750816307733,0.706627412302694,0.699183427510876,0.706731129458279,0.732680588896208,0.734713701697696,0.702233983658195,0.683366642725085,0.679565214655793,0.692349583770691,0.725028317676875,0.779906939857552,0.854399137940652,0.943847510182724,1.04299339201872,1.14682668012124,1.24954591452746,1.34348379716035,1.42198087726821,1.47867039983286,1.51041785593075,1.51626268110462,1.4961753592647,1.45395057591959,1.39303112170686,1.31878022683422,1.23608293598845,1.15016392866329,1.06503598421414,0.983007009390307,0.906616695449356,0.83872751268442,0.781144385704619,0.733043252177069,0.690696302400297,0.652263094601712,0.619480321245331,0.594068732380401,0.576756927455615,0.565654905323023,0.559661407956807,0.556837595498507,0.556717131955237,0.56174446330071,0.575084043049602,0.597018403937182,0.626430386820094,0.659615506561314,0.693105541829093,0.729919951183347,0.766117986130705,0.795783448245883,0.81800892411097,0.832208884243758,0.838237210605949,0.836519533750535,0.827103978012448,0.810731452271557,0.787724601823562,0.759412256372167,0.732089546275106,0.705998058795799,0.681593207812283,0.659243642751946,0.639250910298739,0.621988820224562,0.607052442359771,0.592907162011122,0.580446326536589,0.570144782889451,0.559060597855057,0.54857138779546,0.537164353234818,0.52563549142464,0.514382203089156,0.503444259016436,0.492726455544032,0.482282048568024,0.473051208130229,0.463898670590117,0.453892944264295,0.441763302866368,0.42567209598857,0.403003567774884,0.374534533703031,0.340808290597849,0.302320824349705,0.260961352917374,0.21801677044085,0.17362179315779,0.128263474456702,0.080658922227088,0.0295631215063733,-0.0262711843273799,-0.0863053617868434,-0.151943287720557,-0.214117991140859,-0.26262441391987,-0.303043638730579,-0.341183030309009,-0.378912165467809,-0.417356589799597,-0.456400346042577,-0.494310167322963,-0.527538776245801
-0.515788669586854,-0.533964344885849,-0.546782064983737,-0.55740747407772,-0.567951813871303,-0.579863763056294,-0.593893000662593,-0.610293862861691,-0.628903059889928,-0.649100585086738,-0.666160151358001,-0.65882336445018,-0.647525499593168,-0.637848636269169,-0.627523614797378,-0.616961028530598,-0.607018112441122,-0.596954198331094,-0.579168004647673,-0.556022214033571,-0.528794386196499,-0.523209699696313,-0.53241980247143,-0.540700255799125,-0.546439272053243,-0.54811694591564,-0.545770500394559,-0.539948117407508,-0.530693287321159,-0.51895919920513,-0.505729969103331,-0.491789245369413,-0.478194061257187,-0.466492635032235,-0.458410484236592,-0.445265108348004,-0.395803798483718,-0.340595721470918,-0.287435617081154,-0.237625723940621,-0.19033608764208,-0.149342932918002,-0.122429737744137,-0.11535559599571,-0.114554066321427,-0.0728092885774848,0.0474113486949454,0.236918933683198,0.42749623987935,0.56233878116248,0.653800711186699,0.721788630965633,0.772262843784458,0.810491209864829,0.841313881916826,0.867789770263961,0.891496577826265,0.914198805145236,0.937335654869311,0.955743079288516,0.965713273762107,0.967562600813549,0.963382983661359,0.951458129020128,0.932935274518436,0.908148342144438,0.877805987841983,0.843855974579598,0.819863548423639,0.804556418897756,0.792297505477479,0.782295567458837,0.766973727233521,0.753032894799356,0.731659495745702,0.723049774231832,0.724932189853155,0.734727792544033,0.755015158659335,0.779958104298343,0.788782469668372,0.782305612652182,0.776344891870999,0.779998035884707,0.797644873218786,0.832588718553028,0.886131226228333,0.957467509105052,1.04424838424835,1.14256673109394,1.24766945047387,1.35496309787104,1.45781912579652,1.54608782998062,1.60852004681819,1.63969694802111,1.64165872789146,1.61580955729267,1.5602116806251,1.48110728637557,1.38731158898887,1.28704245736503,1.18599290930738,1.08807695320771,0.995843473024968,0.912287523159205,0.839227715002152,0.778279096167465,0.727841098916451,0.687067949260107,0.650783248874438,0.618580507552466,0.595293100238455,0.580577327368007,0.572411345313965,0.568767030675019,0.568838048721568,0.573343733675608,0.585045682241042,0.605221895280391,0.633796300373366,0.669818106419303,0.706900257001812,0.742930862005851,0.782560101673136,0.822660531560799,0.856225657948134,0.881955707998835,0.899456943532329,0.908574088914234,0.909145325995401,0.90271943549893,0.89106958116908,0.873870535041322,0.849429464141172,0.823724569667616,0.79900743103578,0.775667063122652,0.754078616309395,0.734516842317681,0.717323953700871,0.702838152516563,0.689271844153937,0.676164669174782,0.665408668408334,0.653941927338663,0.641759568857738,0.628482645028375,0.615483734709998,0.603423951598782,0.591501369539817,0.579225600404392,0.566387414422006,0.55362012468714,0.541279428864104,0.526972747476234,0.509738658057793,0.489543176965292,0.466430153715334,0.438369927208605,0.404767038425069,0.366255920966389,0.323240103215846,0.275950197094893,0.226026076005637,0.175803932586873,0.124570540672099,0.0721857879056132,0.0161448383991833,-0.0453548691894707,-0.109756992062365,-0.171497862815856,-0.226561786364993,-0.275994610395734,-0.321807350120436,-0.364377837115197,-0.403342960089518,-0.440268989853146,-0.474482096386837,-0.503767396598916
-0.47584091302325,-0.495811061864356,-0.512914114633329,-0.528029508767583,-0.542341585747278,-0.556930480860862,-0.572851984082416,-0.590563267144119,-0.608183393930796,-0.621189253063166,-0.625941926299456,-0.627210534418595,-0.621091721160748,-0.61413118252249,-0.607973300713847,-0.602077896749967,-0.595073881493819,-0.58559080023782,-0.568289086833582,-0.543790817127777,-0.517696437740703,-0.507190327875339,-0.509110599771508,-0.509214130045549,-0.506024646409973,-0.499524323074001,-0.489040070308033,-0.475058786673831,-0.458540771857371,-0.439804707820128,-0.419624723657418,-0.398938105537417,-0.378894821052275,-0.360790913973346,-0.345222247154082,-0.324449591165993,-0.266660259580242,-0.203531685586986,-0.144097194051454,-0.0901107581944429,-0.042513582522947,-0.00256864637219945,0.0287127401832042,0.0533106437389411,0.0835740517315835,0.14105040218627,0.240165483883956,0.37281156991515,0.511526219368714,0.626435030508008,0.713041379077851,0.774735531037549,0.819644455850834,0.851237597690072,0.874846516102234,0.89463128998439,0.912463271980509,0.930073105151904,0.948617578214425,0.961163574398329,0.964028204302388,0.95974002419348,0.94946658435158,0.932743882915957,0.911632737686253,0.885033492293661,0.854414720333518,0.821543811883607,0.792875051166741,0.772995230792962,0.759367361009698,0.751482144419443,0.738205023778787,0.7241886756333,0.712883783120703,0.719019166388915,0.735064864668888,0.758167606829686,0.786701004914021,0.814061430451793,0.834168063294429,0.846395214141208,0.854189358616253,0.867114441120443,0.890707099278872,0.928246855244161,0.981617337320874,1.05144562046746,1.13637561330355,1.23378346942838,1.34124062302716,1.45474032878425,1.56857750819881,1.67122518988226,1.74067730409256,1.7663598135838,1.76319293230162,1.73418790301097,1.66748768933659,1.56667885250557,1.45063311005005,1.3319831726074,1.21653262967318,1.10695955034975,1.00622941284446,0.916203589673354,0.839108926275014,0.775833991042666,0.723214830347297,0.682133366022849,0.64889005768184,0.620264387120194,0.600584092314303,0.589555399137108,0.583864620605696,0.582110392982281,0.584652730364912,0.594028062690021,0.612740331105376,0.640239091779819,0.674746579836824,0.715220464542638,0.75954424352883,0.799862671525231,0.840683192883285,0.884097796297694,0.921811692703005,0.951195016909617,0.972087357851286,0.984303404099039,0.989439015186707,0.988587522822802,0.981562357728708,0.968778233861132,0.949709071920085,0.925575827305052,0.902371006886251,0.880168862302251,0.859219655337159,0.839237182551004,0.82052256079055,0.804051542348737,0.789658626734439,0.776805368105756,0.766119036727504,0.753489513290342,0.73911832752162,0.72413398296186,0.709701580029445,0.6960061311446,0.682625751289365,0.668677912217183,0.654219534064622,0.640043026805295,0.623528096638091,0.603864657041076,0.58144099052031,0.555952848898048,0.527490653184717,0.496173764584508,0.462136068709643,0.4240023549823,0.381394904632197,0.334721151422687,0.284704267160988,0.23257937079708,0.177978825053034,0.122477414448925,0.0663395767833562,0.00672271389654362,-0.0565056809119346,-0.119031956184753,-0.177681144319975,-0.23258920779427,-0.28306032720566,-0.329028679586002,-0.370422475554512,-0.406415967678657,-0.437927797624129,-0.464628800444246
-0.426634950374051,-0.449496808312218,-0.470493930335784,-0.490131334582546,-0.509363251983617,-0.529213425967251,-0.547580704245552,-0.564390249950795,-0.579076161843683,-0.589860334797069,-0.595428445178324,-0.5968975734738,-0.59434208848189,-0.590745894836637,-0.588151503473734,-0.585163550759278,-0.579930597487342,-0.572848732556354,-0.555696561074986,-0.529213431160616,-0.504674636963523,-0.488977921340826,-0.482030712739192,-0.474234316335004,-0.462161197358591,-0.446712063362499,-0.427648280258933,-0.405481008137517,-0.381125347107715,-0.354282631193841,-0.325679532825443,-0.296112468134453,-0.266312454614659,-0.236489913432911,-0.204884617234472,-0.164675185818754,-0.109224797884765,-0.046194616158354,0.0160332264546866,0.0735724029879918,0.125780658141708,0.170801789022398,0.209043366741067,0.245560156580953,0.288364889642257,0.347400024351566,0.427799460230895,0.527398888425869,0.632354601816338,0.723808029050766,0.793194767894029,0.844344126786475,0.880253532079111,0.903209786047302,0.918209312675691,0.931265663049104,0.943333992475068,0.955261348631364,0.967804102137575,0.972938609997445,0.968907327932446,0.958452143303314,0.941786450514333,0.91871891777228,0.892665914568969,0.863127968527994,0.830467981551684,0.797205732584589,0.769331140577193,0.742581732014273,0.723730031382539,0.71474239588503,0.703484800407507,0.693767859908323,0.692732867558178,0.711635895500866,0.739717231617465,0.772322868269992,0.807446722993694,0.84422383097763,0.878859310826701,0.904288234280306,0.924641731976858,0.945626651266623,0.972918195277675,1.01145874026141,1.06409320453745,1.13175713874715,1.21428316321304,1.31088167160902,1.41959183236573,1.53822116223941,1.6649363664344,1.78926222458287,1.86957606272288,1.8708099009985,1.8616921356759,1.84637424589402,1.76674812905966,1.63908999867523,1.50120950275267,1.36674583244812,1.23904570734462,1.1201704691905,1.01274075102409,0.917828691281235,0.836844380689354,0.770334190589452,0.716428861146774,0.676027280352949,0.646462500220897,0.623715708130021,0.609885920258553,0.604708287291291,0.60234882532357,0.60182326698001,0.607748076526798,0.624407708025467,0.650337075443489,0.681768280241746,0.718456907012305,0.761924062007712,0.810961147872323,0.857940161497175,0.903929733275671,0.949249536404022,0.989927689614081,1.02280908715172,1.04709076801818,1.06448476081374,1.07584385592121,1.08085302613415,1.07927052924297,1.07084600464802,1.05591562587806,1.03387683005183,1.01074328328078,0.988662731379556,0.967488608881469,0.947445582475031,0.928800684390468,0.91190926200627,0.896711496091438,0.883364653888784,0.871775269987309,0.85770478265516,0.842019999190092,0.825516002574181,0.808661911962571,0.792350050660037,0.776549374453746,0.760987696001277,0.745513047639435,0.728614865181634,0.708579717927873,0.684112503618996,0.656347215246046,0.625842477007015,0.592352840758258,0.556029016218927,0.517091698400439,0.475802070511094,0.432313481717052,0.386313099117718,0.33703511185678,0.285856651631009,0.232228332030495,0.176965646379422,0.12106922137253,0.0638578480948081,0.00323436004623938,-0.0594140853027509,-0.120141044095185,-0.177897241790614,-0.23058954328002,-0.278155344425099,-0.321050852382632,-0.358309894987606,-0.388809047315815,-0.414506977876392
-0.37915158032272,-0.406098423165265,-0.432039202924512,-0.45565792853285,-0.477544079897059,-0.497902694641908,-0.516573409104213,-0.53343108465982,-0.547669091977843,-0.558626122759988,-0.564817185849025,-0.567616073598182,-0.567608315034659,-0.56695457299143,-0.566349201065087,-0.564280225350504,-0.561037691279256,-0.554407973426911,-0.537515809611046,-0.513514546874437,-0.487102689133357,-0.46558807637591,-0.45035232329025,-0.435350693749861,-0.415406878912402,-0.390672130169449,-0.362586523448295,-0.332461908518328,-0.299504943244943,-0.263581038832574,-0.225303200893557,-0.185251143266797,-0.143764732387803,-0.100524133439583,-0.0538970863264262,-0.000936166907383656,0.0597263582918574,0.125017092870595,0.190176022172574,0.25172027928361,0.309000596739093,0.360965814824828,0.407518624094675,0.450971443843925,0.497177803657635,0.551962935488684,0.618381289419165,0.695986699251596,0.775356994361175,0.843210849730096,0.895149064825084,0.93124296987243,0.954756121529789,0.966824525854687,0.972595726737712,0.978335649851783,0.983785860939154,0.989371629494414,0.993341373433251,0.990914874429042,0.980352156718936,0.96370919272533,0.940550223020854,0.911082801454982,0.878554769669586,0.843620833235752,0.807836799484487,0.772582802535241,0.743557928237274,0.716895635050037,0.691982765808133,0.678286134964971,0.668593888263576,0.664246814739899,0.672954346560084,0.701547031969855,0.736631398294488,0.775940019366443,0.821066562000599,0.870189120215965,0.918744127080884,0.957991887861092,0.988128484452195,1.0144373620967,1.0436035133973,1.08153145384602,1.13131792601925,1.19555967228033,1.27512599178152,1.36886628378596,1.47518059079083,1.59373589406507,1.72396242572861,1.86409629899729,1.98689086717835,1.90068984454223,1.89534772300311,1.93672524960417,1.83085206474367,1.67823503225514,1.53035450610789,1.3879999471356,1.25361023101424,1.1281197047482,1.01390910599179,0.913596824468318,0.828246899750647,0.759576739608117,0.70583708448756,0.667562959554588,0.643053491290268,0.62788316781207,0.622838736897619,0.626841319814284,0.628002283500491,0.628593894074314,0.640706678347545,0.664978939299279,0.697376011924786,0.731789965629136,0.769565411793274,0.815156781007301,0.867580191532894,0.918298369008686,0.966979476097604,1.01559642409999,1.05833863149746,1.09289620987592,1.12172231398556,1.14496885112503,1.16217829105084,1.17287980687629,1.17675037053612,1.17356804172969,1.16308842180201,1.14544670662645,1.12329406908086,1.10222952307085,1.08224203246278,1.06289857121993,1.04440020072719,1.02705689950861,1.01089906404202,0.99519542541648,0.981651387873645,0.966406135076024,0.94976528905115,0.93176992829007,0.912370036625696,0.893003900151384,0.874084538080293,0.856133708253372,0.838129482050935,0.817948749482278,0.794784677750306,0.766783924692528,0.734386701045065,0.698708617417187,0.660427814807141,0.619392629501899,0.575845848860653,0.530139323889374,0.482511721713246,0.433167431837946,0.382058562466533,0.330544144109468,0.277734451092189,0.223397240611686,0.168572145203805,0.114056578547761,0.0581582957263003,-0.000853749756123127,-0.0613541980702929,-0.119287651267183,-0.17283917540026,-0.22076650434863,-0.264400905865628,-0.302876507794826,-0.33593958844927,-0.365365078675286
-0.339328246068673,-0.36732903368415,-0.393716845039525,-0.418369625837631,-0.441071265219136,-0.461760782532745,-0.480675838551201,-0.497520415968067,-0.51162264840162,-0.523192431994031,-0.530693681879368,-0.535209548267333,-0.537630758416943,-0.538540518830458,-0.538474637934947,-0.537227536685422,-0.533613108844167,-0.526870156982896,-0.513456927939077,-0.48931327973335,-0.459892962567399,-0.433310480487595,-0.410459512252872,-0.389378282031048,-0.362570570308194,-0.330084352964662,-0.293534105928875,-0.255796961470361,-0.214296693505758,-0.169027414723743,-0.12046010919334,-0.0690590779223347,-0.0152345311788641,0.0412269330980415,0.101106202238234,0.165307508641408,0.233663776639155,0.304242406916849,0.37402883922997,0.440703427319631,0.503642126046211,0.561653831184734,0.614616511281767,0.663539386679258,0.711074215624,0.761304711855278,0.815768691893029,0.875643582461332,0.93208322503911,0.979116234215797,1.01341128155462,1.03386961658863,1.0424184144497,1.04225740281397,1.03807993710437,1.03524709078464,1.03326538515356,1.03079348939065,1.02505490538061,1.01510778730942,0.998357806132531,0.975558237701313,0.945886036636507,0.910188510364841,0.871130499735432,0.829587107194238,0.78786908603488,0.750367008935215,0.719775043651377,0.692317091886035,0.668619048228871,0.648936197927595,0.636563640477316,0.63634439038761,0.653664533587867,0.685896385161176,0.725338347349618,0.771913920342093,0.826111335650856,0.889034471381535,0.95353590921585,1.00758998739026,1.0445591029795,1.07093174949584,1.09758994950792,1.13212046593513,1.17925915301844,1.24136617359795,1.31786292963517,1.40706486809686,1.50775238936884,1.61797289418336,1.73320739997469,1.84054795754301,1.89419225728155,1.85379803742538,1.85998607956837,1.8718015430144,1.79944431744683,1.67196102292789,1.53325606636498,1.39396457801916,1.25778180249821,1.12844945833489,1.00850022617017,0.901734190357206,0.812685605901203,0.742794587799668,0.690436133220234,0.65632250517347,0.638272791249977,0.632321990178809,0.636433967290321,0.646075245888914,0.652732327898939,0.661919254721979,0.682953463631383,0.714706077354778,0.754452173087157,0.788107311163929,0.825877028374698,0.875553802953278,0.931875950344971,0.985850327210469,1.03639224614719,1.08625115900588,1.13206490877259,1.17009462964791,1.20253840978052,1.23028457829331,1.25247721871524,1.26846112554901,1.27790668771601,1.28026416236723,1.27525137761619,1.26256570360067,1.24282324143654,1.22254997581151,1.20325001543465,1.184721142546,1.16643220061297,1.14862337849361,1.13074839498612,1.11213407287551,1.09543438924799,1.07925091466226,1.06119375836356,1.04152617544506,1.02008329377321,0.997622087503907,0.975187069811695,0.953650563678827,0.931554130470722,0.907898612888509,0.881508850866184,0.850483755016565,0.814570809463822,0.774408973824492,0.731166340507326,0.685605048870468,0.637680050580224,0.587759194711673,0.536156756578226,0.483262256390507,0.428714634775127,0.374215803547742,0.319062102469241,0.263181032870483,0.207474099884598,0.152860679316419,0.0993977193657313,0.0440559100915711,-0.0139704592839066,-0.0705866596684639,-0.124040645290186,-0.171173572943663,-0.214339626991106,-0.253498981053285,-0.290404148114275,-0.324047906707759
-0.294628598890943,-0.32456842074917,-0.350631807243471,-0.374906368736441,-0.397391266335545,-0.418356988252346,-0.437618490651286,-0.45477508623482,-0.469356279346598,-0.482058841914692,-0.491752986161697,-0.498391230207191,-0.502545384695277,-0.503686998722834,-0.503884790208379,-0.502233281082838,-0.497644527779116,-0.493461008024092,-0.481168403302622,-0.455810328077621,-0.423386415859947,-0.392253547553952,-0.362425880921035,-0.334955520526128,-0.301963414753486,-0.26272019597935,-0.219419272506269,-0.173513769459979,-0.123580946497965,-0.0691114121808895,-0.0106860613416857,0.0513087410952081,0.116635415235191,0.185268266843316,0.257324558467918,0.332472631435664,0.40977202010345,0.487624139907349,0.56370744844167,0.636724697021409,0.705845150810475,0.769579756447879,0.827153789899151,0.879553874607076,0.929277281434889,0.976344441981782,1.02140867071281,1.06382217673145,1.10063033133756,1.12738998510039,1.14336303264816,1.14812647781866,1.14251384691351,1.12880946400403,1.11350109668528,1.10101965769444,1.09085462668586,1.07854377626433,1.06307356123596,1.04570456665468,1.02294034916301,0.994094242977595,0.958088963347939,0.916360101360694,0.870860044156938,0.823074236465841,0.775759952886271,0.73395741244652,0.701256469901109,0.673070673563422,0.650510414533114,0.629630165405755,0.611830279974758,0.61032635846978,0.630545934586306,0.665424851840202,0.708344987078524,0.75907358498904,0.820575629059682,0.895802348226,0.980981921887619,1.05478042045143,1.09407128485159,1.11173441500596,1.13079560063922,1.16142439040032,1.20674705576453,1.26693983579329,1.34021965632361,1.42456937397639,1.51785365110505,1.61538144269978,1.7098014397061,1.78670361116996,1.82575199316763,1.82583863312642,1.81827223120766,1.79738341997086,1.73680545132381,1.63720784647625,1.51629897940517,1.38644072341117,1.25375211584305,1.12254098386447,0.997494305929577,0.884287849215797,0.790467783341965,0.719497911560896,0.670049908131363,0.642631197781699,0.633637481574331,0.638637636448103,0.65186459215261,0.667238636069189,0.683081950324857,0.704979798799287,0.735302666911147,0.771868797279916,0.810789898901748,0.845134606457235,0.886888456966671,0.944627319706076,1.00523463984015,1.0616322275665,1.11304322993239,1.16341804948037,1.21152800656107,1.25475556031524,1.29122808257635,1.3219619870918,1.34790624368916,1.3685081110593,1.38279392370876,1.39045770385933,1.39086852876557,1.3835452456405,1.36810593578995,1.34897308297987,1.33023316773739,1.31200804602392,1.29401084572963,1.275284608927,1.25513170619474,1.23354344364791,1.21366135032765,1.1951411231339,1.17539480287949,1.15379574664659,1.13009244465209,1.10461259579646,1.0790250017467,1.05294081044881,1.02621638287407,0.998598850349031,0.968817190398134,0.934635003246941,0.895555050315394,0.851965988154598,0.804347012901178,0.754039554828817,0.701859701840101,0.647868414044571,0.59240493296323,0.536054469482284,0.478143518824592,0.420641460082267,0.363134659915703,0.305242844726345,0.247755743764666,0.191530049962739,0.137345022858875,0.0843492844455843,0.0305178323628623,-0.0233870728453479,-0.0754698337399076,-0.120729607490194,-0.162239895316795,-0.20272424808166,-0.241771478233643,-0.278030027329402
-0.242192357898489,-0.273940496112337,-0.30115255952952,-0.325040699648683,-0.347712351453332,-0.368999590708561,-0.388664938524124,-0.406390368008725,-0.421832345534937,-0.435957326132946,-0.448160820261439,-0.457095651137842,-0.461602450922189,-0.462956701368745,-0.462373748507626,-0.459301052816076,-0.457538912846154,-0.453092709280486,-0.439687916784338,-0.413065054686363,-0.378316366316347,-0.342271920931079,-0.306918438680035,-0.272472816482384,-0.234067993156307,-0.189182097229714,-0.139963730567029,-0.0859569790887104,-0.0275985375334902,0.0356359060151409,0.103727155548934,0.176225501044877,0.252504745498743,0.332137476051964,0.414746059472268,0.499735804079318,0.586068511874053,0.672256207994267,0.755979625638487,0.836451832153605,0.912336435142852,0.98178835576231,1.04426815997411,1.10098089792155,1.15118743014773,1.19420648598898,1.23044189904436,1.25980155642579,1.27865623869301,1.28582188110464,1.28282653805584,1.27131547983258,1.252196066026,1.22467327419839,1.19721532835848,1.17438259075691,1.15447986560807,1.13212892429334,1.10737217308155,1.08261745682667,1.05414665487443,1.01941858153841,0.977492473359717,0.929971179563972,0.878774288664297,0.82640970922088,0.774409588096514,0.728270171249374,0.692467275143824,0.662858508819275,0.638809796021836,0.61581547951983,0.595926268243473,0.585872302700484,0.605977824149527,0.642123605925667,0.685540891180658,0.738350076713524,0.802982620060096,0.880926311409569,0.993025163509675,1.10303523527115,1.1282716569059,1.12590483243024,1.13792993772011,1.16758637961525,1.21331910272801,1.2733047063174,1.3448007403341,1.42570666710372,1.51186369702435,1.59779749498899,1.67647386611145,1.73758626886181,1.77240837689205,1.78065192203683,1.76914741154354,1.7384147435631,1.6817177623196,1.59823460445661,1.49289315841211,1.37389747802585,1.24641231789109,1.11422887746912,0.984206577148824,0.864163281278239,0.763645871017491,0.690220000179845,0.645500947658806,0.627858806570738,0.63222401822544,0.651304270009241,0.676523658818353,0.70315941275738,0.731163111194291,0.764358873756464,0.80197125457777,0.841778453883924,0.882501328433511,0.922744282946882,0.970021438265566,1.02765768835313,1.08903694367567,1.14640800226247,1.19773799713438,1.24858152901212,1.29929374732795,1.34519213197512,1.38582724954172,1.41993240135106,1.4485474755428,1.47237061427773,1.49107855578681,1.5034022889166,1.50890836402041,1.50697162578922,1.4968438921434,1.4802679939223,1.46251007217272,1.44450480589302,1.42603524434099,1.40580802719428,1.38327282119133,1.35906584059593,1.33539545985497,1.31369301279751,1.2913882518717,1.26727906098161,1.24034978415993,1.21256089803038,1.18391675628951,1.15365454637419,1.12222897020766,1.09001264969864,1.05655810494569,1.01935340253928,0.977034981766816,0.930030731126923,0.879031168234861,0.824400883201186,0.76766897424828,0.709667200033636,0.650410152284132,0.590620914097758,0.52944424745133,0.468903730235856,0.409014898751895,0.349167967155225,0.29019614323683,0.232919945877864,0.178168480845232,0.127024067144823,0.0779490075569431,0.028671442619813,-0.0208145562498774,-0.0649472719430678,-0.106783882768961,-0.147889511707715,-0.187554610475395,-0.224828860212746
-0.182245612584299,-0.215627236173061,-0.245174276417831,-0.270501590339135,-0.293225051830727,-0.314730453688038,-0.334817283297493,-0.353251691393019,-0.369785555506779,-0.385460498414697,-0.400014344070915,-0.410229188575788,-0.415284569376322,-0.416480709326249,-0.413662259465049,-0.413309522765056,-0.412712893138348,-0.405700042780875,-0.390338903837111,-0.362617652792909,-0.325828699201255,-0.285739939486551,-0.245066061497212,-0.202560713757563,-0.15922441270492,-0.109717641303343,-0.0550725316019852,0.00590589052892987,0.0729224951992132,0.144716930607279,0.222010100883837,0.304182625562889,0.390631128899503,0.480759833180944,0.573723097403658,0.668380169101754,0.763494583165893,0.857515688266975,0.948790152379716,1.03703473792206,1.12032743495904,1.19668060889438,1.26624762426731,1.32709005920628,1.37742233175367,1.41506226451361,1.44281749069535,1.45827671537165,1.46045817150046,1.44994725831334,1.42955820386022,1.40191936770317,1.3678378869065,1.32759155263242,1.28779755866049,1.25404867978176,1.22312419421997,1.19113538359859,1.15822197073095,1.12586437871664,1.0920094634116,1.05150121190813,1.00392255076261,0.951414930180135,0.895854263772762,0.839490919132879,0.783662061486925,0.73454164619262,0.694499493509882,0.66062292796054,0.631949028869324,0.602799649016869,0.578354313853437,0.567040246731705,0.57995530915201,0.614352546141797,0.657386071499949,0.709505525573904,0.773374067662833,0.851297909350511,0.954603557780004,1.08016340044696,1.09424866313578,1.09472958322013,1.11383538455471,1.14982274640768,1.20037852628586,1.2632996245218,1.3362646356493,1.41591620093215,1.49727741458754,1.57541495832575,1.64421485942829,1.69668030214912,1.72816105154992,1.73727967453588,1.72608276012468,1.6948656215306,1.64186527937772,1.56735968701835,1.4743836117721,1.36519277681455,1.24247421814447,1.11036543423385,0.975086952823912,0.846072838785229,0.735330786140441,0.656566720169824,0.618097715965312,0.616241601960277,0.640007700837722,0.676958357579931,0.717503235361372,0.758751077240632,0.8006505773495,0.843455417041099,0.88703857308559,0.930809039305038,0.974925603280511,1.02079645665857,1.0708341174557,1.12592773280933,1.18454658599428,1.24018200415812,1.29118222703722,1.34317065961935,1.39486896161338,1.44219462673887,1.48483709356916,1.52218652604656,1.55365090310583,1.58006756691276,1.60174290566583,1.61846571136172,1.62870028394949,1.63181621675504,1.62707303986634,1.61432672336869,1.59888072205493,1.58149682191335,1.56175299134597,1.53947263727855,1.51466283918144,1.48768076184564,1.45988983548379,1.43425198411992,1.40771332831911,1.38006390713128,1.35038105744773,1.31994005517817,1.28809151786461,1.25447577356362,1.2192038650495,1.1824128786326,1.14448699370774,1.10425742732688,1.05889030298234,1.00850592673581,0.953910157433306,0.89579029677848,0.834736699592632,0.772353362783388,0.709317130544407,0.646031915342365,0.581698075729487,0.518187979663238,0.456324938670377,0.395550088970667,0.336131825382365,0.278683193296258,0.224215231627654,0.174529006875888,0.129197046516524,0.084719544074581,0.0400964608717269,-0.00451257113559583,-0.045786001874675,-0.0866394133597682,-0.126409734921374,-0.164336969174895
-0.116341550257458,-0.151538206441844,-0.183339455501821,-0.211157563884867,-0.234778079532315,-0.256376535509326,-0.27683826137951,-0.296014608399882,-0.313745625968876,-0.330906881212249,-0.346313399782317,-0.357454164296946,-0.363701440409726,-0.363270518057867,-0.362075145440593,-0.364452864066328,-0.361942188824307,-0.352349534007643,-0.334561572117498,-0.3059886329772,-0.26769727890127,-0.224242984384313,-0.179204399653571,-0.12896331001466,-0.0796178659784461,-0.0258346105012909,0.0342732023850886,0.101958084074566,0.176929945385225,0.257435892389372,0.343223230241896,0.434438680561436,0.530344556334589,0.630077068666929,0.732519048086422,0.836554419430294,0.940752191319351,1.04312933879611,1.14252151335116,1.238412046356,1.32902702852125,1.41426915569562,1.49145479186648,1.55701294076991,1.60690915777268,1.64025970085842,1.65850562848711,1.65916197327811,1.64374868463421,1.61503968810453,1.57724664936283,1.53320657998479,1.48403374108831,1.43171587831299,1.38234953635975,1.33744069569774,1.29558895700924,1.254428121486,1.21362041908454,1.17299351242212,1.13221138045229,1.08550287230397,1.03295565338241,0.975924200992273,0.916293165796021,0.856301100740907,0.79746583794957,0.744471254435375,0.699544203409013,0.660438799533993,0.624788097362911,0.587018343763655,0.55704573664148,0.54570986694288,0.55287654107444,0.579462383986237,0.62033842933087,0.669196282337501,0.726132524005303,0.784833180310542,0.841169109829415,0.89966306846698,0.969794263571666,1.01779168569366,1.06058070770159,1.1107666334224,1.17129847297305,1.24178735538801,1.31995069321414,1.40119576937205,1.48103167648296,1.55533919791802,1.61911196388342,1.66742317823923,1.69687116737392,1.70656349113935,1.69731226008291,1.66870909933753,1.62022978747364,1.55269362209533,1.46842085296637,1.36774910867225,1.25047640215533,1.12006173994148,0.980416426143271,0.839358293054245,0.710867798708597,0.619662136691395,0.591051968899463,0.615189740611773,0.666184658207181,0.724482638922537,0.781745767107892,0.8383215192047,0.893389088015757,0.944082734873465,0.992643390279869,1.0400547174359,1.08693936275281,1.13455167022639,1.1844152852957,1.23705882652882,1.29192472347479,1.34409526284392,1.39420690698106,1.44625834640858,1.49782879623282,1.54506700869918,1.58828116866332,1.62729333156087,1.66126589003575,1.69025760810286,1.71466514285479,1.73438889971669,1.74919826208926,1.75730204695851,1.75780640886483,1.74974076440457,1.73731536284341,1.72133423977657,1.70073718215167,1.67612134692286,1.64869187730316,1.61841119209294,1.58614127068603,1.55476448778204,1.52306976211758,1.49104870544344,1.45905330024178,1.42548542356663,1.39056784187861,1.35400844411853,1.3155375768113,1.27515956626066,1.23294492653889,1.18889362883715,1.14062490214359,1.08706810994049,1.02882537996453,0.966998059054433,0.902203701798588,0.835453033688387,0.768253379239192,0.70154947887213,0.634994651030283,0.56967027400256,0.506736324901518,0.445587256702288,0.386027957277298,0.328858995007972,0.275749349993507,0.227742144468876,0.185488747311215,0.146871648791498,0.107064297386256,0.0624270980993079,0.0209904085398129,-0.019511161347308,-0.0592929649620698,-0.0978146786394828
-0.0463443288437891,-0.0829698588809447,-0.11666364221177,-0.146624575159645,-0.172543021855775,-0.194593026672275,-0.215303632168675,-0.235153976234075,-0.254076549522177,-0.271613858676102,-0.286972613742082,-0.299017590637842,-0.305007863137669,-0.305963027216615,-0.309713423716701,-0.310307566876621,-0.305870459552641,-0.294008755027623,-0.274150586040325,-0.244934944942367,-0.205498926430206,-0.1591436759319,-0.110172853989021,-0.0549643652345221,0.00214247361078629,0.0605201068768159,0.126154111270598,0.200401766469492,0.282723400806626,0.372049115829422,0.466452283767847,0.566280557483852,0.670910626549443,0.779357487509507,0.890535298532119,1.00321305970229,1.11579130941851,1.22634129273002,1.33449038769288,1.43901874053812,1.53997292893689,1.63485162074428,1.71978896308553,1.79000960136971,1.83966428076997,1.86952691435137,1.87659806245162,1.86124524008566,1.82745151008991,1.7804121690661,1.72374292480735,1.6609882608255,1.59351825881644,1.52642691787579,1.46633272573697,1.41131929785359,1.35926946215055,1.31043347431869,1.26219672465659,1.21374691125727,1.16502766992821,1.11357445438055,1.056691506792,0.995742202292133,0.933410771365932,0.871532385801822,0.81019512346797,0.753631941073106,0.704645840187078,0.660424344268211,0.613233716901038,0.568746650037609,0.534132384523671,0.519365635075787,0.524089533362593,0.541862065634822,0.575867701935666,0.621035025210361,0.670763234584816,0.71370429231348,0.742452416978556,0.773770914618567,0.858932908987347,0.929131964972321,0.989647210942452,1.05385067647213,1.12728055758757,1.21006403106532,1.29796417458232,1.38576147491444,1.46911440402876,1.54411544185983,1.60675111671052,1.65337685685301,1.68220021859841,1.69358532569921,1.68704925715263,1.66224554269794,1.61908248236178,1.55849355434041,1.4811821067736,1.3881117898129,1.27912599300399,1.15418692336568,1.01473304130706,0.862935051855447,0.707082307396115,0.581020430313795,0.575035030877666,0.644909582750924,0.726699932903161,0.804439126341196,0.876621368146986,0.945652495188602,1.01030891653456,1.06749264905643,1.1194869775639,1.16919961382324,1.2172397581823,1.26442423788687,1.31170524201507,1.36018618841826,1.41061365003591,1.45974304737405,1.50714973809,1.55673381720327,1.60690926629455,1.65296536760942,1.69536250087033,1.73449379998407,1.77005296569527,1.80105677684725,1.82803580623449,1.85082098489639,1.86893828707102,1.88202322082191,1.8879978734554,1.88560638244494,1.87597199979135,1.86213257393572,1.84208578855619,1.81585733839897,1.78503745978455,1.75017711215645,1.71187137867474,1.6731869909193,1.63595221220358,1.5996011988213,1.56444568503039,1.52806539142999,1.4904533221845,1.45142187703704,1.41029015891292,1.36681170796572,1.32094930123457,1.27283137257079,1.22161955772155,1.16506839253216,1.10333174078053,1.03760441235132,0.968990810564233,0.898573805093275,0.828073062233402,0.758838527603982,0.690917883243512,0.623952923398407,0.55983967459956,0.498297438873036,0.439037250708459,0.38402405600357,0.333953064984758,0.289152670329672,0.249928129533291,0.214901841743794,0.177951832516562,0.135510257763815,0.0927986912638649,0.0524277717651341,0.0121513793436505,-0.0272553171469933
0.026619590930223,-0.0111141322525407,-0.0461385825532161,-0.0778154322088823,-0.105690744803946,-0.129705481401516,-0.150628651128798,-0.170988268121996,-0.190380748708075,-0.207160199579436,-0.222281584702834,-0.233770842937001,-0.239973003703654,-0.24764669728756,-0.253065927848276,-0.251836277758728,-0.245116464847675,-0.231502714374422,-0.210190896281629,-0.180663266103749,-0.140505236390296,-0.092198835300593,-0.0394385075614251,0.0182475589335813,0.0827078211936656,0.146806353022536,0.218599772625904,0.29927908539782,0.388771188128841,0.486219969270928,0.589621334208045,0.697834402370887,0.810892028176848,0.927676538272342,1.04696443999558,1.16741593014505,1.28745960071822,1.40557840806813,1.52190679368242,1.63693081459989,1.74916614554395,1.85508436602536,1.95013346810919,2.02653721318599,2.07870641494789,2.10300335781119,2.09561103785862,2.0612199679612,2.00670864146361,1.9380997488825,1.85955402185192,1.77494856641865,1.68564572947069,1.60091826942306,1.52963145419375,1.46791769852415,1.41052049664741,1.35554490745553,1.30088463765248,1.24552592452896,1.19013444435134,1.13451590011482,1.07442567254209,1.01144487804943,0.948437152622667,0.885395448938342,0.822303903794972,0.763194526628873,0.710808155383459,0.659115176415524,0.601823886505573,0.549697846749499,0.511702189307873,0.492874208857782,0.492719083864981,0.505555743203805,0.531879630203065,0.574719443150476,0.62187060418478,0.662831990670351,0.69756929036973,0.738067263231206,0.793205703326471,0.852195146738282,0.913964584732083,0.987039554862172,1.07570655662832,1.17470272165114,1.27575625547375,1.37304330187734,1.46243353585226,1.54081163149227,1.60521049332751,1.6534159808889,1.68514253355573,1.70000079102073,1.69743584450487,1.67717028316989,1.63991956633915,1.58614589633371,1.51659330614689,1.43242946928111,1.33458413640827,1.22177616044936,1.09341191043802,0.94860125912237,0.784190823412806,0.601117745420149,0.64397032521674,0.749102606446385,0.842208391771507,0.927228448574005,1.00662311450333,1.08239149544087,1.15177045593025,1.21324512395925,1.26720906936854,1.3174797042288,1.36477369444417,1.40959227827472,1.45279598454901,1.49572106647806,1.54131949550778,1.58638566930393,1.62946109721326,1.67472373229477,1.72070172846828,1.76425309910536,1.80484773838538,1.84291419291183,1.87857556863288,1.91124165384618,1.93994997895416,1.96554669806823,1.98723784401502,2.00421769758993,2.01587366976063,2.01958745032289,2.01364150084677,2.00270260706497,1.98450162897116,1.95823608094186,1.92349417949184,1.88136480591577,1.83501988153161,1.78785198875842,1.74446084669776,1.70402333003041,1.66503180493123,1.62639708625516,1.58686762811348,1.54590632423296,1.50280569627333,1.45679954437174,1.40770244412614,1.3555907403754,1.30048935955169,1.24109131411027,1.17627502504692,1.1073886041699,1.03613527089357,0.963472925247481,0.890267631219464,0.818060483545574,0.748368924150695,0.679803236836006,0.61449649812431,0.553628289887019,0.497484480335583,0.446100148436767,0.399689453673459,0.358370023063956,0.321822102663172,0.287127973502864,0.252095635726997,0.212784379426221,0.16883951761178,0.127376322855838,0.0864870217228996,0.0461924252101294
0.101386597594894,0.0629000143254608,0.0271191520335706,-0.00556661447207501,-0.0348239120262848,-0.0606304810217318,-0.0830715793986773,-0.103459091427791,-0.121920145619461,-0.137761776359842,-0.151747975282042,-0.161603898139597,-0.172507020100675,-0.185230735048853,-0.191346743310043,-0.189183598631158,-0.180312091792189,-0.165460003105058,-0.143443736029728,-0.113570374417943,-0.0741423246829814,-0.0249986617176446,0.0301820147784391,0.0895927485220605,0.158270499320659,0.231039752715416,0.308995354501685,0.396654170095315,0.493246338247566,0.598305632745886,0.71040281955035,0.827091791997217,0.948175566433381,1.07284800034137,1.19977718182696,1.32752874224026,1.45426076538135,1.57931275995151,1.70429530723563,1.8289670353693,1.95135398279177,2.06866027785262,2.17583196271768,2.26353866774291,2.32165884721338,2.33616295441289,2.30644929068885,2.24639142391116,2.16745734531424,2.07679850090224,1.97748683809654,1.87176220784788,1.75938975793456,1.65190252803949,1.57076066103393,1.50996798275817,1.45198308698667,1.39211240008939,1.33168713714893,1.27082960156828,1.20987107755405,1.14933696886762,1.08746713699259,1.02477993932828,0.96188358324909,0.898581157505959,0.835185506687056,0.774540751096633,0.718269873830981,0.659112624854971,0.593132989755897,0.534314370530508,0.493085459233278,0.470241301373535,0.462685296986224,0.469785898004917,0.493698168428979,0.536284977234411,0.586022321516484,0.631268892131672,0.671658771978675,0.710624322812742,0.749972482825738,0.789763252133761,0.838602488864871,0.916593572532099,1.02521755106384,1.14381186889394,1.25943610599502,1.36685202343554,1.46298342059323,1.54586765882942,1.6136212653261,1.66548623017926,1.70153822567502,1.72117597167053,1.72417106294803,1.71065314797152,1.68095326241231,1.63549134910435,1.57588133124904,1.50300374606671,1.41879650116512,1.32491252652234,1.22118863480077,1.1099022296378,0.996944635686479,0.909356724795925,0.901551100380676,0.952476101336534,1.02023917539278,1.09458480281213,1.1709679219163,1.24625526525282,1.31628569283669,1.37942544798529,1.43435218524368,1.4834429842501,1.52812193447355,1.56869740275937,1.60637009789501,1.64380598201299,1.68410287633676,1.72279615507889,1.76011287363693,1.79935270815162,1.83898707865425,1.87713390870841,1.91474631418497,1.95105997947472,1.98588801501804,2.01891323813259,2.04933606873079,2.07645249437049,2.10142401738007,2.12269676507873,2.13916111981966,2.14896519071846,2.14868746243302,2.14195721325676,2.12769367625022,2.10237186943892,2.06303631568428,2.01106458270252,1.95329101207179,1.89643913909984,1.84616162480784,1.80168879180435,1.7596009779749,1.71916141778457,1.67878039592755,1.63685555113413,1.59253425271029,1.54469601838926,1.49281296133313,1.43691523077839,1.37747798501638,1.31471033513602,1.24801838012174,1.17713717927917,1.10348487693019,1.02847244225217,0.95302501442967,0.877986536145283,0.805830490833599,0.736674269930597,0.672174212223356,0.613806501080798,0.561161652076564,0.513654077382997,0.471172041252663,0.433427991394761,0.397669102333502,0.362691939417794,0.328342245014231,0.291723851098768,0.248576958047715,0.204608318112479,0.162762336239288,0.121428592586056
0.176523654112341,0.137746780224755,0.10208937355516,0.0693885993845938,0.0395244060151684,0.0125748273351428,-0.011609129373371,-0.0317185648175274,-0.0486432227207896,-0.0633363452986949,-0.0744727725337555,-0.0859947058132251,-0.102014988237,-0.116365036475043,-0.123376299512767,-0.121953096296199,-0.11214281951988,-0.0962419028355146,-0.0743851513588471,-0.0450946927264355,-0.00722465725086058,0.0408004838836534,0.0975102751338673,0.159028577472865,0.228246490645363,0.30956153147235,0.39532397656242,0.490095441680879,0.594426453951327,0.707000952714046,0.827001096561247,0.952155797309372,1.08077068783876,1.21268572935033,1.34656017277904,1.48086520585456,1.61351937344732,1.74605351375228,1.87907560158352,2.01061176359977,2.1387598056497,2.2621600889512,2.37789125889287,2.48242763297939,2.55589989027307,2.55767560425924,2.49680349708665,2.40693773375302,2.30351591251164,2.19245473279042,2.07613176121289,1.95488198522623,1.82604475873607,1.69422706381175,1.60738961209076,1.5496112525267,1.48788208824698,1.42325572483876,1.35692386339876,1.29078955120217,1.22483372256036,1.15974266880497,1.09738371285815,1.03581869486841,0.974003809555274,0.912047650805585,0.8498106198961,0.787946956763556,0.728825408461072,0.66147241260488,0.589608692993165,0.527720211245853,0.482452054071362,0.455166419188534,0.439975918112118,0.438003651778527,0.460662297412709,0.511994318344349,0.567300033928733,0.619571325936319,0.664368952576048,0.701830633449193,0.731551881366903,0.752325743094133,0.769118118541931,0.853084891703133,0.995171448214624,1.13282071189376,1.25975520128034,1.37432022816967,1.47519477313522,1.56141610724513,1.63240920126704,1.68828656419071,1.72876621206146,1.75360480829439,1.7628253259912,1.75655882304896,1.73510743673938,1.70001323709149,1.65276770124941,1.59461291441487,1.52799483120085,1.45639968648021,1.38395815060482,1.31562486215886,1.2616677218794,1.2317673083153,1.20503851853176,1.20580786472331,1.23926037814621,1.29496162060474,1.36135917543418,1.43140558709167,1.49958397247488,1.56277479428877,1.61809662338195,1.6647103012682,1.70493811993144,1.73950891812223,1.77067001348537,1.80279024622332,1.8368273866011,1.86826319554032,1.89791644732439,1.92952877260901,1.96051383372704,1.99083716707869,2.02294520137079,2.05691966346523,2.09048410827717,2.12292028323337,2.153917368687,2.1827030429671,2.20889612962378,2.23413197410191,2.25543489259341,2.27054567782089,2.27765779136774,2.27766144361807,2.27074679733879,2.24833183289789,2.20367917244817,2.13762347141636,2.0631665520228,1.99461106883448,1.93771273641042,1.89037904029224,1.84672482779002,1.80534673251703,1.76523835428222,1.72369045292674,1.67913317369268,1.63027233423759,1.57618771996871,1.51735048383224,1.4545737490196,1.3885382716041,1.31911548962705,1.24585583624645,1.16947345149368,1.09165797937408,1.01379758246227,0.937369846330148,0.863950169984025,0.795358700140744,0.732289007353991,0.676220211942609,0.627074973671987,0.583919304966023,0.545978636754232,0.510875450589469,0.475787873390268,0.440780857731067,0.406310409447825,0.371353575539975,0.330874045717484,0.284776342666862,0.239835977410102,0.197022987303247
0.24996930956637,0.212098475080367,0.177998465944662,0.146484888314572,0.117079530530233,0.0897175520455056,0.0651181724231712,0.0450572177546159,0.0294179350906362,0.0174455725357178,0.00756906890211857,-0.00805266970244176,-0.0260573500486631,-0.0406735618129833,-0.0487057634512417,-0.0485289703279171,-0.0399752441208747,-0.0242528162502424,-0.00308130472134305,0.0244224410303112,0.0598883819582028,0.104964835632158,0.160629242991866,0.222704856128746,0.292696151823668,0.378799779910686,0.475586728315579,0.578038602951411,0.690342728970205,0.810980832463356,0.938291888490626,1.0711040181527,1.20686279285947,1.3450988655324,1.48491010481256,1.62416956456019,1.76210508358824,1.90003980062915,2.03593795243449,2.16789091925018,2.29478044591227,2.41602165474837,2.5331600414629,2.64854890132968,2.75301244447442,2.74408872225203,2.6389116904003,2.52467411866816,2.40465499213579,2.28063723743698,2.1541601086445,2.02542201850318,1.89466447159514,1.77346753049596,1.67453213105943,1.59483879444284,1.52125735742894,1.44917636419331,1.37699313638207,1.30536079335473,1.23536523188216,1.16745729449864,1.10384019217154,1.04420330905088,0.985112387349374,0.926072880650025,0.866250400415615,0.805094206872106,0.741772414567003,0.668826239441111,0.595026084049786,0.531668498477806,0.48389504247672,0.452271418596484,0.433967078811852,0.427327348270136,0.446197673107773,0.513117084572104,0.57479113632161,0.631893981564122,0.6819281164851,0.722522909156692,0.753570586673736,0.775644281180262,0.797986044300561,0.88244410540409,1.02060402892878,1.15784313029399,1.28553768422434,1.40112529042301,1.50307673632257,1.59077691452106,1.66412997780077,1.72301305388243,1.76700001064651,1.79617251527786,1.81060304076246,1.81049189937618,1.7970804163597,1.77268623539258,1.73843947984516,1.69633619119232,1.6492056181541,1.60090054969832,1.55625640063245,1.52095072110278,1.50037483410724,1.49804550111811,1.46828524112472,1.45166440475632,1.46725150376591,1.50924663101678,1.56519502712229,1.62878790650192,1.69471671772677,1.75804824974998,1.81389816161833,1.85785779651632,1.89173152653538,1.91841277836259,1.94307298612506,1.96883868423145,1.99603416693595,2.0202485186261,2.04237620358397,2.06465443284383,2.08441072032497,2.10327858376617,2.1287286006359,2.15910324189064,2.19063275034794,2.22162472420916,2.25196373451188,2.28145327383942,2.30925709533507,2.33514137236405,2.36012908881958,2.38058670044854,2.39495701504092,2.40436434024804,2.408854351744,2.39691894759378,2.34898953198274,2.25749254526949,2.1566146138487,2.07701105379806,2.01755997777437,1.968901716761,1.92528252272659,1.88423096928366,1.84540321398918,1.80596039592946,1.76288275402047,1.71459668152331,1.66002712821278,1.59906239021662,1.53265571764684,1.4622409847342,1.38864619451937,1.31221687128199,1.23298428303177,1.15305333630983,1.07392189541242,0.997078191454681,0.923650644921604,0.85548189180205,0.793051854027607,0.738731627011643,0.692999031063575,0.654934215178924,0.62195434436769,0.589240835363865,0.555184174543849,0.520057309195938,0.485111401245351,0.450956369230237,0.414056431170295,0.3677239799135,0.316911192254505,0.270705955048252
0.319006643392805,0.285252318040128,0.254785659730902,0.22583872416514,0.197889667412188,0.171130556857472,0.147613972534671,0.128069707565848,0.113371947021028,0.104287420884016,0.0916707249953095,0.0743708667167207,0.0561970410625791,0.0418783159246382,0.033615572247989,0.0323050016341294,0.0382129772470165,0.0512953867237832,0.0707561290912503,0.0954432033550658,0.126977523391712,0.167471534063637,0.218321432668829,0.279576245214429,0.351837323416952,0.439058401469795,0.54501592316347,0.659728062365118,0.780293340127098,0.908954268425849,1.04362227187423,1.18252928037404,1.32393256396211,1.46599227692036,1.60804577118952,1.74847195513185,1.8896810568272,2.02981840817218,2.16572801587749,2.2941678439544,2.41304965878436,2.52201466764711,2.62424388285087,2.71760504034577,2.78440652894827,2.77683571283065,2.69299594298098,2.5823600794757,2.46092712331747,2.3341304858194,2.20556682450579,2.07652804338482,1.94881829634379,1.8302996142501,1.72456960350838,1.63171243762549,1.54704577388426,1.46683063760254,1.38948331920917,1.31370028371065,1.24070508152993,1.17157891713924,1.10755035829614,1.04940703237872,0.994566661053718,0.940452490612405,0.884863032229978,0.825175648726315,0.758012856028869,0.684660007231735,0.612461151956972,0.548238163089225,0.498603771501351,0.46400171024577,0.448362192636704,0.454290441539367,0.488858938652141,0.548097624466031,0.612338813691313,0.671134512237063,0.726222658014788,0.774140775356451,0.815820369760296,0.85636782975972,0.909055524054878,0.991091618837064,1.10020960759208,1.22006401316361,1.33843628421179,1.44896654702147,1.54846830319044,1.6356081175818,1.70997783610231,1.77055698983575,1.81697262630746,1.84931435593418,1.86741371939017,1.87209110019399,1.86574694212185,1.85041969427151,1.82771975060871,1.80012582487621,1.77053713545445,1.74188651865075,1.71753430751274,1.69995981538259,1.69061829776878,1.6848191423064,1.67466676236388,1.66944676440538,1.68497519334369,1.72146339432,1.77015020210893,1.82807867217283,1.89220259309053,1.95738578776076,2.01625875266199,2.05804215798275,2.08239914776167,2.10021041144484,2.11728676329159,2.13593478971489,2.15643367196686,2.17489864648616,2.19154764759615,2.20558783493415,2.21315688966807,2.21696670225978,2.23489865648516,2.25890668317325,2.28483417058292,2.31276578507801,2.34138104094704,2.37020795756293,2.39871664313877,2.42521995304927,2.44938568600935,2.47302148821781,2.49366419552034,2.5109391529191,2.52845318737412,2.53526786975252,2.49640424114993,2.36383113554042,2.21966367564868,2.14417708090494,2.08895989391242,2.03897452143956,1.99492203379091,1.95478951415813,1.91901065800452,1.88462126001708,1.84631910611374,1.80048562443879,1.74561447026486,1.68178674939539,1.61073188647688,1.53469343572934,1.45594681151561,1.37598573653817,1.29510307562012,1.21396440366423,1.13426500287171,1.05719684317892,0.983684974675954,0.915345647414,0.853067704021797,0.799220598400707,0.756271533506624,0.723935909556384,0.696502274559109,0.667988984879368,0.634800556573754,0.598348179057133,0.562059552472578,0.528136699854497,0.495664263883279,0.45326540469171,0.390860329624341,0.338875477393233
0.386715304968374,0.359443590969448,0.333936132726422,0.308261865507146,0.282354751461368,0.257748664951833,0.235980330227156,0.217654543766369,0.205078958926233,0.194042816988497,0.179356215693078,0.16242191787208,0.145314121903165,0.131937097110759,0.123966835180654,0.121345982028072,0.124437931628071,0.133557640221006,0.148618547495424,0.169291438129348,0.195337337862567,0.228915996232635,0.271740380873679,0.328480227593786,0.401441264013672,0.492508464345698,0.604325952460971,0.732075283965096,0.864430202426594,0.999786138994102,1.13924818778322,1.28082937319997,1.4232565129205,1.56505487944179,1.70586631633946,1.8477994014103,1.99107027841748,2.13256512237737,2.26759988186633,2.39023481414668,2.49517400460664,2.58242219809642,2.65485931205779,2.71300730726672,2.74900106409809,2.74143762856367,2.68080802450578,2.58477379548461,2.4707885481175,2.3486791062888,2.22401501227624,2.09948964971447,1.97602388635747,1.85808265201507,1.74909917392745,1.64942848807111,1.55747349202795,1.4719798698985,1.39103056641424,1.31351014364998,1.23908909632673,1.17015958516684,1.10765539208248,1.05122073839937,1.00140223604487,0.953853050390468,0.904341828503691,0.846132486203382,0.780421319871215,0.712407812223939,0.64381144735965,0.579678739745075,0.525098621045691,0.485473565770539,0.471524633824443,0.490184895939784,0.538177471760355,0.602401833836653,0.671712985283633,0.735376405590733,0.793361071410566,0.848838386130428,0.901415514621563,0.956464574975997,1.02210409774508,1.10362582264837,1.19981750406973,1.30509785559336,1.41250617032348,1.51583611916,1.61133823989366,1.69689810679199,1.77108759128346,1.83233502355214,1.88024066674147,1.91408756520369,1.93376166587263,1.94131544339145,1.93945773176914,1.93032029675012,1.91666133429168,1.90122421259198,1.88605819045485,1.8726109346195,1.86196700047794,1.85508008327078,1.85407823314588,1.85494272201028,1.8563231852435,1.86302141116202,1.88448265901074,1.92132121767798,1.96615694193553,2.01910146150512,2.07971238408714,2.14658863757634,2.21495258168993,2.25648700644353,2.26347513165716,2.27307835659482,2.28352551896075,2.29442812602294,2.3096722306433,2.3259725238246,2.34200591720561,2.35068187318286,2.34735546516047,2.34201319166169,2.34403504385131,2.35451919401639,2.3713538254659,2.39349510628733,2.41946144524129,2.44678720187456,2.47409704664747,2.49964227816926,2.52243083117494,2.54374268356007,2.56521723287966,2.58449737487871,2.60625568675007,2.62394526783574,2.59350168849126,2.46367264413072,2.32070895108757,2.22475727369956,2.15857531636375,2.10434489576883,2.05640556221867,2.01681999577495,1.98768460386595,1.96237109148792,1.93180479887125,1.88925519460768,1.8330698880094,1.76459270578294,1.68725308306137,1.60526994141877,1.52171204992092,1.43855274065655,1.35621654925049,1.27456251550882,1.19442399210884,1.11693211651755,1.04298334222542,0.973698241976068,0.910563290422741,0.855406989531511,0.813259115256033,0.785373280555424,0.767256332904543,0.747533896970627,0.712793004731972,0.671889767165871,0.632602813520866,0.596621547468992,0.563410749155638,0.521797738467679,0.443683328564105,0.401798667046798
0.468484565643539,0.441685996909843,0.417718105274694,0.394785658220192,0.371610711770975,0.349915044273319,0.330244924570991,0.314808258948146,0.302562875926341,0.287508123200493,0.272356173507212,0.256462059994189,0.241430003225869,0.230294959543318,0.222826170011553,0.219426572238261,0.220141905250846,0.225314718213818,0.23515356539836,0.249550180012246,0.26855701016466,0.292550862517058,0.324250308763631,0.369578785428138,0.439366478844842,0.537110451885292,0.657195591988815,0.793714967681442,0.936864844027727,1.07843961028146,1.21838319735629,1.35901953261486,1.499610931017,1.63869320135674,1.77730452167265,1.91896599292674,2.06230480317367,2.20471060287653,2.34079831657345,2.46077213105881,2.54927629017455,2.60426840800183,2.63496549919114,2.65589460035434,2.68163076127297,2.68908256719416,2.63449079894086,2.54660015025441,2.44048517797461,2.32562645984707,2.20806769736901,2.09031318387895,1.97187411167683,1.85664621825416,1.74770944999095,1.64585947565824,1.55076625928511,1.46187081144852,1.37885695179749,1.30113158964987,1.22800512546677,1.16099462710308,1.10138464993373,1.04935801882268,1.00406026810707,0.96320269782333,0.919717073456084,0.867376615220383,0.810854865426615,0.753855693925903,0.693210619197642,0.629376205312748,0.565320292305076,0.510657629494113,0.492308696714708,0.528962189654288,0.596256674934686,0.67110263298091,0.746417981157833,0.816465805040463,0.877307787273653,0.935738614178029,0.994992686226158,1.05824286574912,1.12972960380284,1.2112541694858,1.30196180710803,1.39873007237374,1.49819653847565,1.59590536845978,1.68805111118575,1.77221518744831,1.84606741829814,1.90788055008893,1.95627753045548,1.98972759546955,2.00906485957661,2.01670087487408,2.01540944938927,2.00888805049007,2.00145301245202,1.99602548466043,1.99313983839182,1.99228943766813,1.99237548343488,1.99500055747158,1.99965749940464,2.00682578014797,2.01645747340276,2.03262276266689,2.05892420260885,2.09707379365236,2.14031582206262,2.18905631346171,2.24336092644326,2.30205302578059,2.36014742187211,2.39635618748399,2.40338100406949,2.41123313579517,2.42016758028863,2.43004379389684,2.44422245907389,2.46201531181492,2.48463584546129,2.49328096254154,2.47137400370446,2.45218730795255,2.44031902421346,2.43781275872676,2.44522818146588,2.46139651280954,2.4838068474288,2.50919317262301,2.53362994496089,2.55589314588562,2.57537319810481,2.59139408007187,2.60579445018001,2.6182414326252,2.62884192363767,2.63029974862031,2.58737751627032,2.49330537720569,2.3764525886975,2.28199520816794,2.21849638881475,2.16479071304331,2.11852988221138,2.08182873246277,2.05492884398686,2.04261628463314,2.02138024069214,1.98221967567919,1.92227141952093,1.84665422421171,1.76216695639232,1.67415550744034,1.58588017863296,1.49927450930198,1.41526459132083,1.33330560111537,1.25319426807212,1.1756781657284,1.10143948364291,1.03103904578361,0.965776877974133,0.906584606112475,0.858590952011704,0.832318395687465,0.823883703334588,0.819799457310996,0.777794452124856,0.734125490526572,0.693653826890528,0.655532638613172,0.617235780119079,0.572585437706183,0.521900907949782,0.483353465661732
0.561534803837808,0.533891643340058,0.508879629702736,0.486155443747874,0.466085862862416,0.447496617622147,0.431232853688215,0.418681011825298,0.403854681077921,0.387300808263369,0.371522754677992,0.357038602941595,0.345666326093781,0.336910223294394,0.330754023050684,0.327225654186628,0.326630704279128,0.328907441876912,0.334278951394525,0.342768407966416,0.353871472719476,0.367658443996089,0.383507195008592,0.406842299799154,0.45957353345978,0.571943615487222,0.708548696704235,0.849962506820067,0.995461351651861,1.14069709535273,1.2813671522276,1.41754261826553,1.55250348382867,1.68631540932588,1.82093470032766,1.95778434826355,2.09672971487566,2.23679720905758,2.37807427692626,2.50778338974477,2.57720654145269,2.59075412370765,2.57310487800987,2.52802474968019,2.55215329912758,2.59058985637039,2.55241709860702,2.47202460437366,2.37472954645949,2.26919494788849,2.16020173195473,2.04958842214124,1.93709411456698,1.82652339430638,1.72052513105009,1.61997545676757,1.52527719004589,1.43609362444688,1.35271270144796,1.27542909270379,1.20476768859179,1.14117217461485,1.08610829556561,1.03993553628755,0.999973366068862,0.963196925073345,0.925368294358492,0.886509236232885,0.849095590380501,0.810674181587943,0.76409555022872,0.703458221073227,0.633998249830521,0.560460685093894,0.51503704331171,0.59379325649464,0.674152590575875,0.755071229994945,0.834174183787548,0.90678975586508,0.968512019161219,1.02491185191487,1.08556176299716,1.15268257762451,1.22716204531058,1.3094597560713,1.3984902827584,1.49166801577431,1.5874787498906,1.68253404264727,1.77369901300021,1.85796795941659,1.93278204893599,1.9956271053547,2.04377414082235,2.07603434926732,2.0933311336659,2.09740458417188,2.09164693277952,2.08268555581022,2.07821662000718,2.08191697960031,2.09173946585375,2.10319501868146,2.11406822999953,2.12292015674457,2.13080462535579,2.14019790828512,2.15491399359582,2.17723326471955,2.20751690368381,2.24491373513892,2.28531971274084,2.32714142442391,2.37091398299567,2.41495181036576,2.4544003498861,2.48316266821787,2.49940551187905,2.51039021026182,2.52197912049088,2.53604433536054,2.55123802581837,2.56827899696102,2.5850827456724,2.58538110718977,2.56408701063641,2.53861071509843,2.51675387908241,2.50244433260177,2.50087778808151,2.51389200260509,2.53472480220378,2.5566706799473,2.57683709811892,2.59378067189505,2.60677161913399,2.61587525447224,2.61974194625138,2.6181568401923,2.61113519635118,2.59176364358306,2.54832172005178,2.48024401464709,2.39940697023198,2.32492650132528,2.26540080052826,2.21672429096997,2.17702547393689,2.14783957412793,2.13163221959136,2.12474244065027,2.11528678204539,2.08271279355764,2.01383127184187,1.92503794434864,1.83081284393454,1.736550084723,1.64438984053436,1.5553454165928,1.47002272888186,1.3884520854954,1.30943903440686,1.23304058208469,1.15962603291228,1.08955106619241,1.02328521626179,0.961149350057644,0.900831355271719,0.873075007493845,0.862039719595898,0.84561807694932,0.817607228553992,0.782780469824359,0.746921749299414,0.71172771617343,0.676986871017224,0.642119814574473,0.607927144253424,0.576348581959175
0.655436458063068,0.631568299434747,0.607436767726476,0.585271316422616,0.566325419314619,0.550519518967748,0.538819853953385,0.526121761419967,0.510120407000468,0.493786103005782,0.478042194958627,0.465667382389484,0.457790697289304,0.451916891859981,0.447741467701123,0.445273518493086,0.444289496297259,0.444993864624636,0.447292441145734,0.451332068190901,0.457624648581243,0.464861080138911,0.471721046009523,0.47876882159029,0.505493216737359,0.634537454655854,0.77626359450883,0.915069847938973,1.05198980151186,1.18924683008612,1.32538191253143,1.45699136728253,1.58289380631337,1.70870686565744,1.83502068375701,1.96109748771244,2.08837023007387,2.21761577586027,2.34500938191795,2.45557543762444,2.50807941962487,2.51738935841569,2.50547822306958,2.37881572276841,2.36689006851365,2.48049826811264,2.4330364723909,2.36116017908589,2.27550182536435,2.18130715442627,2.08259561654474,1.98136860952995,1.87592930692576,1.77078513172089,1.66898090561351,1.57170241771224,1.47966881046969,1.39300049721448,1.31170357102627,1.23668883425468,1.16908673388839,1.1093520975173,1.05904772471026,1.01736676032924,0.981196557766307,0.946249521524943,0.916778121259384,0.897611789199833,0.88601430363893,0.878065163088618,0.852141540919514,0.797205847510366,0.737087987134587,0.696254568371154,0.694801784443241,0.716850556931657,0.770589833463392,0.844829566343521,0.927176781086316,0.997938841342535,1.05206951521014,1.10415647103001,1.16261906246889,1.2316832481831,1.30875126178938,1.39316562235866,1.48337804780731,1.57711965189588,1.67332065488495,1.76947011651278,1.86284879544697,1.95003303306329,2.02784783606721,2.09276444877312,2.14158658559271,2.17337371645079,2.18788078741561,2.18548739302343,2.16938672230429,2.14908235779511,2.14230956086195,2.15876558147686,2.18686445768087,2.21266035317562,2.23082468942457,2.24169568066388,2.24822111384228,2.25528971636394,2.26931794361865,2.29394243405585,2.32734807164056,2.365932236369,2.40196178366374,2.43409562743952,2.46490339890043,2.49485424310415,2.52265266024309,2.54718854345962,2.56622238148081,2.58172837846668,2.5981984840269,2.61475184452785,2.63036353936063,2.64640062579922,2.65930451088304,2.65247038896676,2.62961108309001,2.60246172083441,2.57507372247866,2.54806195848712,2.53390634714072,2.55260371330535,2.57597754025906,2.591710568688,2.60416049106308,2.61359587870244,2.61901597822195,2.6197247516352,2.61397302769902,2.59951363729937,2.57847679737077,2.55088909336633,2.51079855781699,2.45906069523829,2.40114803081469,2.34429370639755,2.29394404842829,2.25160932440514,2.21784521381476,2.19384188451311,2.18159075873909,2.18228247743681,2.19307404867037,2.18980845612989,2.08562628987974,1.98113866767707,1.880894779503,1.78451613132888,1.69196853821452,1.60334849854799,1.51880547812944,1.43852101976742,1.36204993673728,1.28847996541564,1.21783744816122,1.15057721473866,1.087368018505,1.02855573211069,0.976600149530038,0.937362431855784,0.908981717593136,0.883423676916103,0.85617952094851,0.827012074993284,0.797358899368705,0.768393726112207,0.740787489478692,0.715066504399995,0.690730593411474,0.667112789508014
0.748329709534712,0.730619723353746,0.711414667387946,0.692330091821389,0.675152021978673,0.661794226621532,0.650784144706487,0.636938979458653,0.621956263370664,0.606974955275469,0.593281682933595,0.582878587783367,0.577209395691242,0.574004384481641,0.571690623157364,0.570157062790347,0.569500714613391,0.569387981935164,0.570183480969976,0.572719599431759,0.577673895441803,0.585291190018114,0.597680250955164,0.621711079989912,0.672842236559258,0.76155330999149,0.872612628917091,0.991844724738833,1.11222929192438,1.23247231055282,1.35234261643878,1.47235639703841,1.59078921648219,1.70684349954729,1.82023717039536,1.93242236319588,2.04324010724688,2.15122465387746,2.24782445310314,2.32234318521382,2.36362645363773,2.37187065857512,2.34690787481019,2.29810971809553,2.27949426957613,2.29035604096598,2.27068506965111,2.21870107733599,2.14806487232052,2.06663430733056,1.97987105140748,1.88895213744193,1.79201251108122,1.6932543633067,1.59637159207396,1.50331286151823,1.41492364598108,1.33186549398152,1.25449528746767,1.18341958448476,1.11963998646073,1.06553932880773,1.01820430564131,0.975630464610741,0.936459096343477,0.907211221551658,0.889714619992491,0.884789417781552,0.895339459318307,0.921439589635239,0.935635779454187,0.862526183739519,0.810387219919105,0.788696883316847,0.798887259893455,0.805674362295034,0.841073437089417,0.903987536183048,0.984878204231468,1.05285877862612,1.10116990225478,1.15489586350635,1.21588394914369,1.28699989122307,1.36816843392769,1.45658970617498,1.55066601284676,1.64862745585768,1.74886745439769,1.85021136837697,1.94933975725036,2.04259573689263,2.12606937344664,2.19536435798554,2.24746547089033,2.2807423875298,2.2945777853203,2.2890401312558,2.26294618961044,2.21552974092406,2.19042220958167,2.24249617115501,2.29519999969167,2.32968175843425,2.34794430227796,2.35344589937815,2.35133833006171,2.34967494537286,2.35615842508038,2.37620034443247,2.41090427808014,2.4565294791027,2.49150721314172,2.507371004576,2.52615525013237,2.54599811629284,2.56704897427837,2.58782903728837,2.60717125048596,2.62465569891001,2.64304543712463,2.66006394826436,2.6758447249147,2.69207866110823,2.70409386827491,2.69563812988228,2.67317815190766,2.64759328536191,2.62136855440845,2.59412770647252,2.57855890651436,2.58867592574202,2.60672883584289,2.61265033307854,2.61591634456225,2.61678228818593,2.61469783065059,2.60744907741052,2.59352622021111,2.57120730346167,2.54162980043035,2.50935336005581,2.47338056181695,2.43153277880806,2.38645357142975,2.34184495763437,2.30016945540522,2.2633300643505,2.23302118455119,2.21047257585523,2.19566177411903,2.18756640234361,2.17996973234807,2.15111865487514,2.08116659584165,1.99293327609935,1.90193452007329,1.81218584485472,1.72489654082484,1.64071247787835,1.56003074632875,1.48315902612535,1.41031199051818,1.34104188375934,1.27507499671088,1.21250418158711,1.15357643920246,1.09749151294385,1.04646569927045,1.00169535155007,0.963031480124774,0.92992331256755,0.900613030658918,0.873563410652317,0.848743318447282,0.826410020274491,0.806567770442074,0.789117711304444,0.773136379025127,0.756899966536723
0.842804800973511,0.830344364705763,0.817892349225104,0.805042915845485,0.792561193381626,0.782376631097904,0.7692738612827,0.754291662317417,0.739765304247588,0.726431959712462,0.714138045930166,0.705232651206675,0.700277768195223,0.698573698525061,0.697518983113971,0.696414487198245,0.695323922969128,0.694951653561292,0.695954173526662,0.699254920743825,0.706105099179361,0.717250584728427,0.735833023359231,0.767051484839948,0.816525930069181,0.886554345164156,0.973874824588379,1.07015740976703,1.17038785473518,1.27138955569435,1.37142106038338,1.47181065344418,1.57551585467511,1.68042676827842,1.7836588796429,1.88184280302422,1.97452173855632,2.0587733378326,2.1290916254924,2.18077770621354,2.21112569299304,2.2195009896512,2.20833373576785,2.185975850058,2.16407739700073,2.14276533070993,2.11147758107193,2.06452541184794,2.00387349197718,1.9338474637944,1.85786613897846,1.77654709672914,1.68788160298001,1.59581966608541,1.50547728610991,1.41798147613402,1.33407851964334,1.25471850038622,1.18121222897047,1.11436461727686,1.05670122038602,1.00507987491002,0.954321621476364,0.907889673730093,0.871562042227638,0.846366183674422,0.83370743712681,0.834320410701612,0.844494638580278,0.856598732772061,0.854795858661648,0.829773171298739,0.802396947433684,0.788618267173822,0.793166669743291,0.813976317764418,0.852408816210567,0.906248807053359,0.970870505493726,1.03679747027668,1.10052236996845,1.16606026469374,1.23632702522241,1.3129454789503,1.39937722806366,1.49368375920539,1.59406530775324,1.6989544284679,1.80691924023108,1.91674714834779,2.02486421336859,2.12715645534127,2.21905260264063,2.29636577422056,2.35456138120285,2.39063081284566,2.40768745599166,2.4110379949359,2.40258066542541,2.39229940000253,2.37733814316469,2.40454375071853,2.43781065663869,2.45920332080184,2.46366732872072,2.45466708745182,2.43553128567913,2.4203976077952,2.41270265411383,2.41680997542071,2.44770085818725,2.48866605446875,2.51861248399718,2.5368122989727,2.55261356737977,2.56910942857223,2.58684432958372,2.60519961849866,2.6236609409099,2.64173148452143,2.65886334415522,2.67399534576424,2.68781690155304,2.69989152011095,2.7052568380015,2.70095651679473,2.68810026692122,2.67044310808576,2.65113316995245,2.63344623763434,2.62193689996961,2.61858598740354,2.61886274573974,2.61731398076615,2.61304385219519,2.60617046838343,2.59652819753473,2.58290607121769,2.56315960966104,2.53611465578351,2.50271791227728,2.46777478852405,2.43327867243176,2.39731522724814,2.35940962042793,2.32179260578821,2.28638835735672,2.25395548528755,2.22540075616371,2.20093605012639,2.17929968985842,2.157455574489,2.13001488387421,2.08997957898703,2.0384150711788,1.97218331429505,1.89792776205944,1.82076712899007,1.74328820787747,1.6670787122594,1.59311832134409,1.52206668790152,1.45442981039897,1.3903400725979,1.32986581750643,1.27288701024282,1.2174171666694,1.16366998674107,1.11235310746453,1.06406477390967,1.01872903680449,0.981763456023735,0.951234846036336,0.924401863707362,0.902719171545347,0.886599198080367,0.874661776133081,0.865289454920076,0.857148930060949,0.848202783779343
0.940191365363849,0.933632774690972,0.926390936335688,0.919250599680817,0.913787755419857,0.905194622595496,0.892254016619565,0.878707333372418,0.864840065477983,0.850880475844721,0.837886765503276,0.828333900288618,0.822146007252117,0.819107517700561,0.818212167692517,0.817567835893475,0.817337892789022,0.817929353597518,0.820087328198707,0.824838545154401,0.833318685106262,0.846409953141662,0.866473796614796,0.896303693392563,0.938311649915622,0.993338764146825,1.06007711876504,1.13567064506565,1.21682510449165,1.29943329524429,1.38291698905009,1.46747389291281,1.55357117225557,1.63989944992733,1.72647190313496,1.81090480192627,1.88779667015472,1.95245839846109,2.00336649735605,2.03982731384415,2.06174076889395,2.06874146736511,2.06217190275772,2.04529807748865,2.02162736319922,1.99188385577176,1.95425085990945,1.9074813061141,1.85196869156855,1.78902870195114,1.721031744312,1.64718386981497,1.56693829561061,1.48280989371131,1.39894648697212,1.31694800149658,1.23803973642374,1.16343861559043,1.0940329705566,1.0319045440607,0.972982114607098,0.917183116702768,0.866996209209906,0.823837052575431,0.788796361737365,0.765363024656197,0.753113221678302,0.749169680683223,0.750292623183782,0.751471811591646,0.748065105680315,0.740222399184547,0.732634396524226,0.731738779957917,0.744075839333659,0.771543039099063,0.813257808071587,0.865222970490491,0.925987350686576,0.993370361957506,1.06503940340608,1.14067506302446,1.22106594295877,1.30620283200815,1.39788245608063,1.49874868383899,1.60655407013229,1.7198391217433,1.83771662019343,1.95853517123037,2.0778999882275,2.18997053460881,2.29117422469827,2.37939960947075,2.44879800136172,2.48170075195258,2.49562597372569,2.51168046542385,2.53062899742345,2.54483358095177,2.58847163156767,2.58571838259191,2.56038852714017,2.56990427196597,2.5479919061619,2.5158640893046,2.48824416052804,2.46684929539579,2.45256994689101,2.44856737605216,2.46790523500981,2.49634533473802,2.5192439187699,2.5358050789526,2.5506379186547,2.56656195022779,2.58289815244573,2.59986763329603,2.61732069300395,2.63422676524659,2.64883956815907,2.66174988235536,2.67400241874503,2.68303377358489,2.68697704687995,2.68522683671306,2.67832283085946,2.66784584948282,2.65580954945387,2.64425301554305,2.63470440634341,2.62676651747112,2.618858296512,2.60953139931079,2.59804998670347,2.58463828707155,2.56860459218287,2.5491894514574,2.52549766627085,2.49575918770031,2.46089318811245,2.42502627401503,2.39013104819881,2.35606753019022,2.32297268594378,2.29023113103343,2.25870966039424,2.22895263336495,2.20080606902393,2.17390712702372,2.14699105333469,2.11790094780567,2.08405743649514,2.04386798903173,1.99625926385598,1.94146128509323,1.881043552466,1.81672885815582,1.75059405885188,1.68422260128856,1.61885824534363,1.55540579957808,1.49456080038619,1.43686683768043,1.382360026075,1.32996933721411,1.27848603207522,1.2281130107425,1.17896356241795,1.13130963599641,1.08625274669434,1.04652112934811,1.01137908714141,0.980437380550686,0.959701382989027,0.95116949126114,0.94790017915684,0.946205587437273,0.944928042320818,0.942434699856643
1.03823219650831,1.03726789962565,1.03471801673867,1.03287341703045,1.03027873358811,1.02388922617896,1.01503152051633,1.00358367784211,0.990264486931526,0.975806591974761,0.96215931020505,0.951195433381596,0.942983471285312,0.93763375153877,0.935172856372662,0.934521254007448,0.934576790488762,0.935609520329557,0.938223821995811,0.943341014516585,0.951860361164723,0.964173712459729,0.981851837336831,1.00657491481774,1.03954514399537,1.08117103805092,1.13112223116444,1.18791739692713,1.24965089626082,1.31604912499911,1.38654035077948,1.45704767695153,1.52669740216766,1.59505506032732,1.66187888014067,1.72517077588078,1.78188601878961,1.83054438090028,1.86917258043001,1.89674344497898,1.91239613284071,1.91625349198606,1.90873151472514,1.8913090392613,1.86569356138065,1.83259254152878,1.79268726745609,1.74615146901686,1.69334635895075,1.63527020804625,1.57303977658313,1.50608534584855,1.43357168054001,1.35656249194802,1.27856966849959,1.20143477030882,1.12636750524102,1.05450233378081,0.988583846978181,0.926709994557824,0.867666553344966,0.813540425001164,0.765528812653323,0.724852216125162,0.692658741592925,0.668144716381686,0.652015586410977,0.642559702134425,0.637365978825202,0.63426521700902,0.631538635839384,0.630294732442279,0.633028551519153,0.642004271590308,0.660789574851868,0.692910211009482,0.737683431304541,0.791299684616505,0.853121943174928,0.922764891627298,0.999976128811278,1.08281449940714,1.17045590220045,1.2632988858872,1.36130659647162,1.46665664734317,1.58045346210037,1.70083664633792,1.82766925705499,1.96031782680508,2.09286041552659,2.20930393371905,2.31061067575875,2.39544222049541,2.46474112528254,2.49383583349085,2.5080737360892,2.52576698362907,2.54657565013617,2.56832354799119,2.58753690814193,2.58618113005019,2.56889215838971,2.56082840907168,2.5460367873884,2.52296073089345,2.50098099944636,2.48441661838394,2.47462840888405,2.47290080643137,2.48037007604048,2.4925002354102,2.50517447774591,2.51655387134921,2.52821004803008,2.54192348493715,2.55723851071139,2.57318603747885,2.58955076626192,2.60367200952489,2.61569756194322,2.6275954449044,2.638207615826,2.64570642115567,2.64966689171022,2.64997594767844,2.64698236653839,2.64146098711651,2.63437157977871,2.62649477422482,2.61781726561946,2.60773705549333,2.5958827243729,2.58176183883011,2.56558624075798,2.54761945454394,2.52765009788348,2.50502161938256,2.47875294593328,2.44791661769153,2.4129762340257,2.37836092722745,2.34433536664069,2.31174818044944,2.28070380020287,2.25110836723523,2.22180203122762,2.19318696080764,2.16536037243576,2.13729958569991,2.10814352482075,2.07672675102948,2.0418361566999,2.00276549583835,1.9596579005112,1.91221298668552,1.86059301060536,1.8063213402727,1.75096919746254,1.69480813755927,1.63883151185169,1.58397590058131,1.53100468925584,1.48055608526609,1.43236815398495,1.38479178417539,1.33804052706575,1.29209858930225,1.24729498405837,1.20400781877872,1.1624227435744,1.12303407155031,1.08597899075614,1.05031415277015,1.02791606398529,1.0296138261921,1.03201058830816,1.03439364785371,1.03662382482329,1.03796708798116
1.13392928242683,1.13643243937226,1.13877268736377,1.14132195241904,1.13942399593636,1.13450768987716,1.12757912243462,1.11899305190235,1.10863836545322,1.09620556242409,1.08399795236004,1.07335702765588,1.06468274104152,1.05807316233311,1.05363870629618,1.05151037291754,1.05055004486861,1.050605908416,1.05208227463569,1.05575090789292,1.06203111699358,1.07112248759224,1.08417446520961,1.10222138225251,1.1259885760345,1.15550909165382,1.19040020275365,1.23016854595518,1.2745001510855,1.32363000040844,1.37689901821665,1.43258656364852,1.48796450218718,1.54048892174562,1.59033099151262,1.6356176585611,1.67471687549634,1.70619796604763,1.72994196122748,1.74575326436623,1.75323213968249,1.75215650204177,1.7420772925361,1.72323422140308,1.69646577693588,1.66299041665714,1.62324376165246,1.57773828329136,1.52713082013803,1.47220538969115,1.41431401098352,1.35218002787862,1.28477253686594,1.21287702938319,1.13913438548627,1.06675694398831,0.996033012783016,0.929649558649839,0.865864826412717,0.805125386645386,0.74889847397329,0.698383921357319,0.654413439391022,0.616347171619803,0.584020555190494,0.55736333276288,0.537097825868367,0.522858580619815,0.513651161459785,0.508476630021679,0.506929792802146,0.509227335731536,0.516935723027868,0.531957571478161,0.556348450482784,0.59153668387239,0.638351512417153,0.693163100473521,0.755880456628831,0.82689204216732,0.907008647905832,0.994198740807225,1.08630717829665,1.18388233420415,1.28671199880952,1.39453727057498,1.50955030597101,1.63183902743877,1.76010286342301,1.89401863607892,2.02925920743334,2.13939510116995,2.2248795643812,2.2982527396227,2.35580324034976,2.39797535727234,2.42883551536081,2.45407556752736,2.47636434800738,2.49520971446481,2.50811429268003,2.51262803050408,2.51002009734893,2.50357302657168,2.49411739094753,2.48295960042963,2.4730842984227,2.46655220117282,2.46282415131308,2.46117300201452,2.46244691788587,2.46539631568001,2.47001184853428,2.47769474943239,2.48652007749869,2.49751117985066,2.51115997044191,2.52630000938332,2.54014741432213,2.55169791000249,2.56194973395195,2.57275793924201,2.58176626522464,2.58850672289929,2.59279951264819,2.59464956187423,2.59428985426047,2.59219554944051,2.58867875635927,2.58352258038693,2.57587714490929,2.56511000462945,2.55086546160023,2.533453592059,2.51385548637586,2.49238390778783,2.46904914411611,2.44371923203545,2.41616555015753,2.38546985425227,2.35315354147037,2.32188506074643,2.29111325989486,2.26066827882806,2.23107037410456,2.20272370343931,2.17560474770785,2.14850368622286,2.12134861885078,2.09387996512117,2.06503705117519,2.03422768351363,2.00092657799518,1.96480416165641,1.92598254455697,1.88501608445999,1.84147945136415,1.79572532022868,1.74863728321099,1.70096545892258,1.65375572648084,1.60772077861531,1.56310271243735,1.52023844333993,1.47795717300589,1.43609364781776,1.39485082913326,1.35447022521567,1.31502566144491,1.27692468460034,1.24060178135338,1.2063984576688,1.17534529938566,1.15012700520613,1.13434049737516,1.12799312663965,1.12691970900359,1.12800009501284,1.13002159362028,1.13259289050746
1.22398301615323,1.22953611076363,1.23578126000587,1.23916959662028,1.23921281474292,1.23682573131791,1.23244240668316,1.22632348512219,1.21820054634858,1.20831046752104,1.19884190362624,1.19038142122324,1.18272059608531,1.17591139974806,1.17018114330147,1.16583846089199,1.16304001623666,1.16089926566095,1.15979024581806,1.16028980162823,1.16256316802443,1.16673020289335,1.17342457938442,1.18320749426011,1.19649071200194,1.21368493414639,1.23479807948295,1.25948530506298,1.28831269748461,1.32058812042868,1.35556275583312,1.39288794391935,1.43106826765094,1.46984808590519,1.50710968919552,1.53992468121716,1.56588251316564,1.58428081417527,1.59563074606216,1.6006069765794,1.59882261940883,1.58982991273744,1.57312059314867,1.54954220245553,1.51981683779029,1.48442247816294,1.44399224870949,1.39896948784879,1.35002870361436,1.2985066859921,1.24475755790472,1.18727481961267,1.12502172848561,1.05861785779539,0.989127210267024,0.919459751593098,0.853638322501276,0.790584964915384,0.730042768751958,0.673788362679031,0.621999015605494,0.574862455004937,0.532691475475615,0.495601743216756,0.463579074067258,0.436163231937668,0.412977100384307,0.395358288506882,0.383338323263475,0.376708972165242,0.375645974804585,0.38016587360554,0.390570587669227,0.40887683060689,0.436680466842218,0.474330528594081,0.52183904592844,0.577302458454761,0.640621998215199,0.712554376713019,0.79340591872123,0.8823480361064,0.976540275410131,1.07579863871711,1.18004345615339,1.28812321599276,1.39994624305741,1.51743176140009,1.63767965193994,1.75746657027829,1.87181092001976,1.97433055890901,2.06218329662579,2.13644901470385,2.19809137830639,2.24823620905179,2.28887227245706,2.32217535832171,2.34960670675252,2.37163116370399,2.38806699855434,2.39881903399096,2.40444560204928,2.40615694664238,2.40539968454316,2.40456313795972,2.40588522449154,2.41099724324253,2.41713138224589,2.41232968665049,2.40973621807647,2.40845473607429,2.40996321447734,2.41556794760967,2.42374975526362,2.43325537074499,2.44531467868721,2.45805971557511,2.46948898542324,2.47953604320701,2.48858982940045,2.49713172126153,2.50497465925017,2.51132307361004,2.51605690763081,2.5192069252727,2.52089198493306,2.52116070514733,2.5198834272583,2.51683965194514,2.51163951791363,2.50236609605617,2.48635488375164,2.46560630040698,2.44288904182607,2.4190570987882,2.39409403936923,2.36768271908353,2.33950614579227,2.30934162668677,2.27895851992671,2.25047661101749,2.22312628166835,2.19603383691721,2.16823414650161,2.14128492858489,2.11543604866871,2.09079951110981,2.06586812085245,2.04027968960942,2.0138313608409,1.98573807687017,1.95576894292526,1.92386359664075,1.89013201884256,1.85497603703934,1.8187314352255,1.78095062005906,1.74220195562236,1.70310504757155,1.66398243278259,1.62547942094352,1.58819799574764,1.55138208440808,1.51483122010306,1.4789931220945,1.4438017849374,1.40951560775653,1.37628417526327,1.3443412468594,1.31421705816234,1.28656550122412,1.26217223898146,1.24217353774968,1.22814515308236,1.22010038838112,1.21677257088471,1.2163926237205,1.21802129555126,1.22167698257254
1.30640327423936,1.31546990959793,1.3236150574976,1.32822820919929,1.3312067597059,1.33208538328325,1.33112451693756,1.32808205534209,1.32257778392691,1.31496275685545,1.30723854052097,1.2995299377113,1.29198426373847,1.28466583748075,1.27770063901444,1.27128288182691,1.2656956830365,1.2608643991177,1.25598654557572,1.25159419531444,1.24786097172852,1.24477551127148,1.24297867244549,1.2431946768777,1.24579506540265,1.25094879300812,1.25868778151306,1.26999428797748,1.28474706050171,1.30235931356279,1.32211118133523,1.34359729660608,1.36701109797907,1.39067337682143,1.41190888257693,1.42955407530324,1.4432013428905,1.45179489896298,1.45470489979778,1.45206710752365,1.44338821956374,1.42815089117304,1.40653092566179,1.37903186627669,1.34627461579033,1.30882182347339,1.26697487328318,1.22145597393948,1.17316718651244,1.12257028093295,1.06953355759359,1.01323149426629,0.953867088292564,0.891421649814898,0.827115962283791,0.764361944413621,0.703570736048679,0.644594413045234,0.588334136816582,0.535292016708545,0.485921564010735,0.440650673109958,0.399794462102313,0.363553846973524,0.331674198096757,0.303942504789515,0.280286089241523,0.261054986878979,0.247664956478689,0.240481300435634,0.239581408807062,0.245155099820105,0.257431384819023,0.277662994589718,0.30686825788027,0.345764514099995,0.394196482461789,0.449314125818002,0.511863495240002,0.583010833977264,0.662827839440998,0.750799297015476,0.845018898567715,0.9437147126781,1.0461843942281,1.15180513875264,1.25955852936768,1.36853906760165,1.47833317583189,1.58581350574768,1.68847915923201,1.78341732960483,1.8685969282625,1.94354149085086,2.00856248873397,2.06433912051235,2.11170736004608,2.15174580148627,2.18535846416663,2.21315622870256,2.23556457683638,2.25299395849312,2.26601874431381,2.27551779301894,2.28296785863006,2.29008557565863,2.29816334355061,2.30707666654919,2.31450546745563,2.31847036621989,2.31963420706084,2.32044188954168,2.3233573699525,2.32932634301741,2.33814637970625,2.34832142707901,2.358079646346,2.36805475536992,2.3783660066349,2.38761588313469,2.39501269698852,2.40203523701854,2.4089120926188,2.41523199888242,2.42035272473394,2.42424193615739,2.4268158119593,2.42791794844887,2.42747257791177,2.42512455554008,2.42077982844786,2.4130369818555,2.39676370639058,2.37557546737941,2.35300084122223,2.3293904542121,2.30452823194424,2.27820367830486,2.250257018581,2.22057572919998,2.1919068907906,2.16547232539683,2.1406883693487,2.11686576861796,2.09217791219615,2.06680007711455,2.04247367720589,2.01903031312551,1.99656687070853,1.9737882457225,1.95021514714438,1.9257987384123,1.9000872403466,1.87303033712485,1.84478771387394,1.81562694529006,1.78589495731597,1.75554884580889,1.7244898582957,1.69325734989298,1.6622095625435,1.63173896563708,1.60147760720624,1.57075838414447,1.5400315668967,1.50982680498982,1.48039288273131,1.45182237159938,1.42454370431448,1.39873955495576,1.37474868525729,1.35310492064015,1.33435548552019,1.31891870847218,1.30728439067491,1.29976205830919,1.29600526588301,1.29526049021738,1.29757644996924,1.30283049014645
1.37712519029601,1.38813531975496,1.39759255554485,1.40559433340264,1.41244054841106,1.41771656636579,1.4210138039613,1.42198585184806,1.4200611106957,1.41548468248062,1.40969661664491,1.40271308428031,1.39479422543073,1.386166586419,1.3769527473043,1.36720916898605,1.3570347787256,1.34667010815375,1.33599391083048,1.32476207947126,1.31322133807351,1.30172089621256,1.29097531200269,1.28147933987573,1.27348028982793,1.26722696236958,1.26381297901851,1.26339667799468,1.26564632218393,1.27009954258358,1.27617523312931,1.28407668566897,1.29369291268455,1.30264199605375,1.30933919263743,1.31348077430728,1.31474888186873,1.31213988074833,1.30480215891666,1.29275504644379,1.27639971831979,1.25544731674619,1.2294609941778,1.19862981952643,1.16316945698762,1.123500016531,1.08067979169809,1.03525698163822,0.987628629262603,0.93835074269513,0.887324717275451,0.833939161921465,0.778504195070874,0.72131244536943,0.664115541253711,0.606074919854138,0.548348856038584,0.492465536821691,0.438926066385777,0.388225768707898,0.340841766880362,0.297136158643553,0.257391322445223,0.221504226002324,0.189543497888837,0.161647158142184,0.137934885326456,0.118610166447602,0.104824527212144,0.0976617578533175,0.0972139463962906,0.10360572361194,0.11704816694131,0.138660536189337,0.168983535090172,0.208185931540846,0.25662778625759,0.312189165363586,0.374115773008258,0.443435433743954,0.520689567304248,0.605678829840284,0.696948587248377,0.792371345690888,0.890662367287623,0.991512165487386,1.09386516718697,1.19532086780179,1.29513769560835,1.3935749363629,1.48809524508399,1.5769770242052,1.6589420392231,1.73333250624189,1.79998549006556,1.85917728899562,1.91129577172903,1.9567172671792,1.9960034849472,2.02969927787876,2.05825960986399,2.0821320527331,2.10191531766136,2.11830321684656,2.1328065075118,2.14640983082648,2.15998460372757,2.17321119055092,2.18485224179544,2.19338940880224,2.19964076414937,2.20532203160142,2.21202974946628,2.22061200306077,2.23036577871904,2.24036348623459,2.24953809660011,2.25880937196139,2.26787204281858,2.27618786059671,2.28271378236656,2.28882397447992,2.2949568791092,2.30100131975243,2.30651197175796,2.3106311705486,2.31332342256281,2.3145303783131,2.31372363308266,2.3105750450685,2.30458492386386,2.2949588707992,2.28149365649848,2.26466404221136,2.24525993499139,2.22377152211954,2.20047637710313,2.17547164043435,2.14874734861398,2.12057264818929,2.09374732252597,2.0688790349723,2.04591208539554,2.02439717184174,2.00304322131228,1.98102681099139,1.95841416755245,1.93679932094605,1.91584247536273,1.89573475531085,1.87568681765831,1.85499832446785,1.8337314203901,1.81171607195156,1.78893661065793,1.76563610947522,1.74211556639088,1.71842661611606,1.69445479554616,1.67042534606203,1.6467105774147,1.62318307631278,1.59899915762177,1.57441463024786,1.54975227478377,1.52545498581425,1.50205674131555,1.47950073008153,1.45809110597235,1.43821511079617,1.42000508589201,1.40374852906592,1.3897968181734,1.378409487677,1.36966348294632,1.36378534821928,1.36091436932908,1.36120711067723,1.36478299068248,1.37198404707546
1.43283511449767,1.4444427225555,1.45623729937501,1.46775048834804,1.47863871996129,1.48880529572058,1.49726108179175,1.50313565787883,1.50549430148948,1.50425057854716,1.50010630490702,1.49335129941564,1.48472043953184,1.47484352235624,1.46376383912504,1.45115709202599,1.43663204101541,1.42011174206562,1.4020558791989,1.3826842261644,1.36204149749721,1.34074822240531,1.31968940610317,1.29948300636365,1.28054871289227,1.26399912105241,1.25009194928888,1.2386475608327,1.22933319582892,1.22176915294677,1.2161455239741,1.21221119247672,1.208829351289,1.204584080515,1.19882501201195,1.19131355312855,1.18152468661662,1.16882345838413,1.15246936811791,1.13255914052152,1.10938073177731,1.08258423968732,1.05196966302548,1.01754099332155,0.979609960779304,0.938844984434746,0.895540960486874,0.850223957362045,0.803289373967794,0.755210911356838,0.705856599306992,0.654600886014711,0.602841677388625,0.551128424683381,0.498101673047038,0.443894057310077,0.389088540626759,0.335370189911846,0.28374015755757,0.234677012457138,0.188588854978861,0.145781649179132,0.106274193971184,0.0703293677756467,0.0382172783816303,0.0101788701000216,-0.0134413774365726,-0.0321412010836177,-0.0457102362158312,-0.0530370534525921,-0.053366365469606,-0.0465672768952994,-0.0324530726360375,-0.0100581238575713,0.0209373592613162,0.0606472202159076,0.109038522323714,0.164757735891499,0.226565236452909,0.294701240637562,0.369209422854492,0.450373307952202,0.53717558311538,0.627932826851858,0.721206448566701,0.816284075350863,0.911948379750734,1.00660630290979,1.09877044959819,1.18911278255441,1.27726529970097,1.36120536924176,1.44005643884655,1.51325431781553,1.5804848565254,1.64164493335792,1.69683918307815,1.74634673973149,1.79037058009917,1.82918427090702,1.86322697410675,1.89288910293823,1.91868854032986,1.94140538592912,1.9622660909353,1.98209231895981,2.00138893330146,2.01957186041499,2.03495687297419,2.04778969580678,2.05913237340455,2.07007897681156,2.08083268021849,2.09131267260391,2.10164089413555,2.11193734921441,2.12188793289436,2.13068537060806,2.13886557353226,2.14646055040722,2.15320629478342,2.1594952807736,2.16583876719559,2.17196641374373,2.17750813613044,2.18206545455675,2.18516266559214,2.1863783186011,2.18533853057511,2.1818287985326,2.17558134935549,2.16648702667618,2.15479364672674,2.14047242173625,2.12368116041578,2.10465962808729,2.08361041899318,2.06065726431376,2.03586250164634,2.01007495910686,1.98559836416143,1.96264666452233,1.94126858215692,1.92151277515716,1.90260164968299,1.88385528977323,1.8648473055562,1.8451901574964,1.82647533572914,1.80838868927069,1.79106548561649,1.77437519710636,1.75739097004451,1.74017023038287,1.72272805183057,1.7050464239222,1.687364020279,1.66988661425739,1.65240802428587,1.63499285482426,1.61780112509967,1.59985509680977,1.58122148792884,1.56225685398971,1.54331688648839,1.52472228888702,1.50691116620558,1.49006517853691,1.47417810208043,1.45957874758859,1.4465650786789,1.4351793514073,1.4255945448796,1.4179981704434,1.41248616875492,1.40902585244259,1.40812095182,1.41056076510869,1.41665965071735,1.42691688719196
1.46675841655855,1.48008216409962,1.49454126332414,1.50959986624289,1.52487423013064,1.54029703602766,1.554859320649,1.56752829550444,1.57661079018459,1.57943829575055,1.57424068582225,1.56454786626457,1.55379623438205,1.54307961215142,1.53198308431225,1.51890900361402,1.50149994575873,1.47819553352548,1.44992027163707,1.41927400149973,1.38759195005501,1.35550084298993,1.32390124137265,1.29338463529362,1.26507029013706,1.23918023840913,1.21561517431492,1.19417459097282,1.1745779311222,1.15703785730806,1.14140358501026,1.12691302097115,1.11196707542623,1.09653099914819,1.0803320561652,1.06274868503583,1.04345760251432,1.02236766274322,0.998776146641801,0.972348388002789,0.943375328869102,0.911592733891387,0.876874184172584,0.839677001858315,0.800182300625592,0.758508791298955,0.714823626261683,0.669373233677459,0.622633075980245,0.575145751941583,0.527123594135831,0.478531086674242,0.430209648272405,0.381256969465372,0.330933143642451,0.27954734002811,0.227612558440012,0.175687498345879,0.125161153696604,0.0769148771935986,0.0311849170018043,-0.011846488602558,-0.0518063383647505,-0.0883329677225571,-0.121077919176422,-0.149559807499548,-0.173217846581638,-0.191745447993906,-0.204865942151549,-0.212286138514074,-0.212849204687395,-0.206046473132102,-0.191679518129256,-0.168893530986019,-0.137545474343366,-0.0977510403980025,-0.0496875611934098,0.00643966522518656,0.0686434082234779,0.13637009120624,0.209482445952598,0.287911035049341,0.370545760872562,0.456054976706539,0.544418786333086,0.633901989046064,0.723403394227265,0.812260969164374,0.89918119080088,0.983509656563279,1.06593193793616,1.1456190024508,1.22137811074693,1.29275157350559,1.35943380912976,1.42125700222139,1.47817430023121,1.53023771936563,1.57759719819318,1.6204744954712,1.6589876705683,1.69351709910018,1.72448457220269,1.75297145115871,1.77969502936817,1.80526553227412,1.82978054482271,1.85166147824015,1.87088581158029,1.88839315344577,1.9040159080303,1.91837693451201,1.93158417793232,1.94411621499271,1.95605862301925,1.96735678867548,1.9779270259061,1.98766024569748,1.99637494432128,2.00435500019066,2.01154734243691,2.01878774230015,2.02551822209449,2.03166179054577,2.0371212394609,2.04179578374462,2.04517704563485,2.04649291844053,2.04560651571341,2.04238390495006,2.03670068665233,2.028729450291,2.01852748947742,2.00608905398699,1.99147016533013,1.97476104274919,1.95605200634374,1.93541340616764,1.91284091142665,1.89006089803551,1.86837137784137,1.84787202249386,1.82873783018155,1.81102244787769,1.79402719080655,1.77750687896691,1.76143793481921,1.74546947827094,1.72911231356418,1.71351815125726,1.69874703974572,1.68471895944905,1.67165354282231,1.65893776212656,1.6463034850178,1.63386599500708,1.62163874972408,1.60977861832157,1.59826310191848,1.58685673540629,1.57473134257113,1.56182814052047,1.54831660653058,1.53449005566382,1.52064933267145,1.507094347135,1.49424012815558,1.48244257657907,1.47154230088162,1.46165878100207,1.45304671289744,1.44591677985746,1.44024545842694,1.43612135160464,1.43365114811553,1.43304939719259,1.43489391892117,1.4398939026507,1.44908741399935,1.46067949908104
1.47435103468699,1.48899002067258,1.50503400684886,1.52235331439741,1.54059478235797,1.55952970845676,1.57816102585827,1.59527084227654,1.60926253431777,1.6156445599487,1.60535896027559,1.59167562800387,1.57944331916376,1.56959545793438,1.56234187935522,1.55670745761755,1.54616444525103,1.51242087005635,1.46643441628735,1.42074811340777,1.37743069495589,1.33582748849155,1.29579671522679,1.25807343693017,1.22265766536479,1.18944780663954,1.15826298885371,1.12887246864076,1.10153806923349,1.07610314422704,1.05211609737836,1.0282427523883,1.00415399604091,0.979717500063305,0.954908422750796,0.929389853244972,0.902827119610766,0.874981760021449,0.845459899577948,0.813832062646334,0.780077066932024,0.744456746556842,0.706939449668915,0.667560160410176,0.626404144679872,0.583564274207122,0.539247175189911,0.493733211235852,0.44744964327644,0.40111064597351,0.355066747758197,0.308774306991101,0.261602986436108,0.213632640698996,0.165040615732986,0.115536622123271,0.0655436010252466,0.015521778930908,-0.0340956720716371,-0.0826825149838421,-0.129209210316753,-0.173268090373441,-0.214447795170013,-0.252327551299318,-0.286288892679599,-0.315752081332661,-0.340286294124112,-0.35947799360717,-0.372945453488746,-0.380321921106312,-0.38121599945519,-0.374593943150233,-0.360090253189702,-0.337080372216,-0.305526853634837,-0.265687873974205,-0.217840069019905,-0.161880955099586,-0.0990276341358252,-0.0309494594451195,0.042084551246094,0.119460548309162,0.200168366322138,0.282787056138102,0.367019585753275,0.451988165306162,0.536557380061844,0.620282669678593,0.702671073741436,0.783132353021139,0.860930992325956,0.936562803789829,1.00949682693144,1.07895538005825,1.14467124195412,1.20646498935173,1.26423943242727,1.31797048271659,1.36769612827951,1.41350497524625,1.45555792391934,1.49413910854373,1.529724478241,1.56322479256811,1.59504731443264,1.62527147513823,1.65301119147758,1.6777197802758,1.70009656601667,1.72027346477131,1.73872188428731,1.75568908983924,1.77123540807881,1.78572879943217,1.79931413347015,1.81196916430797,1.82365020978889,1.83429538884756,1.84383023281675,1.85255229665601,1.86016714170742,1.86748449177832,1.87470295149496,1.88115758568912,1.88682020897371,1.89155223065464,1.89495551702228,1.89670642362147,1.89633397135352,1.89373279118503,1.88897092206083,1.88227626719519,1.87361907809122,1.86299486572022,1.85041832319657,1.83589623029218,1.81941578166935,1.80100811244184,1.78116241080766,1.7618027990693,1.74330468969415,1.72580853619038,1.70940878232542,1.69414364083228,1.6794163935487,1.66505185389308,1.6510943202639,1.63758689025116,1.62455756007682,1.61172920073904,1.59937552392426,1.58821510308453,1.57781661234593,1.56840811273892,1.56007926489948,1.55220255936796,1.54482305910946,1.53799132737087,1.53168577126778,1.52488407763241,1.51724899224864,1.50893546171968,1.50001045817259,1.49077536384027,1.48147816138366,1.4723661116901,1.46375286317409,1.45599525180507,1.44922082276095,1.44331846528936,1.43844195232966,1.43471441051052,1.43228312775956,1.43110138376875,1.43129753605184,1.433472159921,1.43812316423721,1.44607178318459,1.45625136702168,1.46779811257243
1.45094223328952,1.46496373960945,1.48041412030574,1.4972346252232,1.51512736475632,1.5337682266492,1.55250808332303,1.56959934222577,1.57794379140346,1.57208279003367,1.56146039835693,1.54908928035212,1.53652777900806,1.52458356640368,1.51319626001416,1.50063747087101,1.48136031605675,1.44826467521329,1.40510955559212,1.35931765744512,1.31400769966798,1.27019029164284,1.22820951371481,1.18779117436673,1.14894285644289,1.11159230119965,1.07565701582978,1.04151735813624,1.00899106932486,0.977827024191042,0.947049063926215,0.916330178032832,0.88571328535067,0.855008927621598,0.824021468392365,0.792627692505445,0.760524702197165,0.727514543120898,0.69334554224078,0.657840207477605,0.620980971818104,0.58272060126697,0.542984923216665,0.501774997108994,0.459197292153017,0.415494934328836,0.370878261687058,0.325892606171592,0.280790817195638,0.236440758701692,0.191997810871802,0.14622160700754,0.0992670447812324,0.051547318139064,0.00340021065911505,-0.0450009141458405,-0.093888376500323,-0.14309703625413,-0.192313670376681,-0.241106571633641,-0.28899425493794,-0.334958370708374,-0.378291545935695,-0.418306473356422,-0.454437144224669,-0.486130374646833,-0.51276677729827,-0.533780792938242,-0.548619216938918,-0.556781721572715,-0.557868863927006,-0.551552717804153,-0.536981124128825,-0.513541648166234,-0.481336110838822,-0.440832254775521,-0.392348190790916,-0.335978902765651,-0.272349144972078,-0.203400744238046,-0.13019136773924,-0.0533703081688394,0.026244302372232,0.107320978181845,0.189352181287374,0.271894059367817,0.35417081852433,0.435097048845786,0.514371872529573,0.592006671479785,0.667291488475847,0.739647565455997,0.809687581835543,0.877220986553736,0.941705986578771,1.00298352564323,1.06094924979252,1.11555057541026,1.16678149357878,1.21466885094736,1.2593889841172,1.30107630273119,1.34025984394383,1.37717147895743,1.41125005540031,1.44257586089841,1.47120830905987,1.49754800378409,1.52175252122552,1.54424087645064,1.56507951928019,1.58430300848421,1.60195421673574,1.61835864191854,1.63363319131599,1.6477701649638,1.66074804337059,1.67250090902178,1.68282479961783,1.69161313726335,1.69955206839264,1.70718552999235,1.71458148470493,1.72163582518551,1.72776210358813,1.73262397017775,1.73607392339333,1.73803900773487,1.73836337394237,1.73668905645046,1.73322182197977,1.72800423001428,1.7209887526006,1.71214712410562,1.70147388191164,1.6889737660583,1.67465920076515,1.65865006429606,1.64247528069016,1.62683111320962,1.61183293400773,1.59758495589981,1.58418218379313,1.57164811591893,1.55946496055112,1.5475469786341,1.53595128541612,1.5247344546447,1.5139539879735,1.50367003110586,1.49394927462079,1.48487760894544,1.47723711273524,1.47059640672683,1.46489350564454,1.46035879550997,1.45702243793981,1.45436865763024,1.45177696277474,1.4487036119408,1.44494307113634,1.44063306146416,1.43590283213158,1.43066487891716,1.42525701997472,1.41992041238572,1.41488996244604,1.41047282774929,1.40685600872284,1.40401323562557,1.40190686979994,1.40068053115065,1.40046042167753,1.40140783183541,1.40387793693356,1.40824515094674,1.41529872859972,1.42396628716097,1.43346173317074,1.44463798457269
1.39338598150722,1.40442032679673,1.41642727549469,1.42904676262406,1.44179642808937,1.45408868346124,1.46498816749812,1.47236746596642,1.47334287893032,1.46736326902209,1.4568681812015,1.44368975007187,1.42862182171273,1.41177228191835,1.39267251748748,1.3704896090789,1.34419066626733,1.31321035347207,1.27795168097767,1.23962943082933,1.20009781891999,1.16029078171704,1.12080978532801,1.08185101506543,1.04321181988577,1.00511188476144,0.968011523257695,0.931829585413551,0.896531321749949,0.861699463032524,0.82708567565418,0.792567785628805,0.758022646016745,0.723335469744391,0.688363013231679,0.652983153765913,0.617112971101487,0.580792452766675,0.543903078063529,0.506075909885904,0.467178735100036,0.427102874267175,0.385944025417416,0.343780893470013,0.300761610105942,0.257232492934648,0.213272550555998,0.169649119471223,0.126302265516308,0.0826024183954948,0.0383275348866105,-0.00714480615826357,-0.0537382741080051,-0.101221292663068,-0.149367241505581,-0.19797579862625,-0.246851073219445,-0.296153456895922,-0.345690435773231,-0.395088078714845,-0.443933471610713,-0.491646818500971,-0.53756617845484,-0.580791612110898,-0.62049146486594,-0.656011905744768,-0.68660903575703,-0.711458174844269,-0.729679177333319,-0.740397720701149,-0.742852553718562,-0.736536026335537,-0.721278625827258,-0.696383180918979,-0.662039448953655,-0.619088808760848,-0.568019676790563,-0.509663188924659,-0.444869410820979,-0.374419372090926,-0.300208953209511,-0.223319724149735,-0.14458819930802,-0.0650001810178045,0.015008175413746,0.0950281522707146,0.174669801732172,0.253345772185834,0.330541544038901,0.406192827583657,0.479856364919718,0.55103842673177,0.619320523169112,0.685051188624023,0.748401556698162,0.808864961958757,0.866356101789316,0.920852320223169,0.972366279089752,1.02093336583391,1.06665318324744,1.10947132375291,1.14936379209667,1.1864781679739,1.22085867636792,1.25305670595823,1.2832374877908,1.31145554104976,1.33789505775055,1.36253784962724,1.38542507605784,1.40659088842654,1.42609249612134,1.44423000404042,1.46108357168718,1.47656192261755,1.49058371594775,1.50307680252316,1.51398898141843,1.52327442725904,1.5311371303533,1.53902030661352,1.54674993007036,1.55397176817954,1.5604471168446,1.56571920351874,1.56954667565973,1.5719167396176,1.57278145414603,1.57224299408245,1.57017490821792,1.56645689943524,1.5610724637619,1.55401180334194,1.54529349138335,1.53494578299834,1.52301205998478,1.51060621827476,1.49837445338547,1.48648654218195,1.47504419451108,1.46414361846975,1.45387539557687,1.44421461066007,1.43473113285015,1.42542642473168,1.41636318344753,1.40760398555028,1.39921213446574,1.39125251474528,1.38379241042556,1.37690226168162,1.37065812076381,1.36563289201283,1.3624054235117,1.3602411989537,1.35908090453693,1.3585007632794,1.358361059885,1.35816589065869,1.35761997206838,1.35660907899719,1.35520736830886,1.3534811881189,1.35146427551047,1.34919765404324,1.34701896392771,1.3452055099966,1.34390833361337,1.34323752809716,1.34307585066606,1.34344853243553,1.34450170623719,1.3466814594892,1.35042603616151,1.35627562847784,1.36306568318502,1.37040477183566,1.37882204349227,1.38829002672261
1.30216432117883,1.30893796335112,1.31566375059265,1.32204713216523,1.32760241276596,1.33179491868746,1.3339769139738,1.33317515877122,1.32866190222396,1.32060592414424,1.3095005790218,1.29560289539886,1.27905701427963,1.25995551697376,1.23823866044817,1.21380320221255,1.18661054995574,1.15667441139003,1.12447218137779,1.0906617545785,1.05570851823208,1.01999152712227,0.98365590455635,0.947044680115366,0.910628429707909,0.874325932129191,0.838238088871843,0.802459179051368,0.766793298687686,0.730986737456288,0.695053720335513,0.658956332965761,0.622611638062016,0.585993749581869,0.549193041220538,0.512163486471866,0.47481190204418,0.437055128673465,0.398834749636261,0.359928020914265,0.320211418075585,0.279590222457391,0.238342344534718,0.196585766391909,0.154422982484453,0.112408990634126,0.070510758194132,0.0281229001215201,-0.0149257788013014,-0.0585368527840148,-0.10260980179434,-0.147588051220652,-0.193649959136305,-0.24077201573833,-0.288827857507004,-0.337649966747523,-0.387057387878915,-0.436844639056616,-0.486817634867513,-0.536955179307937,-0.586820264195664,-0.636016759352542,-0.684106649258255,-0.730579238698687,-0.774830836787339,-0.816136875547277,-0.853415482856822,-0.885425990329584,-0.910837149840208,-0.927916320597912,-0.934646799394126,-0.929252669798494,-0.911123852445365,-0.881130335604972,-0.84053876282038,-0.791084350169881,-0.73438952389426,-0.67184197516748,-0.604370902859879,-0.532713589010233,-0.457671638829541,-0.380721469514702,-0.30280113522996,-0.224781490854622,-0.146968893707602,-0.0696469383101306,0.00690854441148853,0.0825050585722249,0.157071673926524,0.230069234573999,0.301216375194395,0.370145360684106,0.436681440058169,0.50052237884101,0.56172797599071,0.620783542165995,0.677273628954766,0.731132164671639,0.782227983718683,0.830280074820169,0.875231725363738,0.91725533361198,0.956594852139552,0.993417165027898,1.02810887174622,1.06117868076386,1.09269653104226,1.1224976634951,1.15049581094063,1.17671383791929,1.20117593599206,1.22390027891717,1.2448882278066,1.26433343063851,1.28225103954329,1.29860413253527,1.31337727333893,1.32655437282243,1.33811366533888,1.34802833589106,1.35664212375955,1.36448910632101,1.37214748875885,1.37953588455067,1.38607187047225,1.39162303743409,1.39608655963787,1.3991021568864,1.40073439599051,1.4011703428339,1.40041331229175,1.39836415046321,1.3948116241717,1.38975055311484,1.38318948896752,1.37521638533309,1.36685775829918,1.35840277833721,1.35000838885939,1.34180235732874,1.33387500508555,1.32631327612721,1.31920059214112,1.31241330208365,1.30566857573735,1.29902308376466,1.29253931302425,1.28627975227239,1.28030729945583,1.27468566773685,1.26947976260355,1.26475600285026,1.26058255953013,1.25702948939993,1.2541690035291,1.25255764078982,1.25214393849668,1.2523707205271,1.25298601375986,1.25399176279491,1.25534708473613,1.25671553320588,1.25780401426203,1.25866003129444,1.25919943521801,1.25952529283998,1.25966044816194,1.25974118606728,1.25999971001748,1.26057698841254,1.26150582842432,1.2627207767278,1.26455509467065,1.26745897069172,1.27163264512018,1.27618173265872,1.28109571010269,1.28658869779883,1.29255860236712,1.29890207396054
1.18199339892525,1.18438977064592,1.18612446255051,1.18683338587715,1.18627333702684,1.18429779918573,1.18064890008059,1.17480600852333,1.16625866433027,1.15505787816227,1.14159059936782,1.12587534395957,1.1079291616109,1.08774072499462,1.06532539831767,1.04068440752395,1.01409940188219,0.98594370758681,0.95635207021555,0.925502055749077,0.893652594603732,0.861051281624644,0.827877956069295,0.794408275229206,0.760809765780231,0.72725380450816,0.69374397311645,0.659847778316069,0.625386841483905,0.590425159229594,0.555093323883541,0.519448434809653,0.483497299574273,0.447241415903717,0.410660295671928,0.37373312069228,0.336429979114359,0.298680614341755,0.260520181390243,0.222095774624778,0.183222500342115,0.143872875930311,0.104221501874884,0.0646897589963039,0.0250101455783703,-0.0152198715135909,-0.0561320092746004,-0.0976920199392377,-0.139843080466426,-0.182538922652394,-0.22580672010787,-0.269808805264416,-0.314946805120018,-0.361164899323602,-0.408369685042962,-0.45645778771803,-0.505314958889649,-0.554786481955054,-0.604616953726856,-0.654627334863257,-0.704639770363453,-0.754646500840819,-0.804386011769051,-0.853457667077836,-0.901410432461072,-0.947682953529184,-0.991586653744649,-1.03230945388689,-1.06893176100707,-1.10029437673462,-1.12373957285887,-1.12767446310918,-1.09586632787656,-1.04604908061782,-0.98975409430363,-0.929433346885817,-0.86568182727134,-0.799035570879393,-0.729887529344288,-0.658694143654963,-0.58564648742559,-0.510967929478269,-0.435502959130343,-0.360505842166274,-0.286197791819897,-0.212743228388934,-0.140306569077591,-0.0688174906481557,0.00170399758777556,0.0710569586319985,0.138756626521036,0.204556918889412,0.26821634971451,0.329655107661202,0.388610978917037,0.444791600407792,0.498541535780292,0.549742376902538,0.598243431778468,0.644023867790497,0.687050206222051,0.727536470096273,0.765808204890376,0.802418652653226,0.8375572799839,0.871355837814246,0.903614295452447,0.934134990458924,0.962862505277967,0.989782589231244,1.01490339267116,1.03823080881207,1.05986329277777,1.07992618783784,1.09842102302299,1.11534551662179,1.13069384585597,1.14445684689196,1.15662231307926,1.16723083637785,1.17679193476687,1.18543024960333,1.19304326427503,1.20000334387811,1.2064511792054,1.212300027671,1.21718160301471,1.22102484242238,1.22384525852954,1.22549886535811,1.22601388075145,1.22538725680309,1.2236175140512,1.22059447592722,1.21659941638058,1.21232838049841,1.20784956560852,1.20313364333109,1.19838934568757,1.19370252764227,1.18915235393433,1.18481572818057,1.18075002677546,1.17670788550808,1.1726304149151,1.16857594741542,1.16460257798992,1.16076829286197,1.15713110574368,1.15374918660277,1.15068096753252,1.14798521054925,1.14572102297484,1.1439478074571,1.14250057601999,1.14107650458046,1.1397155017121,1.1387549047588,1.13878534550514,1.13956704429281,1.14094539726267,1.1426006618195,1.14441843355573,1.14644258480676,1.14851394357941,1.15035446171515,1.1520177443288,1.15356176506396,1.15493399650421,1.15617251006852,1.15747256501327,1.1591445853643,1.16152475936836,1.16414076246206,1.16666681279531,1.16931049644451,1.17212728261088,1.17504967513759,1.17796509018308,1.18069282781786
1.03826244598309,1.03693182739132,1.03465994765066,1.03121473617024,1.02641000011209,1.02012181785332,1.01236559079432,1.00297967768761,0.991538120445635,0.977908764007967,0.962418347000329,0.945143193115385,0.926102938597784,0.905324584108404,0.883075328349456,0.859467801812862,0.83455175175592,0.808445143396116,0.781249482611068,0.753064779979751,0.724121371382962,0.694687766352137,0.664855114379494,0.634601633730489,0.604065231021483,0.573446501224399,0.542481491611206,0.511151633913096,0.479280406974528,0.446783851620997,0.413717186946584,0.380119105481747,0.346018572665282,0.311437030052561,0.2764332680269,0.241192681696009,0.20572902175489,0.170035015554536,0.134054161611144,0.0980419482587001,0.0620120092904978,0.0258665889720439,-0.0108258098608756,-0.0481612770085874,-0.0861039825022387,-0.124627623951168,-0.163733487800452,-0.203464621935,-0.243807534246658,-0.284740433201397,-0.326237569776193,-0.368269575879428,-0.411085368649998,-0.454892132410168,-0.499626636009356,-0.545141487468044,-0.591306273891002,-0.638036568170712,-0.685240450473505,-0.732816352061886,-0.780649294336095,-0.828604334620193,-0.876514901919162,-0.924161225444539,-0.971317073992151,-1.01756294089811,-1.0619949322702,-1.10287704697139,-1.13676772265724,-1.15842218064286,-1.16392494258158,-1.15194791277598,-1.12293339279217,-1.08093488461756,-1.03080792810741,-0.975575375142209,-0.917114924885459,-0.856208093596989,-0.793223087096558,-0.728505306970678,-0.662328691548006,-0.594997295092919,-0.527133993871104,-0.459046977724053,-0.391042547400833,-0.32382055588739,-0.257444037723775,-0.191935525096834,-0.127410407765212,-0.0639830479987279,-0.00182614511445034,0.0587611553579581,0.117468057112615,0.174066959244705,0.228437018490634,0.280634581417604,0.330401613319969,0.377644908639879,0.422697462525993,0.465408150049109,0.50597897143214,0.544992894771297,0.582609220651203,0.618771530727961,0.65351157915199,0.686874857256372,0.718672650276603,0.748773525024579,0.777175360955417,0.803862116226537,0.82883134607485,0.852106024402527,0.873835295742657,0.894048910845609,0.912748612983533,0.929934378824843,0.945604459268013,0.959755485486629,0.97238433075154,0.983801388053073,0.994237726175221,1.00358390919457,1.01180385381242,1.018896395994,1.02512549047595,1.0307295413878,1.0356878411593,1.04007402934189,1.04374827299504,1.04656814954914,1.04844797650826,1.04923122366453,1.04930951130274,1.04910677429485,1.04869024454132,1.04806643337742,1.04709321185231,1.04583973432557,1.04446393000526,1.04303510695241,1.04162103584541,1.04028781589925,1.03895597046435,1.03747147650623,1.03588409148607,1.03424505187627,1.03260525561644,1.03101525305756,1.02952523390122,1.02818500278584,1.02704393583018,1.02615091044662,1.0254949852802,1.02478059221359,1.02398713203464,1.02314721526929,1.02229378593821,1.02145983915098,1.02067807590986,1.0199829203616,1.01979634161088,1.02024812643141,1.02102379246507,1.02199035311481,1.02313231798548,1.02436501438269,1.0256596140925,1.02705404809041,1.02853671696694,1.03010698397014,1.03199386948454,1.03397180314549,1.03557493631035,1.03682220514933,1.03784197184133,1.03865120318628,1.03919834526987,1.03941426824893,1.03923546765597,1.03869557893421
0.876858564454646,0.872579486051888,0.867335336749406,0.861000179076143,0.853425539290737,0.844551390642641,0.834389577618736,0.82287233116329,0.809741535796148,0.794853119409443,0.778377836633704,0.760687104453603,0.741841281023439,0.721879310007448,0.700843774295013,0.678778620182688,0.655718642045034,0.631733331419857,0.607073270412983,0.581795384946777,0.555968280312024,0.529709710848308,0.503182669595989,0.476469387824839,0.449425586521926,0.421750044758385,0.393492816792976,0.36472007766919,0.335546442528422,0.306085612811268,0.276279283321969,0.245975825820746,0.215239825921999,0.184129851923805,0.15269164652735,0.121077555199082,0.0893842294697276,0.0576636388300279,0.0257032084741149,-0.00670232013492411,-0.03966652420826,-0.0731681063246808,-0.107237444942005,-0.141917241742148,-0.177137324715332,-0.21288022762519,-0.249129243979209,-0.285864636343259,-0.323063382133134,-0.360698922937758,-0.398740892934222,-0.437152563075415,-0.475842334238383,-0.514953830064129,-0.554607991701489,-0.594724106828278,-0.635211592119401,-0.67596799767085,-0.716876142881635,-0.757796725680899,-0.79855998841984,-0.838972093064598,-0.878792450007436,-0.917711486206525,-0.955313935828254,-0.991009591714116,-1.02388306170556,-1.05231197219565,-1.07309295277914,-1.08137632467567,-1.07560311443294,-1.05915445919981,-1.03491754990698,-1.00438978444711,-0.968559720197285,-0.928255206243012,-0.884136253050154,-0.836922153350192,-0.787179597890893,-0.73521817528109,-0.68135551964394,-0.626143491479028,-0.570125724016293,-0.513578625288746,-0.456726682258928,-0.399650817590861,-0.342536265681954,-0.285619154833249,-0.229384495612636,-0.174017945163794,-0.11965381100045,-0.0664444154173185,-0.0145300865257877,0.035858669531815,0.0844661445616106,0.131225362003879,0.176137155224572,0.219306571321577,0.260664001117333,0.300239134680716,0.338393039605225,0.375292071165108,0.410948712206468,0.445291221445888,0.478333539572898,0.510042212077977,0.540306408254114,0.569036158212539,0.596224842460828,0.621867492484105,0.645964762870172,0.668616725806899,0.689865246775814,0.709711210479466,0.728155090352117,0.7451969139942,0.760836269158201,0.775073315422847,0.788140310764984,0.800191260602431,0.811152423096018,0.821027236685898,0.829821733340601,0.837540988827769,0.844189345375679,0.849818521734972,0.854779859357909,0.859195258643916,0.863056106911346,0.86661096739536,0.870082030648787,0.873375143808822,0.876436211828544,0.879188273706639,0.88165538802763,0.883878092686218,0.885794843149288,0.887546383074549,0.889148744656924,0.89060664435251,0.891975985322865,0.893223496353064,0.894222841649454,0.895012666223293,0.895635947253228,0.896135210352112,0.896552459154143,0.896929099574798,0.89730585575148,0.897722674356578,0.898173953508852,0.898442878667429,0.898515219303823,0.898414822637107,0.898165333667662,0.897790027375956,0.897311605550119,0.896751957105585,0.896131881417805,0.895470774849403,0.89478628129722,0.894071049244579,0.893241934522586,0.892301500193908,0.891550269001634,0.890954884617873,0.890397441958293,0.889953685615216,0.889816725409708,0.889768485056764,0.889636422275968,0.889561311497748,0.889498737624824,0.889350806409583,0.888905221940084,0.888015057947173,0.886575032970973,0.884534062258874,0.881926045599544,0.878709408014206
0.706857825460755,0.700347425530638,0.692950623349658,0.684598662901453,0.675236360421198,0.664853918219696,0.653473331484957,0.64121368662501,0.627924081565818,0.613438498046037,0.597700009948762,0.580882354189538,0.563148949708389,0.544570003948767,0.5252445354423,0.50527274890365,0.484675601402208,0.463492136005928,0.441826389650349,0.419764857982542,0.397362170653678,0.374668927138695,0.351640740800049,0.328142890862249,0.304215694413887,0.279903047945765,0.255212616808935,0.230104059146182,0.204632568593789,0.178894285247035,0.152949194387438,0.126857916023811,0.100654667671307,0.0741704744493142,0.0472661036167894,0.0199168261385151,-0.00785882535587612,-0.0360412135132311,-0.0646117196244316,-0.0935656902335286,-0.12302936868539,-0.153035992802921,-0.183503119815359,-0.214386683373972,-0.245639654058302,-0.277244134376619,-0.309166582183927,-0.341363208602567,-0.373761119582027,-0.40631035015525,-0.438958195192821,-0.471645684978087,-0.504306524613891,-0.536865780347852,-0.569283665764144,-0.601668449763996,-0.633919806985531,-0.665890746509665,-0.69741065179853,-0.728279989952203,-0.758263651133935,-0.787082730059438,-0.814404789014209,-0.839833096685364,-0.862872680735895,-0.882956702327185,-0.899469887897605,-0.91176675654094,-0.919247609003123,-0.921469128470773,-0.918254393395845,-0.909674554454745,-0.896012176242724,-0.877594432749807,-0.854870676861589,-0.828334448668393,-0.79842651089082,-0.765410186431308,-0.729713325205888,-0.69174738561101,-0.651972526203191,-0.610886882685381,-0.568613550973496,-0.525302148421709,-0.481181329921935,-0.436475570229154,-0.391398118354037,-0.346137037049654,-0.300864882379563,-0.25574188163378,-0.210919546669919,-0.166567844801512,-0.122848319355093,-0.0800208360781761,-0.0382211883383012,0.00248535828367391,0.0419993035266446,0.0802634251727499,0.117202405111069,0.15297901510946,0.187683443334972,0.221264181892738,0.253671182377842,0.284960846133855,0.315114761673975,0.344073111327716,0.371813677149199,0.39825624839055,0.423384298112295,0.447196932242172,0.469765530283549,0.491103642294428,0.511208040354656,0.530076096018202,0.547705709255804,0.564095262270604,0.579285111422936,0.593483348474342,0.606665895518377,0.61883218424844,0.62999051738158,0.640148811456119,0.649314668008972,0.657496007908067,0.664822743342352,0.671462732954631,0.677516569921826,0.683075812809531,0.688388194891252,0.693510193167462,0.698472252438536,0.703303512445328,0.708031790656469,0.71268357049412,0.717283445337662,0.721729802882615,0.725905379994025,0.729856585397638,0.733648961549771,0.737318824899876,0.740782125865973,0.743996183367712,0.746931860430466,0.749610282710008,0.752065018207721,0.754329064833956,0.756434757841401,0.758412330217573,0.760153875476143,0.761588496591007,0.76273416003973,0.763608471337003,0.764228584088267,0.764611092475109,0.764771906165328,0.76472610691146,0.764487786418929,0.764069865420216,0.763483894280345,0.762739835874613,0.761845831919349,0.760807851709061,0.759591392940613,0.75812746344688,0.756388406857585,0.754544886761495,0.752494175234286,0.750141620241983,0.747641312486182,0.74522869443478,0.742815476361438,0.74034550444792,0.737752705324372,0.734946451875801,0.731864495304154,0.728379891721317,0.724473690627279,0.720135882091344,0.715277951161728,0.709821244489666
0.541722741453394,0.533648003064367,0.524961955888468,0.515630189978528,0.505643478340233,0.49500382257553,0.483712739981837,0.471799967309027,0.459223765347745,0.445901527809939,0.4317908577498,0.41686773909626,0.401211624509366,0.384983752035376,0.368229504289346,0.351001257383952,0.333380403548219,0.315412970597442,0.297141792692158,0.278583797955519,0.259639560492122,0.240299803805011,0.220600069310718,0.200562071141592,0.180177469336142,0.159462705568184,0.138435092710055,0.117096584151879,0.0954645628543654,0.0735391949909182,0.0512844347501872,0.0287158005943192,0.00585260448352726,-0.0172866450320243,-0.0406841568669637,-0.0643227241106126,-0.0881855473238308,-0.112272273007455,-0.136644145183056,-0.161286371398621,-0.186209286271237,-0.211456841831049,-0.237015167667515,-0.262847652647647,-0.28887910097477,-0.314974980723768,-0.341127526234964,-0.36730929934132,-0.393466194603357,-0.419539189728837,-0.445463706821706,-0.471168900962473,-0.496576870000459,-0.521601782758057,-0.546148928895651,-0.570113703777439,-0.593388142016213,-0.615969426058541,-0.637750839185253,-0.658549359729221,-0.678177644404607,-0.696439033199583,-0.713122852327792,-0.728005026367602,-0.740878090250701,-0.751507520293143,-0.759698252173348,-0.76527933281641,-0.768100175772483,-0.768053327191076,-0.765082035849809,-0.759173734297297,-0.750321535425069,-0.738574835993527,-0.724061283136221,-0.706898412998092,-0.687265639863229,-0.665380437330144,-0.641448606949003,-0.615719937598868,-0.588397922350706,-0.559684373501301,-0.529780064942114,-0.498875924659593,-0.467152434484734,-0.434731182727737,-0.401699121639486,-0.36821453164559,-0.334427375326842,-0.30047870333941,-0.266498748844771,-0.232541074100383,-0.198701045224838,-0.165081473175229,-0.131770640069964,-0.0988362504770581,-0.0663847664983288,-0.0345614623221319,-0.00346729590430273,0.0268685493767047,0.056455896125605,0.0852857618245646,0.113378147599653,0.140656552325418,0.167057015308532,0.192422078207446,0.216732904103397,0.2399893676219,0.262249733976119,0.283519950940871,0.303791984878019,0.32306108302975,0.34132563729009,0.358587050480957,0.374910721668889,0.390405831332662,0.405059814845198,0.418891683544015,0.431922414408044,0.44417457656755,0.455672186769269,0.46644057139342,0.476506234824494,0.485898006015885,0.494690351141741,0.502936385036014,0.510666910167481,0.517913005720059,0.524705920244026,0.531077019489164,0.537153406642899,0.543047535363961,0.548780865189437,0.554373968039464,0.559821247811022,0.565084773859988,0.570193071579395,0.575217840214996,0.580095668072516,0.584803827296948,0.589350111236786,0.593729714730132,0.597867872169615,0.601771792812128,0.605424277175115,0.608740214792997,0.61172347863655,0.614366235852533,0.616657484726016,0.618609801999378,0.62023540449807,0.621545962446689,0.622552521232088,0.623265415384518,0.623694174722698,0.623847422777174,0.62373276779717,0.623356686861149,0.622724403843981,0.621839762246504,0.620705094161577,0.619380943846836,0.617819954861014,0.615951692650615,0.613792039413367,0.611443251122639,0.608894496466305,0.606070830067114,0.602954228020132,0.59953425508948,0.595797886051773,0.591729462691361,0.587310686195486,0.582520649714139,0.577361168263112,0.571851725669326,0.565955368699039,0.559609079561018,0.552807637492594,0.545531905841073
0.388594899627098,0.380603555201238,0.372136721737513,0.363199811399548,0.353819541629309,0.343996881328198,0.333763260656065,0.323136381602254,0.312141897318799,0.300717357119407,0.288807344808821,0.276401991705344,0.263498439722626,0.250102955699889,0.236240449543023,0.222012911393995,0.207384272034836,0.192347181937455,0.17694869600984,0.161201361935951,0.145113967258485,0.12869681684109,0.111971259886174,0.0949505343167143,0.0776486650716229,0.0600831189780945,0.0422686269402927,0.0242222347640788,0.00595755777175749,-0.0125114418349962,-0.0311704137332596,-0.0500046838779404,-0.0690016953212333,-0.088148271737355,-0.107424308345234,-0.126830904486881,-0.146359055734091,-0.165986128939546,-0.185688461854964,-0.205441305647842,-0.225246761610195,-0.245100813877724,-0.264980298424602,-0.284886570673824,-0.304791881228349,-0.324674990850578,-0.344463709911366,-0.364103864043762,-0.383519930875798,-0.402674048269996,-0.421520416215633,-0.439996500114046,-0.458039649218331,-0.475577038150048,-0.492529605167885,-0.508818588222454,-0.524362967033844,-0.539082345330715,-0.552894315212125,-0.565712443026539,-0.577456042146669,-0.588103702983066,-0.597575402706265,-0.605778019175829,-0.612623287312652,-0.618029868495686,-0.621925475561793,-0.624248936817864,-0.624952067543819,-0.62400117680506,-0.621367167104734,-0.617016583562901,-0.610931810447093,-0.603123572690256,-0.59360251122186,-0.582409722664617,-0.569627645218353,-0.555426818228404,-0.539912865392326,-0.523182824098317,-0.505337907208666,-0.48648188096683,-0.466698437176501,-0.446048669294904,-0.424605307270772,-0.402468123901538,-0.379737467801093,-0.356509186211714,-0.332875714123028,-0.308925808874075,-0.284743816051563,-0.260371442965181,-0.235866831937977,-0.211311213646104,-0.186794321966708,-0.162400345332011,-0.13819662064033,-0.114238358023637,-0.0905250174696673,-0.0670702493028404,-0.0439268316685666,-0.0211640134692599,0.00116288846891766,0.0229829676397774,0.0442291971761143,0.0648715320816439,0.0848765369621945,0.104303287731287,0.123117702230754,0.141281280537676,0.158797249912783,0.175704467452864,0.191950476757784,0.207514990712908,0.222436724255358,0.236747802140706,0.250454312454152,0.263564055777875,0.276086425758233,0.28803229272038,0.299413890358208,0.310244705499344,0.32055760649204,0.330394707346822,0.339773589277427,0.348712279524064,0.357229339347356,0.365343766303651,0.373074899730393,0.380442329289315,0.38746580640567,0.39416515843429,0.400560205379723,0.406663695694923,0.412502527971286,0.418070958792886,0.423382900743655,0.428483814596049,0.43337868577796,0.438020784481162,0.442399691681715,0.446514425556314,0.450363779401261,0.453946350718599,0.457260568134224,0.46030471567097,0.463076953929079,0.465575337763332,0.467797830088135,0.469742311493795,0.471406585414937,0.472783411475326,0.473864078440494,0.474649197621909,0.475140144878195,0.475307809831299,0.475129820894688,0.474640543065127,0.473872196157317,0.472862686513538,0.471638896341567,0.470203934135261,0.468521686047948,0.466587217569475,0.464388898310349,0.461907396037632,0.459120163258819,0.456020302192649,0.452594751329102,0.448828901129234,0.444717229252671,0.44025667969302,0.435472263926518,0.430365084107502,0.424927521121982,0.41915106022465,0.413026382723866,0.406543477681273,0.399687818873795,0.392403061612261
0.247252788363982,0.240422414361568,0.23328701699872,0.225842673600623,0.218080151116104,0.210022740359476,0.201674856641661,0.193045483551144,0.18415702430979,0.174989579428292,0.165481724135085,0.155607376256098,0.145361026476724,0.134747942763453,0.123770532191684,0.112430652015477,0.100737400083922,0.0887011866095125,0.0763362477647397,0.0636884119026507,0.0507936656030977,0.0376716429064808,0.0243378235681086,0.0108066111754326,-0.00290384070713756,-0.0167757614182725,-0.030796070956038,-0.0449525580922692,-0.0592323772021366,-0.0736220453080075,-0.0881074344990997,-0.102673759276295,-0.117305558522728,-0.131986671959999,-0.146700211115909,-0.161428524998951,-0.176153160848962,-0.190854820508948,-0.20551331314282,-0.220109198036127,-0.234641388706511,-0.249093107677913,-0.263440098681754,-0.27765681962673,-0.291716400332842,-0.305599681596112,-0.319286452175953,-0.33272257714159,-0.345871932112333,-0.35870025882852,-0.371172024713813,-0.383250495369089,-0.394897835992187,-0.406073679578599,-0.416728290262656,-0.426830187050229,-0.436343879279553,-0.445228423245021,-0.453443162536702,-0.460948103967961,-0.467704330333133,-0.473674444459199,-0.478823036809613,-0.483117166695689,-0.486526845124716,-0.489025505658899,-0.490590952995002,-0.491212480615253,-0.490875308947445,-0.489569082494547,-0.487263856030666,-0.483946451217676,-0.47963374026304,-0.474370111649949,-0.468173087843141,-0.461064809601764,-0.453072127432773,-0.444226227562297,-0.434562211301306,-0.424118641759745,-0.412937071563761,-0.40106156429292,-0.388538220939061,-0.37541499895145,-0.361743214196875,-0.347573058079933,-0.33295448299605,-0.317937439870698,-0.302571571778402,-0.286902642891664,-0.27096318257421,-0.254805164337226,-0.238480720835718,-0.222037694422157,-0.205522366272192,-0.188982605542908,-0.17246118339527,-0.15596747083962,-0.139522602464696,-0.123139224557906,-0.106837302004689,-0.0906466825273747,-0.07459383776775,-0.0586993144100465,-0.0429938072240234,-0.0274980352662491,-0.0122634582717088,0.00267540596817573,0.0172988279362285,0.031604383191536,0.0455761260022824,0.0592005103148935,0.0724660438055147,0.0853644144567111,0.0978825708301223,0.110019923230392,0.121785728225186,0.133178934926162,0.144199415690917,0.154851203395414,0.165153702031219,0.175111646243173,0.184728448482736,0.194008881340373,0.202959273191145,0.21158490746207,0.219882412642322,0.22784275894119,0.235461051903609,0.242741149544878,0.249686903044181,0.256301939324267,0.262581574138862,0.268509430621829,0.274088575987885,0.279322828094798,0.284217053434967,0.28879470375076,0.293067227930654,0.297037506601824,0.300715299343229,0.304134041649408,0.307296649524744,0.310201893017562,0.31284955923775,0.315240409708898,0.317381164353922,0.319280528198092,0.320939877551736,0.322360629607835,0.323546112012872,0.324500979736293,0.325224456726017,0.325707508820698,0.325951558781109,0.325956579830437,0.325722378010751,0.325248583747385,0.324534637764355,0.323579777558124,0.322383024806554,0.320945260180585,0.319272320903717,0.317363456759557,0.315217041693108,0.312822523453545,0.310166213533213,0.307239347304432,0.304048041000822,0.300592054488044,0.296863303811226,0.292857633425233,0.288574041221744,0.284011454459686,0.279168755807057,0.274044814685636,0.268637250311567,0.262922432886861,0.25689030729008,0.250539150883741
0.12123458232073,0.11598409436326,0.110518592700675,0.104848677139169,0.0989802892007626,0.0929127985376955,0.0866456799267121,0.0801883501464182,0.0735474876650553,0.0667223375625884,0.0597115281759681,0.0525108833183733,0.0451092895705618,0.0375008622113437,0.0296901228259502,0.0216836504473329,0.0134884482944087,0.00511165887446557,-0.00343870922041845,-0.0121564333965186,-0.0210327363713259,-0.0300554929038919,-0.0392137749292404,-0.0484966295859872,-0.0578926164936409,-0.0673898215687205,-0.076975871686783,-0.0866368854675615,-0.0963559246383818,-0.10611936740988,-0.115911518207416,-0.125710465516217,-0.135501509118608,-0.145271787796981,-0.155008045693072,-0.16469663684523,-0.174323530844255,-0.183874319857737,-0.19333477245281,-0.202698820782423,-0.211954300719592,-0.221085475142694,-0.230076233343947,-0.238910113388866,-0.24757032876894,-0.256039799775439,-0.264301190006442,-0.272336948392777,-0.280126833815543,-0.287643407117963,-0.294870923918576,-0.301797713689936,-0.308406092242348,-0.314678352472492,-0.320597066921543,-0.326145179786904,-0.331306103890809,-0.336063821834576,-0.340402990385894,-0.344309046970321,-0.347769598424009,-0.350775951380864,-0.35331709255958,-0.355382966631856,-0.356965401997761,-0.358054562896826,-0.358644465321873,-0.358726871458531,-0.358290733610375,-0.357332177035064,-0.355852399800587,-0.353853896167456,-0.351341312142982,-0.348321395426484,-0.344802556768277,-0.340794815957885,-0.336309734281817,-0.331360334594761,-0.325961010360026,-0.320127425179524,-0.313876405056259,-0.30722657262718,-0.300197426022845,-0.29280860960202,-0.285082378792891,-0.27704325350066,-0.268710682935266,-0.260105062981243,-0.251248647822836,-0.242164392924928,-0.232874745364801,-0.223402028456836,-0.213768987770405,-0.20399951129163,-0.194114203002139,-0.184125739025802,-0.174042795727236,-0.16387820338725,-0.153648385126243,-0.143371351292611,-0.133064735863436,-0.122748258710592,-0.112436969089183,-0.10215471166154,-0.0919190210913347,-0.0817450911097589,-0.071645827770408,-0.061634766404381,-0.0517343224975306,-0.0419620188239269,-0.0323294361709826,-0.0228473782884069,-0.0135259408683073,-0.00438305445515486,0.00457541371253195,0.0133540187503665,0.0219466204396442,0.0303470571430678,0.038549722091639,0.0465495413294296,0.0543419513672225,0.0619228766653283,0.0692887070499825,0.0764362751526174,0.0833628339470569,0.0900660344469267,0.096543903614254,0.102794822518562,0.108817504777658,0.114610975301881,0.120171513487106,0.125489045310072,0.130562556177057,0.135392022391671,0.139977695722085,0.144320084725524,0.148419936082669,0.152278769498717,0.155906704591355,0.159308036166059,0.162483983532676,0.165435851802212,0.168165014954211,0.170672899222521,0.172960966818518,0.175030700015823,0.176883585627307,0.17852109991324,0.179944693964006,0.18115577961104,0.182155715924306,0.182945796363506,0.183527236655711,0.183901163479739,0.184068604042356,0.184030571076867,0.183790292450373,0.183349682340654,0.182710163197519,0.181877240730764,0.180852888480593,0.179638027287159,0.178233404377486,0.176639590607586,0.174856979687079,0.172885789474141,0.170726065417426,0.168375925107003,0.165829893314384,0.163084674892318,0.160137472282256,0.156984945001875,0.153616044045256,0.150024969841027,0.146208942196779,0.142167391228095,0.137899860761149,0.133407840222752,0.128698174172052,0.123771813511446
0.00795015419728984,0.00490743452436321,0.00175964815761193,-0.00149168019547063,-0.00484468121670484,-0.00829591537246144,-0.0118408744364525,-0.0154766986941471,-0.0192006235457888,-0.0230103174481187,-0.0269033453263044,-0.0308763485394195,-0.0349258612406199,-0.039048415192055,-0.0432401257593334,-0.0474984831944003,-0.051821736280036,-0.0562069857282539,-0.0606508708200186,-0.0651486262916233,-0.0696949959580208,-0.0742847081201525,-0.078912366046713,-0.0835724127372444,-0.0882591361441944,-0.0929667237703642,-0.097689250984048,-0.10242049463069,-0.10715373014666,-0.111882514359174,-0.116600374133964,-0.121300736949186,-0.12597694091474,-0.130622245399212,-0.135229907906098,-0.139794597127809,-0.144311171216798,-0.148772719972376,-0.153172293974375,-0.157502928061228,-0.161757656032595,-0.165929525944426,-0.170011615972391,-0.173997050815693,-0.177879018607077,-0.181650788289346,-0.185305727412053,-0.188837320295446,-0.192239186501587,-0.195505099545038,-0.198629005768256,-0.201605043299481,-0.204427561002851,-0.207090778444675,-0.209586898281365,-0.21191024291011,-0.214056282694303,-0.216020802278996,-0.217799846673455,-0.219388653680861,-0.22078326555405,-0.221979955916839,-0.222975298158193,-0.223767098042047,-0.224353581854367,-0.22473340504574,-0.224905659368913,-0.224869878270285,-0.224626043155633,-0.224174646340783,-0.223516776079369,-0.222653605222945,-0.2215869542189,-0.220318959615136,-0.218852157543862,-0.217189511669344,-0.215334402193883,-0.21329061311519,-0.21106231782803,-0.208654063176983,-0.206070752078406,-0.203317624840868,-0.200400239321311,-0.197324434193638,-0.194096231613895,-0.190721986531538,-0.187208302446117,-0.183561989498412,-0.179790040826508,-0.175899198345167,-0.171895910753176,-0.167786445439213,-0.163575308682769,-0.159269025978584,-0.154874797560432,-0.15039961946793,-0.14585055194965,-0.141234679662849,-0.136559256585641,-0.131831723074961,-0.127059429331036,-0.122249091130936,-0.117407212316529,-0.112539866181479,-0.107654783922334,-0.10276122073464,-0.0978662410661604,-0.0929765749809054,-0.0880988092362927,-0.0832393787216278,-0.0784045288874456,-0.0735999729786342,-0.0688315439085483,-0.0641050276948732,-0.0594260508280414,-0.0548017825123345,-0.0502384533371507,-0.0457409209424475,-0.0413138427880286,-0.0369616761046333,-0.032688678454444,-0.0284989088631634,-0.0243962294856393,-0.020384281921922,-0.0164665043233833,-0.0126472035698951,-0.00893155639076959,-0.00532263464992977,-0.00182372031216721,0.00156224092248219,0.00483293051202338,0.00798620582072979,0.0110200946062663,0.0139327892977277,0.0167226410950028,0.0193881539207449,0.0219279782555833,0.0243409048854846,0.0266258585918286,0.0287818918127019,0.0308081783042882,0.0327046702032931,0.0344728791736226,0.0361123677283255,0.037622613664565,0.0390031730633464,0.0402536752730485,0.0413738181436401,0.0423633635325508,0.0432221331039789,0.0439500044413262,0.0445469074922007,0.0450128213634988,0.045347771484058,0.0455518271495394,0.0456250994644237,0.0455677396929778,0.0453799380306223,0.0450619228041827,0.0446139601087693,0.0440363538859156,0.0433294464461761,0.0424937729317578,0.0415305088995815,0.0404403399763558,0.0392239167067762,0.0378819373133069,0.0364151454526359,0.0348242877686702,0.0331101988072642,0.0312737863898799,0.0293160210836778,0.0272379402725179,0.0250405959859917,0.0227240683363886,0.0202900301724883,0.0177420846226203,0.0150813341728729,0.012309272220517,0.0094274822995955
-0.090860464593273,-0.090860464593273,-0.090860464593273,-0.090860464593273,-0.090860464593273,-0.090860464593273,-0.090860464593273,-0.090860464593273,-0.090860464593273,-0.090860464593273,-0.090860464593273,-0.090860464593273,-0.090860464593273,-0.090860464593273,-0.090860464593273,-0.090860464593273,-0.090860464593273,-0.090860464593273,-0.090860464593273,-0.090860464593273,-0.090860464593273,-0.090860464593273,-0.090860464593273,-0.090860464593273,-0.090860464593273,-0.090860464593273,-0.090860464593273,-0.090860464593273,-0.090860464593273,-0.090860464593273,-0.090860464593273,-0.090860464593273,-0.090860464593273,-0.090860464593273,-0.090860464593273,-0.090860464593273,-0.090860464593273,-0.090860464593273,-0.090860464593273,-0.090860464593273,-0.090860464593273,-0.090860464593273,-0.090860464593273,-0.090860464593273,-0.090860464593273,-0.090860464593273,-0.090860464593273,-0.090860464593273,-0.090860464593273,-0.090860464593273,-0.090860464593273,-0.090860464593273,-0.090860464593273,-0.090860464593273,-0.090860464593273,-0.090860464593273,-0.090860464593273,-0.090860464593273,-0.090860464593273,-0.090860464593273,-0.090860464593273,-0.090860464593273,-0.090860464593273,-0.090860464593273,-0.090860464593273,-0.090860464593273,-0.090860464593273,-0.090860464593273,-0.090860464593273,-0.090860464593273,-0.090860464593273,-0.090860464593273,-0.090860464593273,-0.090860464593273,-0.090860464593273,-0.090860464593273,-0.090860464593273,-0.090860464593273,-0.090860464593273,-0.090860464593273,-0.090860464593273,-0.090860464593273,-0.090860464593273,-0.090860464593273,-0.090860464593273,-0.090860464593273,-0.090860464593273,-0.090860464593273,-0.090860464593273,-0.090860464593273,-0.090860464593273,-0.090860464593273,-0.090860464593273,-0.090860464593273,-0.090860464593273,-0.090860464593273,-0.090860464593273,-0.090860464593273,-0.090860464593273,-0.090860464593273,-0.090860464593273,-0.090860464593273,-0.090860464593273,-0.090860464593273,-0.090860464593273,-0.090860464593273,-0.090860464593273,-0.090860464593273,-0.090860464593273,-0.090860464593273,-0.090860464593273,-0.090860464593273,-0.090860464593273,-0.090860464593273,-0.090860464593273,-0.090860464593273,-0.090860464593273,-0.090860464593273,-0.090860464593273,-0.090860464593273,-0.090860464593273,-0.090860464593273,-0.090860464593273,-0.090860464593273,-0.090860464593273,-0.090860464593273,-0.090860464593273,-0.090860464593273,-0.090860464593273,-0.090860464593273,-0.090860464593273,-0.090860464593273,-0.090860464593273,-0.090860464593273,-0.090860464593273,-0.090860464593273,-0.090860464593273,-0.090860464593273,-0.090860464593273,-0.090860464593273,-0.090860464593273,-0.090860464593273,-0.090860464593273,-0.090860464593273,-0.090860464593273,-0.090860464593273,-0.090860464593273,-0.090860464593273,-0.090860464593273,-0.090860464593273,-0.090860464593273,-0.090860464593273,-0.090860464593273,-0.090860464593273,-0.090860464593273,-0.090860464593273,-0.090860464593273,-0.090860464593273,-0.090860464593273,-0.090860464593273,-0.090860464593273,-0.090860464593273,-0.090860464593273,-0.090860464593273,-0.090860464593273,-0.090860464593273,-0.090860464593273,-0.090860464593273,-0.090860464593273,-0.090860464593273,-0.090860464593273,-0.090860464593273,-0.090860464593273,-0.090860464593273,-0.090860464593273,-0.090860464593273,-0.090860464593273,-0.090860464593273,-0.090860464593273,-0.090860464593273
