0.6593329293347,0.6593329293347,0.6593329293347,0.6593329293347,0.6593329293347,0.6593329293347,0.6593329293347,0.6593329293347,0.6593329293347,0.6593329293347,0.6593329293347,0.6593329293347,0.6593329293347,0.6593329293347,0.6593329293347,0.6593329293347,0.6593329293347,0.6593329293347,0.6593329293347,0.6593329293347,0.6593329293347,0.6593329293347,0.6593329293347,0.6593329293347,0.6593329293347,0.6593329293347,0.6593329293347,0.6593329293347,0.6593329293347,0.6593329293347,0.6593329293347,0.6593329293347,0.6593329293347,0.6593329293347,0.6593329293347,0.6593329293347,0.6593329293347,0.6593329293347,0.6593329293347,0.6593329293347,0.6593329293347,0.6593329293347,0.6593329293347,0.6593329293347,0.6593329293347,0.6593329293347,0.6593329293347,0.6593329293347,0.6593329293347,0.6593329293347,0.6593329293347,0.6593329293347,0.6593329293347,0.6593329293347,0.6593329293347,0.6593329293347,0.6593329293347,0.6593329293347,0.6593329293347,0.6593329293347,0.6593329293347,0.6593329293347,0.6593329293347,0.6593329293347,0.6593329293347,0.6593329293347,0.6593329293347,0.6593329293347,0.6593329293347,0.6593329293347,0.6593329293347,0.6593329293347,0.6593329293347,0.6593329293347,0.6593329293347,0.6593329293347,0.6593329293347,0.6593329293347,0.6593329293347,0.6593329293347,0.6593329293347,0.6593329293347,0.6593329293347,0.6593329293347,0.6593329293347,0.6593329293347,0.6593329293347,0.6593329293347,0.6593329293347,0.6593329293347,0.6593329293347,0.6593329293347,0.6593329293347,0.6593329293347,0.6593329293347,0.6593329293347,0.6593329293347,0.6593329293347,0.6593329293347,0.6593329293347,0.6593329293347,0.6593329293347,0.6593329293347,0.6593329293347,0.6593329293347,0.6593329293347,0.6593329293347,0.6593329293347,0.6593329293347,0.6593329293347,0.6593329293347,0.6593329293347,0.6593329293347,0.6593329293347,0.6593329293347,0.6593329293347,0.6593329293347,0.6593329293347,0.6593329293347,0.6593329293347,0.6593329293347,0.6593329293347,0.6593329293347,0.6593329293347,0.6593329293347,0.6593329293347,0.6593329293347,0.6593329293347,0.6593329293347,0.6593329293347,0.6593329293347,0.6593329293347,0.6593329293347,0.6593329293347,0.6593329293347,0.6593329293347,0.6593329293347,0.6593329293347,0.6593329293347,0.6593329293347,0.6593329293347,0.6593329293347,0.6593329293347,0.6593329293347,0.6593329293347,0.6593329293347,0.6593329293347,0.6593329293347,0.6593329293347,0.6593329293347,0.6593329293347,0.6593329293347,0.6593329293347,0.6593329293347,0.6593329293347,0.6593329293347,0.6593329293347,0.6593329293347,0.6593329293347,0.6593329293347,0.6593329293347,0.6593329293347,0.6593329293347,0.6593329293347,0.6593329293347,0.6593329293347,0.6593329293347,0.6593329293347,0.6593329293347,0.6593329293347,0.6593329293347,0.6593329293347,0.6593329293347,0.6593329293347,0.6593329293347,0.6593329293347,0.6593329293347,0.6593329293347,0.6593329293347,0.6593329293347
0.647219974875658,0.647967291972221,0.6487230245453,0.64948608360328,0.650255403084314,0.651029940933385,0.651808679954113,0.652590628447925,0.65337482065402,0.654160317004184,0.654946204206969,0.655731595176028,0.656515628817554,0.657297469691769,0.658076307563306,0.658851356855104,0.659621856020147,0.660387066844928,0.661146273698131,0.661898782737411,0.66264392108661,0.663381035995101,0.664109493990246,0.664828680033274,0.66553799668811,0.666236863311927,0.666924715275392,0.667601003219797,0.66826519235741,0.668916761820597,0.669555204064414,0.670180024326573,0.670790740147864,0.671386880955305,0.671967987709531,0.67253361261717,0.673083318908199,0.673616680677599,0.674133286818438,0.674632820369797,0.675114941449709,0.675579282006816,0.676025439438108,0.676453054869961,0.676861802850707,0.677251368956183,0.677621449835405,0.677971753288301,0.678301998372281,0.678611915534318,0.678901246765185,0.679169745772493,0.679417178169283,0.679643321674978,0.679847966325726,0.68003091469131,0.680191982096093,0.6803309968417,0.680447800429474,0.680542247781061,0.680614207455841,0.68066356186428,0.680690207476672,0.680694055027096,0.680675029712838,0.680633071389851,0.68056813476523,0.680480189588016,0.680369220839946,0.680235228928088,0.680078229881559,0.679898255554734,0.679695353839574,0.679469588889824,0.679221041359936,0.678949808661626,0.678656005240993,0.678339762879024,0.678001231018277,0.677640577118315,0.677257987042282,0.676853665476746,0.676427836386612,0.675980743506531,0.675512650869846,0.675023843375603,0.674514627393703,0.673985331407663,0.673436306693918,0.672867928035926,0.672280594470712,0.671674730064784,0.671050784715643,0.67040923497439,0.669750584884163,0.669075366828389,0.668384142382057,0.667677503158453,0.666956071643005,0.666220502005133,0.665471480878253,0.664709728097304,0.663935997382519,0.663151076957413,0.662355790088396,0.661550995532759,0.660737587881332,0.659916497781611,0.659088692026814,0.65825517349608,0.657416980930872,0.656575188532646,0.655730905367023,0.654885274560015,0.654039472272385,0.653194706438972,0.652352215260788,0.651513265438911,0.650679150140728,0.649851186690834,0.649030713981014,0.648219089596072,0.647417686654997,0.646627890369874,0.645851094328242,0.645088696508056,0.644342095038122,0.643612696969161,0.642901951429173,0.642211244375748,0.641541934148228,0.640895300431615,0.640272591829109,0.639675085958312,0.639104020271103,0.638560586500674,0.638045925251985,0.637561120723016,0.637107195607638,0.636685106230737,0.636295737965072,0.63593990097745,0.635618326348988,0.635331662610638,0.635080472730847,0.634865231587133,0.634686323947821,0.634544042984074,0.634438589325954,0.63437007066963,0.634338500632358,0.634343782852392,0.634385749246459,0.63446415026171,0.634578648674557,0.634728822279308,0.634914167014009,0.635134100484697,0.635387965845962,0.635675035993222,0.635994518020354,0.636345557895275,0.636727245305842,0.637138618628758,0.637578669975263,0.638046350268915,0.63854057431291,0.639060225806881,0.639604162276007,0.640171219878422,0.6407602180603,0.641369964031465,0.641999257038021,0.642646892412023,0.643311665381845,0.643992374630302,0.64468782559097,0.645396833476309,0.646118226034161,0.646850846031986
0.637037246122336,0.638608611100965,0.64017917983865,0.641746945622424,0.643310052626563,0.644866790028681,0.646415585533158,0.647954998405432,0.649483712111784,0.651000526650941,0.652504350656285,0.653994193340799,0.655469156351001,0.656928425591082,0.658371263074172,0.659796998853997,0.661205023087114,0.66259477827322,0.663965751718656,0.665317468266055,0.666649483330903,0.667961466945402,0.669253192227853,0.670524244324554,0.671774206055099,0.673002660086949,0.674209185244265,0.675393353288132,0.676554726180077,0.67769285383709,0.678807272382456,0.679897464343199,0.680962859788603,0.682002941042094,0.683017174655177,0.684005009809347,0.684965878826112,0.685899198077022,0.686804375036104,0.687681028598883,0.688528597781933,0.689346391559248,0.690133883430367,0.690890538955742,0.691615816138325,0.692309258235099,0.692970438833723,0.693598882743644,0.694194121243091,0.694755694118386,0.695283151680593,0.695776056723732,0.696233986390189,0.696656533910922,0.697043310190413,0.697393945209203,0.697708089220055,0.697985413717413,0.698225612163737,0.69842840046051,0.698593459727986,0.698720327581561,0.698808746575339,0.698858505820202,0.698869421878542,0.698841335630391,0.698774112175662,0.698667640051505,0.698521830267088,0.698336615179746,0.698111947236548,0.697847797607806,0.69754415474125,0.697201022867382,0.696818419084322,0.69639636704021,0.695934911526138,0.695434108320287,0.694894021140833,0.694314720689591,0.693696283871447,0.69303879321893,0.692342336549876,0.691607006884466,0.690832902645924,0.690020128166986,0.689168794521782,0.688279020700193,0.687350935138996,0.686384677621269,0.685380401552653,0.684338276620141,0.683258491836176,0.682141258968026,0.680986816349614,0.679795433070368,0.678567413533072,0.67730310237033,0.67600288980394,0.67466722588206,0.673296618599655,0.67189163601553,0.670452917170736,0.668981178935316,0.6674772230718,0.665941943484729,0.664376333622512,0.662781493994343,0.661158639760783,0.65950910835156,0.657834367058151,0.656136018789816,0.65441580973821,0.652675643246455,0.65091758205974,0.649143854523842,0.647356860440204,0.64555917624242,0.64375355934287,0.641942951479804,0.640130480876341,0.638319463004302,0.636513399728617,0.634715976593402,0.632931058000267,0.631162680024681,0.629415040619346,0.627692486966565,0.625999499766659,0.624340817283574,0.622721366255678,0.621145728146978,0.619618505093795,0.618144608287695,0.616728920729581,0.615376257050986,0.614091322096265,0.612878668032845,0.611742650756107,0.610687386448972,0.609716709220938,0.60883413078065,0.60804280308524,0.607345484856909,0.606744484127146,0.606241630553019,0.605838413591872,0.605535849575876,0.605334466947679,0.605234307203236,0.605234932073905,0.605335436586312,0.60553446751118,0.60583024661342,0.606220598046063,0.606702979188537,0.607274514212769,0.60793202966507,0.60867209137394,0.609491083457656,0.610385243011512,0.611350572341549,0.612382959972392,0.613478217591539,0.614632112630824,0.615840398849612,0.617098845450087,0.618403262811378,0.619749523206625,0.621133583961477,0.622551505913281,0.623999469226511,0.625473786726084,0.626970914845258,0.628487462308594,0.630020196688413,0.631566048985812,0.633122116394954,0.634685663412705,0.636254121454021
0.629490189370897,0.631856171631051,0.634192326009941,0.636496978976538,0.638768777241889,0.641006661936254,0.643209843585891,0.645377777899478,0.647510142343851,0.649606813468778,0.651667996421096,0.653694851521734,0.655687896723953,0.657647574555496,0.659574395773481,0.6614688997043,0.66333162218194,0.665163168454886,0.666964072069574,0.668734786741521,0.670475886117659,0.672187958878496,0.673871545241083,0.675527119146952,0.677155077113868,0.678755728307229,0.680329285933072,0.681875860046479,0.68339545185717,0.684887949598498,0.686353126007645,0.687790637443965,0.689200024650031,0.690580715136492,0.691932027148252,0.693253175146261,0.694543276660514,0.695801345857472,0.697026387159698,0.698217450534672,0.699373292118408,0.700493111626801,0.701576048307449,0.702621166663366,0.703627464029178,0.704593879028122,0.705519300806857,0.706402675699376,0.707243212296216,0.7080399694563,0.708791975785853,0.709498334535463,0.710158184490092,0.710770700618625,0.711335101548807,0.711850681223451,0.712316796945293,0.712732854127354,0.713098319513832,0.713412720593692,0.713675750701729,0.71388720318796,0.714046910239648,0.714154764043098,0.714210792253522,0.714215091236045,0.714167734647146,0.714068836873313,0.713918545844205,0.713717035060758,0.71346449492839,0.713160619872195,0.712804971371657,0.712397786061667,0.71193932541642,0.711429874012601,0.710869745681509,0.710259196285225,0.709598428414134,0.708887611930328,0.708126878576574,0.707316317078571,0.706455968833763,0.705545824273347,0.704585819976265,0.703575836604827,0.702515697721581,0.701405169536149,0.700243961619347,0.699031728610205,0.69776807292978,0.696452548504149,0.695084665487974,0.693663895969808,0.692189680631124,0.690661436323087,0.689078564518682,0.687440460593049,0.685746523882035,0.683996168468189,0.682188834644756,0.680324001011927,0.678401196587773,0.676419931420225,0.674379807826696,0.672280580402786,0.670122117970977,0.667904420553944,0.66562763703446,0.663292083554901,0.660898262728274,0.658446883751584,0.655938883530334,0.653375449273551,0.650758110460317,0.648088720102407,0.645369428134229,0.642602744454282,0.639791568703931,0.636939220987324,0.634049461072176,0.631126559265518,0.628175323368743,0.625201127049841,0.622209947733486,0.61920840388277,0.616203790337956,0.613204109932666,0.610218099095153,0.607255246193804,0.604326253585731,0.601442321331154,0.598614490810768,0.595855412995404,0.593178397193226,0.590597204916576,0.588125888596569,0.58577859425534,0.583569331023411,0.581511713840663,0.579618689277637,0.577902257598601,0.576373068912616,0.575040496146645,0.573912460178839,0.572995053959458,0.572292454628161,0.571806911754718,0.571538800163526,0.571486610812091,0.571647101744783,0.57201551143288,0.572585906301694,0.57335085736234,0.574301784244355,0.575429213903089,0.576722947430347,0.578172221140135,0.579765861489147,0.581492432552033,0.583340374742559,0.585298133441115,0.58735427624175,0.589497597702862,0.591717210768645,0.59400262439143,0.596343807284525,0.598731238128007,0.601155942900794,0.603609520297414,0.606084156395088,0.608572629864247,0.611068309069209,0.613565142396023,0.61605764308467,0.618540869746148,0.621010403624307,0.623462323528415,0.625893179224354,0.628299963936949
0.624773126287206,0.627789926703205,0.630733745280388,0.633604984907417,0.63640442388271,0.639133244306734,0.641794638759145,0.644391223106248,0.646925038344519,0.649398248218317,0.651813120458387,0.654171617232961,0.656476008544558,0.658728982353472,0.660933261604468,0.663091581047791,0.665206663386151,0.667281194736826,0.669317799507531,0.671319014885246,0.673287265225774,0.675224836705633,0.677133813630502,0.679015812686521,0.680871947952057,0.682703058161508,0.684509450659233,0.686292357392977,0.688052748051636,0.689791261259212,0.691508197289952,0.693203515670546,0.694876837722091,0.696527453987348,0.698154336385441,0.6997561548401,0.701331298041822,0.702877897931191,0.704394201985913,0.705878332455015,0.707328335987258,0.708742547671134,0.710119127708203,0.711455818601788,0.712750474714232,0.71400093999103,0.715204943249881,0.716360123580968,0.717464090874467,0.718515014085402,0.719511098675957,0.720450532981718,0.721331626676433,0.722152792076386,0.722912455009584,0.723609383389949,0.724242556850752,0.724811087671365,0.725314227045942,0.725751369592111,0.726122056120557,0.726425974682991,0.726662959911476,0.72683299065762,0.72693632147999,0.726973522401207,0.726945299156909,0.726852604905572,0.726696140072147,0.726476702849208,0.726195284740536,0.725852842597209,0.725450476238978,0.724989627893247,0.724471949590781,0.723898336121649,0.723268159670138,0.722581563796545,0.721839394024798,0.721042409779178,0.720191264069913,0.719286483506573,0.718328448944964,0.717317378004031,0.716253349837655,0.71513633186205,0.713966020354467,0.712741916453919,0.711463337735922,0.710129420135794,0.708739121943316,0.70729122981235,0.705784366691313,0.704217001545056,0.70258746070639,0.700893918875763,0.699134412724595,0.697306901117322,0.695409262285137,0.693439313311857,0.691394830566402,0.68927357065298,0.687073291635684,0.684791774309846,0.682426843315414,0.679976387918179,0.67743838232316,0.674810905431156,0.672092160004902,0.669280491275769,0.666374405096218,0.663372585828013,0.660273914252422,0.657077485897643,0.653782528431048,0.650388054073958,0.646893934708483,0.643300497979765,0.639608460663785,0.635818984738307,0.631933909670495,0.627955614889281,0.623887072577163,0.619731965195154,0.615494754762407,0.611180891267764,0.606796940810099,0.602350737272379,0.597851591885721,0.593310539042594,0.588740748925139,0.584158663004967,0.579581313420515,0.575030026414473,0.570530254789215,0.56611121498396,0.561806046911244,0.557651734002042,0.553688653172153,0.549959620547646,0.546508294932078,0.543376961182613,0.540604927037437,0.538225239082131,0.536262661979327,0.534732677412154,0.533641364671422,0.532986657031492,0.532760411400068,0.532949260079699,0.533536296375554,0.534502209431353,0.535825861796645,0.537484591788778,0.539454386427341,0.541710043175785,0.544225390963475,0.546973594016505,0.549927526989316,0.553060190041726,0.556345126271061,0.559756807412161,0.563270962628028,0.566864835857701,0.570517367037344,0.57420930021025,0.577923226673006,0.581643574058203,0.58535655312333,0.589050073576562,0.592713639046692,0.596338229707475,0.59991617938362,0.603441052374798,0.606907523830092,0.610311266324838,0.613648844335172,0.616917617553086,0.620115653407911,0.6232416487284
0.622560604888383,0.625993956668287,0.629308767177857,0.63251112187273,0.635606762981742,0.638599996663001,0.64149510298311,0.644295554282054,0.647005562753597,0.649630012594368,0.652173872454695,0.654642196673719,0.657040121898023,0.659372857956366,0.661645672180512,0.66386386669712,0.666032647157714,0.668155906320349,0.670238358959212,0.67228461564477,0.674297604405674,0.67628259261121,0.678244709292555,0.680188698919943,0.682118858480013,0.684038979800869,0.685952298838627,0.687861400404724,0.689767957370065,0.69167307866185,0.693577114875846,0.695479895454058,0.697380538444869,0.699277462694889,0.701168403606637,0.703049894932561,0.704918205588869,0.706769401498164,0.708599879088907,0.710406158331223,0.712184888502791,0.713932376092351,0.715644699793481,0.71731773737569,0.718947200508283,0.720528443120491,0.722056961000404,0.723528552291987,0.724938930624583,0.726283874261503,0.727560102455428,0.728764580691447,0.729894740732889,0.730948257690374,0.731923040600194,0.732817251543349,0.733629321476555,0.734357962825378,0.735002206582717,0.735561872465736,0.736037058161188,0.736427984401067,0.736735085581855,0.736959009996583,0.737100616932512,0.737160970491262,0.737141330013722,0.737043137027393,0.736868001706696,0.736617858209081,0.736294901705956,0.735901329279435,0.7354393289488,0.734911888778698,0.734322007343516,0.733672844614021,0.732967199234714,0.732206809653847,0.731392862003478,0.730525318733783,0.729605745007023,0.728635540609608,0.727615876231869,0.726547512458041,0.725431141583947,0.724267210907654,0.723055796752388,0.721796574576617,0.720488794096185,0.719131390148008,0.717722905407135,0.716261463337645,0.714744389345814,0.71316803218854,0.711529254970785,0.70982484461797,0.708051181472713,0.706204438165396,0.704280615704508,0.702275578738576,0.700185090774595,0.69800484861472,0.695730515277479,0.693357750686852,0.690882239442657,0.688299715028732,0.685605979871529,0.682796920730842,0.679868518986359,0.676816855478445,0.673637651971508,0.670326813479421,0.666881080243289,0.663297403592488,0.659572940140555,0.655705043076264,0.651691249852342,0.647529267070459,0.643216953598104,0.638752302705513,0.634132531846693,0.629355314879668,0.624419458276388,0.619324188237747,0.614069241529209,0.608654588450347,0.603080567455609,0.597347993712381,0.591458452604383,0.585414404000881,0.579219474234606,0.572879736746768,0.566402781250005,0.559798044261278,0.553081993584382,0.546277418967906,0.539416200680487,0.532543586814895,0.52572484223264,0.519054454234351,0.512668592323373,0.506757112139979,0.501554883450682,0.497289240426993,0.494086496073829,0.491919456928757,0.490659597998725,0.490167766412847,0.490344478139225,0.491133561045895,0.492507213693303,0.494449470124139,0.496943606055175,0.499964415439784,0.503474934557392,0.507426703287925,0.51176238943608,0.516419551372282,0.521334503827534,0.526445599174975,0.531695606267393,0.537033156940591,0.542413399279646,0.547798061562825,0.553155127885406,0.55845829080973,0.56368630199296,0.568822301338117,0.573853173583547,0.578768958781544,0.583562328325328,0.588228129104784,0.592762993225701,0.597165008126551,0.601433440879186,0.605568510298663,0.609571200786183,0.613443112328247,0.617186341624933,0.620803389841878
0.622074808063631,0.625656253343551,0.629090815144535,0.632384993820159,0.635543861034726,0.638572289699314,0.641476598266259,0.644263049438557,0.646937933199145,0.649507653223134,0.651978802747586,0.654358226354498,0.656652945890633,0.658867790995107,0.661010060110878,0.663088114411837,0.665106825528816,0.667074999472497,0.6690026506083,0.670899766568693,0.672776166402803,0.674641349109255,0.676504337301761,0.678373521178818,0.680256508177947,0.682159983661577,0.684089587690226,0.686049812391003,0.688043923647156,0.69007390985814,0.692140345270739,0.694242078056341,0.69637629751277,0.698538453039883,0.700723732852307,0.702926120155589,0.705138475724641,0.70735309455781,0.709563186716976,0.711762416856282,0.71394442702806,0.716102339958987,0.718228874147899,0.720316475354937,0.722357442755568,0.724344048126809,0.72626864155713,0.728123584263995,0.729901690562211,0.731596500439939,0.733202180624117,0.734714601211669,0.736129875368725,0.737444407954662,0.738655055992476,0.739759429337195,0.740756349166432,0.741644917226661,0.742424579532054,0.743095151536945,0.743656834569019,0.744110228932728,0.744456325648866,0.744696720810337,0.744834106290519,0.744871638393113,0.744816474845398,0.744673669955345,0.744446492605598,0.744136834175767,0.743746244623433,0.743278576824716,0.742737701378611,0.742127452470388,0.741451592086835,0.740713772017228,0.739917493858516,0.7390668707752,0.738166163043497,0.737218813099768,0.736228230415419,0.735193365165642,0.73411508923531,0.732997886091791,0.731844374589563,0.730656179323881,0.729434401895462,0.728179531461194,0.726891390048576,0.725569082556142,0.724210952421753,0.722814568149443,0.721376908776601,0.719894396827366,0.718362885746848,0.716777681808506,0.715133568490539,0.71342483467009,0.711645306191221,0.709788380294194,0.707847062324864,0.705811109720018,0.703669245679213,0.701413710310407,0.69903679013474,0.696530865478211,0.693888464333613,0.691102557663822,0.688170742066356,0.685088956969799,0.681851998006993,0.678454964700906,0.674893233153833,0.671162414625392,0.667258299924384,0.663176789745341,0.658913152106526,0.654462299307972,0.649821219104909,0.644987053867762,0.639956935603676,0.6347278865445,0.629296713408149,0.623659520042886,0.617810416694974,0.611745541104874,0.605461543522472,0.598954612461882,0.592220329238256,0.585253738873851,0.578049472977229,0.570601788461496,0.562905968814753,0.554952948882885,0.546737793147694,0.538257176629957,0.529509517809395,0.520496305696047,0.511224807550089,0.501713413654447,0.492009343831131,0.482234475018136,0.472774753568635,0.464986514852345,0.46049736610386,0.457834914230515,0.455806217248572,0.454217623417856,0.453175129628086,0.452887807736437,0.45359358812839,0.455494504242793,0.458693160051311,0.463155875849656,0.468724220431061,0.475165432327244,0.482229949418017,0.489691478306454,0.497364670194684,0.505107163274225,0.512814151869481,0.520410828735052,0.527845240258996,0.535082410007318,0.542099808377477,0.548883967852201,0.555427988676149,0.561729707412844,0.567790349166301,0.573613530239862,0.579204515095131,0.584569659324142,0.589715990520554,0.594650893259475,0.599381874438073,0.603916392194845,0.60826173639652,0.612424951890979,0.616412797824543,0.620231737637827
0.622231861282607,0.625725798519511,0.629059507555619,0.632237578488055,0.63526592543707,0.638149883187872,0.64089446328125,0.643504611473315,0.645985457236557,0.648342506386702,0.650578439243269,0.652699023689923,0.654713524098796,0.656627301413067,0.6584487433832,0.66019112782181,0.661868738628953,0.663496703339392,0.665090780797021,0.666667103554721,0.668241881785813,0.669831077660788,0.67145006114182,0.673113259802602,0.674833816407358,0.67662326841045,0.678491263138782,0.680445321133775,0.682490657986497,0.684630072122144,0.686863795591591,0.689188200766297,0.691597947382165,0.694084950656129,0.69663883517049,0.699247521134109,0.701898135666332,0.704578183030738,0.707277186450859,0.709984231833677,0.712687507566594,0.715374561553754,0.718032547292864,0.720648451302932,0.723209297809676,0.725702377057706,0.728115429967588,0.730437245079965,0.732657945975506,0.734768482716433,0.736760431208024,0.738626241074589,0.740360898802833,0.74196051025933,0.743422369795056,0.744744223564361,0.745924306855489,0.746961376811016,0.747854631486203,0.748603755997141,0.749210868110308,0.749680023162596,0.750023058888342,0.750242641925519,0.750339800959976,0.750319663444216,0.750187570941445,0.749949048182755,0.749609784270297,0.749175611191004,0.748652478524224,0.748046423399659,0.747363534986317,0.746609913058009,0.745791620472548,0.744914629704492,0.743984763867521,0.743007632935545,0.741988566105337,0.740932541639732,0.739845489151508,0.738732784374048,0.737596302995736,0.736435180463025,0.735252389762878,0.734051104159427,0.732836590518777,0.731610721226578,0.730374498413269,0.729127884730423,0.727869700073937,0.726597550899089,0.725307771834764,0.723995351746826,0.722654575413708,0.721279109048553,0.719861851731894,0.718394983804817,0.71687002148333,0.715277877013308,0.713608923501886,0.711853063371071,0.709999799198112,0.708038305549758,0.705957500297092,0.703743274479496,0.701375906797404,0.698844719398562,0.696140201831203,0.693253420669083,0.690176069612561,0.686900506521989,0.68341978042048,0.679728076844563,0.67582955169896,0.671725088929714,0.667412396039273,0.662889491278679,0.658154535481673,0.653205643963145,0.648039733768727,0.642653014574807,0.63704509035656,0.631215494093775,0.625163333152304,0.618887217256771,0.612383227924251,0.605647385976143,0.598678748976616,0.591475947688008,0.584037202531168,0.576360998895324,0.568447710813687,0.560296324680265,0.551909665392078,0.543298740284089,0.534481166488379,0.525484177099268,0.516348118712381,0.507133077064522,0.497921151667853,0.488810938705477,0.479903294252236,0.471273185930656,0.462937582070376,0.454846755641371,0.446910498750811,0.4390550312447,0.431307895542639,0.423957408576251,0.417943726797764,0.415564497990909,0.419439178885635,0.428440752909632,0.439610367834211,0.45131972848839,0.462923777175542,0.474169641146725,0.484957442347614,0.495251949943086,0.505047523489621,0.514352902251925,0.523184065986557,0.531560658300596,0.539504092360394,0.547036494216996,0.554180079990672,0.560956764228949,0.567387894054656,0.573494053327743,0.579294907523558,0.584809074729162,0.590054016560055,0.595045947650625,0.59979976509524,0.604329000573618,0.608645798310227,0.612760921752109,0.616684043171237,0.62042849258608
0.621860506377246,0.625077403336324,0.628149844297389,0.631080116584365,0.633868791890195,0.636513680508129,0.639010297237604,0.641357159818437,0.643548680583473,0.645586146602685,0.647474075947229,0.649211773930098,0.650805071292792,0.652266449619431,0.653611063689445,0.654856694920714,0.656023599312344,0.657134246586539,0.658212950508808,0.659285394545386,0.660378062101805,0.66151758641268,0.66273004135274,0.664040200439616,0.665470796363808,0.667041816702874,0.668769872313004,0.670667672721918,0.672743637519195,0.675001459374181,0.677438359314717,0.680047904028658,0.682819066504075,0.685736573354631,0.688782775439625,0.691936475371542,0.695174933421206,0.698478589185923,0.701829345094058,0.705207746732087,0.708593443029473,0.711965638013662,0.715303487795169,0.718586436352718,0.721794601225509,0.724909201135768,0.727913923236643,0.73079383671582,0.73353508371358,0.736125003174074,0.738552663013994,0.740809072616087,0.742888765720471,0.744788166386785,0.746503782268874,0.748032495848343,0.749370973971636,0.750520155305995,0.751482180371977,0.752266074077321,0.75287862093783,0.75332612380035,0.753615108282683,0.753752312299456,0.753744684443402,0.753599388662308,0.753323812385554,0.752925575077472,0.752412534144845,0.751792785215747,0.751074654043368,0.750266677670161,0.74937757300414,0.748416191589094,0.747391460062808,0.746312306550958,0.745187573991413,0.744025922072394,0.742835720047851,0.741624933120327,0.740401005323891,0.739170749201781,0.737941305576441,0.736718871149718,0.735501216725961,0.734290844602291,0.733091846523236,0.731906985607165,0.730741816466196,0.729597819501625,0.728474857429491,0.727371036737469,0.72628259374477,0.725203813771949,0.724126711299924,0.723042282007623,0.721941071400707,0.720812608835554,0.719645492358858,0.718427485222554,0.717145853047233,0.715787953349606,0.714339606627429,0.712786152209045,0.711112706167738,0.709304282956511,0.707345912582059,0.705222750139143,0.702911252783108,0.700389822311081,0.697648250271926,0.694677567120718,0.691470085883383,0.688019425965344,0.684320515866597,0.680369575320909,0.676164077788354,0.671702998723817,0.66700080925639,0.662068621122727,0.656910697049211,0.651531280459533,0.645934261748786,0.640121516204581,0.634094417492946,0.627859130420731,0.621421530061172,0.61478679457877,0.607956872032463,0.600934333419893,0.593725759222024,0.58633723625886,0.578775680936909,0.571050156294642,0.563165973946019,0.555137492655781,0.546981299381073,0.538715676180788,0.530360991551232,0.521941152420065,0.513477266263447,0.504985340194027,0.496472696138951,0.487934860756077,0.479357213782389,0.470720639363782,0.462016507452902,0.453278812968544,0.444653579614628,0.43655921221692,0.430049293648432,0.427269364266751,0.430334034313973,0.438364198074362,0.448817450931202,0.46004652472662,0.471303304183592,0.482264205594033,0.492788230872232,0.502816690549975,0.512330681256009,0.521331806239208,0.529832805740598,0.537852702048351,0.545414126538166,0.552541752736009,0.559261309997625,0.56559890895605,0.571580536514074,0.577231644170176,0.582576789774268,0.587639313845097,0.592441044323493,0.597002031535907,0.601340319922069,0.605471765603932,0.609409909597021,0.61316733851948,0.616761036313394,0.62020129064876
0.619915164012532,0.622755923587553,0.625494888294822,0.628124731828354,0.630635379938755,0.633014604636564,0.635243392309258,0.637307736535267,0.6391976171675,0.640893428783801,0.642383610606295,0.643670745455146,0.644762188265682,0.645670322688774,0.646412758460015,0.647012366523731,0.647497135178585,0.647899830885424,0.648257449693209,0.648610450507518,0.649001770471397,0.64947563593231,0.650076199491752,0.650846053175568,0.65182468747275,0.653046982639066,0.654541828643345,0.656330970263559,0.658428138182651,0.660836555918317,0.663550682763652,0.666556190536928,0.669832183078537,0.673351820727507,0.677082676449088,0.680988080840583,0.685030155977175,0.689177379900636,0.693398163488317,0.697659917256934,0.701929828937948,0.706175544211679,0.710365699199037,0.714470465466188,0.718462776884038,0.722319299358002,0.726018681216068,0.729541393207198,0.732869730128562,0.735988275001549,0.738885870446341,0.741554205901222,0.743985356565317,0.746173532383978,0.748114187638916,0.749808336082479,0.751250468874205,0.752451825289663,0.753431242591819,0.754197478401242,0.754759310408248,0.755125516923891,0.755304883265916,0.75530623069546,0.755138463754664,0.754810631059348,0.754331993927687,0.753712096731482,0.752960832595391,0.752088498089519,0.751105830898999,0.750024025131613,0.748854719940515,0.747609958467573,0.746302115697485,0.74494379556635,0.743547699473402,0.742126470060473,0.740692515597321,0.739257821394199,0.737833755233563,0.736430873795845,0.735058736442099,0.733725871307798,0.732440197359765,0.731201414706946,0.730010449557125,0.728872289344855,0.727789797498289,0.726765317520755,0.725802882576836,0.72490163518211,0.724058108106196,0.723266031242641,0.72251643854222,0.721798545450703,0.721099426643312,0.720404934692551,0.719699633999283,0.718966931507068,0.718189232058201,0.717348115821672,0.716424533627219,0.715399014759549,0.714251880909832,0.712963459590655,0.711514290379337,0.709885317800066,0.708058065395944,0.70601455696798,0.70372305598623,0.701162906050643,0.698325912136093,0.695206023780527,0.69179934430996,0.688104109557753,0.684120637493918,0.679851250577322,0.67530017305947,0.670473405930542,0.665378693612986,0.660043738367339,0.654495154578717,0.648747123592504,0.642813001793219,0.636704286873912,0.630428701586457,0.624000585785408,0.61743478481832,0.610744361805825,0.603936982391297,0.597025695111729,0.590025198441015,0.582952056471935,0.575816913750038,0.568634980111396,0.561424704015927,0.554203310864125,0.546992105512463,0.539812144698954,0.532683981882998,0.525629185557548,0.518672849277492,0.511849002576724,0.505207615633297,0.498825068513821,0.492818468782835,0.487363706355183,0.482710662577973,0.479182257919869,0.47713991280174,0.476897782836519,0.478605871907109,0.482173807204361,0.48729818193702,0.493570226364319,0.500584738358954,0.508001670856373,0.515562504967308,0.523082521879892,0.530435546493133,0.537539104290686,0.544342491316373,0.550817902354813,0.556954033047726,0.562751490616617,0.568219463973248,0.573373248022463,0.57823233852365,0.582818905330279,0.587156518001458,0.591269045374371,0.59517968515581,0.598910104629005,0.602479691390204,0.605904924818127,0.609201254708484,0.612388011544248,0.615474664977775,0.618462056549535
0.615427728971211,0.617902693006664,0.620348112800794,0.622739887615143,0.625046159255214,0.627229140493613,0.629260671739602,0.631111942782422,0.632744834378955,0.634134587618168,0.635264459897817,0.636114531450552,0.636681147738075,0.636973843770059,0.637011220224375,0.636821210392653,0.636441106439889,0.635917299560503,0.63530467905495,0.634665631742809,0.634068589597525,0.633586094101815,0.63329238342442,0.633260563088974,0.633559487748279,0.634250550816626,0.635384634994788,0.636999503308027,0.639117154141589,0.641740672818766,0.644856905868647,0.648439083685515,0.65244737282138,0.656830667605904,0.661529506834325,0.666479441793091,0.671622899767719,0.676907033830458,0.68227822724958,0.687684945244421,0.693077661119586,0.698409544046096,0.703637171151095,0.708722601468502,0.713633609771104,0.718341342658454,0.72282003240525,0.727046764259479,0.731002855303103,0.734674610598356,0.738049857923838,0.741116016612299,0.743862851741906,0.746287307755388,0.748382360356629,0.75015378181642,0.751632008655991,0.752835925429843,0.753778395854465,0.754471784156044,0.754927924372491,0.755158138854392,0.755173302803416,0.754983950081731,0.754600413815805,0.754032993609486,0.75329213959644,0.752388642231183,0.751333815772333,0.75013966297671,0.748819008710464,0.747385591083832,0.745854100386929,0.744240158556204,0.742560235082608,0.740831499050216,0.739071611140489,0.737298463626951,0.735529880207794,0.733783290522556,0.732075395931662,0.730421843259567,0.728836921553032,0.72733393262184,0.725927337923738,0.724625349805196,0.723427035766729,0.72233154510918,0.721342869826766,0.72046333976772,0.719691079549921,0.719031213052453,0.718481846319529,0.718035866848991,0.717682438294009,0.717406029174145,0.717187974280407,0.717010890044574,0.716855823404758,0.716702244390842,0.716528211319622,0.716310577647026,0.716025233728438,0.715644098802696,0.715137839309914,0.714480314906373,0.713645905695775,0.712609832051806,0.711348438613412,0.709839435207673,0.70806209033525,0.705987523119662,0.703582610134253,0.70084109579363,0.697760689179816,0.694342313492906,0.690590030682952,0.686510927578798,0.682114965537807,0.677414795868867,0.672425543739957,0.6671645639869,0.66165117315893,0.655913725039679,0.650006786739247,0.643960300432709,0.637798977165905,0.631543859118006,0.625211317691393,0.618825086746333,0.612408606472966,0.605980878667625,0.599561287254079,0.593173774825359,0.586839574776805,0.580574067263786,0.574399997235334,0.568341619828194,0.562425252819577,0.556674954353772,0.55111467295798,0.545769099883027,0.540668298890473,0.535850582090616,0.531365544258517,0.527279329297861,0.523678661161434,0.520666091630155,0.518356020489373,0.516864583336511,0.516293213409296,0.516708581416138,0.5181246176117,0.520493468721086,0.523709479375516,0.527624756725451,0.53207035270389,0.536876361645715,0.541886705569149,0.546967578545975,0.552010627987301,0.556932653473338,0.561673424151719,0.566192728075874,0.57046729961013,0.574487934929659,0.578256900440736,0.581785629645411,0.585092655515549,0.588201712631223,0.591139950581824,0.593936218420057,0.596619403968886,0.599216837771733,0.601752796100683,0.604249585986968,0.606733149795095,0.609216319134885,0.611701248891607,0.614188582379856
0.607532313387469,0.609757904489676,0.612063147984482,0.614389473795925,0.616677234720452,0.618871439837168,0.620910512485598,0.622724923039683,0.624263109964202,0.625481288882611,0.626343816535407,0.626824498746404,0.626903597503564,0.62656398838601,0.625820339236049,0.624703957491169,0.623261502901211,0.621555238887527,0.619662876336062,0.617676830801044,0.615702680510439,0.613856608172561,0.6122616545967,0.611042725431355,0.610320481530697,0.61020449233669,0.61078629084573,0.612133159365641,0.61428140557104,0.617232683293301,0.620959908588689,0.625408297792715,0.630499079185201,0.636135826609261,0.642211127255579,0.648617306676297,0.655263299029915,0.662061146113609,0.668927202804373,0.675784144378807,0.682562709657193,0.689200957492331,0.695646837260316,0.701857611933481,0.707796418051053,0.713431506210785,0.718735486189713,0.723687758999456,0.728273490788032,0.732478180244175,0.736281979628258,0.739675365918808,0.742647114602152,0.745202249706743,0.747352977665823,0.749140944856652,0.750593758327585,0.751730762452358,0.752569899841259,0.753127633798146,0.75341894930852,0.75345743285725,0.753255428987508,0.752824268552915,0.75217456025908,0.751316533556609,0.750260417478988,0.749016836869842,0.747597204868008,0.746014088760755,0.744281525611727,0.742415264647851,0.74043291546206,0.738353984836032,0.73619979051576,0.733993247550295,0.731758531577588,0.729520633155622,0.727305233741924,0.725146118267489,0.723071244386084,0.721102842158905,0.71926031313198,0.717559952167324,0.716014788255951,0.714634564116365,0.713424617206958,0.712381401945655,0.711506743325957,0.71080358528518,0.710272470508516,0.7099063845701,0.70970192930415,0.709655437537092,0.709755308598858,0.709984139243934,0.710317359428062,0.710732666699217,0.711206361345074,0.711712362403283,0.712222447024594,0.712706587242745,0.713133364747087,0.713470437797825,0.713685031770156,0.71374442555103,0.713616409311756,0.713269266259049,0.712661912322895,0.711761248225914,0.71054154750111,0.708979845190743,0.707043919960802,0.704698996264962,0.70194398021698,0.698783104572274,0.695225030481552,0.691282687889502,0.686973067998145,0.682316967383535,0.677338683554299,0.672065662768944,0.666528102768476,0.660758515574676,0.654791258346124,0.648668538066838,0.642466011707734,0.636229392862939,0.629993391309365,0.623785733510069,0.617635344240588,0.611580171535733,0.605651920477934,0.599874971811145,0.594279217435131,0.588883607538434,0.583712997908345,0.578798280979748,0.574164895948737,0.569833723076294,0.565820716926211,0.562140961707862,0.558809852037396,0.555844312804054,0.553268303598257,0.551109685761906,0.54939928271624,0.548169467117408,0.547451446303667,0.547273629919545,0.547652460430567,0.548587021523146,0.550055679669383,0.552014486176283,0.554398685279268,0.557127102712216,0.560108450643937,0.563248248864708,0.566455188698176,0.569646189055277,0.572749873848716,0.575708565491601,0.578479083306947,0.581032683797194,0.583354438016798,0.585442261173652,0.587305724826407,0.588964709912187,0.590447906032355,0.591791130601732,0.59303543064119,0.594224939788777,0.595404492421536,0.596617042542134,0.597902668779262,0.599305045111753,0.600852780911193,0.60255967347917,0.604433138138468,0.606465722382582
0.595432834584847,0.597637461676194,0.600071160596282,0.602643179436089,0.605259007120575,0.607810061211148,0.610181674483947,0.612278323335424,0.614013395879134,0.615311186578433,0.616108679818228,0.616356905599245,0.616022042986285,0.615084326152435,0.61352400522992,0.611364242653448,0.608657399938906,0.605479750794657,0.601932892086433,0.598144683043913,0.594269189765045,0.590484936632493,0.586990656232196,0.583997788237795,0.581719329784108,0.580355368051619,0.58007666934214,0.581008716638426,0.58321525364402,0.586694355955705,0.591384128385715,0.597167839518073,0.603887863169192,0.611361755083462,0.619398008178032,0.627825638597941,0.636495127572799,0.645268694570923,0.654024917881461,0.662659188607147,0.671083539244321,0.67922854056548,0.687040398032457,0.694475263483649,0.701497386481364,0.708077331134567,0.714195298648707,0.719838169480953,0.72498673202863,0.729623527645735,0.733735381630305,0.737325218857755,0.740400951914853,0.742976787691359,0.745097334763335,0.746811238868425,0.748148027323511,0.749134484499506,0.749794502914405,0.750149001069307,0.75021595464464,0.750010548345863,0.749545451524645,0.74883121525089,0.747876782124559,0.746690093231119,0.745278769733263,0.743650840111247,0.741815478419416,0.739783714462659,0.737569073827951,0.735188104572876,0.73266074850714,0.730010518969917,0.727264454479691,0.724453406443893,0.721624613309234,0.718821432730194,0.716081498305443,0.713440793389058,0.710932662206352,0.7085868980259,0.706429004695667,0.704479709824267,0.702755542757421,0.701273456021491,0.700040952369699,0.699057995141716,0.698312864873735,0.697802036378276,0.697529194138327,0.697492225621971,0.697680454759058,0.698085095449279,0.698699273924533,0.699504434175307,0.700470673546317,0.70156965468964,0.70277210695091,0.704044887466904,0.705351371253878,0.706652053430482,0.707905306207906,0.709068223463675,0.710097486409543,0.710950192506889,0.711584603122727,0.711960780330696,0.712041097280088,0.711790618095598,0.711176576991241,0.710152309631017,0.708686395691584,0.706736115747985,0.704280533685122,0.701327833937545,0.697892128218639,0.693993257546111,0.689656540919304,0.684912462371358,0.679796287288449,0.674347600165286,0.668609759565263,0.662629271876568,0.656455092951509,0.650137874806234,0.643729181694631,0.637294095952708,0.630926290394023,0.624681799425145,0.61860974294671,0.612749115996328,0.607145855297644,0.601840092243782,0.596859909111002,0.592231442458744,0.587981082160519,0.584140793776704,0.580732164427234,0.57776565648213,0.57524436469845,0.57316441787901,0.571516941771608,0.570294117334733,0.569484776591345,0.569074933110707,0.569048380308839,0.569386844652567,0.570068976574963,0.571069830075235,0.572359683499149,0.573904066433693,0.575665579919399,0.577596596774905,0.579642553066265,0.581744223188763,0.583839981004878,0.585868563232655,0.587771871739328,0.589497538123736,0.591001076694946,0.592247558661993,0.593212823344178,0.593884289510031,0.594261442063746,0.59435605333318,0.594192163054968,0.593805795098223,0.593244339657033,0.592565485336946,0.591835556702766,0.591127112690449,0.590515704310349,0.590076472223931,0.589889445101358,0.590022479232687,0.590523064735886,0.591425981052273,0.592740220099159,0.594447562736389
0.57834820344197,0.580886221334266,0.583888207757005,0.587203476755633,0.590656184425946,0.594063083441758,0.597261476692169,0.600101320757829,0.60244870849207,0.604187946460455,0.605222545575657,0.605475604533794,0.604890002706691,0.603428747281973,0.601072303644264,0.597801808540404,0.59365757674982,0.588719477239162,0.583103591265075,0.576967445403264,0.570515210444156,0.564001517577195,0.557731697071999,0.552055403726317,0.547350293638207,0.543993531386876,0.542322233201967,0.542589031964118,0.544918557198834,0.549294439359994,0.555565729994571,0.563473868642015,0.572694818214679,0.582881275065526,0.593703708280174,0.604893579229289,0.61621835749259,0.627484011063802,0.638533875738468,0.649244539655527,0.659524679399156,0.669311727648592,0.678559720230745,0.687234479709232,0.695310111703155,0.702772767239002,0.709615362670877,0.715816112528274,0.721360902212091,0.726253057465819,0.730508508552391,0.734144781905437,0.737180266095894,0.739645978474913,0.741615341017687,0.743135401762181,0.744247293186071,0.744986756585292,0.74538458351551,0.745466479837298,0.745253087504644,0.744760187282028,0.743999098305829,0.742977280473304,0.741699133778972,0.740166975890218,0.738382166489811,0.736346335107983,0.734062658927587,0.731537128635489,0.728779733813624,0.725805494576741,0.722635263419532,0.719298285305239,0.715850399796779,0.71234262098354,0.708824682179611,0.705348164410136,0.701964905957843,0.698725117883664,0.695675383100195,0.69285676577174,0.690305844095494,0.688055454361433,0.686123753847312,0.684521220373048,0.683252076851581,0.68231563541448,0.681703001891272,0.681396591711921,0.681397616508821,0.681709159475581,0.682326774022948,0.683238644761999,0.6844301068252,0.685888304096849,0.68757935737376,0.689468692395434,0.691520487184857,0.693692245959923,0.695935577385777,0.698197399407767,0.70042140889864,0.702549650231714,0.704524038315066,0.706287728012873,0.707786262895778,0.708968474008784,0.709787129183872,0.71019935368375,0.71016685408524,0.709655980895759,0.708637507261149,0.707059065475693,0.704858853241146,0.702042661680697,0.698630803052643,0.694650935576565,0.690137828737484,0.685133062217857,0.679684628693125,0.67384641054453,0.667677505708845,0.661241389289777,0.654604915100794,0.647837183225728,0.641007419676299,0.634183420507957,0.627436940839479,0.620883423496533,0.614626517115147,0.60873173310219,0.60324801825276,0.598224404222119,0.593705563362397,0.589720490137251,0.586297715916306,0.583466590960106,0.581241692065025,0.579624871621304,0.578604705174229,0.578150674623169,0.578227607593986,0.578790556984065,0.57978651091838,0.581156905280208,0.582839973018745,0.584772691758787,0.586892191971201,0.589136606047824,0.591445446446696,0.593759677096859,0.596021674421432,0.598175785529558,0.600174058082271,0.60196793310372,0.603509900345518,0.604755812624206,0.605665944843739,0.606206107677733,0.606348255882011,0.60607104419517,0.605364162883451,0.604227830316003,0.602673757046177,0.600726312313509,0.598423701297009,0.595819078646921,0.5929814412179,0.589996035714405,0.586963896956881,0.584000028962056,0.581229788296419,0.578790794370147,0.576822894564266,0.57544579329087,0.57476354947525,0.574841290617551,0.575696791699301,0.577297285308021
0.555443915544469,0.558885210445685,0.563131532114791,0.567903962704296,0.572908014908615,0.577874043943433,0.582555083299998,0.586732838896675,0.590219703988174,0.592858113280632,0.594518507140793,0.595096843500529,0.594512311266145,0.592705706043718,0.589638828187996,0.585284010949177,0.579622544722928,0.572712624957895,0.564657477734133,0.555613931203563,0.545807979188643,0.535553552676776,0.525271827035232,0.515504491944897,0.506908764769239,0.500217142636754,0.496148060750669,0.495273241169409,0.497876751695316,0.503888364903706,0.512910711869953,0.524331264179469,0.537461256135326,0.551646165111415,0.566356606648979,0.581190297535598,0.59583758835661,0.610071489639985,0.623729962865256,0.63670381393189,0.648927870238296,0.660363900476627,0.670992224393969,0.680801742360921,0.689793627771981,0.697972684246019,0.705320778879308,0.711837462506725,0.717549453814947,0.722487942837104,0.726684928513069,0.730172497667419,0.732982263064302,0.735180184288375,0.736841559351036,0.738025021284934,0.738785479749204,0.739169640252872,0.739216493008148,0.738957103720609,0.738414517859767,0.737603934808646,0.736533193907245,0.73520359629677,0.733611064266609,0.731747615912808,0.72960310998317,0.727167196013551,0.724431389409228,0.72139117979718,0.718048072332817,0.714411470051051,0.710519580546791,0.706427240384195,0.702184918467954,0.697851246581524,0.693492115582683,0.689178843349437,0.684985415578187,0.680984937506576,0.677248734504247,0.673843985939418,0.670818348936397,0.668205329531269,0.666024080265832,0.664280618626021,0.662970645181416,0.662083368470223,0.661605283939201,0.661515211346924,0.661800504060182,0.662472030361549,0.663534104630716,0.664987825413373,0.666821503091189,0.669013624342799,0.671533787693146,0.674342345157139,0.677395178631027,0.680636267630839,0.683999526781607,0.687411413625871,0.690793880866712,0.694067294645171,0.697153039783699,0.699975648146672,0.702464390211102,0.704554347989173,0.706187036049326,0.707310660133988,0.707880106484244,0.707856746406483,0.70720812550739,0.705907301605649,0.703898009678181,0.701130461142689,0.697624100662631,0.693414793003106,0.688547278857733,0.683075050349144,0.677060114836599,0.6705725707012,0.663689919418066,0.656496052964916,0.649079888626744,0.64153297513829,0.633945067121895,0.626410693170156,0.619034465767909,0.611919440359515,0.605178234410228,0.598956134605647,0.593338598385237,0.58838352369476,0.584140232430632,0.580665176545327,0.577996546413802,0.576158012589448,0.575157722160453,0.574980488602102,0.575583360679776,0.57690959721947,0.578884181818319,0.581415418910853,0.584400040538393,0.58772860028735,0.591290466258402,0.594977914262991,0.59868907656899,0.602329738107799,0.605814142456806,0.609065060794158,0.612013398731035,0.614597589113693,0.61676296525006,0.618461869510516,0.619660587024368,0.620327853741237,0.620435855295711,0.619962388576843,0.618891275490604,0.617212970766851,0.614925383863334,0.612034931575553,0.608556094781272,0.604517447339551,0.599964387530642,0.594960480358941,0.58959087072975,0.58396581548304,0.578223732139657,0.572532726493012,0.567092557971908,0.562137939962534,0.557907639124448,0.554642070583472,0.552542358810504,0.551741440421018,0.552282760463848,0.554102941168189
0.525808854470342,0.53105929975098,0.537556805668252,0.54480720319184,0.552351393945383,0.55977978778786,0.566743272861551,0.572953281373072,0.578175853833819,0.582223354310784,0.584945951561298,0.586223937994894,0.585961359791882,0.584081145888784,0.580521843509183,0.575235889455713,0.568156735848203,0.55926657369031,0.548611630450902,0.536285588819471,0.522454555138783,0.507396268720869,0.491558443746929,0.475637473440858,0.4606634152864,0.44803887565261,0.439422142588897,0.43634096786288,0.439606893087486,0.448939856459081,0.463131246608037,0.480591795549123,0.499844631932157,0.519759805343293,0.539604933427392,0.558904689444233,0.577365043973063,0.594812339929832,0.611151949996214,0.626347383117716,0.640392395870754,0.653297451093974,0.665083778483773,0.675783106374397,0.685422646031514,0.693994687461352,0.701527228740404,0.708071836306973,0.713680044073277,0.718402796102244,0.722290072975645,0.725390453769976,0.72775486749569,0.72948344875428,0.730653732294759,0.731335441565679,0.731599870304672,0.731508232255892,0.73110983933066,0.730442384003896,0.729531505528718,0.728390758996989,0.727022080394838,0.725416807261363,0.723557271153848,0.721418931206468,0.718972975120468,0.716189281304176,0.713039616786838,0.709500938877072,0.705560738013294,0.701250532634409,0.696607090076051,0.691672646329221,0.686504328958541,0.681174883252438,0.67577206634057,0.670396353763965,0.665158678837512,0.660179836638145,0.65556706854716,0.651413148531665,0.647789693828902,0.644741553993699,0.642285081476973,0.640410985081238,0.639091331395448,0.638289158473618,0.637968498092516,0.638101478963118,0.638668104893371,0.639686123357414,0.641180301714739,0.643174548541635,0.645684526319108,0.648696347947504,0.65216613635715,0.656056300521287,0.660310078303103,0.66484928595988,0.669578973475749,0.674393222407257,0.679181055122506,0.683831684980162,0.688238674219864,0.69230286766723,0.695934183408663,0.699052458925619,0.701587591526179,0.703479202320088,0.704676017733146,0.705135118789612,0.704821165983581,0.70370567081533,0.701747634718952,0.698909232956266,0.69517772710728,0.690574787959506,0.68515432900322,0.678981155263834,0.672131235353614,0.664691749997401,0.656760732643039,0.648446117932187,0.639863773563093,0.631130196038868,0.622367964153303,0.613716816618347,0.605317427232598,0.597304980686551,0.58980703557493,0.582945473763338,0.576882276033913,0.571737182837694,0.567596192139846,0.564525831612185,0.562577301025427,0.561757219822213,0.562070777230443,0.563485845136174,0.565934010220147,0.569316338521109,0.573500023512589,0.578327335998313,0.583626530174012,0.589222635221336,0.59494651948433,0.600641384469326,0.606166580797409,0.611399129906577,0.616233553850046,0.620580630655983,0.624365596246068,0.62752617844344,0.630010717519055,0.631776520826291,0.632788521748334,0.633020147536739,0.632460573731671,0.631098004187669,0.628923994028328,0.625934898158157,0.622132357238269,0.617524208082873,0.612125940005081,0.605962874281362,0.599072381598907,0.591509039770454,0.583356860758651,0.574733902229503,0.565802091185293,0.556778383625015,0.547956743939026,0.539698382661406,0.532433488942751,0.526612289986536,0.522642150677138,0.520814793238935,0.521233649510252,0.523801417026366
0.488416899045706,0.496959698750861,0.507245659160478,0.518426370920812,0.529781606066334,0.540738299210275,0.550857341091999,0.559808822802323,0.567346541097748,0.573285875841897,0.57748596341029,0.579835824442856,0.58024372625623,0.578629053147606,0.574916093815856,0.569029349622473,0.560874979684819,0.550329401071264,0.537338667386241,0.521864816736693,0.503896621332278,0.483484927399318,0.460816003299517,0.436361424520582,0.411172450146728,0.387388758361836,0.368801632802456,0.360430021813206,0.365622204844134,0.382971952113851,0.407793965295973,0.435707464252283,0.463995568079486,0.491317569695585,0.517100567885616,0.541119414632591,0.563320100984268,0.583726663740645,0.602406828997914,0.619441580673635,0.634910006473085,0.648884502311172,0.661435620311597,0.672626799602689,0.682470720820099,0.691033656156781,0.698394711453015,0.704629598919568,0.709811214356976,0.714010088410162,0.7172945786321,0.71973078333204,0.721394193100404,0.722413139026403,0.722878818680587,0.722869708910991,0.722473285486564,0.721770613922318,0.720825206963125,0.71968404328109,0.718376602523148,0.716914288274124,0.715290648107439,0.713482524427078,0.711452179697015,0.709150339477252,0.706520008079549,0.703500853585214,0.700033941043326,0.696069601669488,0.691609186796341,0.686659272811188,0.681234598271209,0.675370451787176,0.66912639210263,0.662588984112697,0.655873241301122,0.64913002510515,0.642526983146181,0.636240740384645,0.630446778165557,0.625301139900829,0.620921539532207,0.617372523340996,0.614659491271443,0.612734429771304,0.61151265186043,0.61089630098208,0.610798498620348,0.611162349878183,0.611971807337331,0.613266159668424,0.615113815359139,0.617589539231899,0.620760339338378,0.624653107861855,0.629223391864786,0.634413219635028,0.640146550465144,0.646304238185507,0.652740982925285,0.659298030573556,0.665814506783359,0.672136112514684,0.678120856563485,0.683642131309865,0.688589732615202,0.692869183488062,0.696400226779993,0.69911716761935,0.700965711953281,0.701901176769697,0.701887021503021,0.700893614695307,0.698885770717249,0.695813726173882,0.69169870936236,0.686536318775573,0.680358457050848,0.673237615601586,0.665260559015904,0.656529622087049,0.647163538592486,0.637297347829497,0.627075586707536,0.616652043370391,0.606209233265772,0.595939903703882,0.586032154200791,0.576663028720734,0.567995259683151,0.560183383013164,0.553389023266878,0.547784843897345,0.543532167530885,0.540721950958319,0.539417573994471,0.539655769741126,0.541434098865339,0.544707934611341,0.549375804620884,0.555269546033723,0.562163637802305,0.569796621710934,0.577895223062438,0.586195300561792,0.594456409895791,0.602469540266726,0.610059300117374,0.617082394838308,0.623424078341406,0.628993814218719,0.633720923420965,0.637550636108686,0.640440723648196,0.642358742216334,0.643279843791282,0.643185079423791,0.642060116659977,0.639900781359871,0.636713307844379,0.6324978958609,0.627256519514432,0.620993419615462,0.613716003476939,0.60543652787829,0.596174953317637,0.585963596404402,0.574853074655372,0.562927702768546,0.550328520798551,0.537282839963626,0.524143634318291,0.511431940520289,0.499847623249003,0.490232945575851,0.483460533529388,0.480222413924525,0.480823124027209,0.48509337959192
0.442216912552405,0.456628021215005,0.473052600081172,0.490074724064447,0.506700842994182,0.522263353404017,0.536322206189839,0.548589452127682,0.558876024244614,0.567055232795216,0.573037855257209,0.576754953207383,0.578145666906125,0.577148066575315,0.57369169786031,0.5676908017032,0.559033538656387,0.547527342881455,0.533012084935139,0.51531273418412,0.494200097937184,0.469376411625372,0.44046377705974,0.407017391243757,0.368636968406834,0.325579203836312,0.281588030593069,0.253509316301324,0.267485611172668,0.30994562399512,0.356473677570582,0.399563356047499,0.438156216082063,0.472623755260744,0.503485709396418,0.531197643170783,0.556125258075622,0.578566217235856,0.598763033780411,0.616906526682524,0.633147330394549,0.64760807146059,0.660381134453167,0.671496778362685,0.681064555759665,0.689194109562074,0.695986346086333,0.701536230519866,0.705934384902417,0.709268677634318,0.711624945165665,0.713087167019996,0.713757483230713,0.713790965490619,0.713299741777713,0.712382736021194,0.711135951272873,0.70966644928459,0.708059554341393,0.706376632550911,0.704654225323509,0.702902284057796,0.701103705658539,0.699215471855469,0.697171497683884,0.694887062507644,0.692264494507211,0.689199662903441,0.685589809526412,0.681381798922338,0.676539031004234,0.671026746934535,0.664832286793158,0.657971684004099,0.650496337818467,0.642504018943102,0.634146159382628,0.625616440015681,0.617158862854631,0.609057227835311,0.6016118222168,0.595102829876162,0.589745320615433,0.585647992508933,0.582791779633316,0.58103992537479,0.580178718935332,0.579975451485784,0.58023526679065,0.580842479050654,0.581783243717733,0.583163007053387,0.58514737743695,0.587924278708494,0.591663554916362,0.596467420868943,0.602321685607544,0.609135638613733,0.616761999285629,0.62500451911889,0.633626977431647,0.64238449231863,0.651043286178412,0.659392713230775,0.66724897475799,0.674457879784954,0.68089471114343,0.686458343076688,0.691067479559159,0.694656931173471,0.697174228178545,0.698576705673171,0.698829104635064,0.69790168932983,0.695761219101505,0.692348531310448,0.687681174970343,0.681790249320049,0.674667358773355,0.666364118643998,0.65696957001892,0.646593059409822,0.635367774351675,0.623449687430419,0.611013025080901,0.598281436157794,0.585516771757239,0.572989068305107,0.560959471783824,0.549662311500818,0.539320946737631,0.53013434773956,0.522269924672518,0.515897390106154,0.511223297279557,0.508450429053001,0.507692755795596,0.509036566411187,0.512514392114716,0.518079518551113,0.525577469526778,0.534716055999543,0.545100260623209,0.556289966294148,0.567855073219302,0.579412745220612,0.590644422846255,0.601297692043822,0.611179617800863,0.620146678357924,0.628094378373637,0.634948016202662,0.640655100379505,0.645179405391112,0.648496441273556,0.65059004947107,0.651449847673897,0.651069286534135,0.649444131275885,0.646571232785138,0.642448505032757,0.637088314756541,0.630496222006072,0.622671051967815,0.613608667024496,0.603302170959506,0.591742774293463,0.57892182976029,0.564835129900983,0.54949131125202,0.53292763974029,0.515276763821429,0.496828820369914,0.478136658765967,0.460148694100127,0.444345538591912,0.432673029916148,0.427036664641384,0.428433527786268,0.436342534512731
0.386906328409335,0.411666922786611,0.437412460154139,0.462347311051533,0.485525071481644,0.506452796621855,0.524885145051986,0.540711231521782,0.553890499385977,0.564415911831365,0.572292479200472,0.577524288729556,0.580106094492684,0.580017134333202,0.57721569930102,0.571633347989827,0.563167805718084,0.551624552234694,0.536793799875378,0.518459595668612,0.496316334012661,0.46992554379354,0.438632081562425,0.401421892554376,0.356609900048328,0.301049324047708,0.227501004499875,0.112568177748489,0.187465390894183,0.274805779698169,0.338347627280481,0.389454880186152,0.432501186384035,0.469723079662755,0.502402393290428,0.531354151222283,0.557135581524084,0.580154740473503,0.600708324659427,0.619015935168602,0.635241912576905,0.649501526053517,0.661829136783887,0.672344048086853,0.681172577174293,0.688440733190142,0.694261491576476,0.69874223502568,0.701987202471862,0.704099102156097,0.705179780615598,0.705331353435778,0.704682474894308,0.703417246660244,0.701676180466458,0.699588430513632,0.697270907207774,0.694849002609332,0.69244437586827,0.690142347136259,0.687993170039781,0.686008261879285,0.684158159595911,0.682373356869072,0.680548297424963,0.678548224698959,0.676218089536157,0.673392465949237,0.669932973770289,0.665750119843254,0.660741180808485,0.654822415548123,0.647937237061344,0.640064802492335,0.631239587790322,0.621547631212993,0.611142803651417,0.600266798931796,0.589261321096687,0.578568732629184,0.568707881970652,0.560210669568282,0.553517045860718,0.548855185228464,0.546163117163247,0.545103182385402,0.545170334942567,0.545841971601479,0.546707998844901,0.547549432545565,0.548368611818625,0.549406298963524,0.551039693879974,0.553699071792705,0.557772757881581,0.563498277691189,0.570906845875702,0.579855181462369,0.590030088340132,0.601055576291062,0.612536208984389,0.624093210804202,0.635392398911774,0.646161172221361,0.656184525382937,0.665296338529472,0.67337053657414,0.680312340605716,0.686050527358165,0.690530965457394,0.693711388913176,0.695557253204064,0.696038501978292,0.695127098750488,0.692789223469269,0.688956563556689,0.683639205394144,0.676865049517811,0.668647574152323,0.65897239488079,0.64790839288011,0.635554436370579,0.622038718616582,0.607515332216013,0.592204650015351,0.576414699729865,0.56050767215583,0.544878174065886,0.529916237188923,0.515988950557698,0.503368900649733,0.492239329853205,0.482760528831066,0.475159292808214,0.469698639017792,0.466644563764879,0.466261224602989,0.468740961778687,0.474244458385451,0.48280156789596,0.494163523783621,0.507766378538201,0.522858471115054,0.538674843472034,0.554555181383795,0.56998719989056,0.584600887698555,0.598142227741883,0.610443755747553,0.621399274003824,0.630944497229957,0.639043116430779,0.645677117854307,0.650840205272316,0.654533382352595,0.656761977406025,0.657533580972122,0.656856511913529,0.654738539363566,0.651185677288238,0.646200943682516,0.639783040260665,0.631934372300982,0.622661552162988,0.611950645072323,0.599776830092085,0.586102913073141,0.57087704720357,0.554029539196765,0.535465987492666,0.515080793330587,0.492778415493853,0.468531872804271,0.442483052534096,0.415264088172618,0.388690089497543,0.366788178162642,0.355714281519078,0.359546446140605,0.375888495526976
0.326452052896693,0.367371590300045,0.405241743701181,0.439329611214567,0.46946876050374,0.495750487142516,0.518356294931983,0.537481550221683,0.55330494183295,0.565977849916146,0.575621683349917,0.582327708830313,0.58615788457518,0.587145546107059,0.585294797936226,0.580578982744316,0.57293762442378,0.562234332478817,0.548293187347571,0.530988528134001,0.510141491006233,0.485517177445154,0.456832846696724,0.423809405683749,0.386380981783412,0.345479108721216,0.305794740673508,0.282078462461153,0.292595816492464,0.328635354703232,0.371190656783735,0.412159954630914,0.449651090600949,0.48350312054217,0.513967777099481,0.541357751614461,0.565970848384562,0.588051116670106,0.607788627619063,0.625325776679951,0.640756706827338,0.654088764777562,0.665434861755117,0.674905818096388,0.682606472150498,0.688651630055103,0.693156175749252,0.696228482461268,0.697977380314478,0.698515532240214,0.697959755610451,0.696431201911527,0.6940859922827,0.691145861859811,0.687793388275209,0.684205110278427,0.680541237499606,0.676939094123135,0.673563473584012,0.670543528023366,0.667955898048145,0.665820444741536,0.664094655716032,0.662673497120633,0.66139550752099,0.660054404852615,0.65841418025232,0.656232218624798,0.653333432888605,0.64953948657849,0.644679232684499,0.638605571906523,0.63120511934364,0.622411987566073,0.612198871586817,0.600602310572736,0.587746559650276,0.573876981879633,0.559404835525305,0.544956819464979,0.53139862704204,0.519766296485772,0.511054215846554,0.505854354865044,0.504046150423526,0.504804073282144,0.506943154239388,0.509340666930871,0.511207311985213,0.512183293903463,0.512340459782601,0.512171684497897,0.512462060593654,0.514135546446399,0.518046110286472,0.524713483268577,0.534197440890598,0.546163221924501,0.559958455084718,0.574819657412241,0.590068413631259,0.605145367180552,0.619622795198096,0.633189721188352,0.645628169691201,0.656789368783992,0.66657379113996,0.67491569598077,0.681771586012885,0.687111692806877,0.690913675658094,0.693157896895241,0.693823816259607,0.692887196423236,0.690311995974026,0.686019862540053,0.680011558537344,0.672300737543972,0.662893819998213,0.65174820710831,0.638857395619636,0.624280083806702,0.608091898044514,0.590422553632402,0.571524718078485,0.5517630280852,0.531626822732562,0.511722751076361,0.492740227530988,0.47527396531052,0.459650489901033,0.445908460066623,0.434051930695563,0.424385191897799,0.417490720861959,0.413831056855916,0.41357578001915,0.417056595242773,0.424933803094804,0.437686985072559,0.454855106389106,0.475080020048051,0.496770361251051,0.518613646139129,0.5397137116453,0.559524234500003,0.577739109339065,0.594202132697242,0.608845708474859,0.621652481314138,0.632632250648114,0.641808428048749,0.649210299102251,0.654868765533792,0.658814129757692,0.661075013652952,0.661677816110974,0.660646302975071,0.658001046861354,0.653758529333002,0.647929805951255,0.640518726237454,0.631519792778017,0.620919093759758,0.608710566314831,0.594861010633364,0.579314702529104,0.561992816000336,0.542784091102762,0.52153055877363,0.49803115014981,0.471999359646827,0.442957791632637,0.410168957405994,0.372616093486562,0.329442796105033,0.283032564795333,0.251877454256002,0.266136702315763,0.305456522458716
0.274195442422744,0.333422127204798,0.383582968854151,0.42595320949403,0.461886502091166,0.492387983397922,0.518181334133792,0.539794671393945,0.557620035992914,0.571951344151152,0.583010390263942,0.590963507234352,0.595933158753298,0.598005710659437,0.59723679575627,0.593653113175794,0.587254996293675,0.577992655145481,0.565777904854458,0.550621615350637,0.532555910145602,0.51166799575995,0.488178432823551,0.462598065099072,0.436033920827107,0.410710291481055,0.390534513545514,0.380669348349931,0.384621981530702,0.40110044487325,0.425401404407484,0.453085900954339,0.48138541412733,0.508824754114438,0.534694848071015,0.558696775721232,0.580725520310969,0.600754487886962,0.618791390234652,0.634835761347556,0.648807499781704,0.660757575368561,0.670752512802228,0.678860247964249,0.685152606407137,0.689709112761111,0.69263184849913,0.694024612152189,0.69399469810828,0.692657388180686,0.690138038404572,0.686575435428605,0.682150207279945,0.677123138996875,0.671723309328987,0.666179935178853,0.660721799105881,0.655566811050496,0.650933725896013,0.647042206774256,0.643992884351148,0.64181612301931,0.640457662012973,0.639762916575413,0.639487396515655,0.639318607842253,0.638903964373232,0.637916152479503,0.636092018629869,0.633155858294522,0.628858599255703,0.622990271161576,0.615378061711516,0.605877746253704,0.594387771129719,0.580865596276584,0.565347334017342,0.54797275129279,0.529078300393221,0.509339992668881,0.489979050781177,0.472927185758724,0.460612382167207,0.454902967268069,0.455669903186264,0.460677390659385,0.467047450211912,0.472540304446948,0.475885895812298,0.476645716052926,0.47506056646596,0.472029669483139,0.469022164343155,0.467940114858573,0.470684786727001,0.478418480364496,0.491139113948764,0.507829924252235,0.527000197029523,0.547206065040782,0.567340226563112,0.586691594974885,0.604807768234491,0.621418303922289,0.636370777809744,0.649585960208275,0.661028484991304,0.670687987066475,0.678566897327071,0.684672341136726,0.689010519574716,0.691582572703473,0.692381317194255,0.69138849459251,0.688564960580225,0.683822722818748,0.677153531140302,0.668550873372253,0.657989300009168,0.645408804688119,0.630701437899353,0.61383063182829,0.594767914419067,0.573583727146354,0.550452977063685,0.525700381650212,0.499888272219419,0.473936556845953,0.449122158528142,0.426782080384982,0.407619386220825,0.391035805772175,0.375782891058163,0.362018336288781,0.352200809912602,0.348015451112794,0.348081861409356,0.35153248033904,0.36143186495833,0.380928209075379,0.40828270811129,0.439085766124721,0.469958093410253,0.499158547441103,0.525966043769746,0.550156482770549,0.57172455359639,0.590752735700167,0.607351868011508,0.621634844329176,0.633705632779134,0.643655483493372,0.651562545816932,0.657493076369165,0.66150330501149,0.663641425238192,0.66394935345404,0.662465354620226,0.65922508507644,0.654253587181845,0.647569481296506,0.639183082874786,0.629093127353576,0.617282973041736,0.603717339980882,0.588361270392379,0.571157655541254,0.552018154689817,0.530824253173303,0.507456416878612,0.481790282412763,0.453597571246433,0.422389333893088,0.387150368990379,0.345882489649447,0.294626210968527,0.224269787029063,0.10504241797131,0.171989470806927,0.241601339212077
0.250403365597628,0.323327747315842,0.38013431437484,0.426500394267236,0.465142354640451,0.497631934299837,0.524974997959467,0.547857299958613,0.566767941664978,0.582067012994954,0.594026974547674,0.602858423408629,0.60872300775877,0.611745650825476,0.612025283857982,0.60963791297963,0.604647534307053,0.597079781843264,0.58692708333482,0.574325528307507,0.559475996616333,0.542682174113995,0.524423684497648,0.505465993492075,0.486986383192719,0.470672444006336,0.458650259829611,0.45300461225492,0.45492074762802,0.464069566089089,0.478880333341701,0.497427239164388,0.517941341058249,0.539085371706312,0.559963055488698,0.580013252470979,0.598887021046917,0.616348604346385,0.632213173826534,0.646255057011677,0.658418392736493,0.668692903672178,0.677083547434287,0.683607125377806,0.688292112437376,0.691182161936554,0.692341515768848,0.691864648408573,0.68984573910173,0.686391902078744,0.68163154225341,0.675715077792414,0.668841154915699,0.661314055512186,0.653420860658027,0.645460871862882,0.637744255451266,0.630585718885877,0.624285915972192,0.619162858361129,0.615473581874468,0.613341196338714,0.612686936724936,0.613230189355982,0.61459273574086,0.616294651391979,0.61781284734252,0.618707730143478,0.618579108964401,0.617052729176526,0.613814794288252,0.608597097882154,0.601170316783147,0.591359242284948,0.578997458084482,0.563920568610291,0.545993506995798,0.525120126960667,0.501305729074431,0.474833155354704,0.446692264204522,0.419559055042459,0.399153543130647,0.392680047074433,0.400579382107332,0.41502691703462,0.428973589398417,0.439058563980399,0.444088324320359,0.443891171031951,0.438938371136596,0.430451946156385,0.420658393054243,0.413175095559109,0.412528769430679,0.421858640265006,0.440637047457805,0.465477837127999,0.492796371358068,0.520176783559201,0.546258563646934,0.570376927658106,0.59227927425186,0.611884007862806,0.629197873922448,0.644267810768118,0.657156171090822,0.667927751392226,0.676642706602576,0.683352324285759,0.688096106140189,0.690899357443706,0.691770871668932,0.690700493001784,0.68764581952146,0.682513183002025,0.675288688780028,0.665944537084682,0.654419682665472,0.640613877142046,0.624331689606487,0.605382048707857,0.58363283710883,0.558991556239739,0.5313987705499,0.500899735994443,0.467812434098154,0.433072813307694,0.398745329567441,0.368492786752679,0.346060798816353,0.329958865679765,0.312215869593646,0.28769499121377,0.268370797170354,0.267933998578689,0.273122064762106,0.270095716836517,0.275356122315434,0.311427526293048,0.360421403904234,0.407256828983348,0.448787401181419,0.485065861533506,0.516682524630871,0.544220920168546,0.568164339232447,0.588896313379417,0.606717791502138,0.621864189855047,0.634519377215435,0.644826796460366,0.65289843652072,0.658824289179872,0.662689361811306,0.664549871994124,0.664449357825092,0.662426349350062,0.658516677916548,0.6527540064782,0.645168351238187,0.635782454791177,0.624606124272317,0.611642809444883,0.59686348974459,0.580185883525592,0.561509407701027,0.540721700061329,0.517698857416494,0.492408381710848,0.464918178523291,0.435375884351022,0.403922609610434,0.370454168673091,0.334442936868332,0.295059414787272,0.251524101972851,0.20208087389466,0.119177374375961,0.2036816950498
0.286702425342829,0.346147549806618,0.3977467308702,0.441725921048227,0.479181093588413,0.5110833525621,0.538175544372161,0.561015771622414,0.58003188315609,0.595556545307776,0.607851270632633,0.617131489178316,0.623571299186418,0.627316507461291,0.628493960015198,0.627218692297513,0.62359358652295,0.617689604894972,0.609556402217687,0.599406901782949,0.58753097042728,0.574324740908895,0.56032749700623,0.546253805116377,0.533031029411291,0.521785026608262,0.513714262435013,0.509855812845964,0.510763666200789,0.516324426588086,0.52593804595697,0.538705872686544,0.553593940476684,0.569654624232268,0.586147356043771,0.602502128402878,0.618262773078524,0.633052204202385,0.646481200553485,0.658357160690268,0.668565025798103,0.677024247063693,0.683679842152743,0.688501077027531,0.691474106153542,0.692600304208823,0.691900909581627,0.689431930421657,0.685282255710876,0.679544809508263,0.672331549417715,0.663789483627253,0.654123028281443,0.643671499917044,0.632786576370126,0.621853870546532,0.61129664965794,0.601562939580966,0.593110523241588,0.586395217045238,0.581868647946024,0.57979068889606,0.580148902123377,0.582619412841056,0.58652929379954,0.591056551313657,0.595425894771901,0.599019056147427,0.601290835400792,0.601792400150959,0.600152744768028,0.596109240767777,0.589409031888142,0.579820451666114,0.567124187574207,0.551102712166612,0.53150801264355,0.508025187953148,0.480233919798498,0.447578221493398,0.409447723920682,0.365989107569165,0.323448660206648,0.313548813340794,0.344878676994018,0.376704617157587,0.399974247029564,0.414293965365157,0.420104013375999,0.417800063328002,0.40778433940673,0.390824055367173,0.368836012452681,0.347031364438348,0.337004425557836,0.350678044148843,0.383489332639861,0.422769588255024,0.461497379828064,0.49729289658957,0.529522573769279,0.558162438148054,0.583411188062632,0.605525684078773,0.624733810736837,0.641233813032348,0.655194268480584,0.666756671394867,0.676038020802432,0.683132557623924,0.688112444119681,0.69102740816933,0.691903440857758,0.690740632082955,0.687493843181124,0.682072729315016,0.674464235331194,0.664624652530765,0.652463438295609,0.637834367505067,0.620461037456982,0.600038625011421,0.576330763435307,0.549031808132538,0.51774760379021,0.481988047200022,0.441230399581696,0.395120907691484,0.344497646177778,0.295349763477534,0.268266728986423,0.272229149696818,0.269830764447408,0.242053314685092,0.202864926794649,0.199843331064794,0.230820228708521,0.205536074139227,0.140286862961294,0.261033752827452,0.337050164611809,0.394991991184554,0.442011308652583,0.481340277087899,0.514774611198351,0.543435691171324,0.568077828047811,0.589233257940793,0.607288757515975,0.622529880172196,0.635168624230457,0.645379073583425,0.65329774066325,0.659002730996546,0.662549397454352,0.66397944290691,0.663328240159357,0.660630514524995,0.655924134293276,0.649253979363147,0.640706531051913,0.630336088769584,0.6181445031239,0.604118796290928,0.588219309313603,0.570348630504899,0.550339298991068,0.52795956244459,0.503034814832942,0.475484820988509,0.445423681572131,0.413391045040711,0.380528234490888,0.348323445598664,0.317641384443236,0.288901591205226,0.264187443685105,0.237776716752018,0.205060067705176,0.255228436770737
0.342653692506689,0.387123171529744,0.429311181537493,0.467452176188114,0.501194454558329,0.530661669242888,0.556123710427703,0.577873857126365,0.596180998227313,0.611289640810332,0.623413337836091,0.63274206651688,0.639439885450543,0.643653151708119,0.645520103697136,0.645169860339697,0.642722660296018,0.638271852608978,0.631897839628506,0.623850357889335,0.614459310162934,0.604117631751632,0.593303670903916,0.582622109551962,0.5727800840643,0.564548283144262,0.558660406636562,0.555698390312401,0.55596635228706,0.559441183959148,0.565901366388992,0.574882298666002,0.585785376323425,0.598023641172786,0.611007816551886,0.624203720622208,0.637131967677831,0.649279873290642,0.660328170407934,0.670055113473662,0.678295312128741,0.68491891969539,0.689824347560828,0.692933000421979,0.694186149951545,0.693542533649359,0.690978885611666,0.686494211542564,0.680140567595833,0.671990642462497,0.662144789557619,0.6507382174499,0.637958930986048,0.624166008679118,0.609773262874328,0.595250466411942,0.58113713308806,0.568052807781645,0.556694539520193,0.547802095239969,0.542137109673893,0.540284957866669,0.542316284614549,0.547678807756942,0.555325397424369,0.563980635074445,0.572362728538326,0.579600876980162,0.585015493698007,0.5881360706192,0.588607264566702,0.586132583742886,0.580486356012934,0.571489458992466,0.558971660071063,0.54274855228201,0.522595347029537,0.498205366869916,0.469120336500391,0.434607787804129,0.393443608076592,0.343592630090216,0.283341976131826,0.279134223817897,0.325725342212169,0.362880533122766,0.388095160400657,0.402669656169747,0.407326742483595,0.402187368519195,0.38691648144559,0.360769360468978,0.322699972534643,0.272573068870645,0.226058591572165,0.262826602194629,0.33146609639421,0.390819516834302,0.440754665963412,0.483299271399095,0.519969787343115,0.551726914724596,0.57919043017686,0.602896893140809,0.623258612932996,0.640587648076674,0.655130097700828,0.667083360836785,0.676606997275565,0.683829046609728,0.688849171278767,0.691739485384261,0.692543628154143,0.691274443896193,0.687885143203608,0.682303023051465,0.674524173084761,0.664499940922316,0.652125190831866,0.637207452146559,0.619438524776196,0.598499270668982,0.574078668122775,0.545751867809695,0.512920577010521,0.474723454682238,0.429862188824454,0.376156768972247,0.309581464625044,0.223034119372038,0.193254179677675,0.251916717253834,0.280241229548329,0.285378845525807,0.280864252406529,0.280416124651635,0.282520676786722,0.275981106047107,0.278369081889089,0.314590011010184,0.364482418055862,0.411826739436766,0.453479274873167,0.489609318912219,0.520902799031737,0.548007071224915,0.571448410241327,0.591637792156535,0.608890324564029,0.623464011139803,0.635573884745579,0.645335726756916,0.652821108851905,0.658071125968039,0.661107503537185,0.661942680654604,0.660588796708167,0.657078872240911,0.651515377484989,0.643929151153048,0.634350558271862,0.622852093445251,0.609500696750867,0.594337346920203,0.577347623379317,0.558424960490071,0.537318755718652,0.513676126215303,0.487054877363668,0.45694862344166,0.422923752720234,0.385134232424333,0.345609007607832,0.309985033308834,0.283978530793582,0.262348290154547,0.261814841615221,0.275404991888146,0.288740912610735,0.32126093789224
0.396832154901257,0.431517715948312,0.465724384714065,0.497895427233236,0.527265486369584,0.553544303088164,0.576670802448945,0.596706234621323,0.613775809026399,0.628026257049903,0.639602996423227,0.648649285103296,0.655310274183934,0.659732521417123,0.662058323580907,0.662413002341978,0.660912412266545,0.657642853714869,0.652697342003043,0.64634872481555,0.638901318529984,0.630710902494678,0.622209640540247,0.613896910213749,0.606304112164362,0.59996400937743,0.595354358515744,0.592841975830107,0.592612200938441,0.594717681376027,0.59908084128459,0.605490607385648,0.613602963615647,0.622989593833802,0.633192278306567,0.643736636136741,0.654071232439015,0.663807877051606,0.67266600996389,0.680412720720961,0.686839112542612,0.691767106083925,0.695048927001809,0.6965600370463,0.696195416349711,0.693865983938068,0.689505565174311,0.683068274130313,0.674534700533427,0.66394442619232,0.651351217623173,0.636855076576213,0.620630467130421,0.603012009112352,0.584468473650716,0.565581054760005,0.547045463683809,0.52965764205727,0.514336800772884,0.502230145347987,0.4947681122106,0.493310995996911,0.498230899458754,0.508422839118429,0.521786813796399,0.536141922351815,0.549806057641508,0.561574711148545,0.570731717799569,0.576828569056454,0.579573136843361,0.578792978435541,0.574369466144639,0.566209043110668,0.554228838044325,0.538352496237967,0.518512949112276,0.494665060353464,0.466821363399625,0.435161114850769,0.400405773667369,0.365184041587428,0.33808292857313,0.333931889154567,0.350958243483965,0.373257456732739,0.391657097997646,0.402830044929535,0.405412138012332,0.398417945047296,0.380702044842265,0.350403954704134,0.304190408446251,0.237363151900071,0.18168166691932,0.242152295278827,0.321648060087608,0.385374142163258,0.437593544003373,0.481551899766363,0.519174432824154,0.551666777258469,0.579775971884776,0.60393763433764,0.624592361633558,0.64208365985906,0.656681046359825,0.66860316078043,0.6780292384828,0.685108358977532,0.689961153840673,0.692679883854962,0.693326790808843,0.691930919537794,0.688445396847517,0.682834039782585,0.675109877721547,0.66523252325949,0.653091121580411,0.638461400619649,0.621117343809607,0.600765990900863,0.577122782046012,0.549824502615613,0.518391316896373,0.482208736029597,0.440494216625012,0.392371716742348,0.337835981853991,0.285022711913507,0.273758367159603,0.303102460578713,0.328896939193669,0.343412586657655,0.350229571884313,0.353755221241564,0.355944804804841,0.358470128753909,0.366849933873187,0.386139817543211,0.414351651932954,0.446059830217333,0.477412497485672,0.506597145876868,0.532997010166943,0.556510026243686,0.577227722255734,0.595305060792359,0.61095921732556,0.624329177406887,0.635488858239506,0.644472503261363,0.651281612534945,0.655894149219137,0.658274926593011,0.658393876602403,0.656305533568086,0.651996905202289,0.64544966124154,0.636716359440786,0.625879807928906,0.613052906268507,0.598368537985297,0.581953965511113,0.563884453627107,0.544119017627488,0.522426073201786,0.498355275947316,0.471111030988301,0.439459200173758,0.401673535987861,0.355483025623257,0.298975042725871,0.2404484550138,0.227657430650794,0.255920654615393,0.287728213368434,0.319423071672515,0.348863076340976,0.38009202111399
0.442562579970435,0.472400264888691,0.50132779622324,0.528751972823332,0.554174893574209,0.577271527039843,0.597886927614218,0.615977208709611,0.631552666441721,0.644670647696054,0.65543432609154,0.663958709243254,0.670365163826188,0.674786802390841,0.67734481674079,0.678153523083234,0.677324251486697,0.674933853727321,0.671096004198922,0.666053815829065,0.660081842291048,0.65351065583679,0.646720523628032,0.640097536469363,0.634031667957496,0.628899626896415,0.625025056957026,0.62266101149987,0.621970857602023,0.623102221578682,0.626043210686275,0.630665240490437,0.636743065590569,0.643956106429297,0.651914489459116,0.660130930617089,0.668216979006929,0.675881888381367,0.682847109792397,0.688856759470254,0.69368537535623,0.697118960235771,0.698968557559293,0.699068653520426,0.697270529376669,0.693439720072117,0.687460422295082,0.679229762959287,0.668661441827698,0.655715236844927,0.64039725838054,0.622725707483033,0.602791275987204,0.580876651738005,0.557466056190506,0.533233511909435,0.509097885146759,0.486113068510248,0.465393916115678,0.448376913756867,0.437586781388523,0.436549028143384,0.446819236820548,0.465479256111434,0.487715078721675,0.509786134327617,0.529678946125102,0.546468757892229,0.559497202388414,0.5685103187312,0.573453099234031,0.574311665175018,0.571084359967988,0.563773180753714,0.552388573653644,0.536967913803736,0.517613956527639,0.494567829980465,0.468345199573133,0.439987460716359,0.411500710737575,0.386453437937194,0.369991429651601,0.366236737421525,0.37396314167787,0.387261456791761,0.400149924800515,0.408653815087892,0.410444242633855,0.404072220731891,0.388495642590239,0.362674059076828,0.325924577235401,0.281877779099569,0.267351698587777,0.305473896997305,0.355894159156477,0.40554590335784,0.450718147384434,0.490813872884964,0.526144274341187,0.557190472231841,0.584364121788442,0.607960195841376,0.628142997201583,0.645195116614632,0.65936123012313,0.670852480677886,0.679853118203948,0.686523402088003,0.690999939761008,0.693393492766233,0.693786382709814,0.692228039056577,0.688676247921998,0.683150988385834,0.675688029173592,0.666263491826548,0.654744259594829,0.640983769388166,0.624842884141308,0.606099922563087,0.584577760150912,0.560103434155608,0.532527671392519,0.501827427658132,0.468308942185625,0.433152685591953,0.399710954101275,0.375317575171392,0.368371567656201,0.377012037406837,0.390626551055524,0.402227731909167,0.410247323093809,0.415549696888948,0.419601285475142,0.424291083537367,0.432077219503887,0.444814467934044,0.462429494153117,0.483253037745345,0.505317385001461,0.527114819574952,0.547715555278263,0.566670032859446,0.583807813363363,0.599161537169279,0.612724874139206,0.624479510218568,0.634386996991662,0.642382106322882,0.64837469813358,0.652257088463694,0.65395831781566,0.653454203652137,0.650604241424385,0.645357520431678,0.637699954709868,0.627662273578409,0.615334082076803,0.600874818161111,0.584515391244032,0.566540113124993,0.547254632276782,0.526831919476875,0.505254063422279,0.482122714275883,0.456466950953433,0.42663280488892,0.390117359282096,0.343147219415681,0.279061519207268,0.184501006574972,0.175596654064416,0.267024386514248,0.322330571713132,0.362732437041713,0.396438311447189,0.427461540140106
0.482231923582681,0.508803750638994,0.534042271734512,0.557821829115511,0.579921733936593,0.600151566514502,0.618367467989431,0.634473814725592,0.64845485158112,0.660330929252865,0.670150294278789,0.677991565534868,0.683960023616943,0.688174447764996,0.690743252292642,0.691769272395458,0.691356243170288,0.689577468925472,0.686539422122939,0.682463045526975,0.67761191679642,0.672282065736543,0.666758599757524,0.661341013691779,0.656316892556072,0.651951208844794,0.64848215570042,0.646090950974241,0.645034040778703,0.645460298997977,0.647366686895437,0.650658084773792,0.655169557223203,0.660636227006156,0.666680683441292,0.672955296615994,0.679191659794821,0.685118877583168,0.690482711624652,0.695024864938468,0.698494027303252,0.700661305976622,0.701300794018935,0.700211895559854,0.697211170161213,0.692126095458401,0.684791206613698,0.675043988493718,0.662728549519372,0.647697890289253,0.629852763908317,0.609118843473797,0.585435411147146,0.558883733673602,0.529860156225945,0.499083837560128,0.467794440871175,0.437662847742693,0.410066276544158,0.385693454710501,0.367453250179152,0.365865199715964,0.3878406844873,0.422163014933019,0.457259316471372,0.48852719952718,0.514832178562394,0.536087272801691,0.552452647539132,0.563943972070805,0.570705577171371,0.572887462906584,0.570596765904955,0.563909954105611,0.55289228969987,0.53762960302324,0.518283507245898,0.495190497422469,0.469038233434082,0.441158302758236,0.413923152524322,0.390989720401469,0.376630648985014,0.373494729107414,0.380331422372783,0.39258875995279,0.405170374171587,0.414279830637883,0.417674791323891,0.414282897637099,0.403940148159505,0.387360025997815,0.367186985614402,0.350494169096085,0.349245353377817,0.368177196030444,0.399637368738908,0.435678324683715,0.471935092277973,0.506316433763746,0.537882011434119,0.56631670204882,0.59161737837832,0.613840367224362,0.63303087908248,0.649209168594298,0.662568993658433,0.673300256363171,0.681583842754744,0.687589624237963,0.691472711127968,0.69336877013775,0.693388014382623,0.691600328920657,0.687987764565454,0.682631245063889,0.675595449589642,0.666847916778257,0.656300044419119,0.643912658414718,0.629608837802702,0.613255152017163,0.59479744522423,0.574256295808162,0.551775150608967,0.527749807686493,0.503013068623228,0.479129666675382,0.458689010899299,0.444958046124659,0.440076014220693,0.442943783352338,0.449887208375354,0.45744881012958,0.463873489939002,0.468893280351583,0.473110499287284,0.477601802610009,0.483648896529328,0.492219468733107,0.503519115458938,0.517025288112698,0.531843898900519,0.547097416503578,0.562068166312312,0.57630365361071,0.5896654639842,0.602003290384145,0.6131945426271,0.6231181750054,0.631633060653839,0.638569484101046,0.643731757531033,0.646989535704358,0.648170295497115,0.64705031942047,0.643478406015079,0.637328528820535,0.628517346563902,0.617024529396023,0.602918125302978,0.586385683536976,0.567769583728788,0.547620672614367,0.526590124670996,0.50537603697377,0.484495785587645,0.463881382438041,0.442662264867205,0.419230536020932,0.391658302317272,0.358490505949844,0.320887930689606,0.290110870990097,0.292733958377255,0.328905554735452,0.370454945197825,0.407214015110304,0.439334292845757,0.468447669690352
0.517478367144568,0.541078332644169,0.563305501197511,0.584111269159431,0.603412407792439,0.621101653297679,0.637077787817779,0.651278912934137,0.663667372123255,0.674245923331729,0.683035440910863,0.690087432098538,0.695497852284409,0.699364848196386,0.701779878280323,0.702833560541884,0.702634702240537,0.701221131330642,0.698718092870202,0.695339539894277,0.691322677203098,0.686905569999013,0.68231631974205,0.677766204342921,0.673461046888514,0.669592961658151,0.66632720734534,0.663901967030807,0.662551287357026,0.662410720878593,0.663494657352724,0.665712541565852,0.66891471012906,0.672865436961829,0.677303747075084,0.68200825581493,0.686735879011454,0.691245357795061,0.695289973029793,0.698627325830567,0.701000256737317,0.702149610044325,0.701834747976413,0.699816750780078,0.695883077604327,0.689830086477906,0.681456166250321,0.670554457395619,0.656904800930094,0.640264800315318,0.620379151825624,0.597018849893106,0.569922477443574,0.538832939649271,0.503716411865773,0.464969374526832,0.424034256896404,0.384257399097873,0.349656119483508,0.319127376124137,0.285027558404699,0.27197457321406,0.330082311193517,0.389820473325178,0.438329723460991,0.477163917407286,0.508049979872339,0.532249522619879,0.550612308382005,0.56365365784405,0.57154053098178,0.574513482524803,0.572742324567271,0.566329513615626,0.555333080962203,0.539793650243539,0.519776571624911,0.495449803609249,0.467239693515948,0.436149660268177,0.404380594518893,0.376267418335802,0.358460810452292,0.356343643612809,0.368122945405357,0.386214424005954,0.403689282832563,0.416663287271631,0.423536441849611,0.424132543437458,0.419287547148373,0.41076040683449,0.401639036149944,0.396408881421891,0.399867458067429,0.413938094801447,0.436591367132097,0.464240302231618,0.493777731599086,0.523147633944161,0.551079774299458,0.576809084154915,0.599979029522786,0.620495666506002,0.63831303482809,0.653375464874529,0.665676558658064,0.675394916819156,0.682714145645988,0.687826431256153,0.690912351831001,0.692135851332736,0.691640313931511,0.689516109648013,0.685800142079675,0.680637038343413,0.674105637504481,0.666181468346058,0.656899709268079,0.646274280859988,0.634273891207671,0.620825386864296,0.605958588459449,0.589807520428218,0.572650055162613,0.554999736369095,0.537679747944208,0.521884458980854,0.509117824479978,0.500770004904598,0.497445502332527,0.4984776258649,0.502223165804646,0.506928682843216,0.511407591269277,0.515209273329926,0.518477110407661,0.521727083086444,0.525651119319407,0.530844627786691,0.537535544994942,0.545596092714357,0.554649421892604,0.564254793047607,0.574050940008283,0.583849911130792,0.593436945500376,0.602665097660024,0.611385567387329,0.619422004876713,0.626551793259864,0.632502707575528,0.63705674283622,0.639905611793453,0.640718873256792,0.63921401606046,0.635124196611456,0.628215065658449,0.618301389318244,0.605268451591897,0.589105429820103,0.569962422042799,0.548279837678785,0.524826334996727,0.500807663435669,0.477902974829911,0.457725432257229,0.44099808106081,0.426972533809559,0.413823950961197,0.399851106725101,0.384742464434086,0.370977280282534,0.364692804355338,0.372525229855619,0.394104577068967,0.422393052147127,0.451548664949957,0.479261191473099,0.50517009940451
0.548608221498322,0.569356897335263,0.588874541586164,0.60710922181151,0.62395746510555,0.639357134415128,0.653275320430004,0.665675812765297,0.676528890528463,0.685816098670118,0.69355564474228,0.699777082811572,0.704553163128216,0.707964917973345,0.710089898001694,0.711023252197218,0.710856819991245,0.709615674780449,0.707443872258531,0.704548685965801,0.701133899963184,0.697376382984888,0.693458725506546,0.689541659929897,0.685755798792148,0.682210750726888,0.679093071752847,0.676621074837418,0.675018254426002,0.674386482939253,0.674733059859093,0.675988910617208,0.678018417413711,0.680645416546752,0.683742076781913,0.68714492220279,0.690652165669555,0.694029897679588,0.69703737099538,0.699430122647248,0.700962432098084,0.701363070188244,0.700362176030107,0.697701655730211,0.693139640027506,0.686452103155273,0.677414354265477,0.665790095053105,0.651317954064972,0.633695063768968,0.612556533686192,0.587466063400792,0.557935742317402,0.523299338911648,0.48277853616084,0.435509262276383,0.38125449124049,0.324164363526181,0.281987003456439,0.263627100115748,0.250482521002353,0.249766835555598,0.322427208675226,0.387776071412244,0.438922967073091,0.479178197563661,0.510930770179243,0.535671372399726,0.554352543959415,0.567624861131064,0.575779859879734,0.57892075066978,0.577213825929278,0.570736772544811,0.559490339535464,0.543404675380461,0.522343139836066,0.496111137941714,0.464494513580475,0.427417251880579,0.38555730010203,0.342612192995277,0.311256632365731,0.311329385247423,0.338420547234292,0.370680878278582,0.397335579442625,0.415886467116144,0.426531598437923,0.430493999022422,0.429533133060177,0.426016231539062,0.422851946950727,0.423160845682823,0.429556435432409,0.44300127777144,0.462591128873455,0.486324741097668,0.51209537117343,0.538172812891013,0.563371472693509,0.586881352663298,0.608165484213353,0.626983820695713,0.643288896385204,0.657044258859672,0.668175029124095,0.676745915068305,0.682956160969126,0.687010033966886,0.689117987023704,0.689487019773002,0.68831034718272,0.685711228066,0.681818580126867,0.676825130646426,0.670794748808539,0.663825109571309,0.656002790878658,0.647364403492389,0.637908239722269,0.627603024990047,0.616513052694528,0.604797548279507,0.592699794062155,0.580657121211385,0.569277347191593,0.55932319564663,0.551586437063325,0.546658029519258,0.544678525165505,0.545211632578292,0.547388460052998,0.550243799998717,0.553026936477129,0.555348086062546,0.557169311753051,0.558708683116991,0.560337412385511,0.562459169396245,0.565278254890933,0.56881871149119,0.572965171361309,0.577560469994461,0.58265031278273,0.588187086279783,0.594050797734268,0.600150252551495,0.606389084442812,0.612586650509615,0.618461877541415,0.623725251101191,0.627969822308627,0.630730033392332,0.631571191666793,0.630062869923132,0.625801420185477,0.618423007599777,0.607611972038302,0.593112221300166,0.574753830523683,0.552562123075989,0.526842891249702,0.498388047211451,0.469034374683413,0.441978519761827,0.421280613454177,0.40958581819659,0.405799034930988,0.406203360026023,0.407517945630027,0.408621234462491,0.410719158077127,0.416519056174849,0.428374419555568,0.446388516267288,0.468415510698636,0.491947851406586,0.515331594092103,0.537818106403837
0.575349261949443,0.593439779935589,0.610480077832487,0.626378955141579,0.641051046360975,0.65443032309465,0.66649500219242,0.677229591250654,0.686619959010514,0.694654830470199,0.701332346788227,0.706696766033911,0.71078566205344,0.713657292318923,0.715388678319669,0.716075286247821,0.715796633448987,0.714577578420492,0.712574164926229,0.709989861539107,0.706993447399031,0.703732442819384,0.700326910811084,0.696875166154454,0.693443555232624,0.690157212623518,0.687156595575297,0.684644293464783,0.682787865556351,0.681672049303543,0.681297264258075,0.681613692627866,0.682538748861997,0.684018359987378,0.68596632877987,0.688273078852013,0.690777940929626,0.693272288017172,0.695507726099649,0.697226364505946,0.698171717540415,0.698085481860454,0.696675289248785,0.693666410515141,0.688795121908044,0.681828650043651,0.672537966047799,0.660681399327623,0.645987401359973,0.62813310609167,0.606716585115547,0.581218100131996,0.550970747955827,0.515084334891569,0.472243771539078,0.420350521506294,0.355539296610741,0.26952324291017,0.19800707616585,0.248453911684366,0.28917997740717,0.323596773641235,0.367730980466863,0.415196260048072,0.457855977951338,0.493593269347086,0.522610732515359,0.545568025830882,0.562986340001392,0.575306053559412,0.58283729166122,0.585562042694515,0.583524873145811,0.576750068805272,0.565168590985481,0.548601043845606,0.526721902761162,0.498991913955822,0.464532532994288,0.421891341078144,0.368619262407838,0.3009038763698,0.222570565795059,0.231429593846789,0.302622922408889,0.355831053710369,0.391711391798464,0.414441050389625,0.427056257074269,0.432203555467401,0.432496658433794,0.43083952117462,0.430273203242668,0.433633382420188,0.442709569634499,0.457720169515866,0.477621920220414,0.500731769949657,0.525313324907115,0.549940865184232,0.573570580791474,0.595529967093222,0.615337436282949,0.63270728089102,0.647574928760438,0.659969094069452,0.669870603979698,0.677191529645379,0.682113897276325,0.684889937076605,0.685800422754627,0.685111103676268,0.683071285765853,0.679831173216405,0.675644060028893,0.670709608317497,0.665206609507928,0.659314265356118,0.653134418099476,0.646699805392982,0.639990264790804,0.632953367813726,0.625620425943095,0.618102273406355,0.610589989379644,0.603380811610027,0.596816325363112,0.59131046563136,0.587247046950628,0.584854231276068,0.584103308250891,0.584687615931713,0.586090084056871,0.587734393683749,0.589136442923114,0.58999643440131,0.590217836192466,0.589871452178933,0.589146857564059,0.588336114089605,0.587619022677605,0.587080919938577,0.586746981044819,0.586779398286561,0.587367802134083,0.588640255459446,0.590711455846316,0.59361999083266,0.597365197132276,0.601823579177483,0.606737627301166,0.611692898054428,0.616086094078885,0.619309912782589,0.620733771775956,0.619753710990972,0.615816919202735,0.608424993013016,0.597124255880292,0.581492282459659,0.561163672412598,0.535872089888022,0.505428706897465,0.470169081328451,0.431755693320772,0.394983312889426,0.36961096530145,0.364732604193187,0.376819885800224,0.394994835947615,0.412465666375843,0.427456377470724,0.440829230918255,0.454377382881034,0.469648646328445,0.487172746754443,0.506424824968225,0.526478896157191,0.546506905378419,0.565961052136999
0.597342453883286,0.613081254202026,0.627895017859473,0.641706632757389,0.6544524288196,0.666047831785678,0.676445267483582,0.685645343246047,0.693650776597906,0.700465043988993,0.706091587698228,0.71056469022294,0.713925656969318,0.716191619129843,0.717446027659839,0.717787023845801,0.717280412457596,0.715951384345132,0.713990596274321,0.711584095283396,0.708893173463549,0.706025721714898,0.703032471774299,0.699937240595175,0.696797409244025,0.693716947197959,0.690825714355884,0.688265951241073,0.686128831547873,0.684481434051432,0.683338647412011,0.682693423411105,0.682569166764293,0.682992807470267,0.683923393221891,0.685292094324903,0.686978831585018,0.688796453917698,0.690501459846076,0.691809791612639,0.692437741744996,0.69211568343821,0.690567363406369,0.687492268514097,0.682623589007122,0.675727726476067,0.666593955206543,0.655004829010332,0.640717595508211,0.62344289677317,0.602820237527286,0.578388237183056,0.549546469767687,0.515547837290537,0.475425785251041,0.427996975952953,0.372209556934482,0.311776616167898,0.282896417455425,0.311488979452443,0.348143281469702,0.382619000920242,0.417646660264709,0.45310736209517,0.486447289013011,0.515747338944421,0.540288596541804,0.560026424917302,0.575090447374119,0.585624141493084,0.5918048571588,0.593644299522409,0.590986930424152,0.583808016655436,0.572001780708589,0.555335796221988,0.533416307115423,0.505605758415515,0.470871140277528,0.427481479397174,0.372361838443203,0.299615164011929,0.202087722663893,0.215488204979175,0.300946189204165,0.35728058168738,0.3934845793841,0.415263410513953,0.426174776645265,0.429159390655095,0.427271899671532,0.424104667647147,0.423498222705476,0.428778439052273,0.441237643114689,0.459963089902249,0.482897482774414,0.507964764961913,0.533482171021003,0.558223981008849,0.58137847320846,0.602473163705119,0.621254800789662,0.637491643308235,0.651076330140242,0.662059604245866,0.670529522241853,0.676477067451855,0.679965385482745,0.681293009663474,0.680777605994412,0.678757286086285,0.675551533006213,0.671410711582763,0.666684256971529,0.661683350201666,0.656726984007496,0.652022834967381,0.647666225802093,0.643648704946967,0.639882825853342,0.636241019886701,0.632666727985411,0.629167052607478,0.62580616206987,0.622733454231818,0.620154102878223,0.61825366590606,0.617117717741842,0.616788478905072,0.617186639392448,0.618083158358593,0.619133519084665,0.619967304489853,0.620258263111131,0.619778054929931,0.618416028961341,0.616168453013959,0.613114812335494,0.609464944941631,0.605380919454598,0.600964480565044,0.596386830850356,0.592006439128726,0.588063867784771,0.584890116146142,0.58286672604376,0.582341590258644,0.583496362010354,0.586344949762902,0.59067853469149,0.595858804714353,0.601109428769613,0.605539152979678,0.60826362716173,0.608480988346076,0.605493311891946,0.598690077832384,0.587510794153081,0.57140696597309,0.549860530821582,0.522191522663579,0.487583351609934,0.445134209512111,0.394178540879115,0.336986127491624,0.292415788891121,0.301026610455054,0.343119923670472,0.384137119143946,0.417165990342329,0.443215478305116,0.46455015630838,0.483343456762145,0.501196860631082,0.518989373809623,0.536893067169416,0.554732914024488,0.572247768505883,0.589180642523287
0.614467007520905,0.628154031961624,0.641001269515064,0.65297187603206,0.664002957976651,0.674011005673238,0.682914057955606,0.690706310781031,0.69740742723801,0.703037485476534,0.707618004870097,0.711180948500234,0.713762205492826,0.715375851650993,0.716083926796607,0.71600266836369,0.715151784318566,0.713610470663664,0.711589599040086,0.709283125505472,0.706826438981175,0.704284708653723,0.701649540880226,0.698877339856113,0.696032005240281,0.693161608931849,0.690371212653678,0.687732850882445,0.685263482461521,0.682993478531128,0.680989468818929,0.679353138468196,0.678170813139277,0.677546952751291,0.677527522027225,0.678074390473261,0.679103286536233,0.680441204415644,0.681837735563998,0.682989518276999,0.683567554780845,0.683269734291058,0.681827053118701,0.678948214112776,0.674363874681238,0.667853257665546,0.659246895082442,0.648382644014705,0.635085345436124,0.619148990378264,0.600322937544693,0.578306508198061,0.552760413009836,0.523361592524673,0.490016651336976,0.453341880524864,0.415909058482063,0.385127345832675,0.373856213789583,0.385685693475178,0.409246721711505,0.43614920077267,0.463923036801854,0.491501050904432,0.517601573009177,0.540942401490957,0.560772750762423,0.576807464782844,0.588965059264939,0.597229281714994,0.601643863825511,0.602266966642786,0.598870664017329,0.591331170745099,0.579533074087151,0.563279168140523,0.542260712312683,0.516032909694352,0.483997938800527,0.445473494567411,0.400179959102113,0.350590070726341,0.310838227111609,0.310416004279927,0.343221877646091,0.378415414314254,0.404374539114945,0.419493238596354,0.424714909130212,0.421810598999422,0.413613850041762,0.40460276682256,0.400979278986924,0.407937136325112,0.42599674849231,0.451541868877533,0.480368628219086,0.509604490296498,0.537660214150523,0.563669700564065,0.587190732876309,0.60801264034506,0.626070907787786,0.64132125189208,0.65369997175709,0.663257452603589,0.670187336320678,0.674618700245492,0.676542925033104,0.676191938998783,0.673963425800288,0.670278071834819,0.665523674016029,0.660102034390732,0.65450341657606,0.649262325280887,0.644798402815174,0.641362515523571,0.639023116819752,0.637682177780361,0.637105217767217,0.63702735398096,0.637253648122626,0.637652423566579,0.638148574660033,0.638769265522224,0.639569995377461,0.640605897699997,0.641902616778787,0.643385828619209,0.644888650677503,0.646235705729917,0.647192790267745,0.647498011829681,0.646911313312458,0.645253003966955,0.64241180118706,0.63834422980464,0.633057339258294,0.626674634424337,0.61934438179177,0.611161604035149,0.602475026405788,0.593609580754158,0.584905226328284,0.576864588115094,0.570190415849547,0.565657872501004,0.563911187823246,0.565281092248427,0.569482880297252,0.575722174874828,0.582804449487736,0.589404506564735,0.594301953254834,0.596482374509305,0.595134775478671,0.589596229327311,0.579277240098827,0.563645351398084,0.542097346262402,0.513788857800354,0.477551873491721,0.431453283953187,0.371934700242653,0.291207005459495,0.167714020348679,0.234875041002372,0.324312904437126,0.383604283499608,0.426404443674717,0.458873399670471,0.484733815521193,0.506473942481966,0.525780352184203,0.543692958808502,0.560685960145044,0.576937280932136,0.592501454948219,0.60734581207666
0.626686002154455,0.638582421927772,0.649719674497657,0.660074301763298,0.669587725143857,0.678177096632956,0.68574634761307,0.692253582156527,0.697731109362133,0.702217292885677,0.705755538864427,0.708393766834711,0.710143693983712,0.711055866081164,0.711168731236343,0.710582507406991,0.709285478264716,0.70744175174971,0.70529270091296,0.703027360974069,0.700758836243219,0.698511906100699,0.696218175349227,0.693828542738592,0.691328907637945,0.688728799580501,0.686055458869981,0.683288419984559,0.680394827215978,0.677398515035649,0.674440276229088,0.671698975052263,0.66937101723511,0.667632378461276,0.666652163963509,0.666454629129938,0.666971217771347,0.668029898114501,0.669351914802495,0.670593727852722,0.671385933798223,0.671371135022735,0.670259932859991,0.667801173578807,0.663729749558586,0.657857296024766,0.650074923472329,0.640306044375702,0.628476214509805,0.614497158430179,0.598262661797667,0.579665518559904,0.558649540842327,0.535322841729349,0.510195330437328,0.484679028538577,0.461589152859836,0.445429223338165,0.440777442667879,0.44827282833904,0.464124372733458,0.484162182303617,0.505705245176788,0.527266710073088,0.547711377132448,0.566038096194961,0.581539543075593,0.593920741383252,0.603041048756134,0.608898786347916,0.611439812668848,0.61067712113548,0.606471829508546,0.598614027526853,0.587016690627882,0.571563169909113,0.552114287517559,0.528545178258423,0.500855393259481,0.469457794363244,0.435877895418061,0.404249359519838,0.38260108822684,0.378727718055624,0.390362454513972,0.407107107750958,0.420502734308293,0.426450318652963,0.423528373112892,0.411672365814976,0.392455119217032,0.370987621048753,0.358976759300646,0.368751188943345,0.398084297813269,0.435454786521295,0.473161821339891,0.50817564419431,0.539659524884705,0.567528397991185,0.591826742887981,0.612627858059866,0.630085324940978,0.644350685651067,0.655502973289162,0.663671964403432,0.669006860995802,0.671699425742639,0.67183630954481,0.669576971486653,0.665313062112029,0.659559346490018,0.652762094755067,0.645547501250466,0.638722235079182,0.633021360237912,0.628995428317339,0.626930583304386,0.626823538308932,0.628424406067582,0.631320375417353,0.63505105046719,0.639200662150014,0.643463236279745,0.647643222953404,0.651657100879256,0.655463643544682,0.659045034961277,0.662374289102182,0.665386131964286,0.667941797324197,0.669806410939618,0.670805076021794,0.670757691304065,0.669486932587269,0.666834572389894,0.662685590794363,0.65696186714126,0.649616121312018,0.640671062770069,0.630249337349992,0.618483582904858,0.605730746583745,0.592233400280405,0.578375546009478,0.564799304097303,0.552540262941498,0.542994428078876,0.537646901186974,0.537477288461286,0.542293986994949,0.550834158486866,0.561114313115509,0.57111244426839,0.579176539440052,0.584103149069741,0.585047960889768,0.581396169123936,0.572660328490458,0.558466707233995,0.538330505403256,0.511654597981258,0.477547752974762,0.434662133048298,0.381149889333493,0.316240332133864,0.258800498505193,0.283483516618244,0.347149480339558,0.400995920065882,0.442999657919167,0.476134613311991,0.502979785000625,0.525473342394257,0.545015968403073,0.562551332508387,0.578601176907365,0.593477500676739,0.607394893176837,0.620463861046745
0.633975430905672,0.644321506829913,0.65397777680278,0.662930036565708,0.671117940655795,0.678452603510704,0.684831412015488,0.690173410033133,0.694505986572816,0.69788854660097,0.700390912709394,0.702079481535798,0.702969581217046,0.70312222888955,0.702598397666255,0.701408203596342,0.699577098874249,0.697357190318304,0.69500976256445,0.69272974640653,0.690620678218431,0.688671682237877,0.686776899256834,0.684880754025271,0.682858423394483,0.680633553804112,0.678115777092387,0.675194694634789,0.671786464629865,0.667964993815788,0.663898618259496,0.659854867098417,0.656167549418293,0.653156673959901,0.651125362525937,0.650216635603969,0.650364806730609,0.65136679090652,0.652878047123316,0.654480296237588,0.655742320697185,0.65625806259626,0.65569270072776,0.65381944687961,0.650423166746368,0.645356178191973,0.638592083367314,0.63017061373327,0.620146011810175,0.608565509264801,0.595465950086317,0.580899857373277,0.56500136141856,0.548101292680343,0.530900731614805,0.514670701588631,0.501392658978883,0.493427391535406,0.492550349289617,0.498788416264239,0.510631809769119,0.525832579218367,0.542478962624895,0.55925347906738,0.575109587554018,0.589208876122093,0.600900858251513,0.609954266066109,0.616236999623385,0.619692536744778,0.620308975324507,0.618086105475538,0.612983320349429,0.604774048647633,0.593423314937106,0.578922118242531,0.56130089267152,0.540701906300543,0.517522051658306,0.492639724526924,0.467837004966735,0.446123325593586,0.431299525320002,0.42579992853473,0.428201613407559,0.433771903797003,0.437319726692566,0.434977363511501,0.424069828896629,0.402550070960463,0.368838285338083,0.32448417710647,0.288762438232596,0.307446535104535,0.362673021059139,0.418082516788675,0.466163222209045,0.507020516772277,0.541733309776726,0.571230681275528,0.596136203823381,0.616826041181577,0.633596795118045,0.64679648272289,0.6566879871068,0.663375489777362,0.667023351732825,0.667828007658483,0.665934223081381,0.661461150974619,0.65479607703419,0.646439217274181,0.636966957425973,0.627387434073295,0.618837895449919,0.612367075312592,0.608732631190725,0.608255646843994,0.61078353659255,0.615788271580851,0.622541709327647,0.630314497173295,0.638509214903798,0.646672641189618,0.654445300176936,0.66165267848011,0.668212082772935,0.674078375084484,0.679212389984676,0.683555583433787,0.687012921359989,0.689433983141529,0.690583227771482,0.690315733923424,0.688501876206744,0.685012825470703,0.679726038196547,0.672535713041101,0.663346528476767,0.652084491751085,0.638808487557155,0.623732549864018,0.607032480319836,0.588826593135529,0.569408086300263,0.54943245402194,0.530185084109403,0.513874581593299,0.503501244724781,0.501493621286986,0.50813513122018,0.520971356464369,0.536395250415753,0.551278387187198,0.56351086773533,0.571834355646567,0.575528819289018,0.574167088126663,0.567523587754656,0.555485590129379,0.537936347106627,0.514720222870797,0.485678657839123,0.450923597975789,0.411804044373827,0.373803430567577,0.351468006580138,0.360595748682832,0.392980907554164,0.43047235349848,0.464847406869483,0.494395418987328,0.519484051290679,0.540965564298236,0.559672936857121,0.576266224630957,0.591155947081764,0.604660281091539,0.617056227759529,0.628547176651698
0.636318169226101,0.645308865845499,0.653698669403917,0.661463035700393,0.668524206544044,0.674774644785828,0.680097981590443,0.68438973369218,0.687650583001656,0.689964620719766,0.691435137487273,0.692151101306431,0.692154470849243,0.69150452256708,0.690284295973571,0.688397583986976,0.685954116039782,0.683267282368119,0.680628912360025,0.678265916153596,0.676295145536333,0.674680224011203,0.673324705879184,0.672107829903264,0.670768821814987,0.669084482504821,0.666833133865723,0.663768185982516,0.659811479399481,0.655031804559541,0.649633411687677,0.643974782404428,0.638567010342231,0.633981144150895,0.630710319754484,0.62907498385113,0.629019123409455,0.630238444041563,0.632256233769752,0.634528282281103,0.636531256097805,0.637804248329397,0.637970411960668,0.636795644062486,0.63414927120133,0.629946046998205,0.6242682433999,0.617307943565178,0.609277951657371,0.600370256411002,0.590739854643394,0.580527152135605,0.569922636923514,0.559261269496183,0.549132710926417,0.54037770810703,0.534114593990979,0.531549686270142,0.533335894091428,0.539424461672542,0.549120915047676,0.561067640201206,0.574017583706472,0.586958901638546,0.599003799217736,0.609501986627183,0.61795737200627,0.62405028952522,0.627657975479471,0.628783861303205,0.627453315770175,0.623692308042034,0.617577217062301,0.608961318992671,0.597818514470608,0.584220632413375,0.568318079786417,0.550415622655827,0.531045832348842,0.511143787994511,0.492139100373756,0.475901917762832,0.464232335587182,0.457884822168947,0.455759227727994,0.455085657884405,0.452422497394602,0.444532964272522,0.428338243338965,0.400476075067482,0.356199128871708,0.286823826687428,0.170519753814273,0.239449160213015,0.339817786725524,0.410626317627451,0.46537743993997,0.50953965191929,0.545849005151484,0.57593096940147,0.600768392796544,0.620937519321625,0.636841062937249,0.648888580031836,0.657379596130715,0.662481831191722,0.664352245172867,0.66314301110383,0.658992730173514,0.651964742777683,0.642431033024931,0.630792086713222,0.617930263249392,0.605219746120122,0.594233583204239,0.586529156707887,0.583244663826229,0.584748020725073,0.590583811749614,0.599726690329404,0.610952601794907,0.623166234984973,0.635546718943541,0.647549221103252,0.658799591037845,0.669057375944702,0.678182796635507,0.686142666416607,0.692916219124239,0.698471222989472,0.702748468272251,0.705653172881606,0.707039234625139,0.706686703922565,0.704482579149403,0.700324163032694,0.694095928822673,0.685670238720373,0.674909953335254,0.661660853687165,0.64591298232402,0.627889650210667,0.607543117470021,0.584777250641902,0.559607156041486,0.532397098324949,0.504330760703018,0.478311223452516,0.459838069206136,0.455218617829348,0.466006552864025,0.486600919099949,0.509871869006364,0.531207011202763,0.548357114651785,0.560370656337799,0.566900346420873,0.567868822457721,0.563440471400491,0.553874968244667,0.539435884949569,0.520440605694705,0.497416486192594,0.471480427740823,0.445110658015627,0.423089442558219,0.412287084425692,0.417435049728915,0.435978168042544,0.460999357991599,0.487054864754251,0.511476229450672,0.533399045275524,0.552790793863771,0.569920836771498,0.585114928791342,0.598605417899784,0.610659243474967,0.621576131784162,0.631597604194504
0.633666552301454,0.641466133596205,0.648794384605605,0.655597264603286,0.661752706078365,0.667107267759813,0.671516327901376,0.674860848873675,0.677111610304841,0.678378943197257,0.678812073724108,0.678534216788994,0.677624836402623,0.676155389632304,0.674166668613358,0.671509775392896,0.668364159194187,0.665080319401292,0.66201119585855,0.659460049226632,0.657599335388997,0.656404981754798,0.655816139222483,0.655555510418061,0.655199916875243,0.654332389742581,0.652524948663668,0.649436384309315,0.644936188586861,0.639056531914079,0.632025525637217,0.624304399716809,0.616620986223392,0.609913886834573,0.60506850509111,0.602650083022211,0.602616092803905,0.604425665694991,0.607349357226339,0.610650341551673,0.613687038464231,0.615931958122622,0.616974783027288,0.616558046061077,0.614629911201551,0.611214259153587,0.60653895751499,0.600999374639099,0.595011878840619,0.58892674573877,0.582981374293172,0.577313838541223,0.572037616400022,0.567330087975383,0.563487995610247,0.560906954488899,0.560108221839653,0.561602272217371,0.565556458591691,0.57199958789761,0.580513440759975,0.590250470390491,0.600401866620744,0.61023464734361,0.619142946128766,0.626604418243107,0.632158695771679,0.635564300728205,0.636657496761236,0.635497694582458,0.632206408593194,0.626876233205894,0.619637839672779,0.610462134091684,0.599331879377419,0.586379581450415,0.571836093080034,0.556043811941086,0.539551587243308,0.523142545098091,0.507840491048563,0.49476634757606,0.484802972501315,0.478127013235975,0.473868394271989,0.470155309712711,0.464577976032106,0.45452062725233,0.437235803749893,0.409652505150409,0.368388250734292,0.310601077406997,0.252094379631148,0.282555400174791,0.35768929790256,0.422241103041466,0.474628034666645,0.517563323977746,0.552975742721455,0.582180371421363,0.606065320296066,0.625229566455042,0.640054679389643,0.650818159244755,0.657831237060596,0.661290233699813,0.661295852530502,0.657960998378611,0.651379950381347,0.641517050571188,0.628525777380854,0.612895598037553,0.59573622492015,0.57874264782534,0.564172997276969,0.554466888313984,0.551492216998005,0.555694721058642,0.565967116506831,0.580369826207858,0.596918065431227,0.614074312128421,0.630846078653345,0.646648282985511,0.661148348528919,0.674202616830374,0.685722819142537,0.695616719669255,0.703897246665352,0.710572132025683,0.715622982186244,0.718997865686471,0.720607224272604,0.720301085948229,0.71787663842006,0.713243068827011,0.706299112335343,0.69691187894151,0.684915300769103,0.670103670597874,0.652414650224392,0.631996236749078,0.608606316056621,0.581877832706923,0.551387271484174,0.516808300997415,0.478357649570864,0.438312288632116,0.404850877838911,0.395164778089349,0.415885260959455,0.450372136008207,0.484512998900202,0.513221643938927,0.535267847683494,0.55060302907899,0.559507558226295,0.562390214651888,0.559875748235524,0.552549408657769,0.541011963324648,0.525968304026638,0.508376478475611,0.489720084614872,0.472240575045292,0.458996603627253,0.453280734176536,0.456892011113186,0.468788250987367,0.486023441934034,0.505492319584923,0.525040926767052,0.543509521883185,0.560403721836078,0.575591545978533,0.589111413841322,0.601020195883744,0.611532515521996,0.620963905331834,0.629591781082951
0.625924840487083,0.63268534536074,0.639172005910159,0.645268799504034,0.65076978322464,0.655445687430528,0.659095028130118,0.661580313546957,0.662859642517435,0.663074594675679,0.662443177579193,0.661146999190607,0.659317263897238,0.657031721809207,0.654215959506295,0.650750116611486,0.64678710547775,0.64271322912108,0.638986745242634,0.636064158194647,0.634254234620962,0.633641448732924,0.634137116356362,0.635251982564178,0.636346396473296,0.636685768809733,0.635629981682937,0.632728934519021,0.627749166042455,0.620652723886569,0.611647974094907,0.601268940789732,0.590481850275319,0.580750050460518,0.57371295020632,0.570432800579961,0.570797456274531,0.573742529349313,0.578073363179761,0.582805246921145,0.587184248737287,0.590615317175155,0.592640601369753,0.59297579039688,0.591613866508891,0.588746215993714,0.584800908190589,0.580467715419828,0.576449495650775,0.573285937752027,0.571251675905417,0.570375165772296,0.570536617841798,0.571613938786843,0.573539997127155,0.576317183351707,0.58009285444914,0.584954449412374,0.590867814256293,0.597902971695953,0.605766058554553,0.613947100434884,0.621922268540418,0.629289573703702,0.635583746118709,0.640340244594915,0.643239074925107,0.644086383623877,0.642789644278915,0.639414384646642,0.634134820120894,0.62712194882676,0.61856272357031,0.608563994100654,0.597130201605676,0.58444664996126,0.570758930666668,0.556415937276322,0.541890714739472,0.527782464480894,0.514783184766356,0.503573215071025,0.494634786444011,0.488002676000722,0.483063943015843,0.478540026824259,0.472720891849236,0.463580613834941,0.449030259112708,0.427353057175184,0.398356775944108,0.366312729183131,0.34687405772028,0.361079292325326,0.401985072201894,0.448940204825724,0.492513070940769,0.530532728972851,0.562897368806029,0.589921193511869,0.612073687932886,0.629788509076245,0.643262312635721,0.652662754370427,0.658196321865074,0.660007682909247,0.658141058204364,0.652649482989254,0.643536673841193,0.630632788541578,0.613795787959304,0.593521003028602,0.570966763182538,0.548096319650687,0.528049255989094,0.514906982664196,0.512108702168622,0.520279145690711,0.536887637525085,0.558208355766533,0.581136556284549,0.603751857269852,0.625034480147374,0.644525045567115,0.662043589321432,0.677576806415933,0.691165410512524,0.70282363216142,0.712493621220499,0.720212984104993,0.726006088693642,0.72986171355054,0.731730045732114,0.731519652422372,0.729057951545356,0.724168303207325,0.716765713356435,0.706729062241579,0.693883811331064,0.678002564724966,0.659037125230584,0.636976230558138,0.611481326195354,0.581962223602201,0.547579774141004,0.507193158893877,0.459308668686387,0.402526989186657,0.339904723487916,0.314564491574472,0.364064652782858,0.420264727425687,0.465719472094957,0.500521951029018,0.526037105086724,0.543436064361885,0.553653389472242,0.557607979865804,0.556238696380559,0.55039362479993,0.540961785142361,0.528938704631539,0.515529556024822,0.502162706926966,0.490479147953684,0.482325396216124,0.479332280950272,0.482230173041216,0.490580308441951,0.502996346947368,0.517746780672287,0.533339267771511,0.548710556777757,0.563189892008687,0.576397346382121,0.588153458999769,0.598378619814352,0.607271197136772,0.615178276619261,0.622449703921715
0.612939599177215,0.618812632965793,0.62471829823147,0.630430408046687,0.635594132275179,0.639843224101758,0.642892780907192,0.644584065468898,0.644886608355288,0.643991236788973,0.642225263698086,0.639870670721849,0.637140158391384,0.634077156790068,0.630466403107226,0.626185367156028,0.621269810648152,0.616119200996894,0.611357101936697,0.607727570277483,0.605851408591167,0.606041489530265,0.608117098683713,0.611264060807096,0.614438688027167,0.616549512521149,0.616694213161431,0.614290949928531,0.608984038079152,0.600633144336568,0.58935594830382,0.575643160491401,0.560601659898897,0.546341859786279,0.535937681843957,0.531740736036156,0.533254218297193,0.538139814755879,0.544443446730994,0.551003757754256,0.557044475428438,0.561903454302447,0.565018114383661,0.566036939277337,0.564968573062911,0.562218070654492,0.558504874843675,0.554947788481031,0.552690345179942,0.552548205008541,0.554777554749526,0.559116374309488,0.565020321793589,0.571931444555478,0.579384789079871,0.587071048722144,0.594902296874927,0.602727677964611,0.610523678562576,0.618271740263974,0.625782864947962,0.632797815302295,0.639109777037144,0.644446880725009,0.648433370642389,0.650729049886556,0.651117130574751,0.649497141787561,0.645861732491078,0.640250438778729,0.632893490207221,0.624031820777122,0.613919605535742,0.602779947497474,0.590672453090845,0.577805652437804,0.56442598564858,0.550854320668204,0.537471921634732,0.524712407706107,0.513022719945545,0.502831545660568,0.494482000885123,0.488104327534731,0.483435375789563,0.479733653569992,0.475753106068133,0.469883524479457,0.460543635011915,0.447071216605481,0.430616880853524,0.415554726826034,0.409980882950987,0.420910155166438,0.446813208395241,0.480108939412837,0.514346604473951,0.546216857868385,0.574403937414791,0.598449973250541,0.618402478553888,0.634331187506195,0.646304538270377,0.654317254367478,0.658441138273992,0.658714117084379,0.655087434730391,0.647541734090679,0.635926728817025,0.619972122406805,0.599234944407626,0.573956346491675,0.544947150069946,0.514113937795016,0.4854836258302,0.466050970913669,0.463214467948292,0.477990204756703,0.504094350252969,0.534461606448113,0.564801887304961,0.593168133673024,0.618852463140112,0.641748132179248,0.66194704622792,0.679620725665756,0.694945608373698,0.708048425856182,0.718977183995766,0.727677532316371,0.734194520829966,0.738554324689381,0.740742964586632,0.740704322396803,0.738334706351655,0.733424464104615,0.72584424518411,0.715495983786511,0.702225743285884,0.685831438990752,0.666310981975397,0.643496010822378,0.617079713349843,0.586409833590852,0.550515523109753,0.507969525956077,0.456581172112742,0.392653647182912,0.308772553703625,0.250484313242301,0.343842460668775,0.410799746144224,0.459860650798614,0.496083251440721,0.522098080899192,0.539520700657426,0.549560352526099,0.553344844207597,0.551950304231143,0.546427409397527,0.537905341172138,0.527645017769773,0.516951176356659,0.507048764826572,0.499117573124116,0.494168094801033,0.492877482631822,0.495461865106775,0.501764184241832,0.511113120236588,0.522596882721618,0.535248259537792,0.548177877575538,0.560642881637707,0.572084970145376,0.582145195157433,0.590650005906575,0.597834902319897,0.604137461594668,0.610034341584526
0.594489266946257,0.599631103395407,0.605298031162314,0.611063550180423,0.61631123433188,0.62045160834844,0.623068411492367,0.623976068765467,0.623206686389091,0.621048718976149,0.617997146088727,0.614510498801886,0.610924773451069,0.60721094129079,0.602994646913558,0.597987141482016,0.591992454013632,0.585350892035839,0.578916961489616,0.573963126777418,0.571774490054369,0.573111551204192,0.577559409605476,0.583693958834371,0.589849286697619,0.594469806351038,0.596385178609301,0.594883620160216,0.58950847483552,0.580011275645311,0.566352259352072,0.548788465476351,0.528184846101419,0.50694586858757,0.490713247960453,0.485778479413484,0.490114655016117,0.497960093045655,0.506655588875705,0.515328283700356,0.523364098843617,0.529971910448348,0.534337398750192,0.535944692589843,0.534781497005731,0.531458975125472,0.527116386164077,0.523552769221034,0.522682405251393,0.525770495486865,0.532920957948839,0.543245977422207,0.555477443657116,0.568486517043412,0.581427399467952,0.593791394876894,0.605353918760451,0.61590121981571,0.62547385413496,0.634010741150858,0.641349506249607,0.647537643907207,0.652512611908445,0.656058002988979,0.657942583411389,0.657926658528484,0.655937081577739,0.651919935255622,0.645926090840818,0.638010392036716,0.628421268485192,0.61746403525503,0.605466344340466,0.59277112517802,0.579524240259624,0.565942632219701,0.552310064085644,0.538912397146585,0.526041476185005,0.513956616165685,0.502879816194083,0.493052513433118,0.484810104931745,0.478574480165425,0.474663395872484,0.472950302032006,0.472476535152976,0.471617443085822,0.46891798871117,0.463912725684265,0.45767053925978,0.453140283951408,0.454506836311787,0.464866563756424,0.484009873828132,0.5088457604811,0.535728577410891,0.561912282555247,0.585859164924056,0.606776008006473,0.624342850704436,0.638413743529771,0.6488721150872,0.655560524471367,0.658400665844459,0.657335796588272,0.652205662488934,0.642838073283605,0.629049830070011,0.610348038668004,0.586097638963656,0.556064833481915,0.520249078228434,0.479476724165505,0.437364513765317,0.405095714833583,0.401683121736828,0.429446712956823,0.470269396921723,0.511768224377525,0.549798389673117,0.583516824171279,0.613067205404778,0.638839944863613,0.661248392145785,0.680663116536188,0.697394079100762,0.711658031033708,0.723585173847609,0.733199039388889,0.740432102216691,0.745329524674625,0.747909788955093,0.748149823160391,0.745981308273757,0.741268826038556,0.733800120797024,0.723488554113117,0.710219706921439,0.693871721613217,0.674492573188007,0.651855078507858,0.62574257466171,0.595661490340384,0.560880913120414,0.520479652442373,0.473547876459307,0.420114261161315,0.366951844248881,0.347167686701966,0.381442218952894,0.428515398062327,0.469214586181565,0.5008715566355,0.523883516461168,0.53906635050855,0.547230136710557,0.549370788430166,0.54653883344654,0.539900005550571,0.530823547675247,0.520798050227013,0.511234815612494,0.5033614719016,0.497955196624427,0.495289486505311,0.495288493539318,0.49782077661637,0.502834386597444,0.510133589231665,0.519393529548684,0.530054950617756,0.541352905374955,0.552438186997583,0.562545170621652,0.571113808686027,0.577902533359357,0.58323813953833,0.587749749460651,0.592153069407443
0.570433927102386,0.574995725148396,0.580882099220811,0.587296303802876,0.593171397406705,0.597572537747475,0.599908721604004,0.599969211932306,0.59788952782686,0.594137351650665,0.589491416370682,0.584721414744087,0.580363669057176,0.576308301571922,0.571932520908406,0.566499795008641,0.559386381166903,0.550696584296489,0.541539124859065,0.534124308906079,0.531115619710605,0.534122449564835,0.542234512560186,0.552813262077007,0.563168676266031,0.571187464091197,0.575506777347976,0.575358749759267,0.570260365706459,0.559904401778742,0.544103283174659,0.522780584077176,0.496067910120627,0.464975119423926,0.436600133407031,0.432861490157638,0.443196075245819,0.454168292095531,0.464885459060244,0.47563991355607,0.486084670449419,0.495001081316213,0.500929582279523,0.502999998594764,0.501171596610654,0.496247718356692,0.489890332896705,0.484961644145464,0.484850496230983,0.491717628018296,0.505155814395171,0.522887947037296,0.542431416806139,0.561984070969211,0.580438100104012,0.597276646500279,0.612288904045313,0.625360183452382,0.636567055796721,0.645867109773341,0.653213833684178,0.658796355460213,0.662604185271863,0.664530676530596,0.664483865639337,0.662353257644693,0.658104176284898,0.65170282872841,0.643216136188928,0.632749863922103,0.620617844390639,0.607178455139754,0.592836006290721,0.578065029097225,0.563151356542664,0.548360292422318,0.533966717152478,0.520219746654486,0.507341890100128,0.495428871692745,0.484444998700101,0.474392109293925,0.465606344949645,0.459006344929805,0.455950363207342,0.457176749840778,0.461757020690658,0.467505543415846,0.472429660048346,0.475632482970592,0.477651211771952,0.480365963232433,0.486208160789067,0.496940023629317,0.512790221167583,0.532474517944616,0.554023071711868,0.575545993962959,0.595767943981039,0.613828878093928,0.629134960293657,0.64146220411574,0.650528767128181,0.65604213917574,0.657793634139926,0.655632925578495,0.649324314746539,0.638618592987669,0.623190088279805,0.602457691854501,0.575657755780185,0.542073893212691,0.500761545421706,0.450464886761899,0.390454325339031,0.329029775395555,0.322774563837581,0.380963844076293,0.44193747978981,0.494260799484054,0.538503862419468,0.576132383729828,0.608382836491934,0.63618236328614,0.660200306521512,0.680909902383184,0.69871178504855,0.713885259924517,0.726606188498636,0.736961461622586,0.744914619553524,0.750396371114978,0.753449318655021,0.754080759515672,0.752256565758349,0.747894600783114,0.740812533819798,0.730865532148194,0.717993441500002,0.702185737944063,0.683555777137935,0.661927461283844,0.637157580283943,0.609073464304923,0.577377552112238,0.541945845085399,0.503433471363352,0.464527545914816,0.432956782433074,0.421689765822404,0.435214992686812,0.461829545390583,0.489656577199563,0.513237597457031,0.530742614689034,0.54176151290633,0.546471385394351,0.545510599278714,0.539750236435352,0.530376682964021,0.518929525225374,0.507225202733809,0.497197536786514,0.490257772427166,0.486785838435225,0.486176410311838,0.48745632424977,0.490105256097246,0.494135749981012,0.499889195097434,0.507668030040069,0.517285177980545,0.527976076935271,0.538613347737548,0.548068907536632,0.555493469185807,0.560581206033333,0.563803664573782,0.566127812938773,0.568724228852
0.540447871397248,0.544661933891211,0.551575552144482,0.559614783392341,0.566889503494414,0.571949808613006,0.574021406180148,0.572948441241671,0.569066561540349,0.563122911761822,0.556297343351946,0.549903120048244,0.544879642998682,0.541111768193373,0.53746688819552,0.532336941741097,0.524317130106537,0.512963580241965,0.499521276893978,0.48746078449099,0.482314649289182,0.487985477410989,0.502128041586293,0.519323808534096,0.53536229973823,0.547697575431748,0.554998853632481,0.556608223711648,0.552137978153586,0.541322891847778,0.523949982544382,0.499824952537283,0.46873801852812,0.430349345403653,0.384665163077083,0.385042288241553,0.397198803656333,0.407550926338483,0.418663788768196,0.431176974664613,0.44492715365795,0.457292665070036,0.465273464425773,0.467591258267198,0.464357111649353,0.456486865801034,0.445985359438598,0.437212312280368,0.43669964339833,0.448771650881359,0.471305628441783,0.498803016670329,0.526963065725467,0.553521259151676,0.577462689614951,0.598519694337786,0.616648944482052,0.631947503930561,0.644590364579549,0.654585162853787,0.662020678376491,0.667093095874021,0.669869424971266,0.670384910616478,0.668640164959361,0.664514734934727,0.658007106298243,0.649126064477935,0.637925286666369,0.624564769536721,0.609406776780975,0.59292732168588,0.575653000600516,0.558258122115266,0.541142986235464,0.524623276439235,0.508921675044909,0.494275092833294,0.480919830822322,0.468836579497757,0.457616473287912,0.446799675915646,0.436507254611057,0.428318373712234,0.425581860137436,0.430884709124006,0.44280389714377,0.457255194044021,0.470785858609805,0.481908699182097,0.490905939536583,0.499146743683181,0.508282495119255,0.519662145443426,0.533791739178047,0.550260508258467,0.568053333672742,0.585958918283859,0.60305698142233,0.618625487880837,0.632044527515144,0.64286448092562,0.650765180047289,0.655324810176431,0.656225444208263,0.653248707014416,0.64617140250437,0.634686406853614,0.618317225528514,0.596573005706563,0.56868883594195,0.533771810513247,0.490497972989021,0.436534987805726,0.367319809600171,0.271736610705017,0.256755476712919,0.357381980623291,0.4295710165181,0.486287153687091,0.532814548579642,0.571903246980621,0.605246421649404,0.633972746315151,0.65885870989749,0.68040110181321,0.698963949462985,0.714831396254755,0.72819663998268,0.739167259891053,0.747772201214813,0.753900170491049,0.757516688145375,0.758654646324099,0.757309278624373,0.753439159913894,0.746944951159342,0.73764396273448,0.725505784922295,0.710639941883976,0.693232266718434,0.673217415727746,0.650535403620767,0.625295873261461,0.59762069711619,0.567946668976504,0.537626450757435,0.509457700843353,0.4883644909777,0.479642300511205,0.484507088851273,0.498418186829285,0.515160381061486,0.530273428675294,0.541291991510619,0.547042805814644,0.547139719103414,0.541835371092963,0.531703211113794,0.517743354071037,0.501632433647583,0.485914978605327,0.473539049052255,0.466648447588168,0.465236150201482,0.467239862503765,0.470223343994317,0.473066497364759,0.476016345599109,0.480286196902983,0.487084214248229,0.496675737545731,0.508083020246626,0.519552762081899,0.529310587060844,0.536064138366056,0.539416383116877,0.540024897561962,0.539383723164936,0.539510259577782
0.503778511634199,0.507999729739331,0.517427860393042,0.528713758804147,0.538491839143478,0.544680279845022,0.54641826304487,0.543703639056493,0.53714869368744,0.527897235655507,0.517775994335159,0.509033581808485,0.503466838255611,0.501137571540917,0.499884831602377,0.49651130650969,0.488366617059986,0.474063466169914,0.454310302534757,0.433361569866067,0.422516108343979,0.433451896852719,0.458165804830091,0.48481678458619,0.507949423562862,0.525277497494033,0.535905142827221,0.539500829304443,0.535895331064087,0.524963400375443,0.506608783389489,0.480827449712376,0.447968501355044,0.409874888982993,0.374506238464809,0.357384171974795,0.352785840413791,0.356509435316712,0.366654523459963,0.380084606024811,0.399645043724994,0.417789177543115,0.428195781969648,0.430105817409231,0.424575903754743,0.412397398022142,0.39485830439643,0.377398417268283,0.373748323157112,0.395076383375355,0.432521456611099,0.473081397628753,0.510981941076829,0.544606248567608,0.573692234703731,0.598513923912183,0.619340532553596,0.636508998868949,0.650306815910898,0.66089798550992,0.668354198104409,0.672952887778839,0.674888331839016,0.674197822512058,0.670871483076617,0.664799034483403,0.655991919831341,0.644481003267551,0.630306649989673,0.613623056698363,0.594850260755774,0.574661171403122,0.553768884300512,0.533023564272569,0.513068215174001,0.494249583760659,0.476618857377331,0.460342186366312,0.445948663084247,0.433541064696474,0.422057397723846,0.410153843307576,0.397156247600451,0.384711067596301,0.380276098921347,0.391859750536061,0.415597687125709,0.441862943753319,0.465078117589266,0.483796343912286,0.498702330855903,0.511170592289219,0.522746638711617,0.53471420676254,0.547808593411693,0.562121523350533,0.577217293942091,0.592422121639209,0.60705853030343,0.620573266720362,0.632395924417043,0.64205461777904,0.649053385609384,0.652922669150471,0.653250779865396,0.649810945977163,0.642373646573975,0.630554168203583,0.614013244508034,0.59239655277619,0.565028589914172,0.531320521093092,0.490529485006233,0.441765329613439,0.385180547709558,0.330774927097718,0.32658793839345,0.379311760693985,0.437687443284437,0.488967343358419,0.532934917152892,0.570772813158349,0.603563637434887,0.632161240111944,0.657197568820086,0.679092942857706,0.6981407938001,0.714535012987757,0.728440312218057,0.73996408254049,0.749142054380871,0.755936942452321,0.760193877136685,0.761929811245816,0.76117717004412,0.757934658586588,0.75216383762525,0.743737599549923,0.732598929895766,0.718970219010353,0.703106457093512,0.685065322841178,0.664911160969139,0.642841081769796,0.619292797532397,0.594920889602705,0.571102507785739,0.549934335441786,0.534257230815318,0.526419579044325,0.526701851549344,0.532899013091228,0.541512490966317,0.549319362012846,0.554068149193727,0.554320857530039,0.549309674538132,0.538842902542581,0.523001389468599,0.502497159315479,0.47905444569048,0.456026740695242,0.438470336806048,0.430871270348766,0.432904511852041,0.439365906207513,0.445032266258238,0.447855237566399,0.448771129362185,0.450726479651781,0.456694820232015,0.46761282147804,0.481748945233868,0.495971639444383,0.507403406315366,0.514160342432625,0.515712450462945,0.51286471178507,0.507786316526535,0.503993958476934
0.459120513027608,0.464085708897873,0.479017715909226,0.49609414799456,0.509641229253693,0.51723924724764,0.518297593659459,0.513148695869577,0.502722168043661,0.488552644392529,0.47319825827459,0.460434825701723,0.454291393073908,0.455595237039864,0.45983695686648,0.460780293421948,0.454052789951087,0.437243860091122,0.40988660959133,0.374353586429982,0.345902907063373,0.371896896840318,0.413976461042396,0.452244464359822,0.483060355058941,0.505451751008268,0.519337727894542,0.524862575319565,0.52214272618412,0.511235811228008,0.492160165723928,0.465027158070962,0.430447266402459,0.390676083090097,0.35225119785646,0.325635696990908,0.304502885486739,0.301049969342873,0.310224828883343,0.318130843064769,0.352574160894459,0.379613141448476,0.39094129294939,0.390272649289734,0.381462214850238,0.364527793051393,0.337389556403044,0.30197715113901,0.28564438810883,0.330867577998287,0.393904835990424,0.449922803352892,0.497228973878772,0.537021028877557,0.570366695814329,0.598202497207555,0.621149735862454,0.63974803331887,0.6544347560946,0.665446874425432,0.672843284748684,0.676998711026403,0.678171486704584,0.676368703962041,0.671554722432958,0.663580596369305,0.652448855429539,0.638177951937236,0.620768973737081,0.600356622902137,0.577404043775806,0.552703787496738,0.527191695053861,0.502061363845278,0.478416107567442,0.456778191648748,0.436605210367101,0.41744804110951,0.400932083936988,0.388392800556056,0.377030981426695,0.364072963042036,0.348010067592145,0.326215271771082,0.312835300544845,0.337744200174243,0.382800336485082,0.424494765104461,0.457699336726048,0.483141947307025,0.502593089074315,0.517948863875111,0.531018002651777,0.543219874201779,0.555452955857749,0.568130388033836,0.581207949052807,0.594401888968573,0.607200930508309,0.619181869770215,0.629798058440807,0.638543410927145,0.644918340686059,0.648396185419585,0.648486511733989,0.644921104508692,0.637441131257054,0.625683090872009,0.609579627320484,0.588949184653692,0.563404901923403,0.532796805322908,0.497402884768224,0.458350075799103,0.419442132805968,0.391245670444531,0.390113307506583,0.417466287494631,0.457395411688743,0.498532251225627,0.536900649164319,0.571578279323981,0.602596522643282,0.630274445675501,0.654943035540307,0.67684585902858,0.69615126144457,0.712974578455444,0.72737151782756,0.739415298816621,0.749144020995535,0.756543805520411,0.761501616232479,0.763914438036321,0.763843304458175,0.761329232027403,0.756388039654256,0.74898361957448,0.739036950108287,0.726840847283348,0.712711356105078,0.696806849948877,0.679298634818249,0.66039307476544,0.640614035338916,0.620657708110786,0.601665907064094,0.58504813163512,0.572424985176935,0.564910956041606,0.562475976265964,0.563753818704306,0.566574516380501,0.568637841797831,0.567986279016045,0.563163615665285,0.553122806412094,0.537210371213164,0.515028953700807,0.486612752070363,0.45297390673692,0.417625722251918,0.38927416581812,0.379841697109961,0.389537744323792,0.404550412956341,0.414240905267244,0.415961107900491,0.412324089120681,0.409602945344987,0.414488142841276,0.429100210894824,0.449411400835558,0.469271592600155,0.484197484964256,0.491840719720182,0.491588063454976,0.484184396411683,0.472214840830308,0.461436313972794
0.404068182676309,0.412001141142817,0.439043464453382,0.465118253034258,0.48304989672137,0.491616828906309,0.491137666043248,0.482395711837005,0.466538480279166,0.445301526323829,0.421752701267419,0.401547857641781,0.39415676639851,0.4038720133646,0.419216673792101,0.427916026164352,0.424499073489036,0.406517514409552,0.372784237720685,0.324063521313664,0.281659552235478,0.318087276237115,0.376217882089335,0.425325086262398,0.462962430228342,0.489686868824042,0.506295744838042,0.513407461664935,0.511408360985278,0.500465513248914,0.480583988006781,0.451711956818809,0.413940671106474,0.367878554238118,0.315701909621244,0.282957247631162,0.279818000184425,0.27550783207804,0.265794455162876,0.260183295546751,0.319727598275385,0.349566324155577,0.354873627702869,0.3457617622861,0.332657917864463,0.313353821380114,0.276290618768664,0.218811120633277,0.130136908942554,0.276811509894716,0.367822101257554,0.434948312828402,0.488467237201294,0.532334694205496,0.56852283635498,0.598371883861395,0.622732062580462,0.642254920712254,0.657527930538613,0.668785352527881,0.676065002044208,0.679757758807044,0.680166624861294,0.67730385772756,0.67107644785167,0.661279641561598,0.647843495190336,0.630714315156153,0.60989848643296,0.585435264402939,0.55768741896263,0.527505769497351,0.496019889810888,0.46486221025209,0.436177279839592,0.411527971495679,0.388946943028321,0.364458167158297,0.342389606096482,0.33150816340022,0.321290624933944,0.305723475603432,0.291361635209888,0.257328226423602,0.200221832649179,0.27494378391437,0.354340801013079,0.411000833300046,0.451977818078332,0.481926689949735,0.504010416312828,0.520727803509213,0.534157124326037,0.545904706726505,0.557085246041959,0.568300091864,0.579784819513034,0.591485107445889,0.603026078570845,0.614007382060971,0.623875663110584,0.632087904148692,0.638122549705855,0.6414611750683,0.641613436216008,0.638167869541938,0.630807634992881,0.619426804690425,0.604122727773261,0.584922691486337,0.561770287830271,0.535040436346839,0.50573220783087,0.47586810249766,0.4494856481394,0.433089943194341,0.433099023931618,0.449920854192442,0.477521254711029,0.509389033745532,0.541626962973405,0.572474945258903,0.601212868403632,0.627620474135935,0.651691543309131,0.673464606127118,0.692941794285742,0.710137989960618,0.725035383307702,0.737600278676607,0.747862127566053,0.755830048728648,0.761468520672374,0.764615110770821,0.765282891772548,0.763559989591119,0.759512873196204,0.753192975687613,0.74455940505797,0.733895324976015,0.721562583600859,0.70779261504189,0.692823535738645,0.676883134397314,0.660357839861526,0.643936307058982,0.628496027626794,0.614945996483238,0.604255004315546,0.596933427961705,0.592779661052207,0.59082672078291,0.58956990705317,0.587305973254641,0.582367705076907,0.573227643799645,0.558749549816062,0.538035924323739,0.510113240512085,0.473909293343583,0.428464453236293,0.37436052203984,0.32156703637851,0.30659099733871,0.336911387999117,0.36781120102865,0.382429510907454,0.380380707499484,0.366729690420061,0.353412845897831,0.356212899704663,0.379886599558106,0.412750106963163,0.44217957702466,0.462561259083691,0.472070859384024,0.470360020356844,0.457715997927227,0.435728680625597,0.411331967881994
0.335766293485643,0.356645787968054,0.40681505766669,0.441871383994924,0.462350956800085,0.470130051587217,0.466572156910991,0.452727793059586,0.429644922975106,0.398860434925584,0.363545444047456,0.329477215432595,0.316688395932187,0.348455846012572,0.383346059881912,0.402122704864632,0.4028834647323,0.384964463410427,0.347268619296596,0.287875104027428,0.20656906208025,0.275328238059425,0.349641179460126,0.406961569602614,0.449359809618411,0.479038115779995,0.497487116198873,0.505668986037237,0.504098915255647,0.492949518511869,0.472115320483342,0.441217577335102,0.399577652345213,0.346465833933912,0.284404763622232,0.252265801014265,0.261077796956362,0.256688259163837,0.247239776399839,0.279510013270238,0.318054340865439,0.333707159466324,0.321881819507105,0.289928793428655,0.27004847221801,0.261658837337108,0.205806990028234,0.159534822313246,0.188863548398399,0.281278632507696,0.364013742392096,0.431119684659179,0.486064441831442,0.531398982968018,0.568790555034431,0.599541358851611,0.624544145001249,0.644508502337728,0.660055886665431,0.671319492202073,0.678393421321803,0.681648735286285,0.681326912671231,0.677434026133738,0.669847228632325,0.658277479888688,0.642600204193036,0.622726407310835,0.598518437985543,0.569822680643276,0.536746528354027,0.500064484335169,0.460970730566234,0.421331982413621,0.384628185490681,0.357365906383556,0.3368628935154,0.304189563002361,0.260530588407278,0.262789981213167,0.258065660130945,0.218581113388135,0.228695664430284,0.203232758048079,0.13337173523552,0.255770311454087,0.346242301727898,0.40735675522784,0.450594781383763,0.48163518918285,0.503986239413248,0.520330311427505,0.532846606640507,0.543280118058717,0.552944072438825,0.562657716283469,0.572831308882327,0.583492812074022,0.594339732025776,0.604909367557129,0.614592785185237,0.622763994425621,0.628846994692612,0.632260855506986,0.632556259026314,0.629274064307474,0.622139573127155,0.611212192998444,0.596747705485145,0.578975312167707,0.558141577482206,0.535007713274167,0.510944643432984,0.488110267960422,0.469634272185491,0.45930614327297,0.460029506069018,0.471867597784346,0.492105234475621,0.517182262031279,0.544271292744432,0.571625441837506,0.598210772477977,0.623439089997366,0.64699854764166,0.668707450662255,0.688412434248805,0.706007954187666,0.721412124947796,0.734549152122465,0.745373833740231,0.753909793439737,0.760155200940653,0.764037224668818,0.765472049328874,0.764576394262786,0.761473589663755,0.756256498788807,0.748956676956658,0.739805648307287,0.729198598071612,0.717428238977604,0.704774914453537,0.691462876227833,0.677755916324202,0.66413715417966,0.651378379422619,0.640069591596325,0.630755194957141,0.62363096145221,0.618419868154524,0.614359971731073,0.610294838156425,0.604835330865103,0.596602145120324,0.584265931663216,0.566639395011496,0.542612593102451,0.510813068586199,0.469327501231383,0.415121679485074,0.342611487826823,0.240307322830158,0.196825111391173,0.291221714722428,0.340954287163414,0.357572362489886,0.347355573867302,0.314190084926258,0.27446866694699,0.272319562448178,0.321049977203281,0.377369232897157,0.419589812334218,0.446294895407464,0.458309671286472,0.456184980438424,0.439708632323277,0.40775265539971,0.359853370895327
0.329000936084397,0.34998874838205,0.399713619979861,0.432923126054693,0.450683902426688,0.454765089320674,0.44623632733522,0.425735165136682,0.393688558385139,0.350617503449714,0.300503544569937,0.250970831413266,0.220996357397704,0.310134620141034,0.362946128964429,0.388356744664312,0.391642993142141,0.373916975273971,0.334177943031251,0.270072902947422,0.188877801464037,0.254230620094181,0.337822721641758,0.398642352131168,0.443050490962228,0.474031941398602,0.493323266333794,0.501954733575433,0.500459899792282,0.48897191394694,0.467228358355252,0.434506723948588,0.389412935664193,0.32953859507068,0.252617460535523,0.215648662962946,0.245837075343168,0.244659224835424,0.281826542094467,0.31243606228237,0.333781502121708,0.333558803222256,0.302572383064168,0.224885486318071,0.172127482996334,0.223681742285078,0.182241577866284,0.128989128202764,0.230007080145799,0.301606038780656,0.373017554830154,0.436079067917945,0.489503042553769,0.534226569198697,0.571353811333202,0.601963248027923,0.626881505126831,0.646834000677299,0.662279621855658,0.673339062487003,0.680139327883084,0.682958064195834,0.681957716325544,0.677101392791578,0.668236517626532,0.655056848818539,0.637404745787734,0.615073171661764,0.587731061854764,0.554925226651833,0.516310368725398,0.472269127438896,0.423982149825098,0.373365940069465,0.321702697625887,0.289479565919511,0.291027383881349,0.263922925931842,0.162354483089185,0.211857392838033,0.218089115990127,0.142641954857912,0.190643344715755,0.144689833008436,0.198261526803859,0.288157226875416,0.360685130749594,0.414534076446972,0.454111403213788,0.482739791010438,0.503030052682572,0.517300273137597,0.52759604304921,0.535725388889343,0.543203589110518,0.551109471318345,0.5600664069254,0.570117116341817,0.580898933609753,0.591767779747486,0.601954093688659,0.610665985043794,0.617213153347789,0.620962778956476,0.621371446705343,0.618203881814466,0.611288634778925,0.600686926978692,0.586802581061596,0.57005987077,0.550916891218693,0.530402521847468,0.510112998893988,0.492093592922976,0.478682581374914,0.472052697416459,0.473487017941387,0.482878261802589,0.498845491939418,0.519432051996397,0.54280124707392,0.567532868491884,0.592546939795755,0.617020175077995,0.640393940378688,0.662281954814869,0.682387412958983,0.700497967824056,0.716478396669122,0.730232544529141,0.741676612749993,0.75079208846664,0.75762284798263,0.762179299268993,0.764386295896919,0.764336117001034,0.762168828269515,0.758018886873381,0.751989506010529,0.744270740644794,0.735262368940701,0.725303953137102,0.714677893625761,0.703597718359571,0.692290086582435,0.681035730379705,0.670423163414556,0.660858414107648,0.652639613463274,0.64579104174575,0.639973638322345,0.634522004366756,0.628523918440904,0.620914260862756,0.610549715408477,0.596268223268557,0.576966579522807,0.551558393120465,0.51867467813508,0.476509508522501,0.422369627497928,0.351882274914753,0.261425539540158,0.227661865614168,0.296705397561674,0.339024691005672,0.349199767860275,0.32843994118749,0.271070002000772,0.1527752699197,0.132822774922397,0.274729727067583,0.356605920025214,0.40819039816828,0.439185168409602,0.453388064564223,0.452392363679743,0.43638250214589,0.404278363965458,0.355002166552237
0.390641086347185,0.395519080380481,0.418673341364019,0.439007001308665,0.448963809891343,0.446726586740493,0.431680144937444,0.403332385385615,0.361156666391845,0.304031373630296,0.228663119233932,0.21527272909484,0.255029584460529,0.31887998826794,0.365217715368949,0.388944603486324,0.391715006085236,0.373721671569629,0.33339645458373,0.266143974557794,0.184349049447355,0.266332281563718,0.341285623841127,0.40022938148337,0.444054244917589,0.474765083542089,0.493871943669148,0.502332467545122,0.500619003785775,0.488776042090672,0.466423215955642,0.432641428241623,0.385668129211112,0.322116118601206,0.235320335907823,0.19046736268461,0.256078596867021,0.29042422807192,0.320987203386716,0.344835684586046,0.356360006275025,0.349093331618392,0.316239640309157,0.252391502250523,0.197197592327805,0.207327509146742,0.168298768043588,0.169575425346413,0.218551132843734,0.312270705131081,0.386374194480797,0.446877863611039,0.497647081407182,0.540367789261877,0.576059829166757,0.605642796219811,0.629891626745739,0.649364244047867,0.664372020194391,0.675043164420811,0.681466366746977,0.683837069859391,0.6822427516227,0.676570083617149,0.666623113124522,0.652158816226092,0.632993852730242,0.608762780560311,0.57891575866911,0.542630215061159,0.498929373079157,0.447191847478714,0.388079005282591,0.327006861522449,0.26570246649271,0.214493747318234,0.274027807640225,0.274301039304377,0.24221111735283,0.21675980890844,0.183200270997747,0.225782380342229,0.236301264978863,0.226829094341364,0.277029275853387,0.334688119507108,0.38628573439489,0.428551376197666,0.46113255166969,0.484905757533832,0.501259603614137,0.511876783648355,0.518549357404627,0.523171969887569,0.527575675528304,0.533223924493721,0.54097932158355,0.550918797654221,0.562424973734174,0.574505631576191,0.586037931304346,0.595939237280261,0.603367864924263,0.607587616203126,0.608114983384721,0.604918155678674,0.597990064817739,0.587424087169695,0.573704421209203,0.557345227212153,0.538960385075074,0.519789041609385,0.501595761251469,0.486456325523694,0.476300299435328,0.472331087921645,0.474790922016592,0.48323320338749,0.496866954365404,0.514750764569917,0.535855015300077,0.559100676619315,0.583429940836425,0.607841254548317,0.631550871955251,0.653982638103476,0.674742394447825,0.693541102779801,0.71020438464607,0.724619663603771,0.736709142242152,0.746427452458103,0.753838125705199,0.759030498278548,0.761991863465333,0.762734338318947,0.761442690845209,0.758277058612957,0.75339949340227,0.746998229038942,0.739433638705161,0.731083705413996,0.722237146253649,0.713101225403914,0.703831033929996,0.694599060335802,0.685736018322619,0.677568910549907,0.670251390680287,0.663693406992945,0.657573822792655,0.651344369947693,0.644276939128131,0.635501439934681,0.624081901604016,0.609032941691991,0.589433628608008,0.564456073221559,0.533183312780005,0.494708186589023,0.448447326030997,0.395882487885533,0.347131616080104,0.329096076211946,0.345581734322983,0.362805250357935,0.361840541307975,0.335357494026488,0.27488557239443,0.156291223153825,0.189378572652407,0.289958540445553,0.363258173798247,0.412566869104662,0.443224816370982,0.458257774527112,0.459438900908092,0.447965048569036,0.425676272196781,0.399366167232464
0.438702709108633,0.438697520978815,0.446782820288183,0.454542263798687,0.455537558085399,0.446246659192174,0.424409264445834,0.387956967227825,0.334957647283911,0.266034148469374,0.204692712407737,0.246326664700765,0.302250058529695,0.348979736535995,0.383335603169457,0.401497902887308,0.402254488466131,0.384521742284092,0.346725009215499,0.287733601041132,0.233444068316813,0.284900221201728,0.355380928192787,0.410717935147759,0.451997331698743,0.480979619582194,0.498944637826062,0.506680479161696,0.504544956032433,0.492500291798341,0.470090599279947,0.436341241238261,0.389564467233196,0.327301881426772,0.249511607935672,0.211412910010135,0.266778365606084,0.31562798483894,0.350140291436285,0.372540664320215,0.381691965347663,0.375432861264286,0.352505012076494,0.316441150489718,0.279267240546489,0.250762858593591,0.200367765071712,0.203613511645552,0.265934888617406,0.34150493019261,0.408141673124167,0.463206649414535,0.509718024468431,0.549228357934702,0.582550063311904,0.610423915280348,0.633491630709399,0.652076931437499,0.666371439610877,0.676491829612017,0.682466025846126,0.684391336633043,0.682278029336919,0.675986874698011,0.665322277527447,0.650057789629095,0.629989929411423,0.604689103079154,0.57343551810386,0.535120914711702,0.488163523726111,0.4304242252215,0.358848090414991,0.279047603111207,0.256926237914168,0.271357686166305,0.297071988432989,0.300422487792551,0.274038084720572,0.21058569668925,0.199985267418152,0.263127271896175,0.293107956177123,0.310802113711333,0.339901998367139,0.376944219616837,0.413221640174145,0.444675368078946,0.469513232694756,0.487266848183929,0.498413749843104,0.504026548884147,0.505662473047849,0.505383298904629,0.505572048089134,0.508363017856209,0.514955914927741,0.525413157466476,0.538743017061294,0.553243517597928,0.567140469523166,0.578929510014665,0.587543232622673,0.592287128180148,0.592888857421118,0.58943624534193,0.582064929590609,0.571065521134841,0.556937850423495,0.54020169883924,0.521499833776331,0.502173259480312,0.484266869506013,0.470287142779937,0.462259841977499,0.460665240021078,0.464630937579388,0.473115947749496,0.485668074253935,0.50220921593379,0.522428701935813,0.545506162927151,0.570308304145905,0.595599198730952,0.620343016644995,0.64380550076121,0.665518189914224,0.68517679389613,0.702600753579582,0.71769406047382,0.730408120357553,0.740743133407838,0.748747966410521,0.754534650227084,0.758166809219822,0.759623862813149,0.759098985009737,0.756816335035408,0.752962370024523,0.747748961677732,0.741499146303639,0.734595677154413,0.727307450987193,0.719813735038339,0.71221833743226,0.70461844183053,0.697232718339798,0.690163456403628,0.68361871639926,0.677488595068737,0.671442565712844,0.665013419714526,0.657590768104062,0.64847306072061,0.636892469540908,0.622059440088006,0.603283053321731,0.580103093199927,0.552165067450736,0.519469460647845,0.483010495071771,0.446024829536784,0.415633592716499,0.400332343439046,0.399145579545023,0.399984864949386,0.391439473006082,0.367188060014788,0.325956365042029,0.284094465530548,0.294403508429045,0.342964681030625,0.392291572592807,0.431082005819659,0.457390301102146,0.471600525427188,0.474819510364027,0.468676628106652,0.456091859223632,0.442882280915722
0.476319758929022,0.474105452175761,0.474656966321776,0.47405836282808,0.468051718028598,0.45318080588573,0.426425984065546,0.384228026062292,0.321268450387067,0.234911047093601,0.220726738402523,0.288745856047854,0.342180989159172,0.381444328186034,0.4082720311682,0.421879953262358,0.421317178164594,0.405607750850109,0.374124116958536,0.327097359979462,0.278461631399004,0.321977565725301,0.382163314975157,0.430028068156957,0.466382420683044,0.492159766276403,0.508092394118285,0.514657763559244,0.512036782974995,0.500096050161503,0.478355370531591,0.44588640407595,0.401137911659087,0.341579335060429,0.263286251708719,0.196206632645378,0.26976628267527,0.332960866151897,0.37326449133594,0.397374412751465,0.40788403624826,0.405644670610856,0.392062544078408,0.370701291641932,0.347029599292104,0.324329928458794,0.305549483627294,0.309662310384559,0.342160633913933,0.389142691763486,0.438701688901231,0.484346734687769,0.524779493629474,0.560034367946449,0.590296417108841,0.615957787528345,0.637424142689989,0.654785624380399,0.668185091470882,0.677657704909536,0.683144887435002,0.684643728354435,0.682107209290856,0.675463007326322,0.66450276924518,0.648996765510119,0.628745750678248,0.603358290957283,0.572144125079081,0.534004928091184,0.487420990654457,0.430183452863938,0.35830537453275,0.269707786772913,0.27751455903459,0.3119937837009,0.329337511957974,0.328264162846931,0.304491709920985,0.258014593795694,0.255878726649925,0.303691390162048,0.336180597273266,0.359646763567596,0.383691784579927,0.410197192883561,0.436386839005282,0.459405973223787,0.477304520014026,0.489032671274706,0.494462961983313,0.49410702019411,0.489250426954955,0.482273616322088,0.476608969881187,0.475659061190629,0.481203072554668,0.493131909031943,0.509810247367907,0.528384161152435,0.54588329241105,0.560174168998962,0.570166545158317,0.575411143017104,0.575841435259745,0.571730079127835,0.563415497544593,0.55136400035198,0.536223923912626,0.518333624263903,0.498171266089501,0.476951321199811,0.457069726891036,0.442296408274877,0.435832382362408,0.437355437735483,0.443781060494735,0.452885192506671,0.464825324751953,0.480874119068442,0.501573653304347,0.526097856184203,0.552872686309875,0.58022709299625,0.60685169511876,0.63190631793362,0.654900796193077,0.675571886304749,0.693782271315989,0.709516689121235,0.722818083993941,0.733730987388535,0.742285066696155,0.748583686876592,0.752752148173147,0.754829845517105,0.754972495575794,0.753454046267948,0.750507657273537,0.746336980692587,0.74121120582045,0.735507669971772,0.729492104667107,0.723337767018127,0.717112314604138,0.710853336494147,0.70474069797961,0.69877022478453,0.692977224042367,0.687387956812473,0.68174361681652,0.675588679691135,0.668394270081408,0.659579985558846,0.648531474780905,0.634658445607061,0.617505154036505,0.596923712203087,0.572959308022028,0.546164283569505,0.517940705002451,0.490972348946646,0.469021420046161,0.454892355444899,0.447255681358157,0.440747808920141,0.429704939372804,0.4112640773883,0.387877875707806,0.371068059719432,0.375746835749111,0.399921299600101,0.430304154385403,0.457726173013497,0.478172139673568,0.490398023203787,0.49471887377922,0.492468983574562,0.486033286158417,0.478936954089339
0.506316153917135,0.503005907863783,0.4998203757107,0.49459084764436,0.484571646103364,0.467061777829032,0.439384524813851,0.398647869626433,0.341466536046748,0.273621350601397,0.285311407273415,0.338171721817646,0.38201625105767,0.414531935151751,0.43622576187068,0.446973881667588,0.446451086850447,0.434575022508349,0.412591154881215,0.385445854806096,0.369552695167082,0.386219386642675,0.42168698035867,0.456941284951474,0.486018178982527,0.507331536144419,0.520550470459135,0.52566615769039,0.522619037971067,0.511196822622332,0.490980672947401,0.461287717980185,0.421064208127147,0.368617600610574,0.301580524782993,0.237563152191297,0.298600057087475,0.358464392986399,0.398001004841344,0.422249655675124,0.434200783396148,0.435719535155173,0.428774701575947,0.41620925408918,0.401486657760766,0.387968805746458,0.380198618989372,0.385016925798626,0.404982173404101,0.435889750351011,0.471647376959031,0.507551681991879,0.541245721018858,0.571720950166364,0.598542651109081,0.621672042075778,0.6412650910698,0.657240349019389,0.669637541862782,0.678395678126375,0.683402835247741,0.684545709704347,0.681768385754906,0.675038553273983,0.664141355481439,0.648927442670297,0.629218611797312,0.60471402506429,0.574954959271315,0.539222319926768,0.496850520563571,0.447684419672793,0.39394483783111,0.349282756193566,0.340238201479541,0.352117755154322,0.359621553278382,0.355721491910346,0.340209104382133,0.321788299983038,0.322206483913996,0.34374774098174,0.36834958674333,0.390642722813622,0.412150693028869,0.433572378353789,0.453792903227629,0.470973037147743,0.483426849887409,0.489931926632896,0.489907839285388,0.483203430672201,0.470485347677067,0.454232489747153,0.439948914156795,0.433994033887929,0.438904738130557,0.453730523517545,0.476096473877006,0.501106647343376,0.523481322812284,0.540674328970841,0.552001076713553,0.557420939565425,0.557236756122903,0.55194380356812,0.542085417145257,0.528316892275589,0.511426274002347,0.491734724194089,0.469233243257493,0.444309304547323,0.419143763037018,0.400244023767923,0.395444002842944,0.402909535635223,0.413650097035586,0.42328557625689,0.433858115022689,0.449658720051447,0.472437064720481,0.500526946384043,0.531168311988551,0.562001870269504,0.591447235030758,0.618642911940521,0.643186629260525,0.664954528233232,0.683954502841513,0.700284525213523,0.714084831740116,0.72545787912513,0.734464447951881,0.741168163520989,0.745748191967138,0.748323669529983,0.749015250519345,0.748106391379202,0.745856455924613,0.742494228936679,0.738261981014239,0.733506414013598,0.728507808062841,0.72343741254874,0.718349325080728,0.713234858099112,0.708237206729186,0.703326724314323,0.69847799988848,0.693597039721601,0.688558558018771,0.68302145866936,0.676505847226814,0.668494771944153,0.658511976050413,0.646125550041244,0.631057812817813,0.613349328402123,0.593310680963764,0.571657967052032,0.549634475403556,0.529021809921453,0.511711458315326,0.498671285698903,0.48894412656657,0.479988050435461,0.469257678900516,0.455950471114737,0.442342357749512,0.434134831373258,0.436723747824835,0.449808548308323,0.468226932882886,0.486625750732101,0.501541710623124,0.511314247902237,0.515745508204914,0.515638580074179,0.512513228583273,0.508295293811207
0.530267158217471,0.526564110319082,0.521800308488603,0.514671102420498,0.503447473089884,0.486333527895029,0.461916049252683,0.429720954679918,0.39252665060373,0.364030812019673,0.367016186305872,0.393959631233538,0.42399851909464,0.448717491679884,0.465804455681476,0.474589272339147,0.474872620177832,0.467264052460361,0.454014518755893,0.440189375204001,0.434368361656162,0.443321822582471,0.463654866759703,0.487213034363999,0.508569481987499,0.524962396302092,0.535190581042103,0.538790857470332,0.535485283389172,0.525028256477525,0.50716637449211,0.481691661709467,0.448585418564503,0.408744636095819,0.367305980721675,0.344480647212895,0.362644892229178,0.3976596151526,0.427818974767,0.448638886858169,0.460306896540164,0.463983827952485,0.461308866646248,0.454419917227038,0.445858370228902,0.438502033156575,0.43559495264996,0.440385805959703,0.454242923446525,0.475748702177869,0.501923037182837,0.529764106469806,0.557209722872257,0.583012975865415,0.606342516485517,0.626869096251152,0.644510601102337,0.659073481513211,0.670450776344653,0.678512848192829,0.683086398270736,0.683997123713255,0.681196100523785,0.674621484096024,0.664092471831696,0.649562617458086,0.630951811082961,0.608094736546809,0.580779604284985,0.548815238553096,0.51246410801827,0.473129143174036,0.434709808258052,0.405145301791047,0.391177802755923,0.387942509324918,0.385125178372924,0.377379904973358,0.36542075806915,0.355563908783445,0.356291350529167,0.369010532655468,0.387848966002517,0.408205817193011,0.428458445956345,0.447726147230237,0.464941345216262,0.478687763049293,0.487517659498424,0.490191849955397,0.485787149362314,0.473412714944013,0.452441979937494,0.423744368753092,0.395461486527024,0.382522007144581,0.388398834676361,0.407851819360765,0.4397830588876,0.474488330245214,0.50243695739949,0.522197814147035,0.534220931182046,0.539137265946848,0.537652166775825,0.530462355503207,0.518221698075684,0.501848941201774,0.482422288711997,0.460577037823549,0.435822839712749,0.406408560686205,0.371349141188834,0.339928707779335,0.338489546500696,0.360365527824476,0.3781638524414,0.38609155335463,0.391696149151701,0.40676685889126,0.434368153074041,0.469185113457017,0.506094686090317,0.541915049818577,0.574982636048489,0.604662688423295,0.630838748969837,0.65364981078345,0.673345809022162,0.690170132018414,0.704328309365721,0.715983267621279,0.725261705529117,0.732262040932733,0.737139928787625,0.740072279197408,0.741156474007682,0.740668016492855,0.738891626193586,0.736084252882446,0.732488301614097,0.728421441389583,0.724176937946569,0.719943276280429,0.715779162662885,0.711652157322307,0.707668745285299,0.70380628976792,0.70001318267822,0.696126543629438,0.691935078098256,0.687247505118601,0.681713164884076,0.67489375915329,0.666351320077886,0.655774207750906,0.642977334051967,0.628159659607447,0.611726395636408,0.594329531116028,0.5769052155595,0.560568848857011,0.546298520661979,0.534459646990258,0.524495762825426,0.515247195138972,0.505690413572915,0.495815702925976,0.487088504622396,0.482214314845977,0.483452788875124,0.490749715317107,0.501850608721856,0.513815572378016,0.524216363067235,0.531572634413957,0.535457218321423,0.536228886314548,0.534721446674803,0.531915127360358
0.548931128368174,0.545411273445256,0.540493541001415,0.533353437589711,0.522934381055001,0.508375236947976,0.489390118877032,0.467031148839273,0.445076943456352,0.431197123811435,0.432426777153492,0.446556261784557,0.465467217325423,0.482882955098968,0.495696695716088,0.502783167277673,0.503852313633863,0.499665127191554,0.492373938282876,0.485509219636863,0.483407225289234,0.488964862333505,0.501180170275486,0.516453771043387,0.531310756606316,0.543200213032423,0.550614840915915,0.55285863229482,0.549530887031402,0.540406501608265,0.525453700604885,0.504937459038891,0.479730462418842,0.452172040780077,0.427806464306446,0.416082163380177,0.422675757076499,0.440796188975788,0.460261220140357,0.475674019864503,0.485404478555371,0.489586960758786,0.489219390400177,0.485828157766278,0.481281832540754,0.477657041116546,0.477103317733056,0.481561854737259,0.49187126934692,0.507545390585894,0.527115487180445,0.548761320038243,0.570988037590342,0.592616278658137,0.612731315344961,0.630806955910733,0.646596127942728,0.659842138111324,0.670308902620987,0.677769768180519,0.682002570395589,0.682858020987689,0.680220546274078,0.673999254547015,0.66407065846557,0.650483139410385,0.633257826408865,0.612397612208383,0.587919361033203,0.559964991318076,0.529283548823725,0.497545609448869,0.46766835310644,0.443326442911347,0.426346776371546,0.414321373789912,0.402681656967748,0.38870439711946,0.373811662920603,0.363552867070117,0.363607146138085,0.374427346891283,0.39223115590922,0.413086439163398,0.434172426291782,0.453647982874894,0.47019926047646,0.482608945847204,0.489669877035395,0.490279174876166,0.483388317186689,0.467644866328953,0.441233556692517,0.401493203398368,0.34936042124257,0.323879848110779,0.338296325489122,0.363733615738232,0.41152310377893,0.455620717459733,0.486548841562923,0.50686844446635,0.518146264633401,0.521471416756395,0.517777477319847,0.507757582006806,0.492030957323493,0.471750525927488,0.448579376348517,0.424419992358396,0.399512925189357,0.369313389111078,0.324352823954942,0.25627950672223,0.267569944146405,0.322841705543595,0.346947064615719,0.346376757106692,0.335982594445334,0.34936504508893,0.388167654277655,0.434213759396194,0.479968944462756,0.521882641212445,0.558836025058673,0.590879718274664,0.618446425440765,0.642052540003638,0.66220464266757,0.679288574887245,0.693585225681984,0.705324225911882,0.714692532534471,0.721838746967703,0.726883754802246,0.730000858229015,0.731297322616073,0.731019773914503,0.729476345698084,0.726965181390293,0.723726894867481,0.720088390991515,0.716352849390263,0.712730108792992,0.709296624753694,0.706009480150039,0.702967812084501,0.700157820626938,0.697471825758578,0.694742181260911,0.691741232649322,0.688196406607736,0.683874698537607,0.6784486036148,0.671582273362702,0.662989047093744,0.652572802624533,0.640550938953261,0.627318088938966,0.613405510535439,0.59947916604465,0.586238611774682,0.574229219919505,0.563632267002759,0.554184235612598,0.545427304792963,0.537037966175966,0.529219903487943,0.522829789083681,0.519186368645406,0.519278925864932,0.523086206453264,0.529535561626597,0.536995426588923,0.543898119132225,0.549100301846796,0.552134157749214,0.553071325248582,0.552308360742249,0.550302310676131
0.562634229028515,0.559793470865335,0.555636962965974,0.549649036476256,0.541311425677229,0.530331047913456,0.51699319051559,0.50261189503078,0.489892098431564,0.482652100894761,0.483516491182081,0.491588624936616,0.503365339425102,0.515128172196775,0.524318902408839,0.529791056926289,0.531200264056832,0.529206877403465,0.525348788813342,0.521888830320726,0.521177868530358,0.524716811000082,0.532238644768411,0.542022590871797,0.552019914434308,0.560272659444359,0.565366353298435,0.56657236761864,0.563471241426009,0.555899079828032,0.543996701039318,0.528299382635428,0.51000214596997,0.491399985292008,0.476218152680941,0.468714547733865,0.470747117767834,0.479773360632789,0.491145465395497,0.501224909314356,0.508210926159313,0.511701116839877,0.512169208464842,0.510623619469982,0.508381024674062,0.506889741613366,0.507539186798221,0.511540249872891,0.519552835088328,0.531418439410706,0.546369008403537,0.563353387114355,0.581355179524276,0.59945493986227,0.616799018169956,0.632733938162884,0.646934684041852,0.659108140486917,0.668867816572989,0.675886154578478,0.679961810936656,0.680940459873115,0.678616734589109,0.672878209599592,0.663693920432207,0.651159346129291,0.635381996858822,0.616480333410822,0.594625594686093,0.570125665931471,0.543815622652257,0.516999827114062,0.491449874011493,0.468760182533671,0.449187156162139,0.431009596409814,0.411400859659676,0.388526638903988,0.364237541272,0.346863490754049,0.345805034485566,0.359044415527498,0.380465684020236,0.405643017253421,0.430474801830029,0.4524335232793,0.470249638581733,0.483083644659159,0.490115073913096,0.490569595108291,0.483597576471056,0.468036689623358,0.442441276990963,0.405596580375871,0.360047565004304,0.311459747958534,0.332801587149166,0.373847181592822,0.414110982006107,0.451318478879739,0.478645704737801,0.496133201735657,0.504692909303284,0.505118246941633,0.498198175418741,0.484394124406323,0.46401969596208,0.437974005127739,0.408401931049643,0.380601420635819,0.359902063823811,0.340614516552669,0.308379872375639,0.257086299732573,0.269447503037155,0.317365234173813,0.334688742050945,0.320021695486462,0.270197840087672,0.283755403829241,0.340055288026929,0.401187985735574,0.457268581977357,0.504877370322201,0.544808834716255,0.57835150183529,0.606615841105753,0.630510398941264,0.650707450196007,0.667708448738989,0.681870347256807,0.693486490941638,0.702781720409636,0.709896539544398,0.71492621348775,0.718034111044229,0.719341635761334,0.719045317339081,0.717479351068667,0.714985286684411,0.711814984378602,0.708320392463526,0.7048466259827,0.701621294027387,0.698749373867014,0.69622278167997,0.694083717201013,0.692307225419817,0.690763560799708,0.68929739897056,0.687681926563416,0.685619293265273,0.682783776248549,0.678914233991639,0.673834372499641,0.667351260207657,0.659351691407857,0.649974174663907,0.639571895189783,0.628554726061066,0.617390581808335,0.606534625441522,0.596327722226925,0.586906714984065,0.578195123596803,0.570085686981408,0.562568474837479,0.555879577104687,0.55049785772878,0.547085685902971,0.546100169404774,0.547520703901854,0.550803543761722,0.555032865490557,0.55922857796204,0.562582815356202,0.564678544709999,0.565461651864612,0.565066775846571,0.563675293551578
0.571338664896591,0.569525927104443,0.566749989400563,0.562701422284215,0.557115342956878,0.549957197868097,0.541634937964713,0.533170800339331,0.526198075731687,0.522648090233149,0.523624273446319,0.528675470764935,0.536144776398344,0.54392507346205,0.550255839999585,0.55422575668795,0.555495229490522,0.554535965912241,0.552361717141841,0.550386263779638,0.549985823911812,0.552033895720435,0.556552940353576,0.562679470109769,0.569189226450017,0.574723010201969,0.578104898649107,0.578656386403399,0.57600445042254,0.57005372027643,0.561013250784888,0.549465781674683,0.536506632566407,0.523860187052141,0.513752482179935,0.508200182225289,0.507922068379917,0.511800755639488,0.517624976987957,0.523265068542474,0.527373508459078,0.529466950166306,0.529740179509658,0.528840806070769,0.527673465735324,0.527213798329596,0.528374306299714,0.531973541375203,0.538427312408697,0.547704899700828,0.559400422420232,0.572900927741813,0.587586603826411,0.602807371155186,0.617856133663397,0.632055203356077,0.645046397574058,0.656473528031572,0.665802729889603,0.672620447496471,0.676768107420017,0.678034269885631,0.67613922199194,0.670953626010876,0.662551045105785,0.651051407199662,0.636595381554956,0.61936741360846,0.599586745979485,0.577627302505288,0.554236024609664,0.530333127725924,0.506877787594715,0.484449103142763,0.462654021761985,0.439856372757118,0.41335995737366,0.380173525297634,0.339083880891413,0.30201058473725,0.302063223066396,0.322696309883817,0.35255185203753,0.387314886653826,0.419162094570839,0.445476850229489,0.465922559797482,0.480479249132206,0.488913452782769,0.490929523468679,0.486108038736933,0.473891139206828,0.453976931562151,0.427210707457496,0.397586107322618,0.376423207521176,0.381680268243668,0.405487210592368,0.433092761866066,0.458598837975258,0.478084793625386,0.49000539562323,0.494045407281891,0.490342095532774,0.479287085212796,0.461006827919168,0.43531110230277,0.401833927558821,0.360774577925195,0.321823799221294,0.311288042040611,0.320122013027069,0.321275251015223,0.316506433925005,0.325246547846347,0.342711705027437,0.347381324675748,0.329879585132911,0.293120445360718,0.270065557702747,0.302082483046588,0.382436072151028,0.444765760281117,0.494338715438908,0.534676430897672,0.567994723388562,0.595818551616063,0.619202252822379,0.638882465323925,0.655398835650298,0.669166600978302,0.680467538496631,0.689500405219235,0.696399968203716,0.701239777827679,0.704121094675575,0.705202302529915,0.704637090136178,0.702772971889812,0.699990325126105,0.696575225246313,0.692919448572618,0.689434850277185,0.686392341190174,0.683946109438447,0.682122120371501,0.680862165351305,0.680141610783374,0.679828001849144,0.67973910491584,0.679611419235717,0.67914291317616,0.67804005619756,0.676040477892434,0.672903521773462,0.668558617715234,0.66294378641777,0.656072088110449,0.648206090521922,0.639656154123781,0.630755109692404,0.621816777859201,0.613084232932427,0.604692785445739,0.59667780677545,0.589105035887366,0.582104043052226,0.575903064459648,0.570782825190707,0.567053310491157,0.564997444629083,0.56459708550478,0.565547457275121,0.567342613460587,0.5693940622866,0.571167711205763,0.572345346962941,0.572851301565988,0.572711188210496,0.571957304227132
0.574709735952976,0.574308394766219,0.573422864475403,0.571804775506306,0.569272423432703,0.565835200137449,0.561796998915703,0.557788557737046,0.554740591813958,0.553651554750222,0.555008808937898,0.558549774216666,0.5634473831155,0.56851659147411,0.572669791819269,0.575282570806049,0.576035111059412,0.575237201654587,0.573613985996557,0.572035652178137,0.57134560361693,0.572107312731227,0.57448117140105,0.578040433956353,0.582033150965988,0.585550863276168,0.587757695706656,0.587993635588425,0.585956336272813,0.581588173719531,0.575071176407197,0.56688152822724,0.557846392971215,0.549112390566845,0.541958647466366,0.537378767663412,0.535680867867101,0.536350645201137,0.538316175299722,0.540408356126626,0.541786762447548,0.542106331090238,0.541486458629421,0.54038359599643,0.539445507982783,0.53932897233777,0.540650113068826,0.543878116979845,0.549222539828786,0.556678482036544,0.566055605021432,0.576981552754467,0.589095820188765,0.602038022869947,0.615320828513065,0.628329913069341,0.640608722387391,0.651708200507988,0.660951948319239,0.667890562819521,0.672339993899175,0.674020132990207,0.672612303899371,0.667998672369741,0.660311875248235,0.649697517965811,0.636304075388569,0.620315370968079,0.601964303055743,0.581636061516891,0.559930426968706,0.537496731473287,0.514867608032545,0.492155694006108,0.468774320963016,0.443147640358218,0.412529111820514,0.372635112183954,0.316351608472705,0.227566226094856,0.247793933470313,0.265158870377668,0.310650924297201,0.362576683573554,0.403340694662065,0.434511857185848,0.458022159128885,0.475001160679503,0.485853438785779,0.490712176041668,0.489548624971342,0.482366422624815,0.469689145537221,0.453192905310973,0.436669598638547,0.426479453155305,0.42811732819368,0.439883913783621,0.455754142185053,0.470844307741518,0.481989774964063,0.487288310609342,0.485749840342862,0.477006332644286,0.461070987594527,0.437937152510983,0.407438737293128,0.368065752920966,0.313978103270879,0.236197655022263,0.251374635147259,0.308922823164319,0.339051529694131,0.354875196064024,0.366502105668059,0.374914477144501,0.374672490218149,0.362403002040572,0.341296208326672,0.32219469212794,0.338957617133273,0.394656306913177,0.447634967627151,0.492170972284766,0.529210805932898,0.560133253775378,0.586119020084529,0.608053992725003,0.626593981695565,0.642243192542787,0.655362325282506,0.666173198543228,0.674791611064495,0.681307677654432,0.685778811370548,0.688239438070726,0.688828039690848,0.687710551408167,0.685241148154833,0.681828353734455,0.677817186017472,0.673658273842756,0.669855428090075,0.666773939299008,0.664638155235079,0.66344732078641,0.663080795698851,0.66351277289191,0.664548502909145,0.6659521052902,0.667425197814085,0.668663623303087,0.669405481985113,0.669403236587182,0.668460666785019,0.666394751421857,0.663109528827432,0.658615521884217,0.653072135905702,0.646685095122905,0.639697376434741,0.632340693992545,0.624810718277681,0.617252509142779,0.609768263106451,0.602509662955286,0.595676830514182,0.58948654216412,0.58412663600345,0.579761490018544,0.576594667786607,0.57464863187943,0.573729010243782,0.57356272909449,0.573828197966645,0.57422205293145,0.574543830453087,0.574762553242239,0.574840481890759,0.574797908255268
0.572395822615332,0.57380729421274,0.575246127763189,0.576429058995909,0.577132448862333,0.577276899038251,0.576978069512269,0.576534910733502,0.576464189251635,0.577274876762934,0.579179328152037,0.582009867615362,0.585351094180062,0.588548677238127,0.591069837154627,0.592388173788599,0.592338910015391,0.591148129671382,0.589308383723911,0.587450168385001,0.586100124844342,0.58565639848171,0.586346016533803,0.587999618188756,0.590155707814806,0.592223066173302,0.593677643686424,0.593892718817748,0.592575353062811,0.589654148107135,0.585243644685211,0.579670990428515,0.573476698569664,0.567355929481337,0.561996521443549,0.557880158561023,0.555146314255472,0.553583560247356,0.552688767905474,0.551868554020164,0.550685277772619,0.548997883386448,0.546982381141508,0.545061748542517,0.543781329344049,0.543649751810873,0.545000980994828,0.548005093787399,0.552652175752231,0.558828304070728,0.566417053330288,0.575303893050583,0.585334124594529,0.596479761378575,0.608558208786719,0.621034387578372,0.633253188650526,0.644572880717082,0.654192149539996,0.661618093348336,0.666596720938078,0.668779493289868,0.66786658386878,0.663792490389387,0.656697046028873,0.646738295765321,0.634072939560993,0.618877950710592,0.601341248215374,0.581838457359701,0.560843424508141,0.538828034056669,0.516159765326836,0.492850681372365,0.468501866725023,0.442006146739702,0.411221741624138,0.372875807722089,0.323638779685027,0.270368906166069,0.241599021924369,0.219482040534779,0.277579869495791,0.340487609288836,0.386704310805798,0.420970808870196,0.446910832004042,0.4664733272119,0.480377881365317,0.488911513968038,0.492224555275235,0.490608667436862,0.484853743169869,0.476542669242034,0.468296201573172,0.463335005563203,0.463831386508888,0.469230451333643,0.476865317097411,0.483795256741912,0.487630822940942,0.486520380254366,0.479168941204198,0.464865536810943,0.443252402721804,0.414495889103329,0.379852653973609,0.340760943185389,0.295367132443432,0.244721747272136,0.26530274087348,0.322311601122434,0.360031817980562,0.383002503228674,0.397033314832441,0.404350519998127,0.404681801405373,0.398249835790575,0.388416159040565,0.383459464124961,0.395499450136771,0.425666239963211,0.461978488227801,0.496694492811779,0.527476748706758,0.55412364346059,0.577010315440223,0.596645163459131,0.613518553069358,0.627988783630884,0.640258315725743,0.650433109065154,0.658547431655672,0.664576605248636,0.668517756033851,0.67037237206176,0.670219900327567,0.668231716500152,0.664798517484615,0.66036388522862,0.655341004688975,0.650272376661363,0.645796494629936,0.642441203957128,0.640465008834673,0.639858015382064,0.640487964225194,0.642211747863425,0.644747930730992,0.647784538991471,0.651010393130788,0.654120462971291,0.656830925528243,0.65891498633666,0.660187143262413,0.660463072526553,0.659576235527327,0.657435165839831,0.654092253273236,0.649661876413957,0.644333860385447,0.638296944232545,0.631724248684161,0.624773354419961,0.617590395457044,0.610372701762216,0.603369386411968,0.596784848681763,0.59081031253036,0.585583014172395,0.581237114265137,0.577837090587395,0.575292773928841,0.573436380980263,0.572130331428688,0.571238669603618,0.570684208249881,0.57055197530898,0.570905465401407,0.571786835663357
0.564009225581777,0.567690283880074,0.571924479173719,0.576283071295302,0.580406153113631,0.584059359244324,0.587157951297255,0.589777943910799,0.592187373689863,0.594628242814243,0.597184298052056,0.599742737723625,0.602110586730314,0.604009658372765,0.605195209864151,0.605260034466787,0.604196332383327,0.602208025036538,0.599648937639156,0.596996788682181,0.594688503098798,0.593021504738174,0.592244456436735,0.592379317540793,0.593146881135969,0.594214462559609,0.595225075643626,0.595703957001407,0.595245853556996,0.593722668677176,0.591134827068934,0.587626538027549,0.58348327585921,0.579076696406869,0.574765050927674,0.570767419364185,0.567153061690178,0.563850758742864,0.560646111980823,0.557285684984797,0.55361660569071,0.549698565895082,0.545847292107345,0.542608735015658,0.540618518547749,0.540308526312567,0.541798565521992,0.5449341777805,0.54938248030526,0.554779521985656,0.560965475595372,0.567990126122756,0.576093609522143,0.585702710259813,0.597073966945366,0.609781639155923,0.622777780048208,0.635004699775564,0.64555262212165,0.653850645594994,0.659553876717794,0.662277366676238,0.66183749254139,0.65822661455033,0.651552494132083,0.641988695000596,0.629716327695205,0.614869008029483,0.59760666596155,0.578248532580273,0.557152561681726,0.53467067468852,0.511147708831315,0.48678507183244,0.461687693771668,0.435596957430389,0.4074496635906,0.375204642171908,0.336628106601603,0.290320391311054,0.231136299174387,0.191188084083121,0.260302573177589,0.32473021100058,0.370622882356914,0.404818324350701,0.432029828595635,0.454267158142955,0.4718620774964,0.484753996620282,0.492967667807951,0.496806138714251,0.497003091018236,0.494787615907334,0.491838052956818,0.489886540652345,0.489975820248311,0.49185065008771,0.494169720514233,0.495222077596854,0.493271096270601,0.486673069525006,0.474000575054655,0.45411897153251,0.425996118573914,0.389331845674869,0.346964985004829,0.308743211275529,0.288392834249346,0.289360031263618,0.314088863990523,0.351087226700108,0.383312303543856,0.406267212942391,0.421002001853637,0.429035403379572,0.431457799048474,0.429731760055452,0.426829564831504,0.427569518220411,0.436747337899591,0.455109994801457,0.478806772730384,0.503630725773674,0.527169271568022,0.548497105203407,0.567457367693769,0.58423520598232,0.599095207011029,0.612194286386071,0.623551080753627,0.633075861669034,0.640648587294763,0.646153098072214,0.649478000970501,0.650557884364423,0.649420374009978,0.646246045075264,0.641430539908617,0.635498232683315,0.628948143878203,0.622457781791882,0.616893689817914,0.612938025557483,0.610943674584583,0.610948878106803,0.612740442265649,0.615961593462492,0.6202178515818,0.625106371351242,0.630277895511495,0.635427521468901,0.640269181190901,0.64457219247601,0.648124348705295,0.650717368583184,0.652148758687836,0.652271892751713,0.651022779673595,0.648481455438756,0.644698410901123,0.639809744225693,0.633984800027802,0.627402100421527,0.620251794089767,0.612767732004486,0.605232241837391,0.597889136388066,0.590987320017412,0.58468605472065,0.579083742053813,0.574249735456183,0.570147377381892,0.566664163363062,0.563762649395202,0.561505349245384,0.560031976469692,0.559606838348038,0.560426406095557,0.5625218988599
0.549143395246659,0.555646968040863,0.563258311443637,0.571258369995546,0.579068544443767,0.586269552031288,0.592603834277669,0.598031377185867,0.602658531667917,0.606587917066094,0.609848109883134,0.612365444384042,0.614116705907214,0.615058794975536,0.615022990809041,0.613843712315369,0.611586851781521,0.608466615488796,0.604780991827728,0.600932323739022,0.597350068714073,0.594334108993084,0.592141329946786,0.590930977370972,0.590600894395422,0.591010341188478,0.591880496263721,0.592861385427249,0.593450111520062,0.593353539335689,0.592433506313984,0.590659905398232,0.588103591712258,0.584897029277246,0.581176531243956,0.577013252340233,0.572474895251894,0.56759689609943,0.562328797767614,0.556597499949059,0.550401459191514,0.543956813891689,0.53777497917785,0.532713511279954,0.529666056529984,0.529202920213793,0.531259039508836,0.535219088315177,0.540183135031843,0.545401006936674,0.550501489228894,0.555603809804151,0.561461536879304,0.569407068192463,0.58056579656084,0.594558104888659,0.609467468522322,0.623450757875203,0.635470048089519,0.644940506820926,0.651454748400866,0.654682183623234,0.654619798436489,0.651320557283568,0.64487482418721,0.635467832620205,0.623253992588843,0.608347790076785,0.590909044666412,0.571123877735124,0.549224882293193,0.525436148442296,0.50010589208295,0.473720347093268,0.447124682223863,0.421365282631832,0.396808448928487,0.371921068785098,0.342738289322906,0.302195318126672,0.236225822861845,0.1743975919916,0.258187797990218,0.315354867115329,0.353367871728418,0.383789066478767,0.411635178829016,0.437430229900226,0.459855648783378,0.4778910848671,0.491252332865386,0.500168404228499,0.505294789745546,0.507595883502134,0.508207502577469,0.508192407742332,0.508162370652978,0.508016483373208,0.507026094802513,0.504120844485302,0.498025385897239,0.487314803082275,0.470535680106471,0.446056405748387,0.411721371790504,0.364945778916891,0.304068837736322,0.244757631993332,0.254866959447383,0.299706807351565,0.340301377751477,0.375471339658435,0.404139916425201,0.425446346194698,0.439828865026763,0.448445641011842,0.452594965558482,0.453907852893445,0.454645406102587,0.45750380025207,0.464694601359044,0.47669762122645,0.492113395753978,0.508957915256751,0.525678383679046,0.54147319333753,0.556148559315037,0.569805642530636,0.582535155283809,0.594293809294917,0.60485300168304,0.613880683706449,0.621036018077176,0.626047075193265,0.628719490119125,0.628909071365991,0.626578069943003,0.621891766792745,0.615245126426735,0.607221586502442,0.59847132570853,0.589902545255203,0.582650893708656,0.577644508993345,0.575453488118073,0.576160992043406,0.579384192820635,0.584455715604851,0.590777907873773,0.597797590897138,0.605143910751252,0.612523899108949,0.619692607238273,0.626388357987153,0.632342120016781,0.63729858774138,0.64101331300609,0.643278238838289,0.643967286588478,0.643083019641776,0.640657590235409,0.636734476008598,0.631460845076509,0.625024215446298,0.617639479236972,0.609549249702032,0.601113354010813,0.592675956247224,0.584544338217003,0.576929968540198,0.569930020182735,0.563595703419528,0.55790995728681,0.552794167484771,0.548250860682452,0.544521399587511,0.542029808001486,0.54132193398416,0.542798814998971,0.546520553669072
0.527271818699417,0.537452856370526,0.549217402880824,0.561494310549508,0.573380181879683,0.584271079401472,0.593814848497384,0.60192151525871,0.608610999261706,0.613928683654749,0.617892437105293,0.620492993224091,0.621813393726302,0.621935789675902,0.620734167987385,0.618250691598156,0.614625615211098,0.610054095049901,0.604858070556887,0.599421537975121,0.594192115111502,0.589571290672077,0.585862400416218,0.583320140819438,0.582068521906239,0.582103238873152,0.583160728542395,0.584889424023599,0.586790501693615,0.588276210423255,0.589030323024148,0.58884529335937,0.587611526959975,0.585293568916181,0.581890094061064,0.577393938503358,0.571894943207003,0.565476250050098,0.558179848935918,0.550038534492421,0.541145790332341,0.531780623103175,0.522638959113212,0.514963318015701,0.510364992126929,0.509982747085538,0.513555621017659,0.51954168193803,0.526133376176208,0.532020696730919,0.536476228264854,0.539485793459295,0.542131807832801,0.547370583836221,0.558889122398059,0.576009237611124,0.594379493115955,0.610986256572833,0.624833646272519,0.635538086007893,0.642773355823479,0.646396591075326,0.646537067493509,0.643348053828551,0.636941115080396,0.627438554599975,0.614989433286991,0.599698036558682,0.581690432877954,0.561032837251889,0.537769221423288,0.511933495637065,0.483703386313623,0.453624293691577,0.423271975445991,0.395778365683778,0.374574463011643,0.359235496801703,0.34388362523443,0.321702686241679,0.292339272958321,0.275687350488754,0.289231829904488,0.309981579891593,0.328760289159344,0.352185661140217,0.382667256248653,0.415182968361584,0.444609324863382,0.468755103895755,0.487327908332076,0.500759139111309,0.509825141818631,0.515420091580893,0.518450395412435,0.519706773903925,0.519661395657601,0.518362158361624,0.515394888901504,0.510070371032016,0.501428694171726,0.488291660690066,0.469297196686613,0.442629088127488,0.405650264760112,0.354300674383957,0.279910646048754,0.153902725078007,0.226376398634224,0.307399576419104,0.357885879542261,0.393940395470263,0.420778916796047,0.44032869292488,0.453739846340093,0.462244445820135,0.467173894630422,0.470024150701613,0.472425590119793,0.475920376349876,0.48156900513415,0.489615417646362,0.499455001394259,0.510179957177658,0.52095695324848,0.531436545116948,0.541736762934651,0.552172155429153,0.562896926289751,0.573635923174856,0.583786593515623,0.592659278351138,0.599666582587808,0.604360711501914,0.60642294783411,0.605658390094164,0.601992257363583,0.595492673416349,0.58652249116065,0.575708231885179,0.563864636133206,0.552276656917996,0.542428791141281,0.535720195895529,0.533099444871022,0.534725021800214,0.539902104181115,0.547445352369111,0.55630193743474,0.565778614729318,0.575532428914114,0.585373484817962,0.595103115250106,0.604423007863519,0.612972437410884,0.620412051247223,0.626441056068838,0.630798586372412,0.633300487436195,0.633877412320467,0.632559266649604,0.629358930102004,0.624350109789955,0.617718872648709,0.609700947149843,0.600619026294754,0.590910415924457,0.581012251498805,0.571313580089236,0.56212923179512,0.553609297121222,0.545768566983445,0.538530229902411,0.531755346686204,0.525420839151422,0.519901816537135,0.516045556452644,0.514877952455689,0.517195717732143,0.523118735272107
0.497801595782805,0.513037456413068,0.530131503587807,0.547499624218083,0.563953497978992,0.578731952886242,0.591508735500813,0.602195953129998,0.610809643331623,0.617400291307832,0.622017183932227,0.624752897111979,0.625714203409453,0.625008453583374,0.622641670163589,0.618764457153043,0.613542307169004,0.60720265238942,0.60007926981637,0.592601493398109,0.585259822644846,0.578605259846189,0.573080252919591,0.569079324676122,0.566998312944688,0.566912231323881,0.5685567971415,0.57145362554067,0.574996138057183,0.57838389753967,0.580984466909041,0.582411929369912,0.58240453899972,0.580804806350195,0.577524187247071,0.572556389164808,0.566021678681642,0.558045577470625,0.548733675895565,0.538166550740962,0.526421120573671,0.513729605672316,0.500741005886716,0.48903760302149,0.481788314541335,0.482035319234863,0.489032747291826,0.499035780311493,0.50883110028307,0.516599273934607,0.521348825875974,0.522637817221079,0.520827502343959,0.519806310457947,0.532752087599703,0.556902925599635,0.580138751329768,0.599570335723071,0.615005970696608,0.626557342272332,0.634163555918672,0.637893278067952,0.637969910265364,0.63461407195963,0.627963448329288,0.618105807474564,0.605145599853846,0.589193760513694,0.57030910256518,0.548485044003146,0.523548731262674,0.495244528647454,0.463272444543101,0.427503422122211,0.389124388700228,0.353859824011945,0.334011261177132,0.33343225354862,0.338052126614938,0.336559287729015,0.327972043171959,0.317513338493497,0.307566661512656,0.294236465105874,0.283113764319698,0.299387059577614,0.342950476992431,0.389314345868601,0.428395237447818,0.459046820894182,0.482267407634585,0.499254868702965,0.511146242186079,0.518924743281573,0.523447204343535,0.525424371918892,0.52534601745777,0.523350819042483,0.519274038854965,0.512700256381218,0.502930419463933,0.489113182486072,0.470167453547326,0.444631338673318,0.410815823154729,0.3672492248143,0.315136452968134,0.274514401804014,0.290615626862665,0.337188542856655,0.378646856038247,0.41045540587394,0.43409263779191,0.451106514720867,0.462745375489,0.470215455261773,0.474877737792122,0.478096398146368,0.481044910123957,0.48455390691399,0.489015854837267,0.494390346553846,0.500286466893023,0.506228840821937,0.511850998575841,0.517237617880331,0.522995481949503,0.530101859099911,0.539158570579297,0.54960735275674,0.560093712242909,0.569377963302677,0.576616860098913,0.581250071670173,0.582881261257719,0.581251846689579,0.576187830184763,0.567649066440085,0.555878302668977,0.541457185572172,0.525382954919933,0.509335225666261,0.495470285878974,0.485958419820954,0.482519928268015,0.485590749508514,0.493826541698437,0.50486350177191,0.5168480054177,0.529056302929395,0.541393476600971,0.553936858357243,0.566540279462027,0.578812095001457,0.590249533498817,0.600374151482112,0.608811175293987,0.615260322795511,0.619499895905307,0.621392381202155,0.620942955047114,0.618180201238496,0.613135530603215,0.605960577295752,0.596938996542364,0.586439821304954,0.574967197505511,0.563098884025105,0.551371406652091,0.540255610101691,0.530039138862836,0.520740088835621,0.51210934389489,0.503725340271686,0.495317189336195,0.487328218253922,0.481223662144054,0.479045641612731,0.482396617850018,0.491469541790045
0.460271023262682,0.482823566254189,0.506950226926102,0.530405967971822,0.551875330512561,0.570688497146668,0.586636902640502,0.599735733272336,0.610077135467522,0.617767377022244,0.622955344030552,0.625770183726726,0.626349886839092,0.624776233117699,0.621197093936522,0.615796644949862,0.608735368256162,0.600266965985181,0.590757717176463,0.580667255711699,0.570582557202142,0.561230809920216,0.553314668814194,0.547563077211802,0.544636197984133,0.544722314056674,0.547511566579272,0.55223750821584,0.557976092349286,0.563756517997966,0.56856308216783,0.571782378887672,0.57302794825504,0.572067733484147,0.56877234138076,0.563188077882281,0.555474723155992,0.545836533166691,0.534477078848076,0.521537727984831,0.507082168346526,0.491126421375859,0.473723028650476,0.455801754744373,0.442626433014916,0.444775433955926,0.459215899573811,0.47592565693898,0.490528287145649,0.501563151555261,0.508318339690645,0.510259363640064,0.506883084284464,0.497817465905358,0.513982494266773,0.545355696047655,0.571015491671893,0.591502604167504,0.607325952320941,0.618843977924243,0.626214155278144,0.629639993505593,0.629317550667035,0.625463403875334,0.618246566207732,0.607766145741586,0.594048194996218,0.577191636737152,0.557245031569972,0.534132430806582,0.507567993899955,0.477026510924929,0.441653148997038,0.399855338322616,0.349311099757817,0.291094857749126,0.262216794295644,0.29506006473891,0.327304040219921,0.343481664992221,0.345710721324833,0.336282124677882,0.31361853883433,0.270123024551111,0.195727285527365,0.211633700040618,0.302988484256977,0.368800667626546,0.416531119347475,0.451736491357635,0.477744812843725,0.496650367210755,0.509929275730207,0.518676850587235,0.523748721089608,0.525864555613434,0.525547016078396,0.523028052234649,0.518373534321337,0.511408451068564,0.501732600067285,0.488800065317508,0.471882484139145,0.450173817737435,0.423209965187968,0.39157702038553,0.359111850873993,0.337599994576928,0.346466477154052,0.37339820470079,0.401933369992441,0.426150677879352,0.444767179650183,0.458085010547586,0.466895328911672,0.472247390530413,0.475581575769558,0.478288728949159,0.48124518136721,0.484677551270081,0.488388072949837,0.491996686174276,0.495031346427009,0.497141206105688,0.498203080222703,0.49850460045617,0.499085943865721,0.502295736096334,0.510366840578062,0.52195759410243,0.533916847143882,0.544276463073223,0.552130699561163,0.556996769215169,0.558505602661102,0.556287099286021,0.550002100370814,0.539399863286312,0.524490036468254,0.50567197876219,0.48390439416897,0.46128406211876,0.441047390277103,0.426686644497812,0.421505247185009,0.427357001702744,0.44113231622784,0.457340669929061,0.472956274153741,0.487772188384028,0.502642238608976,0.518143486905248,0.534104237717905,0.549842447583355,0.5645811128869,0.577673643619837,0.588662220209597,0.597233477978991,0.603150776460426,0.60626044977812,0.606487169758774,0.603887694080658,0.598519782436282,0.590479897188988,0.580019358502022,0.567559704497058,0.553683133859026,0.539148577638588,0.524731625315256,0.511157646252804,0.498995802643403,0.488406188707303,0.478882462811558,0.469303833163804,0.458584969256094,0.446851456499821,0.436474556186595,0.431829879363351,0.436520513040395,0.450588869605559
0.415070473215002,0.448593963415213,0.481858184276046,0.512265155377163,0.538885655287144,0.561561022158053,0.580373944974766,0.595539843567272,0.607288317602523,0.615840432723361,0.621428815499986,0.624234028544696,0.624318820901392,0.621824120407829,0.61697659485323,0.60990762242823,0.600780702346049,0.58983054828839,0.577400928741189,0.563991073945063,0.550294764622031,0.53720592259384,0.525944610901936,0.51782437620687,0.513904398246445,0.514592804217081,0.51937973421447,0.527004586935335,0.535921776339754,0.544762921069702,0.552311401108725,0.557634644395258,0.560250844546353,0.559901800598444,0.556480558828979,0.550085432119267,0.540945721010435,0.529397414157896,0.515831970438995,0.500607424253468,0.483939370299002,0.465698415519514,0.445402914406642,0.422398284380767,0.397943239863999,0.402571406148877,0.430250303018044,0.454180955612043,0.473831474658977,0.489016614888616,0.499625361065104,0.505795375029169,0.508564164501191,0.512161837867906,0.52570961302104,0.547701151116116,0.569505014775848,0.588030872519566,0.602555612440153,0.612987122174669,0.619432959889398,0.622049883102685,0.620951710308091,0.61627082723699,0.608177576897561,0.596739273928584,0.582026109384116,0.564064766691862,0.54291790764717,0.518500338265695,0.490569278778531,0.458681235151462,0.422021076193091,0.378751051241978,0.324557672316772,0.249163140271963,0.192228956070172,0.277121690295722,0.325423335137973,0.349990852777414,0.357523894800886,0.350281016099405,0.326882965870737,0.282081589073076,0.213885563243992,0.224730754447242,0.305830719496726,0.368704537695115,0.415109723068889,0.449564331801952,0.47510472770067,0.493698017389209,0.506712721342162,0.51515423626247,0.519815257503444,0.521393112492255,0.520428269925567,0.517307943871197,0.512296595795377,0.505458052326386,0.496712521480266,0.485763832623758,0.472183288570322,0.455663340118018,0.436303392926903,0.415011607115692,0.394288495198061,0.379690723880786,0.386668441807616,0.40428033728027,0.423053340542958,0.439666371787231,0.452587263118391,0.461412338570194,0.466393770156104,0.46840468219668,0.469197628076327,0.470730349031005,0.473733659907002,0.477514699528365,0.481120361622062,0.483773942596561,0.484788587473356,0.483834896370494,0.48095380224571,0.476387694454936,0.47067725378939,0.467412829637227,0.47638259912301,0.491907276349876,0.506267633794792,0.517925540179729,0.526576665056684,0.531993326357519,0.533808203901749,0.531520494135207,0.524544612742112,0.512314686743192,0.494440425078856,0.470842370832742,0.441948295094007,0.409715737125423,0.379411772367197,0.356564413666641,0.346038027069663,0.358592933390082,0.384073076675684,0.407573560345965,0.426106333214707,0.442165887023685,0.458988631684766,0.477880052536836,0.498099996417634,0.518124871234595,0.536701811143041,0.553059747216833,0.566738635188473,0.577453588572588,0.585000800879903,0.589236720522999,0.590062502618851,0.587456630743898,0.581477071870736,0.572214489473217,0.559845628202976,0.544776426624445,0.52768549168647,0.509555032757841,0.491497179742525,0.474603279291495,0.45994828726478,0.44834609353396,0.439255020468778,0.430063354623629,0.417542730009152,0.400169872601671,0.380853018875169,0.369653891855736,0.376608856481991,0.399797546699733
0.36613213855058,0.415530982906028,0.459230542364728,0.496322447081671,0.527367687326484,0.55307258875061,0.574023655534656,0.590651601481704,0.603329886249985,0.612412731848632,0.618170162267139,0.620776205732985,0.620273508268479,0.616834161327118,0.610659357405255,0.601839523130565,0.590482397607451,0.576755327534115,0.560901233568058,0.543355515980479,0.524828662401456,0.506485787467289,0.490222664258889,0.478406226807672,0.473113501856942,0.475157435819908,0.483489177406739,0.495771691944489,0.509398290277797,0.522337419991588,0.533213148235748,0.541011290890341,0.545163386478572,0.545427773494452,0.541759972760984,0.534291344991936,0.52331812684293,0.509343866360054,0.493099828456437,0.47545059631484,0.457025945008795,0.437972372577765,0.418281068300442,0.398723117692038,0.383867402121874,0.388273354407493,0.411418961047005,0.437074029207053,0.460294067973854,0.479715109763755,0.495061963977884,0.506801105497866,0.516368576347442,0.526445099621933,0.539810783652475,0.556255253762942,0.573180981639539,0.588321147705787,0.600460397896127,0.609071813390228,0.614027018942445,0.615375908061888,0.613148514890145,0.607373966180233,0.598097734239616,0.585422103679035,0.569413856914281,0.550154496783223,0.527633108018626,0.501805439351351,0.472596135159773,0.439972714199154,0.404103582653958,0.36559549505631,0.325694573349648,0.290104291482276,0.281124188973945,0.308048851011572,0.339691471756652,0.360954251442362,0.370011683910279,0.36725580290958,0.35320502910313,0.33043894325981,0.310663251761287,0.316923114185725,0.350132198056239,0.389644825146595,0.42470701122665,0.452926492849314,0.47461560037895,0.490597298702726,0.501674146867981,0.508547776504282,0.511845410815641,0.512155811106047,0.510022747096316,0.50597474559965,0.500465192200103,0.493878940899899,0.486417389132106,0.478012108277031,0.46844030684833,0.457519494250197,0.445359162813662,0.432849226921566,0.421965488274925,0.416288297581029,0.419075301648014,0.428175714305254,0.439220323144207,0.44938192044678,0.457066215039804,0.461421387073607,0.462086066515766,0.459451107996751,0.455802185404732,0.455641476541815,0.45985629724215,0.464947641422758,0.469186935140322,0.471713216205408,0.471348339698338,0.467819112659821,0.461779861286751,0.454119742124582,0.444796617178041,0.43357837367458,0.446007154869035,0.464103757369487,0.478945591812657,0.490929639670061,0.500196235353203,0.506507500059314,0.509303044470812,0.507818759729457,0.501182270075716,0.488461322779888,0.468829494973063,0.441449454780093,0.405655276946967,0.362125110472598,0.317874600697912,0.283170363427819,0.249434997125812,0.286768605134564,0.333749609050162,0.362803580595095,0.379341959415339,0.39221975032322,0.409684179994352,0.433289152564879,0.459614611468111,0.485034735571856,0.507887738903866,0.527629708196709,0.544023079837782,0.556882482614424,0.566044058087702,0.571357729286534,0.572715058352549,0.570026442130683,0.563275511382909,0.552489900050848,0.537779038440847,0.519434806448521,0.498145979823507,0.475156501123478,0.452140083218505,0.430585373537778,0.411989715951604,0.399331319361691,0.393867121222008,0.389545395660112,0.378317990268872,0.354979504936743,0.317908696719339,0.28512329073871,0.299639150929002,0.341110431313747
0.331026372233015,0.395389997314495,0.445894270304017,0.486617419673233,0.519833897535601,0.546929748926387,0.568795845470218,0.586009318903868,0.599012785703191,0.608198505394153,0.613846244533643,0.616027195875394,0.614879034874765,0.610514249110015,0.603033515823921,0.592497158541429,0.578912309643701,0.562292901737253,0.542696020176847,0.520277162327501,0.495528646663802,0.469744258311959,0.445489495892222,0.427059674226084,0.419309128346363,0.424329574056787,0.439404637421729,0.459364272156743,0.479865600167555,0.498194306966301,0.512989149879928,0.523476491483182,0.52927154655625,0.53015790354384,0.526133783735931,0.517312658051663,0.503965963836531,0.486694519390778,0.466676546881554,0.445677757991213,0.425260697754773,0.405920636058873,0.387943002379337,0.37322485150608,0.366284174927162,0.373526888981466,0.395136743766903,0.422594435965817,0.449496635139761,0.473243746983352,0.493217726426739,0.509805684158642,0.52404623964054,0.537367221787418,0.550960694176599,0.564948971289342,0.578532018865057,0.590599532144942,0.600203934516915,0.60672094048987,0.609936295582022,0.609745527365133,0.60613084083336,0.599030923674264,0.58838777126576,0.574248695031016,0.556718931084416,0.53585633550335,0.511678715990791,0.484144726683461,0.45324285537019,0.419085609223624,0.382723251385602,0.347871403223263,0.321770826024318,0.31095122057819,0.316769019913625,0.33465800692763,0.355534346725427,0.372381585643618,0.382396706604337,0.385089101395245,0.381454942982022,0.374681872726868,0.370956402911778,0.377033194743624,0.39391874880396,0.416489086914832,0.439256110551606,0.459122558830942,0.474983915559551,0.486715789359445,0.494520850412596,0.498744530436901,0.499757689159082,0.497985343978631,0.493963825582325,0.488335417139954,0.481856472973752,0.475280371512408,0.469116601974732,0.463519404139425,0.458234746705055,0.452848388187038,0.447256509826361,0.441862666456288,0.437652027062981,0.43604199330368,0.437939576327621,0.442663296732801,0.448549392914623,0.454034396507804,0.457884724975986,0.459021291862414,0.456429477457817,0.449163957851593,0.437360669356593,0.434733837999015,0.444654684657043,0.451120459922942,0.45581197223933,0.459196836301743,0.457484947010313,0.450967709575517,0.441519300561146,0.433002991036559,0.427510166309434,0.42545217038267,0.430648960642723,0.440947026018761,0.452106520832968,0.462828279691578,0.472562905329643,0.480460615537955,0.485378616284407,0.486073621179083,0.481356716195038,0.470103439231976,0.451258654956141,0.423495585440453,0.385252253699951,0.335884409234003,0.286118351995645,0.249236221554111,0.232276300331583,0.269991374002301,0.312413608308729,0.335483096875028,0.339642263342625,0.338420099745406,0.354394139470897,0.387012900058089,0.42241853164379,0.453480849840139,0.480143993513987,0.502910607094203,0.521845754838346,0.536772840113729,0.547494503301948,0.553846084343448,0.555702500382957,0.552948127534174,0.545464837989841,0.53316333957785,0.515961278675881,0.493868402272887,0.46729314446298,0.437666769279391,0.40809682381118,0.381236445751871,0.355784655496636,0.338078245967793,0.34509555416151,0.355066751198101,0.35177265417545,0.330636070397169,0.28737005914656,0.229643316734351,0.214795271993185,0.291580616166965
0.346423975477124,0.400955885653069,0.447294099885499,0.485901055572506,0.517890241067924,0.544193162992415,0.565489899447346,0.582265459187445,0.594922412364322,0.60378274508119,0.608940255803825,0.610553650774744,0.60874896837001,0.603549345039867,0.594932673443444,0.582904677072961,0.567367126744891,0.548132986882068,0.524928567173078,0.497465161098864,0.465641942534496,0.429932711608185,0.392574593969516,0.360359422367267,0.346505931672414,0.359082113082355,0.388265467863108,0.42092542430372,0.450640300906681,0.475253369882841,0.494156422891914,0.507289570385365,0.514564874384352,0.516024791564348,0.51165923238027,0.501443330373976,0.485418791007829,0.46387394027117,0.438019559064477,0.411122330836605,0.387634839146371,0.367386362700579,0.348587101070212,0.334689611915108,0.33063482319573,0.341098579782193,0.373316430175689,0.408558093593219,0.441104696130672,0.469430364712608,0.493411886834171,0.513593989063571,0.530817707815897,0.545932332900084,0.559684996713959,0.572376636046791,0.583829285061292,0.59357048674047,0.600936709915805,0.605485456344113,0.606951213927092,0.60520213617706,0.600101882258748,0.591554496733348,0.579497008155668,0.563848542285637,0.544611805425373,0.521839268156838,0.495611232787606,0.466064268046695,0.433033256784194,0.395883446516589,0.354109584151877,0.311464853301242,0.287994754766886,0.29809218592127,0.319794372559481,0.341846300134618,0.361653519156848,0.378145050426191,0.390766640349649,0.399149810874886,0.403709583952492,0.406162966061361,0.409252939061968,0.415549317137492,0.425848766814106,0.438833170174101,0.452306152232995,0.46441298499774,0.474044970540689,0.480783486442227,0.48452369546393,0.485319897799548,0.483290660091468,0.478648094415889,0.47182690517591,0.463599749732844,0.455092631287651,0.447658118374342,0.442475874149654,0.439915434480535,0.439360428925745,0.439791872624344,0.440385865027978,0.440859159860976,0.441401730394421,0.44247502639503,0.444415526359755,0.447067955094095,0.449966845670101,0.452686312579186,0.45471235262459,0.455161765159743,0.452847949414109,0.44667996519913,0.437248962650957,0.434362332322632,0.442469726701276,0.447604097166553,0.450649992182477,0.451784926563001,0.447124578978196,0.436634211166061,0.421141071175566,0.410001952599286,0.410984367158673,0.411204714355609,0.41246010700408,0.416044735509096,0.422327485165337,0.431375950540624,0.442397460341976,0.453522535022767,0.462444226970844,0.467193822957022,0.46633828989573,0.458920010744447,0.444179270893125,0.421291099268064,0.389727326196573,0.35139707376911,0.320729480643491,0.298773818826896,0.285000922582744,0.29697605892309,0.324488307848249,0.33732338693673,0.333877498485202,0.320038488680412,0.307709854086117,0.357144821420838,0.396005647776297,0.427773689128073,0.4557540822184,0.480604115607258,0.501742426275678,0.518576872452022,0.5307562273099,0.538092191992205,0.54047364071087,0.537793901441095,0.529890859792331,0.516524363004641,0.497369053773218,0.471988119395133,0.439887360246709,0.40127255493535,0.361327789913915,0.335364817653101,0.313057439038113,0.280131820830528,0.315862087097021,0.340058612559187,0.346215149992044,0.336715713844132,0.314702785049269,0.288606519700702,0.278064567237278,0.317663402194052
0.389813620481174,0.425526331767658,0.461024012226737,0.493223980740132,0.52119715261913,0.54481570488295,0.564209572871691,0.579640792205724,0.59136062911612,0.599367710334657,0.603799517051413,0.604778797204274,0.602359143346572,0.596502146209565,0.587109609630237,0.574066640010901,0.557211725037453,0.536161514856906,0.51037910715968,0.479135941826003,0.441401297426791,0.395729868742082,0.340427860494535,0.276904059573917,0.238191496665711,0.279527639684875,0.339212638099436,0.388952751925627,0.427957263399442,0.457851086681747,0.479944909326822,0.495017721586315,0.503403461229514,0.505326981053951,0.50085853602838,0.489860910459376,0.471963815545983,0.446663319880656,0.413395455312554,0.374668650698776,0.348513790040022,0.328235049348608,0.300882465840224,0.279555227912596,0.284498930195557,0.310800274361263,0.355142875692983,0.399419025169725,0.43754129601132,0.469531072456343,0.496249248934255,0.518593684531577,0.537384391329907,0.553312923714541,0.566939661849472,0.578700523496205,0.588673560189531,0.596604384164306,0.60216064808515,0.605010358619382,0.604928579623359,0.601732928141035,0.595287143342386,0.585458900118365,0.572093918068206,0.555036313483367,0.534095273915399,0.509189370710871,0.480569952025957,0.448830052397228,0.414459785496037,0.376138446406689,0.329643997220716,0.267995983768652,0.214630306984178,0.270107796039859,0.307648591897895,0.335534457832907,0.356839088075435,0.375423860479957,0.39281053500964,0.407502402823802,0.418607005164644,0.426756370568482,0.433316937179396,0.43962317488611,0.446415699901568,0.453556539123591,0.460344446312836,0.465965170629654,0.469758897729519,0.471395491384067,0.470743922126422,0.467707460442472,0.462183009306836,0.45405450616774,0.443488993828736,0.431125990672068,0.418517469410472,0.408303686829204,0.403288654263406,0.404453014453455,0.410119812837422,0.417492416564109,0.424552889553553,0.430435168029748,0.434975529236033,0.438310831583507,0.440635577366774,0.442161444418994,0.443191880369995,0.444457181686052,0.446661061090426,0.449436333126161,0.451328347084904,0.451371703257208,0.450389331417542,0.450961855281899,0.453618794152922,0.455698461053111,0.4554235041092,0.451633086698191,0.443065560709446,0.429704948870438,0.414021712579808,0.403075440748294,0.398891687866786,0.394511405265741,0.389110023359857,0.38502832700114,0.385497778894826,0.393567672527827,0.408461406122477,0.42609762317742,0.441742225658901,0.452488316145216,0.457128059242502,0.455318206954341,0.447017815749825,0.432524899587056,0.413063670874735,0.391752676860004,0.372888269548216,0.358476278491123,0.349869717590867,0.35175595536206,0.360311030437236,0.364613452897962,0.361450257210907,0.354153691778479,0.353032912565909,0.366507516691043,0.386303657800208,0.408945013266339,0.435667384987128,0.462346147102479,0.485539273715006,0.504030300899032,0.517436461652556,0.525635858827279,0.52857409997825,0.526191663815837,0.518356035685857,0.504822298481689,0.485202962827759,0.458896332297104,0.424989140693998,0.382010723212638,0.328432794127385,0.315936419726698,0.318991879273491,0.320845751556821,0.33364159733149,0.348916929437268,0.357346230596208,0.357587643134374,0.352317226688312,0.347531730209058,0.352492604441277,0.374022001851275
0.427928254505469,0.452939482680041,0.4792951270108,0.504662016007303,0.527678224364335,0.547669886407118,0.564431961239582,0.577939834266655,0.588105948561634,0.594961090231158,0.598535948305756,0.598879587362314,0.595969919130405,0.589735120921257,0.580047763551175,0.566707971848581,0.549473459759143,0.527999312149358,0.501719191371886,0.469778109355333,0.430860497846763,0.382808924628446,0.321667873228364,0.238935079443754,0.1490723719456,0.24543950190406,0.32275607267477,0.378175046306478,0.419594438243624,0.450701174367218,0.473451576215319,0.488979596863912,0.497820700454122,0.500176218315153,0.496149539572696,0.485650958875706,0.468403074407141,0.443923360059711,0.411767441457419,0.375092706138971,0.348580064621099,0.320510408461541,0.278494588241135,0.2546938453507,0.252953226755687,0.296637933360248,0.355822227176043,0.403815011834765,0.443181690966025,0.475816711904103,0.503011304610625,0.525735441096031,0.544733733272218,0.560557580081986,0.573658827912198,0.584487598053267,0.593159614276462,0.599589025010609,0.603647678289274,0.605116582499287,0.603773329675554,0.599465155542899,0.592035589839212,0.581306364642148,0.567048655996822,0.548954804416557,0.526682920084119,0.499929365849397,0.468624671266707,0.433882233954973,0.399775496276417,0.367542632296796,0.330273820538811,0.285958396589429,0.250438495870065,0.258738594595703,0.298032949383022,0.327257941265598,0.344700593378652,0.364662926504888,0.390819908837234,0.41263807623463,0.428731448428068,0.440166717358557,0.44819426960678,0.45387456751886,0.457964969174796,0.460776132588224,0.462292431655157,0.462340944915612,0.460726700261502,0.457357593809834,0.452251021403813,0.445350843931926,0.436375627994032,0.424789721627209,0.409899998757825,0.39150806954367,0.371022984363806,0.353206231765069,0.346247430898673,0.354107930553287,0.370273338599761,0.386976584587522,0.401182193468683,0.412416878554186,0.420778721397696,0.426327006544935,0.429204645585818,0.429873736394318,0.429061915186859,0.428582637133527,0.432306513163166,0.440796769350724,0.449596459690935,0.456342447411633,0.460991540217726,0.464201278734598,0.466175759105569,0.466257349525171,0.463424619144283,0.456701600207951,0.445283737841752,0.429055349524417,0.410614304727771,0.399786744362493,0.392680995079417,0.381096598245596,0.365417678323435,0.351882332017033,0.341125586675435,0.349407080397052,0.372843470738482,0.402600429591848,0.427131488036916,0.444374692865684,0.454652020078803,0.458592485012457,0.456865860503756,0.450419925880603,0.440667809156339,0.429513961832355,0.41894026161006,0.41040723142883,0.404981594191914,0.403102979499304,0.403076339994527,0.401868723068472,0.397919802950327,0.392294440657095,0.387791938117758,0.38608400860634,0.385973262925735,0.391060958148325,0.422173594603423,0.451289186176764,0.475875855406759,0.495275164708438,0.509316882443322,0.518004668779914,0.521371000184368,0.519436612212106,0.512164440573116,0.499445971796785,0.481119133903721,0.457060427958888,0.427465739056731,0.393950997734194,0.362886973654597,0.345550415301393,0.341333554352873,0.344305901159247,0.352678090620117,0.363186650812624,0.372214629392182,0.378487788890545,0.383141243123184,0.389009728894953,0.399579559446293,0.416931882304373
0.455583658501899,0.475556469446698,0.496203362270997,0.516274128017373,0.534835864029797,0.551277901832244,0.5651950873852,0.576398310403255,0.584789569236292,0.590336699541166,0.593011600057155,0.592767579725845,0.589548876329717,0.583268567279707,0.573784065097383,0.56093824726077,0.544521548117441,0.524316186061321,0.499998796638959,0.471129345745302,0.43721844961866,0.397995692915496,0.354490853730943,0.313180362513262,0.294532836389369,0.31521846574027,0.355127520817323,0.394857827612053,0.42869711868321,0.455750825240731,0.476205210558884,0.490472730605277,0.498927378585331,0.501624852674585,0.49864865783729,0.490076870620926,0.476024653209427,0.456827417386942,0.433581927509817,0.408777265711455,0.384834376811653,0.361070064097804,0.338454721758879,0.323560904779163,0.32726035169429,0.353327415621608,0.389790260362844,0.426830000431516,0.460311781396363,0.489457176223444,0.514452919942096,0.535689304374014,0.553560279243793,0.568395087463629,0.580490934821937,0.590173349383162,0.597525807352672,0.602597133461752,0.605375263810427,0.605765979803882,0.603569250228946,0.598587089619314,0.590652910857783,0.579567826554641,0.565071998484204,0.546845545299467,0.52452199411502,0.497632183374685,0.465531310715528,0.427291786500572,0.389908647109548,0.375034399196143,0.351907458875258,0.322038054996451,0.290405497388068,0.28689890679849,0.316491988900431,0.338979782416839,0.349306100052182,0.367527477737345,0.398076528245547,0.421661898277728,0.438671177325239,0.450379413716172,0.457829315267028,0.461826038151067,0.463008425992268,0.461803812010552,0.458487862324217,0.453258496052039,0.446308456001782,0.437862880545841,0.42820809916733,0.417638657790792,0.406086895931499,0.392487030796024,0.374603453498817,0.349834534520454,0.31660081884,0.278602185354897,0.261495280027178,0.289934953311652,0.325800218525088,0.35295655262733,0.373547563042003,0.389715631103839,0.402180068832403,0.410224482695025,0.413823709497312,0.414196567398674,0.41254679946357,0.408212138031224,0.412678042514871,0.433377773325982,0.449636116272833,0.461615203985257,0.470011838498021,0.475350415042632,0.477931871123429,0.477627330826308,0.474011588316116,0.466563107412275,0.454813364327384,0.438551048758092,0.419278944273173,0.4084306347675,0.400079668209228,0.385621187390464,0.366094848594534,0.352646473409963,0.340095595845392,0.336053480803085,0.361786412000047,0.397921473502208,0.425741909711436,0.445935430021793,0.459613869376868,0.467680878230547,0.470992193076172,0.470510543069284,0.467334858390856,0.46262968578721,0.457477818311419,0.452727818332529,0.448881749899791,0.445867557654736,0.442971192157903,0.43919389154578,0.433846984210573,0.426923069252563,0.418861280894603,0.41011724929094,0.402480376691522,0.405159192106409,0.426177165787566,0.452444088430891,0.475810224780698,0.494420123148858,0.507942304016067,0.516379323239195,0.519789878443327,0.518233278378543,0.511760636459556,0.500412378529431,0.484273936146975,0.463611475719587,0.439153144710221,0.412575494964304,0.386869232636118,0.365706834602471,0.352774266336431,0.351520808966366,0.359278412107602,0.370083485204476,0.381177252468795,0.392076682539345,0.40317606783743,0.415306161307046,0.429474342322739,0.446275352431183
0.474385274583461,0.492047693243675,0.509356772853825,0.525828112599627,0.540893235627888,0.55413930244306,0.56531999333335,0.574257973167565,0.580865332592085,0.585083755602987,0.586861108094577,0.586111622537496,0.582748799274349,0.576707138674,0.567913712150968,0.556297426162707,0.541775042292936,0.524269353197384,0.503804125967893,0.480513598164036,0.454823976755848,0.427865784521507,0.402230250216059,0.382785701395905,0.375743627542359,0.383848985497547,0.403079568974773,0.426782281794581,0.450115039074686,0.470542628396543,0.486964863957979,0.498956451100744,0.50642363455618,0.5093151344078,0.507650659420269,0.501628713496859,0.491600133070938,0.47816371821214,0.462279159264257,0.445281505344393,0.428504802057203,0.413177399312125,0.401205428692436,0.395698872016667,0.399868501719336,0.414287527625492,0.43598102924936,0.460834625219893,0.485746149678376,0.509029306451085,0.529951452904044,0.548267316255342,0.56394788211969,0.577053762088237,0.587638712313445,0.595892289439147,0.601935750290448,0.605811011527927,0.607554531424897,0.607108963080774,0.604340907420484,0.599072224710396,0.591118295308365,0.580269534929183,0.56636255146785,0.549259231802705,0.528822824358417,0.504986544620366,0.478034227735839,0.449597274292859,0.424839862293679,0.40665785528306,0.389915943948337,0.373119487443971,0.360297991765756,0.357993534854305,0.366273321617857,0.378064724494641,0.390011322768626,0.404544993762529,0.421974021890855,0.438377291504891,0.451326208529666,0.460224177524968,0.465147094749197,0.466319356192463,0.464024155563081,0.458557669809361,0.450237059155906,0.439484968442771,0.426867631555705,0.412918743964477,0.398193185305508,0.383763331830495,0.371236654627685,0.359800381498789,0.344562651230024,0.31975411962645,0.280727024655686,0.221714087706216,0.21624245243812,0.258487858789222,0.295839223333256,0.32314863626362,0.346572993272286,0.366703173165253,0.385041285604422,0.395859429419644,0.399831470239759,0.399647363209719,0.404322109011747,0.411235564174883,0.422537860075027,0.439870427973242,0.456487389545068,0.46989862158718,0.479826396347901,0.486376129368115,0.489739568542459,0.489950571488771,0.486941209954119,0.480648254697309,0.471192329163423,0.45923014744247,0.446473703407188,0.434899632662892,0.423905825345519,0.411853951606414,0.399466344036988,0.389176386454303,0.383178935420868,0.385079121122815,0.398208266479729,0.418709885519654,0.439581853074383,0.457437558576066,0.471350962160133,0.481295793555191,0.487648702977421,0.491006096962946,0.492038545224094,0.491441167414007,0.48980930486255,0.487602446599089,0.485070969576227,0.482140129244826,0.47856058551133,0.473966184967261,0.468018786170818,0.460524053764819,0.45142993821499,0.44082328418771,0.429163330990013,0.422795243545058,0.445102559698775,0.467375456154925,0.486811777025317,0.50248576801859,0.514011770822452,0.521234545588239,0.524101944566344,0.522618823814072,0.516840837452441,0.506858677918334,0.492822825286088,0.474993291690441,0.453803203912424,0.429833787739662,0.403598648516339,0.375149644794404,0.345640492380065,0.343104545708748,0.356500796403545,0.368394648493957,0.381186336762929,0.396432332543316,0.413294434039451,0.430610478133514,0.448015525754476,0.465572222013737
0.487329657740515,0.503645299947027,0.518716799459394,0.532444548435328,0.544654916051228,0.555204009374657,0.563941778441819,0.570787155830574,0.575685261927157,0.578604836743236,0.579497169933375,0.578297940313348,0.574954979350349,0.569435908838043,0.561739346672653,0.551887305095828,0.539927065437753,0.525959314903381,0.510189312889179,0.493045443895874,0.475314293828288,0.458239435920474,0.443681344063888,0.433950131642789,0.431080351953828,0.435664305894111,0.446355144395232,0.460621732963755,0.475937223607423,0.490395052695623,0.502754721185079,0.512296421186571,0.518669032197982,0.521695665154628,0.521330451696001,0.517754535155822,0.511312955682459,0.502541330518953,0.492196987530705,0.48120532172285,0.470616401905996,0.461587500200589,0.455452221707024,0.453650016569532,0.457262438231428,0.466387267098022,0.48002942946983,0.496496356049331,0.514084173439453,0.531478559695387,0.547810582495016,0.562564530088086,0.575475343115419,0.58632665927895,0.595040826628489,0.60173240858106,0.60648644217374,0.609314272683686,0.610198664354901,0.609106920869329,0.605958664474277,0.600587136002445,0.592883678998581,0.58279000094858,0.570255071688676,0.555279791509818,0.538007641182967,0.51881489367243,0.498476063066884,0.478377148570436,0.460233646323522,0.444890180796166,0.431993466954194,0.421516674187938,0.41457452296201,0.412483566097109,0.415170934674385,0.421160176360571,0.429129344823797,0.438505543748156,0.448644966274558,0.458209215656706,0.465819880667248,0.470561508286089,0.471948841297484,0.469692499460877,0.463626553821084,0.453739641828258,0.440160188550006,0.423394927414704,0.404566849757437,0.384986001565189,0.365073171358095,0.344777840865335,0.33156967008933,0.331018655763997,0.329011318041298,0.315652049963954,0.292600386181069,0.270908832399441,0.261095010161906,0.272988781519046,0.289223155390243,0.300668804462375,0.330632500589176,0.358880687754417,0.378562617539258,0.390989837820171,0.397522962381064,0.401523826461565,0.411721982887141,0.425369650953227,0.43973438154992,0.454730017659987,0.469124775039539,0.481614391464603,0.491491697900638,0.498417137008473,0.502360457834115,0.503376223989096,0.50155404582967,0.497059195801101,0.490215840424334,0.481598979642206,0.471995961843262,0.46208386887176,0.4521217981958,0.442276205827289,0.433230142091822,0.426283000645574,0.423069780322129,0.425172876775809,0.433177853977088,0.44575290563242,0.460340720547512,0.474668737192228,0.487351732287525,0.497712989626351,0.505612305648331,0.511227895226897,0.514859369784134,0.516861778764456,0.517566179006785,0.517221244978668,0.515931864746301,0.513704324122338,0.510514388989774,0.506274955928784,0.500905740097916,0.494418332803731,0.487038349977745,0.479472850027516,0.473661098197991,0.47373150535839,0.482075575480125,0.494720559811964,0.507569790935907,0.518630970697075,0.526969293785955,0.532118798218264,0.533851369591626,0.532049352164354,0.526689178927445,0.517815874560028,0.505531400058341,0.489987887543905,0.471363425047235,0.449822378005076,0.425483141438148,0.398848094563122,0.37380312811445,0.362728104624201,0.361931715709028,0.36268866901046,0.372200150544699,0.393859839012314,0.417985199620478,0.440300442893282,0.460405384495952,0.478728430788727
0.497649045793876,0.5121283829108,0.524918051782064,0.536123628682189,0.545780133899105,0.553887845057158,0.560392434929999,0.565270054593033,0.568537895312452,0.570219171115835,0.570300390458492,0.568760256261721,0.565586554896131,0.560783964353431,0.554399810317132,0.546530490076097,0.537317476542284,0.526969369223805,0.515796844235113,0.504258592841427,0.493010860422082,0.482975510661673,0.475211736369927,0.470746356704793,0.470294398512076,0.473936225226166,0.48101913715397,0.490413814930849,0.50084916729624,0.511155308963962,0.520408629567985,0.527950804151559,0.533399102754646,0.536579351821382,0.537374790811974,0.535876326947848,0.532324028138973,0.527139385841417,0.520908671797224,0.514324188337486,0.508157444301505,0.503212910904131,0.500295223117615,0.500123313951959,0.503133179645468,0.509338458858837,0.518345658467613,0.529394159379127,0.541584709226787,0.554068068115074,0.566171242217171,0.577393181228143,0.587324198836348,0.59573303965997,0.602467595068242,0.607550850032514,0.611004160946717,0.612811810075583,0.612903254666503,0.611237932870643,0.607774007521624,0.602460571272066,0.595257540671924,0.586180110962767,0.57529554171486,0.562749988968451,0.548808094497192,0.533887245481829,0.518619067645214,0.503810863963375,0.490245915002812,0.478456443493879,0.468713615127351,0.46124857171311,0.456373227673647,0.454309548050155,0.454927334831889,0.457716229766365,0.4620166328538,0.46714747092222,0.47245702552819,0.477157651468194,0.480376261115956,0.48134235831442,0.479461461833798,0.474207765054846,0.465089354724937,0.451669877420591,0.433506904447317,0.410421817839165,0.384129829009326,0.361611567653746,0.341167038478611,0.329045752659645,0.324635457583669,0.33241312450351,0.340298195433532,0.33971495838664,0.333383344463658,0.326645059114359,0.322141311314196,0.321219397438631,0.323012559412043,0.333532271588168,0.35155499887337,0.370258742373593,0.385109634834879,0.396229624389097,0.405560822744702,0.415520808728827,0.42767537183594,0.441666647870971,0.456275407529668,0.470553907855388,0.483771781045845,0.495314684161551,0.504726143549921,0.511634435492335,0.51594473645145,0.517709354479004,0.517050165284966,0.514160779808025,0.509324845309549,0.502918646174697,0.495371407395476,0.487094399493976,0.478459608410307,0.469899908207071,0.462072092271243,0.455952782915536,0.452781542596786,0.453738506196462,0.459303488427938,0.46876806332911,0.480550466158691,0.492995226096275,0.504837390037728,0.515283271930005,0.524004070975513,0.530934757541389,0.536152996880485,0.539816660966691,0.542113322045153,0.543181773906111,0.543056427232642,0.541823297115647,0.539572093475394,0.536377757561748,0.532355302789988,0.527721877533019,0.522895945769042,0.518629874761295,0.51607748395134,0.516490208659652,0.520275830792624,0.52647461086219,0.533496619345068,0.539957069666504,0.544900675262648,0.547720848378834,0.54804440848225,0.545648616513081,0.540440930720387,0.532421653164295,0.521653443800077,0.50824981299665,0.492381337473429,0.474315975440546,0.454589518774028,0.434333877389365,0.415488292856482,0.399603158533786,0.385187321441851,0.368637681300384,0.367864087736868,0.400493144903416,0.428446720326561,0.452031763200255,0.472204817964093,0.489727583423566
0.507370023661035,0.518945143024915,0.528916345531019,0.537378190364211,0.544418601048662,0.550080218313106,0.554391184524262,0.557373193629666,0.559084572934789,0.559558922924148,0.558825141367987,0.556922144290055,0.553888553727498,0.549781622627974,0.544690675909228,0.538761780718803,0.532184326183593,0.52519695502939,0.518101369566445,0.511273833201317,0.505166775376713,0.5002881360674,0.497149823414945,0.496197351914844,0.497654649419257,0.501458026568569,0.507235695918389,0.514394802518148,0.522255928368072,0.530142058431675,0.537454831699087,0.543713650312939,0.548573781244148,0.551901525060878,0.553601229324991,0.553713428309521,0.552431113559645,0.550012477563488,0.546853406278091,0.5434419079712,0.540299747222487,0.537946763540755,0.53688107399289,0.537490827013528,0.539982035175253,0.54436143888854,0.550461156355102,0.557906628457617,0.566214182447437,0.574879277519409,0.583407975920087,0.591397630597872,0.59854275628783,0.604584121478487,0.609345780146732,0.612778148994544,0.614855938157208,0.615546216109507,0.61481291784687,0.61262814411989,0.60897432922919,0.603856950253783,0.597267124897161,0.589251619521325,0.579954774034138,0.569585669433779,0.558421148270194,0.546819144443162,0.535216422479013,0.524081367949245,0.513850415531557,0.504895231878552,0.49747964193834,0.491776761201981,0.487884788632708,0.485799182142238,0.485348238486594,0.486228062285215,0.488029245818054,0.490244854622863,0.492362132237653,0.493854631796998,0.494110348199053,0.492529234367234,0.488573279081868,0.48170628530244,0.471407926210274,0.457175681314116,0.438533148404008,0.415063423237378,0.387741117959375,0.370745408637651,0.36334387628035,0.360764629640214,0.364269138912107,0.369750998458175,0.374741857541721,0.377271536854186,0.377278518018083,0.375962736632351,0.374615985417073,0.37425450939983,0.375853007154512,0.380233044188715,0.386861838084568,0.39382025290079,0.39953122773147,0.404527457001541,0.412237799801018,0.425133436679572,0.440851082396082,0.456923545668315,0.472299194806852,0.48649169909852,0.499174924370016,0.510105803166937,0.519065847405146,0.52583874789828,0.530363005478327,0.532694632870129,0.532943082112088,0.53126471791613,0.527860792821825,0.522968701260761,0.516844884284097,0.509748727899489,0.501946479918018,0.493750576906009,0.485600483981008,0.478208936679412,0.472841454987587,0.471581553317796,0.476248628062248,0.485923601959283,0.498029548722103,0.510609398597263,0.522545962975547,0.533254434472337,0.542502580517444,0.550203764503313,0.556366988319281,0.561085790163006,0.564464780872883,0.566562103425833,0.567460096032517,0.567276646705714,0.566148387194079,0.564228810911574,0.561709170313624,0.558853576233706,0.556028277544523,0.553705902180937,0.552406529396061,0.552536547635355,0.554173334831738,0.556958615780552,0.56023132331716,0.563259465012172,0.565397759588661,0.566146026236891,0.565146523472928,0.562155994390848,0.557047711279179,0.549788448221808,0.540419735542788,0.529060994332282,0.515916198271172,0.501311496740563,0.485786083897994,0.4700495512283,0.454903660749556,0.44101588288993,0.429126823459886,0.421599161200403,0.42362908540683,0.436265547680205,0.453480412130582,0.470842774047462,0.486792294112877,0.500965747131657
0.517202456338815,0.524970319703248,0.531521930547475,0.536854613097628,0.541008827212331,0.544022310004972,0.545959323977919,0.546881210316318,0.546866335517081,0.545991127968165,0.544325973149401,0.541944562862793,0.538925548137147,0.535358711750691,0.531385678295761,0.527178297343131,0.522946447687498,0.518915480630865,0.51532333388571,0.512415793900754,0.510435957704446,0.509602187193453,0.51009531898827,0.512018643624131,0.515380645815075,0.520069295610922,0.525842389006327,0.53234041091427,0.539164568888529,0.545925123374701,0.552257590995085,0.557855961050586,0.562509982947092,0.56610824956339,0.568590871952799,0.569948816162991,0.570313594131672,0.569893734570999,0.568931952171502,0.567740355676604,0.566654030025873,0.566004120683239,0.56608424737192,0.567106362519522,0.56917809875154,0.572308117165398,0.57642931725696,0.581329686669478,0.586753535767019,0.592408343089848,0.597989490809635,0.603225845782791,0.607861630489773,0.6116909146836,0.61456315353702,0.616388057619804,0.617130372509238,0.616749379095885,0.615228216596515,0.612544456801852,0.608711469727244,0.603758067959882,0.597720350470747,0.590660247550571,0.582733879136566,0.574136637239871,0.565103759525136,0.555913677861031,0.546875215727983,0.538296117459188,0.53046231282963,0.523611204981828,0.517900176895642,0.51342159981628,0.510205653397723,0.508194906546599,0.507229716354488,0.507065613360525,0.507403891982388,0.507893009433357,0.508145573637957,0.50780959533271,0.506462995041311,0.503681332243666,0.499070982288296,0.492278135446164,0.483040220795819,0.471259145096858,0.457154661375595,0.441662352189022,0.42697978898446,0.416059646750363,0.409998270294095,0.408051066853859,0.409121441252736,0.411798669155261,0.414743890637493,0.41704214260432,0.418374238077661,0.418907124812133,0.419047807290118,0.419236895320586,0.419809047520533,0.42083792065871,0.421906575911451,0.42211986026927,0.420411782813565,0.415857310837123,0.413800141575672,0.436554489183632,0.456596860651031,0.474239952797754,0.489864311483654,0.503676788194447,0.515732093803038,0.525998884813724,0.534435720433125,0.540946763289564,0.545525981365118,0.548214992890902,0.549103642214786,0.548305888907813,0.545955544050867,0.542199078176076,0.537185708343662,0.531057424378806,0.523942153080567,0.515951526473937,0.507184024091997,0.497747986748542,0.48792470249674,0.479867171841363,0.486540139934685,0.501125824453114,0.515599478274142,0.529064425009993,0.541248781943567,0.552043848717099,0.561430115764495,0.569409885713815,0.576010492978455,0.581291837049137,0.585297006138684,0.58809955450854,0.589800718235482,0.590540864485424,0.590450032102299,0.589685364447102,0.588435643773532,0.58692199606212,0.585397884782518,0.5841275255476,0.583336768168139,0.583166442665432,0.583619903222701,0.584521187901197,0.585557543338537,0.586349261042526,0.586514877719068,0.585718218320366,0.583690926915647,0.580234073651675,0.575230256270675,0.568650978591956,0.560533642913324,0.550992499313308,0.540222465242133,0.528541802419514,0.516370302254412,0.504209864061687,0.49265453153715,0.482420830746291,0.474470958734484,0.470088978491949,0.470415206529453,0.475437008906266,0.483758003782622,0.493584545940191,0.50356015989136,0.512905036519061
0.526522528125267,0.530131903488547,0.532891679862594,0.534734272481424,0.535653847372852,0.535693944066617,0.534937548502419,0.53348816428242,0.53144917230805,0.528941890878674,0.526071156651048,0.522937761381355,0.519646348500939,0.516318895994504,0.513132694521444,0.510304692484367,0.508052635530109,0.506582930896512,0.506056344722057,0.5065746600464,0.508182194455869,0.510873658286406,0.51460039041112,0.519271005360445,0.524763348232353,0.530920071840242,0.537528547675383,0.54434946655417,0.551146840311042,0.55770904583648,0.563837302580164,0.56936388419921,0.57416659810235,0.578180600118182,0.581366766718219,0.583700195662931,0.585269286558831,0.586229568256583,0.586765089656281,0.587047535644743,0.587273892040827,0.587655679875302,0.588364578702646,0.589511786700675,0.591148368863863,0.593276250125413,0.595873946874631,0.598869265809656,0.602124025513465,0.605466960864373,0.608720082387233,0.611689665272912,0.614206352738562,0.616119487194383,0.617295337423016,0.617652533759772,0.617136334025458,0.615739092654254,0.613432357723788,0.610228138122259,0.606149289096784,0.601231470323701,0.595549525301421,0.58919356349464,0.582282701645698,0.574986182367622,0.567496783307318,0.560024693364941,0.552786003362667,0.54599131517809,0.539832520759791,0.534463132098812,0.529985741192604,0.526452068992066,0.523853612430577,0.522101772731056,0.521049725659412,0.520504352320837,0.520230264953238,0.519960674423952,0.519414939702086,0.518370545222199,0.516574521687505,0.513773980405597,0.509732121608343,0.50428295953882,0.497401283150198,0.489243239574703,0.480205982153018,0.471013253237585,0.46267804111333,0.456164710066603,0.451984050096397,0.450080467172488,0.449997819370258,0.451087993191261,0.452705191662372,0.454341010142109,0.455691069106695,0.456650640629598,0.457260242093354,0.457610254594264,0.457777586160808,0.45774207425306,0.457351818751143,0.456441177873219,0.455171299330615,0.454865173290497,0.459077702130956,0.469889546632306,0.483905822903951,0.498118571417567,0.511416808162742,0.523459187833101,0.534117457127696,0.54329899295214,0.55095041446903,0.556986646653378,0.56141558373326,0.564262854690071,0.565582261078651,0.565453863700166,0.563968592182911,0.561224168701436,0.557320228753086,0.552353988917374,0.546418528436199,0.539607763173907,0.532040381385039,0.523950665799666,0.516075252076869,0.511351577360584,0.515966269759376,0.527146310403711,0.539548185011188,0.551523747073213,0.56256241757967,0.572510007598165,0.581317555176619,0.588975343119904,0.59548177180562,0.600831375730407,0.605069890355786,0.608260575585416,0.610493132568599,0.611895576901727,0.612590479943189,0.612698741511592,0.6123655600758,0.611750877347586,0.611015754513242,0.610307536451278,0.609732481361008,0.609329772377203,0.609085762308423,0.608911081858987,0.608639048167827,0.608066432556165,0.606978262096603,0.605170536629448,0.602469088392612,0.598737990250189,0.593891716119514,0.587916121817612,0.580852660580938,0.572798519145523,0.563930057381231,0.554526166354836,0.544900970286462,0.535429531687155,0.526553542282719,0.518783358893574,0.512671967778113,0.50874475098525,0.507318840696224,0.50831629706795,0.511244121630749,0.515374384829854,0.519975065852492,0.52446041791042
0.534339911193889,0.533916378643971,0.532841095427602,0.531024065228331,0.528447379548872,0.525167031839118,0.521305084909292,0.517027689693084,0.512518008238754,0.507966539068708,0.503510446697206,0.499233616075317,0.495211330756945,0.491578121430069,0.488572918367749,0.486527880402666,0.485772017444271,0.48654213637606,0.488922879066776,0.492829525027902,0.498054114815189,0.50433127761774,0.51139053873861,0.518982563231671,0.52689278971758,0.534944709483537,0.542963499255488,0.550783797368452,0.558264350666267,0.56529749724755,0.571788936845314,0.577668174883792,0.582875658766651,0.587393300829425,0.591217433259866,0.594316658944032,0.596759363390729,0.598654648723989,0.600128109970564,0.60130751499426,0.602304363185544,0.603222835123472,0.604164183253744,0.605197016864064,0.606350773510484,0.607632422884493,0.609064879859508,0.610609355601992,0.612200591516801,0.613748513767415,0.615136558958585,0.616256226337104,0.616998152746965,0.617248455027904,0.616906135980767,0.61591244717824,0.61421761369557,0.611810857945753,0.608705722770272,0.604915067997518,0.60046454582747,0.595417436451301,0.589857633637329,0.583881569077538,0.577585274541501,0.571109917605166,0.564614878817317,0.558263942302922,0.552219941090324,0.546637268066645,0.541648419644142,0.537352979887732,0.533813484671292,0.531052867617914,0.529044708971096,0.527711130580109,0.526924850212271,0.52652681084395,0.526326542703436,0.526118870813588,0.525692462078522,0.524870918612497,0.523545555933285,0.521594945165414,0.518904260047596,0.51540783875027,0.511164380365258,0.506344809647633,0.501235324352852,0.496222074909136,0.491743451027031,0.488193928022842,0.485808405557138,0.484616623158617,0.484461358057398,0.485069909101819,0.486140499589933,0.48739901236584,0.488638469878229,0.489729503888382,0.490609578263634,0.491280443314782,0.491772423657042,0.492124915852901,0.492416754486077,0.492859585172674,0.49389484279202,0.496249664173466,0.500740314097534,0.507668696977876,0.516485376189338,0.526231403263431,0.536079645080485,0.545503043428046,0.554178308205043,0.561892261940404,0.568491043262713,0.5738454483463,0.577938603892812,0.580782516682771,0.582391046127794,0.582815187944564,0.582123889384555,0.580398768135552,0.577735161941991,0.574247003259018,0.570079468719105,0.565436797752791,0.560641989133394,0.556251305443325,0.553169240389486,0.55261060392501,0.555470520318914,0.561440267739055,0.569314361502423,0.577927167069848,0.586517361650407,0.594691424152657,0.60222525234363,0.608980389956443,0.614869449784771,0.619870436873917,0.623984912101115,0.62723919524693,0.629703548004817,0.631472755486588,0.632639988690167,0.633301013438164,0.63354633270239,0.633477058782172,0.633192320206339,0.632774756108284,0.632279478700451,0.631715706444893,0.631058185946473,0.630259887345142,0.629235488794016,0.627874261214659,0.626054482229557,0.623660377690309,0.620589942968545,0.61676149484932,0.612123744293952,0.606675194983545,0.600457752009461,0.593552654368497,0.586122844671543,0.578370513728725,0.570520296495524,0.562827754776475,0.55557568686192,0.549057051835164,0.543548732642254,0.53926062071449,0.536290139509264,0.53457154157164,0.533876779728358,0.53386380378738,0.534144635114491,0.534355711084982
0.540510340763376,0.536452031194952,0.531733889324786,0.526261012713663,0.520011955990818,0.513046391221792,0.505520620747213,0.497718779922463,0.490043681382828,0.482924159373666,0.476567558772536,0.470854622304713,0.465584875446932,0.46079140599273,0.456875491022879,0.454543360006967,0.454568697728951,0.457438741919068,0.463120503053254,0.47111038162108,0.480692984560935,0.491188284823774,0.50206489298855,0.512947872314668,0.523586306011133,0.533828396004134,0.543562637019751,0.552702244770629,0.561186901320936,0.568990319835315,0.576106510588241,0.5825229598297,0.588231086278649,0.59324562345343,0.597592862264372,0.601270240788912,0.604312608694623,0.606800564520821,0.608822666932174,0.61047264867924,0.611837835277395,0.612975708769754,0.613920775730287,0.614714142491789,0.615386582452415,0.61595264508528,0.616426704211278,0.61681000761999,0.617072873989288,0.617162413089056,0.617028160099347,0.616606092507938,0.615822117494791,0.614601616347197,0.612876791228475,0.61060920694945,0.607770517596465,0.604346254072809,0.600371590250408,0.595882253421212,0.590915871826558,0.585530875444587,0.579814488217218,0.573863109441559,0.567776763348014,0.561668574949777,0.555678631156793,0.549948417150907,0.54461598937045,0.53980490457162,0.53561569438964,0.532119901136177,0.529360079243612,0.527340784956745,0.526024562747562,0.525332747222298,0.525149455510557,0.525336493944041,0.525749204771499,0.52622822509875,0.5266147147688,0.526756023042981,0.526584820306544,0.526054088118855,0.525114785132607,0.523744754728593,0.521994614161776,0.51997764590469,0.517854773475792,0.515821936742189,0.514075365999577,0.51277547790779,0.512037680759606,0.511896448835662,0.512301946290328,0.513145139987643,0.514293343633443,0.515609833801616,0.516975384028745,0.518313204300704,0.51959067388186,0.520801394517852,0.521968590921338,0.523156414195288,0.524483303773205,0.52613081683442,0.528330904359087,0.53135961971557,0.535449650818023,0.540680397905938,0.546899753737501,0.553782841066919,0.560946551786594,0.568045057887754,0.57480723529134,0.581023381134601,0.586510254821067,0.591108680805514,0.594782196162716,0.597523089776673,0.599336455157349,0.600241128733927,0.600293979565126,0.599572004046447,0.598174798057645,0.596233019435701,0.593924483805,0.591479589520691,0.589204173067199,0.587488603117161,0.586781994794697,0.587500332680251,0.589878458210798,0.593837785012105,0.599024444545557,0.604949573079175,0.611195095368777,0.617433211788252,0.623404844852763,0.628938005066222,0.633919167978363,0.638283847897322,0.641995819052331,0.645042025018648,0.64746531631577,0.649325593139394,0.650681344028764,0.651595167059938,0.652129292235987,0.652336312458308,0.652269830881357,0.651976369876988,0.651484789555679,0.650798352958981,0.649893816352783,0.648739346099037,0.647291620514145,0.645492990122762,0.643280973345803,0.640590609021872,0.637365032156037,0.633559873702688,0.629149326852226,0.62413925690482,0.618566123472723,0.612507313277979,0.606092333902678,0.599449868723019,0.592727199867415,0.586082801688373,0.579676196209744,0.57365881041389,0.568156546425444,0.563248388617085,0.558949089379271,0.555200897666215,0.551870888815265,0.548767662290071,0.545663328586188,0.54232662895332
0.545721698223034,0.538645115910645,0.530771466844631,0.521991723745975,0.512240669060598,0.501509275061593,0.489859279932535,0.477529986390983,0.465230384369655,0.454706895582917,0.447159102510211,0.440805511770216,0.434027092519866,0.426569848517992,0.419191873559554,0.4136767642696,0.412608061728405,0.417855888104561,0.428813528978153,0.443186875903687,0.458888132379312,0.474657713582662,0.489859805733947,0.50420417535659,0.517572696539359,0.529941070598532,0.54132100338199,0.551729525428797,0.561190586584,0.569755045170675,0.577474110026463,0.584382335226264,0.59050977497971,0.595896331677611,0.600590496333055,0.604624632080535,0.6080128203609,0.610809795722173,0.613085511041681,0.614911229746319,0.616344187422675,0.617430551598686,0.618200884044586,0.618669688552911,0.618851474146065,0.618751658902362,0.618395045532759,0.617788177474951,0.616921110334752,0.615784882505487,0.614351605570775,0.612582935548503,0.610435864259195,0.60786790507254,0.604838661436472,0.601321285783727,0.59731532122653,0.592838031212034,0.587898613161279,0.5825416800187,0.576833761475193,0.570845017808574,0.564653510364335,0.558349595149265,0.55204632393048,0.545852864501073,0.539902834063805,0.534338727713697,0.529295157675171,0.524890493273575,0.521218871866911,0.518347576279773,0.516309709354403,0.515097113728032,0.514660203482886,0.514911233963411,0.515730720872494,0.516981552799376,0.518531397411459,0.520238063455578,0.521966694403522,0.523594020314523,0.525030224143351,0.526270357597277,0.527292552065728,0.528083709075823,0.528652889219752,0.529049552682153,0.529356623744658,0.529671490808016,0.530086827600776,0.530682553812476,0.531509444295905,0.532581985242813,0.533889230529069,0.535393084464216,0.537042869294048,0.538786424212865,0.540583270424045,0.542401133933477,0.544223242557355,0.546053912562085,0.54792409786843,0.54988602978567,0.552009985464426,0.554379033245413,0.557106214679638,0.560299817065417,0.564044279031306,0.568368588989672,0.573213656222371,0.578449867327965,0.583896262482538,0.589357004446716,0.594657306946759,0.59964860990415,0.604173331144433,0.608100306239603,0.611382347602884,0.614003932425237,0.615969460694846,0.617292027526684,0.61801028237995,0.618194720664273,0.617937963231436,0.617357442330832,0.616597970219659,0.615833921196411,0.615269219820915,0.615126252121812,0.615615092331864,0.616902594025285,0.619076054266,0.622103611277381,0.625833029703663,0.630052224123119,0.634563794441482,0.639178102924332,0.643724884662597,0.648059384755342,0.652070255952242,0.655678784779288,0.658830027857101,0.661490586594252,0.663675545520281,0.665414518485859,0.666739078796558,0.667683083372764,0.668281209769457,0.668566053090627,0.66856007819818,0.668282632876793,0.667748333197769,0.666956957687184,0.665894459049804,0.664538095314265,0.66286211310216,0.660837281443339,0.658433033810779,0.65561831078456,0.652364883031137,0.648647119973093,0.644453205674779,0.639791385475816,0.634690825116001,0.629232303659884,0.623494181874614,0.617552864023423,0.611495319049035,0.605409880085383,0.599378091613172,0.593467248191727,0.58772373862852,0.582165475505894,0.576771014446088,0.571481233862738,0.566199931060094,0.560797223933189,0.555116646089012,0.548991714630716
0.551315471955037,0.542119470719649,0.532008310567657,0.520867868285069,0.508610691662648,0.495194518961886,0.48066158237352,0.465196865253629,0.449220953292828,0.435358448517247,0.428478511866122,0.421768118924317,0.412767105995022,0.400945082857926,0.386181282267889,0.369280270900467,0.356925320114781,0.369148232789778,0.394230349495463,0.419068828816392,0.441803903892599,0.462354862806209,0.480902949533149,0.497652705343355,0.512785627978515,0.52645618554298,0.538802747319757,0.549931394571043,0.559934962161374,0.56890456037499,0.576923614805803,0.58405461277142,0.590348872701818,0.595861704305237,0.600661694520513,0.60478230924226,0.608238398288186,0.611076899510617,0.613346374738424,0.615095770099267,0.616365842250325,0.617199517115911,0.617629506239688,0.617670794366498,0.617320059538283,0.616573096353356,0.615436136349174,0.61392694246825,0.612058567532003,0.60982637932194,0.607217205195678,0.604212363400019,0.600791312558163,0.596931929783401,0.592612882395265,0.587833716385342,0.582613455810663,0.57696276741344,0.570901201483384,0.564467232810845,0.557726100520911,0.550769803348863,0.543690576157224,0.536592460321004,0.529590812644334,0.522809038538772,0.516389484716419,0.510501902984416,0.505307489052257,0.500951006069982,0.497551446827315,0.495192136994558,0.493907078387492,0.493676139714527,0.494426735476266,0.496041294081173,0.498369699157669,0.501246404671608,0.504517166530065,0.508028880524667,0.511637366201148,0.515219716068168,0.518682208840607,0.521960013180161,0.525063752762846,0.527993158372274,0.53073495213854,0.533300725578325,0.535728109178857,0.538062645911782,0.540353080744819,0.542642432343333,0.544958621658637,0.547311656591559,0.549698735100675,0.552112624769184,0.554549042356258,0.557000104417788,0.559456010609987,0.561911599855494,0.564371732378972,0.566849489192307,0.569365876216744,0.571947571002111,0.574626334903743,0.577452634083367,0.58047679126553,0.583734695503937,0.587270922331918,0.591099606216677,0.595199129014607,0.599507479315715,0.603931796736036,0.608366313871208,0.612699891621189,0.616835674886896,0.620654798883753,0.624091425423735,0.62709527143839,0.62965146274322,0.631763932574257,0.633450512139405,0.634732686050849,0.635660580770632,0.636305053507493,0.636752151317599,0.637104609857751,0.63748054172295,0.638002550393423,0.638787564390536,0.639934795447816,0.64152078745215,0.64357274842427,0.646056701285885,0.648906366418096,0.652041408425129,0.655376451908617,0.658808773801848,0.662233880108095,0.665550950209057,0.66867705392416,0.671543534885932,0.674094145895675,0.676288836834281,0.678126782051237,0.679613619645313,0.680762122618449,0.681587541942948,0.68210541838019,0.682330127403935,0.682274024466376,0.681942096823259,0.681334255743378,0.68044808784673,0.679272690631168,0.677797466461523,0.676004244150228,0.673875221176243,0.671396295146315,0.668553355944905,0.665333571413073,0.661724342849053,0.657721286827678,0.653329406555999,0.648581391935531,0.643537539634312,0.638239955738868,0.632731734713683,0.627055924663321,0.621255488225446,0.615365598521149,0.609408013162125,0.603388473110985,0.597293438207214,0.591088236762427,0.58471178574903,0.5780841945956,0.571104800953039,0.563652950144217,0.555596971747854
0.558816447382191,0.548684689888772,0.537682291496633,0.525724763934053,0.51274170585747,0.498704287970312,0.483691478967893,0.468144953516169,0.454556263840768,0.445250130164376,0.436956512403516,0.428360708686826,0.418662093249984,0.407436947886984,0.394923121952086,0.382920644507149,0.377245051122663,0.385610131281475,0.404159307213993,0.425258768576373,0.445832698237946,0.465022737915853,0.48264719266065,0.498729057339266,0.513351409592501,0.52660938608104,0.538599540661501,0.549417881107503,0.559146695315896,0.567858614256754,0.575630250035592,0.582520770967884,0.588579462418408,0.593869098995163,0.598449817048422,0.602345591264137,0.605569860243621,0.608168784353108,0.610176970652722,0.611623016324668,0.612546160802862,0.612971021555102,0.612919482219535,0.612409128939459,0.611444125350097,0.610016768182553,0.608114467196548,0.605751194964627,0.602934730508507,0.599665622524915,0.595939832168939,0.59175012710644,0.587086600280341,0.58194780047711,0.576336090694606,0.570252413712316,0.563697878419612,0.556689911327909,0.54926228652571,0.541462525548739,0.533349477393826,0.524997039148101,0.516511492952082,0.508019951914634,0.499665072226644,0.491613226017636,0.484047138046697,0.477180868271884,0.471245001151319,0.466464482874065,0.463040607121133,0.461113025164809,0.460734138405823,0.461860090126139,0.464357170667076,0.468023761028829,0.47262073704633,0.477901951792197,0.483638505440198,0.489631978697201,0.49570826633773,0.501728945058088,0.507595819511614,0.513235348944477,0.518600425817768,0.523710838301195,0.528574516313087,0.533182282809918,0.53754915735794,0.541705941626278,0.545686482030645,0.549521273088113,0.553235716731258,0.556848593942525,0.560371934304217,0.563811970922063,0.567176577767645,0.570473875062077,0.573710796621678,0.576896123279643,0.580041155290918,0.583157817051805,0.586256101165535,0.589357984830294,0.592490297515026,0.595677722328577,0.598940689671624,0.602297201056231,0.605779616196162,0.609396420501857,0.613133435893431,0.61695891482638,0.620823516495014,0.624670002980333,0.628433492356437,0.632034908546639,0.635412471394069,0.63854076429933,0.641391409665488,0.643941964721904,0.646196547434186,0.648169899945143,0.649883816796754,0.651363052088588,0.65265631662935,0.653822326519758,0.654927111270972,0.656038907752526,0.657223475330741,0.658538999094015,0.660032883183969,0.661741379887954,0.663660572875257,0.665782112748282,0.668083316684792,0.670528958583965,0.673080907189101,0.675684359929741,0.678276634549191,0.680795431409219,0.683185430936992,0.685395824914441,0.687381268212146,0.689105747983484,0.69056141125167,0.691740206880524,0.692639934333879,0.693265022822369,0.6936203326595,0.69371001801809,0.693536424275563,0.693100643099679,0.692399797453488,0.69142451457032,0.690164313275916,0.688612099133845,0.686760323987867,0.684594909375475,0.682106577515182,0.67928902104793,0.676136206699688,0.672640062835773,0.668800175354969,0.664624610744097,0.660152242589251,0.655409288418481,0.650417546609308,0.645198839401772,0.639770995122579,0.634148738948502,0.628341915782341,0.622350843430235,0.616163071032774,0.609753793846914,0.603084876192743,0.59610408375105,0.588744925932516,0.580930461240893,0.572570877922486,0.563571112264937
0.569201384556716,0.559381523002268,0.548949582340475,0.537909228131921,0.526294093087046,0.514216208876486,0.501938271437971,0.490040946229826,0.479483247003661,0.470685567260723,0.462983971873263,0.45575598426952,0.448834403383391,0.44244770726236,0.437232794243386,0.43422134636278,0.434576349688669,0.43898523841447,0.447173896413011,0.45809966043592,0.470559766923061,0.483593872515161,0.496563127181706,0.50908143290843,0.520928728848595,0.531986584480212,0.542200170054001,0.551559495288389,0.560068963284448,0.567741915334143,0.574611071203211,0.580704255189318,0.586054198847262,0.590708505460467,0.594696494186645,0.598030752898587,0.600722191227271,0.602804282332525,0.604308398609798,0.605253322680702,0.605650074590549,0.605517733312682,0.604867749198153,0.60370528547429,0.602034761323603,0.599859624013836,0.597172955048144,0.593961112481079,0.590215877942137,0.585938255281466,0.581129772264607,0.575789207897161,0.569915038889393,0.563506184671688,0.556560852362573,0.549071837926915,0.541036957737085,0.532469585161828,0.523401957521663,0.513875876568438,0.503945974992162,0.493683268230885,0.483178997897652,0.472552581649237,0.461964209659046,0.451626066104661,0.441795463582898,0.432790843707556,0.425007872728059,0.418891115696822,0.414871614336644,0.413273551427544,0.414219391802904,0.417584237574694,0.423028970940104,0.430092116603884,0.438290716341559,0.447192763901861,0.456442882840104,0.465772229533635,0.474984928386999,0.483941017753679,0.492557016542546,0.50078021978266,0.508580305125655,0.515946738933627,0.522893328482268,0.52945478463302,0.535647568630936,0.541506192090304,0.547064424914434,0.552353154813997,0.557400734430693,0.562232056079517,0.566868264814515,0.571326939295426,0.575625636748771,0.579782185252864,0.583810594609433,0.587722312675129,0.591526390885208,0.595239873105331,0.598881052284734,0.602467479408654,0.606014761544827,0.609535918425253,0.613042269355149,0.616556343567228,0.620099331525946,0.623676201700945,0.627279820082481,0.630894916684465,0.634495625415246,0.63804934297344,0.641510332329542,0.644823947534187,0.647970752109854,0.650940536946084,0.653725413813416,0.656311060590593,0.658692695779169,0.660883169550139,0.662900857975836,0.664765033524938,0.666496576350661,0.668131551034385,0.669707769517776,0.6712621083052,0.672828101364232,0.674433370538424,0.676093388358812,0.677817806600379,0.679618197186684,0.681494433686544,0.683434712922055,0.685424242510183,0.687445747638411,0.689468744317133,0.691455991559993,0.693372451236432,0.695182783826168,0.696852295231587,0.698347909019869,0.699641355575771,0.700725425395626,0.701590485192445,0.702225256283371,0.702623631102939,0.702784739685152,0.702707956305774,0.702391540490071,0.701832315499938,0.701026074675652,0.699966109769945,0.698640846002744,0.697041307987318,0.695162887235379,0.692998435107058,0.690539526807114,0.687780487049924,0.684716916976206,0.681343128218688,0.677659846820767,0.673687747433085,0.669449427940748,0.664956346112687,0.660219423854491,0.65524740826239,0.650045192717299,0.644613299938365,0.638949586983989,0.633046682742113,0.626889756539007,0.620455122015471,0.61371185325338,0.606622682922973,0.599144258831824,0.591226787089541,0.582818744129727,0.573874282851194
0.582243842682389,0.573607137437119,0.564679696489564,0.555526043555979,0.546243229600272,0.53697566249828,0.527912726009446,0.519271897659666,0.511252858726078,0.503981296634393,0.497509505172724,0.491862337043245,0.487104338146119,0.483381047776895,0.480917128341929,0.479972102159508,0.480766577305163,0.483398285730217,0.487788546151819,0.493693447055027,0.500762863934017,0.508615334372243,0.516895807471875,0.525306196379373,0.533612650852798,0.541642416193381,0.549274757121725,0.556419908502047,0.563017223207437,0.569029436223728,0.57444123281413,0.579247944145251,0.583460155904683,0.587087084287816,0.590131730382271,0.592602071221214,0.594499143704135,0.595834268310457,0.596620463632607,0.5968689483288,0.596585154737434,0.595766078768556,0.59441091342073,0.592524760908207,0.590105136822903,0.587144997752955,0.583633726836968,0.579561668972423,0.574919243382515,0.569692999533006,0.563868411084745,0.557440947761892,0.55040196641977,0.542741379032858,0.534441474160121,0.525487686413478,0.51587225955169,0.505593387539191,0.494655900343037,0.483080152393201,0.470897938772302,0.458155549999326,0.444920799214842,0.431288322360748,0.417388674644688,0.403403219458143,0.38959098285339,0.376337277893129,0.3642623379034,0.354322540758589,0.347821195503949,0.346071065212253,0.349650145239125,0.357931741489656,0.369504875363998,0.382934372432915,0.397154117819435,0.411483251701853,0.425518655667724,0.439033501091814,0.45191209922843,0.464104370055364,0.47560474814751,0.48642496870843,0.496586890517176,0.506122476650795,0.515065496387153,0.523451230835997,0.531310056729982,0.538702782442058,0.545676899356527,0.552271722668779,0.558522674179045,0.564461244983739,0.570115066159103,0.575508064456822,0.580660107819795,0.585592746343496,0.590328474862985,0.594887821111255,0.599289823708774,0.603551996760136,0.607690125007333,0.611717896837684,0.615646403748925,0.619484856412723,0.62325413044798,0.62696979507715,0.630645547767974,0.634286897262984,0.637891394171999,0.641453426897668,0.644960387133717,0.648387857960961,0.651698978303929,0.654883180354773,0.657936283353671,0.660852811824223,0.663632809470887,0.666276800831066,0.668776660011191,0.671134936049707,0.673364569152936,0.675481037433499,0.677496854126167,0.67942358714833,0.681280819462102,0.683086611184327,0.684846747164094,0.686570120978188,0.688274883492535,0.689973447269206,0.691671494644235,0.693368380203884,0.695057152408516,0.696731907159928,0.698384075411551,0.699994862023845,0.701545851031053,0.703016691473106,0.704385501693743,0.705629676168373,0.706726549335642,0.707655296404724,0.708409747613494,0.708982525437914,0.709363801599798,0.709544630873267,0.709517737777742,0.709277944544891,0.708821644537788,0.708144933192495,0.707242909410442,0.706108671092823,0.70473362469757,0.703111299886475,0.701235499333953,0.699099392996367,0.696698361988524,0.694026586219529,0.691077362616421,0.68784763346689,0.684343697535931,0.680589492777234,0.676591007308887,0.67235385339578,0.66788335953516,0.66318305412353,0.65825420267808,0.653095216271631,0.647700382565815,0.642061911433255,0.636169397492804,0.630009008685504,0.623562966908064,0.616812596153122,0.609739449716651,0.602324724798801,0.594554382811424,0.586426973120148
0.596648426972114,0.58948559019102,0.582239944037593,0.574974129547483,0.567763849060679,0.560698609839388,0.55387596339299,0.547396770318886,0.541357886499727,0.535844737249559,0.530938231822428,0.526714795345436,0.523249773586389,0.520619811374458,0.518899366681825,0.518150494824072,0.518408840564168,0.519672484696041,0.521893682288175,0.524978064997385,0.5287936534661,0.533183983419315,0.53798307388024,0.54302836237931,0.548173217212187,0.553291443055793,0.558271262810237,0.563019148112707,0.567458134531801,0.571526128397027,0.575186956530804,0.578422748365678,0.581217803545536,0.583559668994561,0.585437449853005,0.586835874156033,0.587743850887397,0.588159293564695,0.588078832897894,0.587498091590397,0.586413983465933,0.584823731659896,0.58271916321083,0.580087987251623,0.576920492295729,0.573204959253489,0.56892678365476,0.56406845844126,0.558611219690534,0.552536601680006,0.545826857700828,0.538461647927008,0.530409579014543,0.521640081087889,0.512123746397503,0.501832424837875,0.490736820041144,0.478806275779443,0.466010334007509,0.452318368024916,0.437711159709998,0.422182205227071,0.40574186284715,0.388427601132676,0.370316392521607,0.351534163659172,0.332249897869016,0.312639079910016,0.292799109729675,0.272790141223838,0.253719316087775,0.244958743539438,0.261563156318347,0.287626491689441,0.313402945627434,0.337390287238897,0.359490560889365,0.379839791470835,0.398604134869865,0.41593870158388,0.431981670576533,0.446856812029993,0.460679768607093,0.473548597763756,0.485547891715478,0.496753534417328,0.507232509663175,0.51704896462857,0.526256402683071,0.534891527870356,0.542999365846648,0.550625004646383,0.557823729603411,0.56463713781098,0.571098653266953,0.577238310780646,0.58308313978498,0.588658668911158,0.593990834011566,0.599101595648113,0.604010508433681,0.608734865124499,0.613289666640654,0.61768752910951,0.621939882489799,0.626067931299324,0.63008698654164,0.634006510992877,0.637838000310356,0.641588313655877,0.645258783266091,0.64884840617733,0.652342974198707,0.655726678573275,0.658995318711512,0.662146918123668,0.665182469159545,0.668104469935783,0.670912003399264,0.673608468877902,0.676196953805326,0.67867183192913,0.68103706611104,0.683301698060807,0.685474175138868,0.687551207474199,0.689533495313057,0.691431565121752,0.693254890049557,0.695012533036034,0.696714771222372,0.698367409320666,0.699972829155908,0.701529939739833,0.703034166465725,0.704481712431621,0.705867603692471,0.707184030391073,0.708420965687592,0.709566530335078,0.710607438747361,0.71152942734554,0.712317644393803,0.712957317953286,0.713442897282014,0.713770267694702,0.713931830882847,0.713919866378222,0.713726730803812,0.713346210129907,0.712774126302405,0.712004756416964,0.711032353465674,0.709850679732667,0.708452635546699,0.706833059068592,0.704987967514396,0.702912293232423,0.70060103297049,0.698048236732267,0.6952480780339,0.692200183715735,0.688921052862191,0.685420205400893,0.681700141897133,0.677764007484957,0.673615277915197,0.669256399094144,0.664688643971975,0.659912010621159,0.654925041614381,0.649724291413593,0.644306819909256,0.638669283994346,0.632808256232165,0.626720478325292,0.620405133004673,0.613866272878327,0.607115247368964,0.60017227662415
0.610862302390525,0.605099329082311,0.599350589715985,0.593662043977938,0.58808298472862,0.582667215273176,0.577470411073142,0.572549654946757,0.567960725926,0.563755405967283,0.559985822368193,0.556700283908503,0.553941300212143,0.551744177739786,0.550135027857482,0.549128370936875,0.548724402578846,0.548906828033992,0.54964278083677,0.550884067368449,0.552568235489663,0.554621278115582,0.556961347560826,0.559506927409603,0.562175526960506,0.564884972299729,0.567558297231982,0.570124684655389,0.57252107271726,0.574697576929688,0.57662134906751,0.578258330000344,0.579581713161257,0.580570336716582,0.581203463505577,0.581450732804279,0.581294035532941,0.580721265056231,0.579723333956106,0.578289508718489,0.576407783769506,0.574065346573062,0.571248618888729,0.567942435670358,0.564129250667219,0.559787379671773,0.55489935250966,0.549445597637248,0.543403630171952,0.536748063270126,0.52945000553929,0.52147389933538,0.512784617476485,0.503344159594036,0.493110016074897,0.482030538725441,0.470052706156061,0.457114895659985,0.443146063573069,0.428064005526444,0.411772909748886,0.394160514278967,0.375105508134157,0.354480701927564,0.332174707665888,0.308165769232464,0.282740561204804,0.257110086527379,0.234801089311653,0.222055252834886,0.22210234882077,0.232975430398045,0.252125922427361,0.275853876720319,0.300656263879358,0.324697977362939,0.347314437931949,0.368357298937383,0.387870976872072,0.405963294042104,0.42275578581045,0.438364364148736,0.452897763341196,0.466459926151842,0.479139546185999,0.491014831467877,0.502157799356922,0.51263019369188,0.522488031073125,0.531774980227708,0.540525644319315,0.548781662510821,0.556582551679414,0.563964478950376,0.570960587361955,0.577601259594938,0.583914634150056,0.589931011741292,0.595674996257524,0.601169064323588,0.606431974934288,0.61148011421039,0.616327671177128,0.620992865909084,0.625494499493091,0.629845562618775,0.634057670724235,0.638139589679269,0.642100513691117,0.645948603034388,0.649683297346467,0.653298428972705,0.656796843604059,0.660179797614958,0.663447292861082,0.666600140797624,0.6696406050978,0.672573645473673,0.675403637832569,0.67813098247994,0.680754880139228,0.683276440723301,0.685690301297968,0.687997834751902,0.690204475990762,0.692315266492259,0.694332330881624,0.69625548338026,0.698089158853143,0.699838799198911,0.701509650261894,0.703104292079785,0.704623444441114,0.706065463510342,0.707425384140749,0.708701726199577,0.709894609433777,0.710999885657985,0.712011948979086,0.712923941817474,0.713727965110995,0.714415293975973,0.71497658908159,0.715402096052885,0.715685696096435,0.715826198876917,0.715818765221038,0.715657714897294,0.715337256445525,0.714851513947775,0.714194809551752,0.713363373110832,0.712353583837712,0.711160035224337,0.709776914552515,0.708199214914084,0.706423128837195,0.704444780291987,0.702260293108875,0.699865929223869,0.697259950052203,0.694448741362013,0.691443347005456,0.688246772967352,0.684860678302405,0.681287822416258,0.67753180857158,0.673595949729484,0.669483277034661,0.665196594835388,0.660738587244792,0.65611189812132,0.651318837947538,0.646363708894315,0.641252569824191,0.635992772845738,0.630593417956071,0.625068479927949,0.619438213876294,0.613728415641933
0.623608343486796,0.619035877914586,0.614510853182521,0.610063132912989,0.605722978194369,0.60152192228632,0.597492191491501,0.593665746330028,0.590072603705299,0.586740557698154,0.583697482399139,0.580967816987908,0.578571489098816,0.576523059537515,0.574831030548028,0.573497050573427,0.572515410826909,0.571872673525529,0.571547618414974,0.571511600699427,0.571729980874285,0.572164499258906,0.572775922436003,0.573518978780391,0.574347556572184,0.57521327479732,0.576067946661814,0.576864810642147,0.577564207398266,0.578134107360747,0.578541172782792,0.578755880604824,0.578752393969364,0.57850413990528,0.577982655138043,0.577163039139208,0.576028212745025,0.574561192457933,0.57274567057217,0.570565962693219,0.568006298425185,0.565050898787953,0.561684228365366,0.557890480813449,0.553653041649268,0.548954631834936,0.543775725023045,0.538093450868367,0.531885634898868,0.525127397291945,0.517790936981321,0.509847376028504,0.501267014672455,0.492016419564787,0.482061238945256,0.471364092319428,0.459883332190879,0.44757196430769,0.43437520084399,0.420231788371385,0.405076709022099,0.388839260130251,0.371446436075666,0.352831346402356,0.332963590427098,0.311927306909919,0.290135152119286,0.268984604845194,0.252551619322124,0.248258680962246,0.257794043815414,0.274235063029762,0.292694810939328,0.311481044040096,0.330058770962274,0.348203086711618,0.365777152324953,0.382687616434521,0.398877142499464,0.414317678601303,0.429003501704566,0.442945167772389,0.456165360034009,0.468695800744647,0.48057202250332,0.491832467812502,0.502515355282537,0.51265529570664,0.5222857049782,0.531437961917823,0.540135416970188,0.548399178645695,0.556256444307436,0.563733376985034,0.57085442248314,0.577642351068924,0.58411829723823,0.590301794573497,0.596210804103573,0.601861791054648,0.607271691895242,0.612461186571151,0.617447506085765,0.622244748854733,0.626865431546458,0.631320493739008,0.635619842715075,0.639770685365627,0.643774984066176,0.647640351964694,0.651373345334806,0.654978660358479,0.658460231976303,0.661821484776182,0.665064562118627,0.668191467865283,0.671203840605694,0.674105812240089,0.676902195572079,0.679597067428416,0.682192384865153,0.68468858304859,0.687088014688785,0.689386931824936,0.691583778320191,0.693681579148305,0.695682805406815,0.697588483885666,0.699396088193291,0.701108423653394,0.702727985895742,0.704254819523412,0.705688411912331,0.707028184128096,0.708272582216006,0.709420158169548,0.710471942995821,0.711425988160561,0.712279246054454,0.713027884349572,0.713667383757076,0.714192643639341,0.714598091454751,0.714877792463033,0.715025843785898,0.715041749425512,0.714923283230995,0.714667053261278,0.714269176936277,0.713725646363184,0.713032359118387,0.712185145552925,0.71117976972909,0.710012950523277,0.708681754686204,0.707184459875941,0.705518677430843,0.703680502041524,0.70166830513505,0.699481068052597,0.697120580803917,0.694597727342473,0.691915322662375,0.689075167223649,0.686078953851726,0.682929460866166,0.679630607936234,0.676186633177392,0.672602187541833,0.668882215199299,0.665032058687771,0.661057612040306,0.656965734892299,0.652763749737642,0.648460619615173,0.644067284740106,0.639596899634535,0.635064988570871,0.630490307521186,0.625897272829307
0.633944167720404,0.630336219424,0.626774909150877,0.623277003524305,0.619859486320039,0.616540113456151,0.613336643227192,0.610265715301221,0.607341449795334,0.604578067065843,0.60198885072803,0.599584711952197,0.597373808566325,0.595361201172239,0.593548561153739,0.591934221048189,0.59051309975391,0.589275950679241,0.588209852008142,0.587298657665301,0.586525719943082,0.585870047324395,0.585307582984582,0.584812507202432,0.584357822082397,0.583915362369983,0.583456652099325,0.582957897813502,0.582395002944188,0.581743344084496,0.580981373921902,0.580088049576972,0.579040931893476,0.577814174359559,0.576385052201427,0.574736120105603,0.572850659589359,0.570712961251799,0.568308369965761,0.565622629528594,0.562642075209418,0.559354064825156,0.55574576049942,0.551804252208112,0.547516924921416,0.542871384721879,0.537855177079898,0.532454223118977,0.526655440822633,0.520446267062131,0.513814501179925,0.506750832292658,0.499248042623792,0.491301285246718,0.482908701313667,0.474072671675999,0.464801132718899,0.455109668117094,0.445028193684204,0.434603823925278,0.423907742330589,0.413044446332677,0.40216666888518,0.39149123037864,0.381316025768462,0.372036300056629,0.364139753613673,0.358165494903807,0.354611421455241,0.353807096578974,0.355804594744949,0.360370760279707,0.367077725809747,0.375428806636536,0.384957021651187,0.395271766335372,0.406066781883907,0.417110307754626,0.428228823125689,0.439293798421315,0.450211308831876,0.460913358373418,0.471351491228035,0.481495222161937,0.491326652804743,0.500834959836012,0.510015055006808,0.518866528613406,0.527393008758986,0.535600386056084,0.543497063798835,0.551087498764902,0.558376078293044,0.565373478484038,0.57209098830212,0.578539842974204,0.58473104877953,0.590676677916057,0.596390446123229,0.601884012550705,0.607168215306887,0.612253256144645,0.617149483478261,0.621866095515592,0.626408952910678,0.630785640849097,0.635003526112948,0.63906993932183,0.642991580351133,0.646775071644619,0.650426318956481,0.65395037070711,0.657351254296094,0.660632263052646,0.663796953258859,0.666848194165231,0.669788290482298,0.672619779287693,0.675346361843753,0.677971649732773,0.680498695727743,0.682929981236882,0.685265765372235,0.687506159535099,0.689650214809475,0.691693670652253,0.693637461594063,0.695482106529977,0.697227877850875,0.698874426466684,0.700420995971518,0.701868379653373,0.703216835179125,0.70446608177844,0.705615307955958,0.706663227899225,0.707610207546274,0.708456133172088,0.709199497401496,0.709838334057357,0.710370264171961,0.710792547441142,0.711102137625692,0.711295740450134,0.711369872657255,0.711321233198479,0.711150640864912,0.710856569380248,0.710436863326192,0.709889256131414,0.709211364802837,0.708400445679187,0.70745334355859,0.706367221959436,0.705140194828997,0.703770871640024,0.702258786506645,0.700604110131732,0.698807129081005,0.696869925957744,0.694801426211426,0.692604679105802,0.690281813385976,0.687835250927784,0.685267141820813,0.682580518113315,0.679779343614237,0.676867865095258,0.673850576169806,0.670732568453156,0.66751984797948,0.664219271740272,0.660838273827234,0.657385073366917,0.653868797001807,0.650299443747704,0.646688847709036,0.64305048504022,0.639400669127686,0.635755135720704
0.64118255431788,0.638340770192431,0.635528371715497,0.632754343652744,0.630028077555317,0.627358362214919,0.624753819087388,0.622221929138297,0.619769205368346,0.617402398664586,0.615127191934111,0.612947914667332,0.610867415485188,0.608886916544389,0.607005912608275,0.605222107447665,0.603531377501421,0.601928603487975,0.600408023130889,0.598960522098394,0.597575358817383,0.596240351448599,0.594942095643832,0.5936660505574,0.592396854883145,0.59112130201692,0.58982685939659,0.588498222078569,0.587121292349534,0.585682447349552,0.584166327630019,0.582556994586941,0.580835130460566,0.578986948125209,0.577000949964288,0.574865412343771,0.572569341635244,0.570102269096344,0.567454291418726,0.564616140431702,0.561579328272897,0.558336240494092,0.554880040904048,0.55120471688305,0.547304191065427,0.543174119086856,0.538811417153763,0.534215070839719,0.52938635159939,0.524328740273259,0.519048291219393,0.513554122212995,0.507859008784561,0.501980090920843,0.495938976785363,0.489763979332358,0.483491346125397,0.477165891874397,0.470842089993547,0.464585516408395,0.458474603149453,0.452600695754802,0.447067702856823,0.441989778551641,0.437489767166604,0.433693028890646,0.4307192328429,0.428673003250552,0.427634224393026,0.427649814876594,0.428728813488697,0.430840604335292,0.433921560000326,0.437883074955347,0.442619164186259,0.448016297142465,0.45396011631301,0.460341311098206,0.467059409088845,0.474024591983408,0.481158066285697,0.488393032494528,0.495672816026518,0.502949508535669,0.510183894806287,0.51734531990146,0.524408613367691,0.531353158441878,0.538163176605282,0.544826630075579,0.551333974905583,0.557679102308768,0.56385658538409,0.569859653476769,0.575687323274274,0.581340284607519,0.586820221720887,0.5921299475018,0.597272653740596,0.602251767709136,0.607071009078902,0.611734288692391,0.616245623710521,0.620609066851524,0.624828647816633,0.628908419614225,0.632853088673153,0.636666799942933,0.640353479474227,0.64391713390199,0.647361596955532,0.650690081713383,0.653905887899947,0.657011753229498,0.660009965035033,0.662902537253518,0.66569179744083,0.668379223458022,0.670967141445305,0.673457755030484,0.675852695750914,0.678153536110258,0.68036171205016,0.68247831738786,0.684503623738283,0.686436421670575,0.688274539830678,0.690015098538898,0.691658694631667,0.693206480733428,0.694658971399456,0.696014931533044,0.697273246778722,0.698433916585528,0.699496664430964,0.700460949885111,0.701326057906101,0.702092473627366,0.702760055867894,0.703327993244529,0.703795253603423,0.704160609300777,0.704422664987654,0.704579887378021,0.704630636480221,0.704573197791181,0.704405814986348,0.704128077172447,0.703741210001212,0.703243891230867,0.702634582515363,0.701911514499667,0.701073321786826,0.70011957146933,0.69904978678427,0.697863779564233,0.696561718641991,0.69514419627615,0.693613747260312,0.691977300742456,0.690237870094743,0.688398006141909,0.686460420466038,0.684427742519147,0.682302760305694,0.680088917251359,0.67778992902859,0.675409865611495,0.672953176182296,0.670424743445388,0.667829787562145,0.665174057054904,0.662463786177642,0.659705737583051,0.656907060250663,0.654075312435785,0.651219344649019,0.64834959013681,0.645475620782886,0.642607481103298
0.644955641574236,0.642727797375264,0.640509621648896,0.638305756054168,0.636120505713937,0.633957987514712,0.631821618478604,0.629714779479756,0.627640236127281,0.625600360560793,0.623597234553082,0.621632279993609,0.619706177271572,0.617818864893033,0.615970548280511,0.614160136713678,0.612385234739509,0.61064261235482,0.608928221836342,0.607237230967174,0.605564071039363,0.603902484459788,0.602246208639007,0.600591131806097,0.598931014127347,0.597258685524021,0.595567626657541,0.593850338644509,0.592098949747032,0.590303440911941,0.588454325252052,0.586543869175165,0.584564665134745,0.582510454702801,0.580375411004061,0.578153874948668,0.575840690278795,0.573431246095919,0.57092155793304,0.56830814194532,0.565587963004414,0.562759367754512,0.559821409465079,0.556774557568724,0.553620564783002,0.550362500421886,0.547004882573995,0.543553822596904,0.540017181708208,0.53640473844005,0.532728363304374,0.529002205173721,0.525242872541274,0.521469603835178,0.517704368011173,0.513971866571259,0.510300026597162,0.506719748460573,0.50326472884051,0.499971182205545,0.496877386575278,0.494022774193079,0.49144760300658,0.489191847811932,0.487293800889198,0.485788734793387,0.484707526122721,0.484075360015886,0.483910585412196,0.484223859271752,0.48501768489081,0.486286370498471,0.488016043028993,0.490185233005997,0.492767951573932,0.495733531139337,0.499048034846006,0.50267522252712,0.506578217264426,0.510720279229241,0.515065308184231,0.519578523267356,0.524227116475304,0.528980685508402,0.533811578256374,0.538694527346979,0.543607134809772,0.548529532243784,0.553444297471103,0.558336099409735,0.563191812478987,0.567999726895778,0.57274953058155,0.577432432779144,0.582039489252527,0.586562815916443,0.59099778341166,0.595340747604614,0.599588877703236,0.603740044418788,0.607792718903639,0.611745881902527,0.615598967559482,0.6193518676975,0.623004761275193,0.626558053535623,0.63001231676647,0.633368260572212,0.636626693310857,0.639788591606858,0.642855167236155,0.645827716030716,0.648707239532153,0.651494834001181,0.654191492164664,0.656798133759781,0.659315486370379,0.661744042567757,0.664084748645568,0.666338786213911,0.66850724623428,0.670590910315057,0.672590389965348,0.674506158152144,0.6763385294315,0.678087647192308,0.679753530362065,0.681336076628156,0.682833907608309,0.684244284169277,0.685566737838698,0.686801467829773,0.687948529338024,0.68900779118785,0.689977963751511,0.69085845004904,0.691649046161226,0.692349452405581,0.692959565390359,0.693479824367784,0.693910022345405,0.694249833915985,0.694498865697279,0.694656670877544,0.694722649360026,0.694696116179539,0.694576573378972,0.694363463338928,0.69405608691427,0.693654006508033,0.69315854106347,0.692570511672755,0.691889929734308,0.691117018035474,0.690252300972392,0.689296487960067,0.688250417980336,0.687116562657865,0.68589910258856,0.684599883313911,0.683220854622363,0.681764197712187,0.680232393127194,0.67862806980517,0.676954118330678,0.675213647133102,0.673409931394027,0.671546458001567,0.669626884773146,0.66765508230837,0.66563506399946,0.663571029683737,0.661467336353788,0.659328581338722,0.657159825984579,0.65496731559524,0.652756575155077,0.650532979497209,0.648301995630512,0.646068605817536
0.645067311058106,0.643360304627645,0.6416474045028,0.639930575499106,0.638211698813469,0.636492672517585,0.634775170661305,0.633060571465757,0.631350363117061,0.629645870421507,0.627947817253027,0.626256656491021,0.624572531864724,0.622895245568943,0.621224414316238,0.619559438321066,0.617899375293083,0.616242963219371,0.614588986301442,0.612937100582163,0.611285867576754,0.609633701812338,0.607978581232294,0.606318042357589,0.60464867331259,0.602967181139585,0.601270796641751,0.599556725568188,0.597822220796197,0.596064558405447,0.594281089416987,0.592469224062685,0.590626688654176,0.588752011112589,0.586843885113408,0.584901133248478,0.582923059066848,0.580909391251935,0.578860327444895,0.576776577123036,0.574659405267628,0.572510675624989,0.570332893098022,0.568129244820766,0.565903639324373,0.563660743031186,0.561406013115106,0.559145725544177,0.556886943150359,0.554637594053484,0.552406538957496,0.550203501335099,0.548039025825228,0.54592445327548,0.543871863137494,0.541893995311405,0.540004145022147,0.538216034245512,0.536543657969444,0.535001104722847,0.533602353543683,0.532361050635399,0.531290270594801,0.530402268728002,0.52970823245129,0.529218040929132,0.528940042761831,0.528880869197154,0.529045377451498,0.529436377533317,0.530054588781204,0.530898720875631,0.531965536667531,0.533249908015075,0.534744427841104,0.536439959666584,0.538326838845155,0.540394127753781,0.542629894371729,0.545021476630137,0.547555710846182,0.550219147860682,0.552998359032132,0.555879975038095,0.558850874847911,0.561898247213457,0.565009769158829,0.568173736954312,0.571379003392383,0.574615006822626,0.57787198279875,0.581140971775239,0.58441370332822,0.587682524924674,0.590940230892856,0.594180073678017,0.597395805047732,0.600580787559241,0.603729882866952,0.606838857601605,0.609903936138733,0.612921782692807,0.615889454530544,0.618804351305535,0.621664186540114,0.624466955620147,0.627210905652577,0.629894507268916,0.6325164284131,0.635075510116134,0.63757074423152,0.640001253083373,0.64236632947396,0.644665570648734,0.646898428402068,0.649064373274269,0.651162912252859,0.653193378557876,0.655155452251673,0.657049054940108,0.658874257223526,0.660631016137856,0.66231923817798,0.663938784373838,0.665489504150479,0.666971226522061,0.668383772430238,0.669726937810007,0.671000449831602,0.672204173535087,0.673337909414546,0.674401374986954,0.675394089697403,0.676314321986805,0.677161007420853,0.677933913734095,0.678632930780172,0.679257936840463,0.679808593575743,0.680284267930565,0.680684909419783,0.6810106397722,0.681261819579006,0.681438447232098,0.681540585847061,0.681568335613676,0.681521789954871,0.681401180685717,0.681206738430785,0.680938814074934,0.680597858280928,0.68018440091207,0.679699058769843,0.67914254192457,0.678515684573298,0.677820682191582,0.67706064599978,0.67623700562814,0.675351162829114,0.6744046138099,0.673398870541506,0.672335509854739,0.671216322661583,0.67004324573441,0.668818331375876,0.667543712753579,0.666221620330363,0.66485436229874,0.663444332857763,0.661994112288529,0.660506329097252,0.658983749066578,0.657429604807624,0.655847149828163,0.65423918613883,0.652608627410712,0.650958305378455,0.649290979038648,0.647609242742361,0.645915510730836
0.641339147152396,0.640131167789102,0.638909661194519,0.637675731251014,0.636430418234557,0.63517469365267,0.633909455580322,0.632635524576969,0.631353603644387,0.630064285657227,0.628768366585074,0.627466853290446,0.626160325979344,0.624849144605434,0.623533567171438,0.622213841406254,0.620890124959872,0.619562500325789,0.618231049668613,0.616895809648997,0.615556771131421,0.61421388813339,0.612867073380928,0.611516221011005,0.610161229244872,0.608802027435527,0.607438569633972,0.606070846776794,0.604698904282876,0.603322853427056,0.601942899348071,0.600559370275988,0.599172711873582,0.597783616395447,0.596393050008099,0.59500198709591,0.593611570518198,0.592223126368356,0.59083817475715,0.589458439383923,0.588085855695418,0.586722577422959,0.585370981280739,0.584033669601651,0.582713470683242,0.581413436615965,0.580136838369989,0.578887157926625,0.577668077257063,0.576483463975922,0.575337353531067,0.574233927835328,0.573177490300704,0.572172437301633,0.571223226170704,0.570334339916786,0.569510248950349,0.568755370201221,0.568074025381074,0.567470424982714,0.566948581814013,0.56651226761652,0.566165017564812,0.565910064147508,0.565750266192104,0.565688063187343,0.565725465225654,0.565864048404327,0.566104908368889,0.566448659270692,0.566895398048962,0.56744470180847,0.568095643341969,0.568846801582524,0.56969627837065,0.570641721050247,0.571680350272008,0.57280887026995,0.574023342905343,0.575319985189798,0.576694749744327,0.578143348832693,0.579661295899201,0.581243949152258,0.582886573797096,0.584584337744716,0.58633235859762,0.588125759163061,0.589959683257698,0.591829349062447,0.59373003995503,0.595657125477613,0.59760610270753,0.599572582443577,0.601552315881714,0.603541227451363,0.605535422637514,0.607531172730782,0.609524861003844,0.611512940142873,0.613492161391155,0.615459357017391,0.617411243398847,0.61934502227672,0.62125818676049,0.623148375751725,0.62501337137572,0.626851083219974,0.628659547862087,0.63043692761751,0.632181503631997,0.63389166903652,0.635565922233993,0.637202860376239,0.638801173079595,0.640359636418644,0.641877075335175,0.643352304039087,0.644784430917991,0.646172643843921,0.647516152734289,0.648814226042418,0.650066166703703,0.651271322164532,0.652429081617438,0.653538873323453,0.654600181992496,0.655612550294611,0.656575517585585,0.657488644308521,0.658351573392582,0.659163979090286,0.659925531250811,0.660635924470425,0.66129488753133,0.661902174854731,0.662457545665683,0.662960801133623,0.663411776171712,0.66381034874442,0.664156432234578,0.664449704764071,0.664689876074745,0.664877053220091,0.665011389487677,0.665093082847919,0.665122377841958,0.665099566729697,0.665024953595059,0.664898881331414,0.66472179315106,0.664494232196887,0.66421721973364,0.663891942615757,0.663519174088687,0.66309971756004,0.662634410676393,0.662124135822476,0.661569858042886,0.660972598244606,0.660333422610516,0.659653442602323,0.658933810219756,0.6581757119677,0.657380368668691,0.656549038245548,0.655683015682214,0.654783801790973,0.653853025060152,0.652892078298241,0.651902376509653,0.650885424207489,0.649842694785336,0.648775618957585,0.647685540656979,0.646573815458719,0.645441728946736,0.644290546108395,0.643121556631502,0.641936041082402
0.633741361118074,0.633081247440834,0.632409946698939,0.631728070895181,0.631036229009347,0.630335026603581,0.62962506554317,0.628906943838502,0.62818125561306,0.627448591201397,0.626709537379966,0.625964677732553,0.625214593150795,0.62445986246896,0.62370106323076,0.622938772584494,0.622173568301301,0.62140602990973,0.620636739938253,0.619866285255687,0.619095258497944,0.618324259567857,0.617553897193305,0.616784790527325,0.616017570772425,0.615252880062362,0.614491376443385,0.613733740701643,0.612980670826389,0.612232882853632,0.611491118599752,0.610756142486856,0.610028742283321,0.609309729916862,0.608599942080842,0.607900265591237,0.607211633387255,0.606534966590836,0.605871209665742,0.605221330094455,0.604586317186019,0.6039671805501,0.603364948227834,0.602780664473195,0.602215387182052,0.601670184969803,0.601146133902493,0.600644313890523,0.60016580475849,0.599711682009239,0.599283012304813,0.598880848691641,0.598506225601818,0.598160153666754,0.597843614383588,0.597557554678597,0.597302881415183,0.597080455950148,0.596891088639158,0.596735533362671,0.596614482459223,0.596528561752289,0.596478325840158,0.596464254643171,0.596486752860156,0.596546138689461,0.596642643427668,0.596776409431432,0.596947487973081,0.597155837642511,0.597401323313542,0.597683715630382,0.598002691153354,0.598357833170634,0.598748632902684,0.599174491320191,0.599634721487634,0.600128551402421,0.600655127294687,0.601213517348264,0.601802715799537,0.602421647367905,0.603069171969414,0.603744093401906,0.604445162280711,0.60517107478831,0.605920482897878,0.606691948259806,0.607483982940442,0.608295151336975,0.609123999490492,0.609969051277121,0.610828816581987,0.611701796842083,0.612586495056598,0.613481425973481,0.614385094604714,0.615296012645026,0.616212703479516,0.617133705660864,0.618057575883748,0.618982891646908,0.619908253900875,0.620832287919764,0.621753647039206,0.622671015473105,0.623583108569187,0.62448867485243,0.625386496609318,0.626275384153443,0.627154181676271,0.62802177974311,0.628877103561467,0.629719113611051,0.63054679959116,0.631359154882338,0.632155262078841,0.632934247765484,0.633695275951276,0.634437547303329,0.635160280568864,0.635862744894152,0.636544256532604,0.637204166974795,0.63784186253561,0.638456763917452,0.639048325779537,0.639616036317921,0.640159416860009,0.640678021476468,0.641171436611951,0.641639280385818,0.642081202454738,0.642496884033428,0.642886044759782,0.643248438102353,0.643583840042961,0.643892056478772,0.644172922699508,0.644426301175978,0.64465208528956,0.644850198067013,0.645020627995956,0.645163474103804,0.645278768960679,0.645366566190055,0.645426947530515,0.645460022515972,0.645465928261254,0.645444847704115,0.645396989091494,0.645322575371311,0.645221855395917,0.645095105492044,0.644942631278614,0.644764757267188,0.644561831000423,0.644334228127856,0.644082350073113,0.643806611588582,0.643507447665145,0.64318531316479,0.642840689901051,0.642474074757311,0.642085975484546,0.641676913275978,0.641247415498332,0.640798029233621,0.640329315492201,0.639841845847643,0.639336201230184,0.638812970500212,0.638272745580056,0.637716123792525,0.637143704875981,0.636556100627892,0.635953926024872,0.635337797022129,0.634708325384015,0.634066127862631
0.622720897948035,0.622720897948035,0.622720897948035,0.622720897948035,0.622720897948035,0.622720897948035,0.622720897948035,0.622720897948035,0.622720897948035,0.622720897948035,0.622720897948035,0.622720897948035,0.622720897948035,0.622720897948035,0.622720897948035,0.622720897948035,0.622720897948035,0.622720897948035,0.622720897948035,0.622720897948035,0.622720897948035,0.622720897948035,0.622720897948035,0.622720897948035,0.622720897948035,0.622720897948035,0.622720897948035,0.622720897948035,0.622720897948035,0.622720897948035,0.622720897948035,0.622720897948035,0.622720897948035,0.622720897948035,0.622720897948035,0.622720897948035,0.622720897948035,0.622720897948035,0.622720897948035,0.622720897948035,0.622720897948035,0.622720897948035,0.622720897948035,0.622720897948035,0.622720897948035,0.622720897948035,0.622720897948035,0.622720897948035,0.622720897948035,0.622720897948035,0.622720897948035,0.622720897948035,0.622720897948035,0.622720897948035,0.622720897948035,0.622720897948035,0.622720897948035,0.622720897948035,0.622720897948035,0.622720897948035,0.622720897948035,0.622720897948035,0.622720897948035,0.622720897948035,0.622720897948035,0.622720897948035,0.622720897948035,0.622720897948035,0.622720897948035,0.622720897948035,0.622720897948035,0.622720897948035,0.622720897948035,0.622720897948035,0.622720897948035,0.622720897948035,0.622720897948035,0.622720897948035,0.622720897948035,0.622720897948035,0.622720897948035,0.622720897948035,0.622720897948035,0.622720897948035,0.622720897948035,0.622720897948035,0.622720897948035,0.622720897948035,0.622720897948035,0.622720897948035,0.622720897948035,0.622720897948035,0.622720897948035,0.622720897948035,0.622720897948035,0.622720897948035,0.622720897948035,0.622720897948035,0.622720897948035,0.622720897948035,0.622720897948035,0.622720897948035,0.622720897948035,0.622720897948035,0.622720897948035,0.622720897948035,0.622720897948035,0.622720897948035,0.622720897948035,0.622720897948035,0.622720897948035,0.622720897948035,0.622720897948035,0.622720897948035,0.622720897948035,0.622720897948035,0.622720897948035,0.622720897948035,0.622720897948035,0.622720897948035,0.622720897948035,0.622720897948035,0.622720897948035,0.622720897948035,0.622720897948035,0.622720897948035,0.622720897948035,0.622720897948035,0.622720897948035,0.622720897948035,0.622720897948035,0.622720897948035,0.622720897948035,0.622720897948035,0.622720897948035,0.622720897948035,0.622720897948035,0.622720897948035,0.622720897948035,0.622720897948035,0.622720897948035,0.622720897948035,0.622720897948035,0.622720897948035,0.622720897948035,0.622720897948035,0.622720897948035,0.622720897948035,0.622720897948035,0.622720897948035,0.622720897948035,0.622720897948035,0.622720897948035,0.622720897948035,0.622720897948035,0.622720897948035,0.622720897948035,0.622720897948035,0.622720897948035,0.622720897948035,0.622720897948035,0.622720897948035,0.622720897948035,0.622720897948035,0.622720897948035,0.622720897948035,0.622720897948035,0.622720897948035,0.622720897948035,0.622720897948035,0.622720897948035,0.622720897948035,0.622720897948035,0.622720897948035,0.622720897948035,0.622720897948035,0.622720897948035,0.622720897948035,0.622720897948035,0.622720897948035
