-0.761925557276753,-0.761925557276753,-0.761925557276753,-0.761925557276753,-0.761925557276753,-0.761925557276753,-0.761925557276753,-0.761925557276753,-0.761925557276753,-0.761925557276753,-0.761925557276753,-0.761925557276753,-0.761925557276753,-0.761925557276753,-0.761925557276753,-0.761925557276753,-0.761925557276753,-0.761925557276753,-0.761925557276753,-0.761925557276753,-0.761925557276753,-0.761925557276753,-0.761925557276753,-0.761925557276753,-0.761925557276753,-0.761925557276753,-0.761925557276753,-0.761925557276753,-0.761925557276753,-0.761925557276753,-0.761925557276753,-0.761925557276753,-0.761925557276753,-0.761925557276753,-0.761925557276753,-0.761925557276753,-0.761925557276753,-0.761925557276753,-0.761925557276753,-0.761925557276753,-0.761925557276753,-0.761925557276753,-0.761925557276753,-0.761925557276753,-0.761925557276753,-0.761925557276753,-0.761925557276753,-0.761925557276753,-0.761925557276753,-0.761925557276753,-0.761925557276753,-0.761925557276753,-0.761925557276753,-0.761925557276753,-0.761925557276753,-0.761925557276753,-0.761925557276753,-0.761925557276753,-0.761925557276753,-0.761925557276753,-0.761925557276753,-0.761925557276753,-0.761925557276753,-0.761925557276753,-0.761925557276753,-0.761925557276753,-0.761925557276753,-0.761925557276753,-0.761925557276753,-0.761925557276753,-0.761925557276753,-0.761925557276753,-0.761925557276753,-0.761925557276753,-0.761925557276753,-0.761925557276753,-0.761925557276753,-0.761925557276753,-0.761925557276753,-0.761925557276753,-0.761925557276753,-0.761925557276753,-0.761925557276753,-0.761925557276753,-0.761925557276753,-0.761925557276753,-0.761925557276753,-0.761925557276753,-0.761925557276753,-0.761925557276753,-0.761925557276753,-0.761925557276753,-0.761925557276753,-0.761925557276753,-0.761925557276753,-0.761925557276753,-0.761925557276753,-0.761925557276753,-0.761925557276753,-0.761925557276753,-0.761925557276753,-0.761925557276753,-0.761925557276753,-0.761925557276753,-0.761925557276753,-0.761925557276753,-0.761925557276753,-0.761925557276753,-0.761925557276753,-0.761925557276753,-0.761925557276753,-0.761925557276753,-0.761925557276753,-0.761925557276753,-0.761925557276753,-0.761925557276753,-0.761925557276753,-0.761925557276753,-0.761925557276753,-0.761925557276753,-0.761925557276753,-0.761925557276753,-0.761925557276753,-0.761925557276753,-0.761925557276753,-0.761925557276753,-0.761925557276753,-0.761925557276753,-0.761925557276753,-0.761925557276753,-0.761925557276753,-0.761925557276753,-0.761925557276753,-0.761925557276753,-0.761925557276753,-0.761925557276753,-0.761925557276753,-0.761925557276753,-0.761925557276753,-0.761925557276753,-0.761925557276753,-0.761925557276753,-0.761925557276753,-0.761925557276753,-0.761925557276753,-0.761925557276753,-0.761925557276753,-0.761925557276753,-0.761925557276753,-0.761925557276753,-0.761925557276753,-0.761925557276753,-0.761925557276753,-0.761925557276753,-0.761925557276753,-0.761925557276753,-0.761925557276753,-0.761925557276753,-0.761925557276753,-0.761925557276753,-0.761925557276753,-0.761925557276753,-0.761925557276753,-0.761925557276753,-0.761925557276753,-0.761925557276753,-0.761925557276753,-0.761925557276753,-0.761925557276753,-0.761925557276753,-0.761925557276753,-0.761925557276753,-0.761925557276753,-0.761925557276753,-0.761925557276753,-0.761925557276753,-0.761925557276753,-0.761925557276753,-0.761925557276753,-0.761925557276753
-0.823094590959572,-0.820341882986463,-0.817523716652852,-0.814644228473721,-0.81170756775178,-0.808717889655043,-0.805679348728157,-0.802596092832397,-0.799472257504757,-0.7963119607263,-0.793119298085368,-0.789898338321829,-0.786653119235375,-0.78338764394053,-0.780105877450422,-0.77681174356953,-0.773509122077122,-0.770201846180632,-0.766893700220482,-0.763588417606348,-0.760289678965658,-0.757001110486259,-0.753726282434315,-0.750468707830578,-0.747231841267609,-0.744019077852364,-0.740833752258508,-0.737679137874218,-0.734558446031963,-0.731474825307418,-0.728431360875988,-0.725431073916012,-0.722476921048865,-0.719571793806736,-0.716718518120098,-0.713919853817626,-0.71117849413203,-0.708497065206405,-0.705878280263885,-0.703346202834655,-0.700915984301231,-0.698588307460364,-0.696330587823134,-0.694129728444274,-0.691987917333912,-0.689907350483054,-0.687890230089022,-0.685938762399282,-0.684055155182623,-0.682241614838793,-0.680500343158754,-0.678833533750022,-0.677243368142788,-0.675732011593963,-0.674301608607605,-0.672954278191327,-0.671692108869609,-0.67051715347585,-0.669431423745518,-0.668436884734262,-0.667535449084607,-0.666728971166171,-0.666019241114268,-0.665407978792355,-0.664896827703663,-0.664487348877928,-0.66418101475842,-0.663979203115006,-0.663883191008442,-0.663894148830393,-0.664013134443989,-0.664241087448601,-0.664578823591815,-0.665027029351558,-0.66558625670922,-0.666256918135675,-0.667039281808744,-0.667933467081973,-0.668939440221384,-0.670057010427811,-0.671285826159389,-0.672625371768665,-0.674074964467512,-0.675633751631306,-0.677300708453031,-0.679074635956539,-0.68095415937725,-0.68293772691692,-0.685023608878542,-0.687209897186044,-0.689494505292394,-0.691875168478995,-0.694349444548075,-0.696914714909456,-0.699568186061683,-0.702306891467873,-0.705127693824667,-0.708027287724336,-0.711002202707634,-0.714048806706296,-0.717163309873514,-0.720341768800267,-0.72358009111659,-0.726874040475806,-0.730219241920754,-0.73361118763112,-0.737045243051343,-0.740516653398651,-0.744020550551582,-0.747551960318968,-0.751105810090338,-0.754676936867987,-0.758260095681374,-0.761849968384319,-0.765441172835018,-0.769028272457382,-0.772605786182886,-0.776168198769081,-0.779709971490204,-0.783225553193097,-0.786709391708793,-0.790155945607613,-0.793559696282044,-0.796915160337734,-0.800216902268646,-0.803459547388193,-0.806637794982308,-0.809754731287644,-0.812843506409561,-0.815904051573566,-0.818931450510462,-0.821902627478635,-0.824792097170995,-0.827595017966514,-0.830306689897832,-0.832922548028049,-0.835438176541623,-0.837849322626657,-0.840151910052134,-0.842342052341523,-0.844416065444648,-0.846370479809392,-0.848202051758002,-0.849907774076136,-0.851484885727729,-0.85293088061547,-0.854243515314264,-0.855420815713893,-0.856461082517185,-0.857362895550429,-0.858125283740269,-0.858750108819814,-0.859237608244082,-0.859587293038526,-0.859798942863377,-0.859872604220516,-0.859808587552542,-0.859607463277196,-0.859270056809229,-0.858797442630431,-0.858190937475451,-0.857452092707419,-0.856582685961523,-0.855584712139198,-0.854460373837379,-0.853212071298137,-0.851842391964893,-0.8503540997297,-0.848750123954135,-0.847033548343469,-0.845207599750505,-0.843275636980321,-0.841241139662923,-0.839107697255351,-0.836878998229254,-0.834558819493516,-0.832151016096899,-0.829659511248454,-0.827088286688611,-0.824441373437629
-0.872390735212077,-0.866546848719749,-0.860611536323981,-0.854594104624931,-0.848503589732448,-0.842348752673497,-0.836138076871746,-0.829879767490323,-0.82358175244066,-0.817251684874313,-0.81089694698665,-0.80452465497481,-0.798141665003521,-0.791754580044598,-0.785369757465452,-0.778993317252509,-0.772631150763231,-0.766288929909364,-0.759972116680416,-0.753685972923565,-0.747435570301588,-0.741222704269554,-0.735046276539945,-0.728911936177526,-0.72282537622185,-0.71679211743578,-0.710817511023758,-0.70490674137986,-0.699064828853644,-0.693296632522561,-0.68760685296353,-0.682003083845169,-0.676495880556265,-0.671090336299353,-0.665791238498298,-0.660603198969287,-0.655530652485418,-0.650577855451503,-0.645751589634727,-0.641156404146716,-0.636765212984945,-0.632459368707176,-0.628241557108498,-0.62411571702653,-0.620085808736498,-0.616145928183629,-0.612291884390457,-0.608527519741634,-0.604856781652643,-0.601283715130248,-0.597812454490477,-0.594447214286532,-0.591192279501331,-0.58805199505977,-0.585030754716636,-0.582132989378165,-0.579363154914318,-0.5767257195205,-0.574225150687887,-0.571865901841075,-0.569654466472653,-0.567603491811793,-0.565719333091044,-0.564012407435695,-0.562493473532494,-0.5611668516796,-0.560036704938087,-0.559107039627048,-0.558381689861561,-0.557864302326751,-0.557558321349673,-0.557466974328286,-0.557593257574682,-0.557939922627793,-0.558509910678751,-0.559308075405563,-0.560336047329538,-0.561594637757768,-0.563084421378222,-0.564805730615132,-0.566758650326278,-0.568943012848169,-0.571358393391739,-0.57400410578807,-0.576879198579292,-0.579982451446337,-0.583312371961865,-0.586867192651942,-0.590644868347828,-0.594643073804594,-0.598859201560709,-0.603290360010004,-0.60793337165383,-0.612784771500333,-0.617840805574951,-0.623097429505737,-0.628550307146088,-0.634194809197453,-0.640025980254066,-0.646035872477745,-0.65221650572171,-0.658561024618807,-0.665062229048759,-0.671712578265941,-0.678504195099573,-0.68542887019296,-0.692478066257071,-0.699642922322712,-0.706914257987419,-0.714282577666353,-0.721738074871012,-0.729267392140437,-0.736851779011425,-0.744479153047078,-0.752137497540157,-0.759814542478857,-0.767497776601822,-0.775174460119087,-0.782831638284181,-0.790456156032663,-0.798034673932707,-0.805553685722134,-0.812999537732449,-0.820358450524241,-0.827616543074129,-0.834759859863529,-0.841774401218956,-0.848646157239252,-0.855361145618581,-0.861989557862218,-0.868638048875155,-0.875225102066273,-0.88165075716458,-0.887900472239688,-0.893960067016583,-0.899815532210422,-0.905453105373147,-0.910859350225332,-0.916021238520468,-0.920926233334114,-0.92556237253663,-0.929918351110768,-0.933983600916381,-0.937748366491383,-0.941207626371478,-0.944366151644203,-0.947217593795009,-0.949755529971422,-0.951974550621278,-0.9538702904791,-0.955439449232901,-0.956679801696888,-0.957590197536658,-0.9581705508043,-0.958421819733845,-0.958345977421783,-0.957945974164967,-0.957225692352162,-0.956189894899726,-0.954841435761988,-0.953181443640038,-0.95121755892258,-0.948958239131265,-0.946412511629706,-0.943589901445722,-0.94050035992461,-0.937154300649065,-0.933562493916521,-0.92973562634066,-0.925684560496948,-0.921420291915207,-0.916953896613112,-0.912296482746371,-0.907459146456919,-0.902452931922762,-0.897288795547639,-0.891977574173933,-0.886529957160203,-0.880956462130211,-0.875267413986165
-0.906519603195488,-0.897382056475365,-0.8881741212356,-0.878909853532445,-0.869602643429584,-0.86026523885482,-0.850909769738122,-0.841547772164962,-0.832190212357942,-0.822847510360489,-0.813524369926291,-0.8041990059607,-0.794877535030614,-0.785571400482595,-0.776291707754566,-0.767047705429694,-0.757845819476162,-0.748695392902796,-0.739612287404778,-0.730616281964416,-0.721706050964884,-0.712885929229942,-0.704160761725851,-0.69553516148878,-0.687013530093275,-0.678600077379036,-0.67029884037879,-0.662113701391978,-0.654048405155353,-0.646106575068556,-0.638291728440287,-0.630607290730473,-0.62305660877247,-0.615642962970215,-0.60836957847362,-0.601239635345744,-0.594256279031803,-0.587422968224455,-0.580782604871404,-0.574488273833825,-0.568282996692045,-0.562155838793203,-0.556112864921911,-0.550160516666789,-0.544305592091827,-0.538555223325108,-0.532916852238963,-0.527387847805513,-0.521946946538445,-0.516600462879471,-0.511357390961638,-0.506226224147741,-0.501215687519934,-0.496334826895943,-0.491596767593996,-0.487037367488908,-0.48266942146927,-0.478500486933376,-0.474538145745269,-0.470794821377023,-0.46730496308065,-0.464078280726555,-0.461119795456505,-0.458434413930542,-0.456015605778929,-0.453855210375451,-0.451955460936297,-0.450318467011086,-0.448946214461676,-0.44784056536599,-0.447003257861167,-0.446455071358737,-0.446224121064264,-0.446314402023676,-0.446729110604947,-0.447471083450012,-0.448553233507272,-0.449979483606155,-0.45174875138139,-0.453859789831222,-0.456311193921534,-0.459101407043314,-0.462228727291729,-0.465691313528721,-0.469487191182404,-0.473614257728384,-0.478070287790366,-0.482852937787188,-0.487959750045833,-0.493388156290885,-0.499135480412399,-0.505198940407084,-0.511575649379442,-0.518262615484084,-0.525256740683975,-0.532554818195233,-0.540153528484233,-0.548049433681458,-0.556238970273011,-0.564718439930745,-0.573483998341582,-0.582531641897863,-0.591857122913324,-0.601445750235942,-0.611283102929286,-0.621360741726319,-0.631669843062156,-0.642201190747737,-0.652945165377876,-0.663891731291566,-0.675030420910223,-0.686350316291188,-0.697840027749976,-0.709487550142132,-0.721259269289192,-0.733124693626066,-0.74506760844777,-0.757071291592295,-0.769118488441021,-0.781190256526209,-0.793242241615717,-0.805243214773664,-0.817171788672013,-0.829006034663284,-0.840723455542674,-0.852300959051677,-0.863714833968823,-0.874940731122555,-0.885953652211825,-0.896728939894108,-0.907498938854252,-0.918364829560393,-0.929045938271309,-0.939491101996793,-0.949669561480412,-0.959549855990317,-0.969100042192679,-0.978287960031178,-0.987081543920832,-0.995449174184745,-1.00336006001967,-1.01078464207376,-1.01771551554401,-1.02414655834873,-1.03005342240227,-1.03541430763485,-1.04021024314409,-1.04442755164581,-1.04806034531382,-1.05109889625199,-1.05353625757541,-1.05536432394824,-1.0565651859685,-1.05714352811136,-1.05710620489012,-1.05646294828577,-1.0552262032483,-1.05341087608983,-1.05103406119305,-1.04811475314523,-1.04467355177885,-1.0407323675656,-1.03631413435269,-1.03144253559786,-1.02614174915319,-1.02043621438293,-1.01435042410207,-1.00790874258521,-1.00113524980207,-0.99405361112807,-0.986686971079562,-0.979057869128615,-0.971188175348713,-0.963099043497888,-0.954810879133452,-0.946343320439205,-0.93771522960089,-0.928944692767083,-0.920049026855752,-0.911044791698565
-0.925337644281335,-0.91299022073955,-0.900631355107188,-0.88827652512852,-0.87594023264902,-0.863633672924619,-0.851310077424756,-0.838958789089823,-0.8265954405578,-0.814235226498235,-0.801893055693102,-0.789614634745893,-0.777435173761435,-0.765364289538994,-0.753411075474608,-0.741584126151495,-0.729891561548496,-0.71834105099735,-0.706939836941167,-0.695694758476322,-0.684612274601647,-0.67369848705068,-0.662959984442216,-0.652402660740565,-0.642038835532924,-0.631869205023741,-0.621868087100823,-0.612030864847922,-0.602357468343964,-0.592847866534033,-0.583502101471816,-0.574320319664767,-0.565302800458923,-0.556449981445725,-0.547762480917955,-0.539241117440552,-0.530886926637462,-0.52270117532494,-0.5148465781508,-0.507119262424321,-0.499370723676304,-0.491605537275742,-0.483831247632847,-0.476091948033793,-0.468411022293805,-0.460798865705955,-0.453266693521031,-0.445826493689072,-0.438487091072751,-0.431209023536324,-0.42399808254348,-0.416911154965614,-0.409965431241427,-0.403182096068627,-0.396633087296449,-0.390355500622334,-0.384362552531233,-0.378666752488518,-0.373279856245337,-0.368212823989154,-0.363475783482369,-0.359077998290954,-0.355027841166649,-0.351332772608323,-0.348027841739978,-0.345165383102037,-0.342733285111383,-0.340709381294769,-0.33908549479034,-0.337865518232989,-0.337050225472263,-0.336620977282396,-0.336532352026072,-0.336781374749804,-0.337369723784468,-0.338293744695262,-0.339607964180573,-0.341340078696821,-0.343488658975699,-0.346052135472114,-0.349028806074507,-0.352416844193795,-0.356214307281909,-0.360419069032312,-0.365026512754378,-0.370029996299602,-0.375427121386549,-0.381215706246243,-0.3873932812232,-0.393957100351953,-0.400904153936504,-0.408231181927458,-0.415934687862674,-0.424010953114151,-0.432456051161417,-0.441267178331613,-0.450442844043208,-0.459980341957267,-0.469877019955685,-0.480130290246851,-0.490737625885944,-0.501696553945953,-0.513004645039546,-0.524659498894876,-0.536658725690904,-0.548999922859394,-0.561680647060163,-0.574698381033593,-0.588050495027333,-0.601734202484155,-0.615746509660362,-0.630084158823121,-0.644743564642219,-0.659720743353537,-0.675000644758785,-0.690512440897243,-0.706232937215727,-0.722148450060353,-0.738244638380859,-0.754501319253242,-0.770842639119616,-0.787231368500444,-0.80364589366987,-0.820062146503078,-0.836407441597906,-0.852631729154473,-0.868706593059884,-0.884602296174552,-0.900287536199368,-0.915729167320201,-0.930967607170784,-0.946547217583677,-0.96212577600935,-0.977501918775785,-0.992624332033926,-1.00743685195985,-1.02187833211568,-1.03588275336297,-1.04937969730864,-1.06229530877555,-1.0745593088269,-1.08615890737839,-1.09704722303512,-1.10715417635976,-1.11642102337442,-1.12480308623422,-1.13225540180782,-1.13873889036806,-1.14418925417668,-1.14857936026705,-1.15190145580104,-1.15415588048183,-1.15535097285841,-1.15550297461435,-1.15463579358445,-1.1527805334788,-1.14997476190979,-1.14626154622525,-1.14168832656886,-1.13630571389646,-1.13016629983036,-1.12332355093577,-1.1158308387698,-1.10774063450661,-1.09910387698315,-1.0899695076719,-1.08038415589303,-1.07039195204194,-1.06003444474649,-1.04935059857614,-1.03837685119823,-1.02714721192971,-1.01569338690126,-1.00404491918442,-0.992229335031589,-0.980272289761607,-0.968197708776074,-0.956027920743695,-0.943783781191663,-0.931484785648244
-0.928385995754474,-0.913185269056572,-0.898049431638713,-0.882903195351344,-0.867708641845231,-0.8524842538501,-0.837249313303542,-0.822083900390857,-0.807037534383433,-0.792121888734947,-0.777347963219819,-0.76272609568626,-0.748265975715408,-0.733976661009691,-0.719866597058254,-0.705943640368805,-0.6922171401097,-0.678736740255795,-0.665532464015453,-0.652597711136958,-0.639913152935635,-0.627478292763566,-0.61529367001464,-0.603359550758507,-0.591675984821482,-0.580242860254634,-0.56905995436057,-0.558123478949808,-0.54741241356407,-0.536909544998718,-0.526584500226128,-0.516433430890695,-0.506453913307811,-0.496643931166092,-0.487002100274329,-0.47753490180223,-0.468244920285214,-0.459155625301562,-0.450373915776219,-0.441458985905896,-0.432405790231445,-0.423128558573105,-0.413613585662856,-0.403887806798442,-0.393987185458471,-0.384017810656754,-0.374060430750847,-0.364138204232977,-0.35433618288845,-0.344726186521268,-0.335273997629441,-0.326070563144439,-0.317140659424987,-0.308499845573148,-0.30016375528561,-0.292148045908059,-0.284468347569195,-0.277140212423217,-0.270187529726601,-0.263741390645226,-0.257845000470819,-0.25250166437815,-0.247714025431743,-0.24348407571927,-0.239813168375459,-0.23670203038623,-0.234150776080807,-0.232158921241718,-0.230724427240427,-0.229815807240653,-0.229421088101046,-0.229543325208767,-0.230184676279317,-0.231278716777117,-0.232753463072768,-0.234573223914064,-0.236632022787273,-0.238896957367892,-0.241349226442002,-0.244141090745471,-0.247402857400557,-0.251135496284323,-0.255338430897587,-0.260009015413656,-0.265147187052974,-0.270753603572599,-0.276828464487981,-0.283371514053923,-0.290381856691715,-0.297850324474345,-0.305770537835352,-0.314139766499184,-0.322951900935896,-0.33219586899696,-0.34186660501824,-0.351960880350922,-0.362473511008762,-0.373399227258616,-0.384732725953403,-0.396468704505341,-0.408601892432752,-0.421127079925286,-0.434039142898023,-0.447333064029601,-0.461003949305428,-0.475047039612142,-0.489457716950931,-0.504231504856346,-0.519364062620798,-0.534851172933797,-0.550711144294756,-0.566970783545157,-0.58363211501203,-0.600697101038738,-0.618167616004895,-0.636045354565969,-0.654331729936092,-0.673027761605138,-0.692133951738237,-0.711650101342542,-0.731485955308204,-0.751551295665056,-0.771833166129519,-0.79225323594586,-0.812720488851557,-0.833214419594061,-0.853686469304081,-0.874027127808203,-0.894203742657771,-0.91418863138546,-0.933952455056803,-0.953951242782154,-0.974532820941096,-0.99510462191694,-1.01561314516779,-1.03600067270855,-1.05619794898826,-1.07612544115109,-1.0957069730814,-1.1148186611345,-1.13338098796782,-1.15119519604512,-1.16798617588748,-1.18347922429634,-1.19747950165279,-1.20989473191253,-1.22068254716135,-1.22986717397862,-1.23744707468117,-1.24339311306427,-1.24766579032741,-1.25023369859889,-1.25108763049277,-1.25024875507298,-1.24777079404327,-1.24373708695214,-1.23825414209088,-1.23144355715571,-1.2234339918066,-1.21435434029469,-1.20432864071449,-1.19347276503565,-1.18189263805322,-1.16968361569787,-1.15693065435375,-1.1437089633574,-1.13008491075223,-1.11611702478928,-1.10185699151435,-1.08735059082848,-1.07263854189523,-1.05775724693528,-1.04273943333323,-1.0276147000111,-1.01240997696499,-0.997149907936089,-0.9818571661905,-0.966552712822029,-0.951256006173032,-0.935985170070847
-0.916328447713656,-0.898657259812015,-0.88091107782681,-0.863110862575746,-0.845341170012009,-0.827708208390238,-0.810226849795519,-0.792910672585977,-0.775772524344239,-0.758824473255431,-0.742077769328469,-0.725542817122693,-0.709232217556425,-0.693236862784691,-0.677596816004618,-0.662307604286217,-0.647334676211495,-0.632669342882237,-0.61831045177387,-0.604256196184296,-0.590504219076827,-0.577051721074013,-0.563895570095087,-0.551032410062169,-0.538458766123045,-0.526171143955496,-0.514166120930221,-0.502440427211618,-0.490991015253542,-0.47981511658917,-0.468902715261318,-0.458217816406058,-0.447714538093282,-0.437385413700893,-0.42722623883732,-0.417232730758957,-0.407313116489585,-0.397395760161856,-0.387193585613846,-0.376646593162505,-0.365773128137233,-0.354588258939814,-0.343109729153581,-0.331357838409307,-0.319355317770006,-0.307127200512975,-0.294763331847412,-0.28247929493315,-0.270446330932705,-0.258793047990623,-0.247520343923161,-0.23652666264803,-0.22581238666466,-0.215398039140319,-0.205304259961342,-0.195645537466883,-0.18660233471297,-0.178184105137754,-0.170396048244188,-0.1632425000631,-0.156726949333254,-0.150852055008673,-0.145611942262802,-0.14093610825884,-0.136814358249066,-0.133256066683473,-0.130297020089592,-0.127952053597303,-0.126221193574099,-0.125082246497596,-0.12450641180271,-0.124499061709743,-0.12506512797516,-0.126208769393467,-0.127933357825435,-0.130241465574621,-0.133134854499389,-0.136566933527234,-0.140416222991379,-0.144524142154156,-0.148731979521762,-0.153151881850325,-0.157823427514236,-0.162770598414426,-0.168191840297356,-0.174150386397517,-0.180646570518822,-0.187680083451367,-0.195249987694155,-0.203354738371701,-0.211992209872661,-0.221155626022563,-0.230827011792422,-0.24100056021631,-0.251671341344308,-0.262834136611858,-0.274483488370346,-0.286613749320394,-0.299219131081995,-0.312293751187582,-0.325831677840785,-0.33980623609805,-0.354181623700855,-0.368945612451269,-0.384086200585706,-0.3995916052905,-0.415450324001319,-0.431653494016553,-0.448232590338862,-0.465198978096756,-0.482550600545318,-0.500285924702801,-0.518403917269743,-0.536904010929012,-0.555786060781652,-0.575050290676796,-0.594727447897233,-0.614893500695929,-0.635560528738045,-0.656737567337746,-0.678433313569288,-0.700655965016709,-0.723413046816934,-0.746677127538345,-0.770245802233862,-0.79403885580323,-0.817893949467849,-0.841781109732994,-0.865620564009383,-0.88928636263958,-0.91275773889741,-0.936134960819717,-0.960553938114322,-0.985338225695123,-1.01028918489991,-1.03540494096739,-1.06067656034502,-1.0860757002515,-1.11156512062535,-1.13717347868121,-1.16283905542124,-1.18837475227248,-1.21335775315558,-1.23652270963955,-1.25628407675841,-1.27371226510931,-1.28963497604672,-1.30400908374987,-1.31650592570576,-1.32668613009195,-1.33408937647749,-1.33833518261322,-1.33922854871782,-1.33682199552779,-1.33139533685931,-1.32336843818146,-1.31320074871709,-1.30131987274728,-1.28808834525512,-1.2737976440439,-1.25867569990623,-1.24289870371304,-1.2266027022537,-1.20989335262692,-1.19285357136176,-1.17554933102421,-1.15803398331515,-1.14035146355333,-1.12253866409911,-1.10462719536887,-1.08664469570338,-1.06861580737858,-1.05056290367506,-1.03250662856556,-1.0144662938954,-0.996460167062573,-0.978505673776979,-0.96061953449174,-0.942817848844083,-0.925116139412996
-0.890341382410796,-0.870401181667107,-0.850468617010556,-0.830677213630168,-0.811045967704227,-0.791593256445429,-0.772336700056219,-0.753292993782363,-0.734477759316086,-0.715906764355751,-0.69770307249724,-0.67994330943355,-0.662627944559215,-0.645718498476646,-0.629186596225464,-0.613030566916182,-0.597247302431057,-0.581832396021384,-0.566780303822768,-0.552084525467386,-0.537737799330841,-0.523732307383187,-0.510059884152992,-0.496712224008089,-0.483681080853734,-0.470958454490682,-0.458536758291643,-0.44640896355389,-0.43456871684688,-0.423010427852742,-0.411730778050222,-0.400745535786786,-0.390051188455945,-0.379528605872773,-0.368787868844892,-0.357988494030836,-0.34722747892572,-0.336453023419218,-0.32512840522309,-0.313261007759435,-0.300868556968989,-0.287972397385779,-0.274597314048342,-0.26077135286957,-0.246533877506443,-0.232082212327525,-0.217596373115927,-0.203293829267765,-0.189262161077011,-0.175640725733268,-0.162460869529024,-0.149680365298994,-0.137210579831856,-0.125352247154665,-0.114183553572997,-0.10371234453888,-0.0939453469034267,-0.0848881918395629,-0.076530576646721,-0.0687582126597454,-0.06155730717601,-0.0549507478921184,-0.0490117506441234,-0.0437050321639912,-0.0389756372237606,-0.0348353558337252,-0.0312954238644276,-0.0283662679923022,-0.0260574882914744,-0.0243778397762227,-0.0233352125368301,-0.0229366102552615,-0.0231881270689352,-0.0240949229575122,-0.0256611980527783,-0.027890166502559,-0.0307840307391603,-0.0343439571995335,-0.0385700546994899,-0.0434613424164164,-0.0488641669132457,-0.0545495577855047,-0.0605337957392376,-0.066795393597617,-0.0732268789400745,-0.0798083687505056,-0.0866328706280128,-0.0940218244352651,-0.102010875271139,-0.110597422265094,-0.1197780392984,-0.129548535226934,-0.139904002286105,-0.150823672550188,-0.162287527007222,-0.174288029401313,-0.186817398518328,-0.199867693217508,-0.213430895077736,-0.227498987532214,-0.242064030550731,-0.257118230108436,-0.272654001844281,-0.288664028453922,-0.305141310472629,-0.322058740730598,-0.33934220432323,-0.356973069797958,-0.374937912088714,-0.393224126385723,-0.411819978931465,-0.430714646440227,-0.449898164841001,-0.469363930107359,-0.489187854883709,-0.509407424509281,-0.530027776953629,-0.551054471828401,-0.572493380907789,-0.594350563420775,-0.616676360879488,-0.63959883540085,-0.663140004675945,-0.687315639738495,-0.712141858289079,-0.737632419452972,-0.763626673143899,-0.789810647173865,-0.815990241732372,-0.842124594024662,-0.868020079262616,-0.893620039499164,-0.91982371592826,-0.947077007305145,-0.974654188764053,-1.00255176388082,-1.03073785322253,-1.05914716115723,-1.0877906494051,-1.11669130904423,-1.14572216055111,-1.17473445954505,-1.20351374873462,-1.23181063061881,-1.25952420763168,-1.28660150394877,-1.3130038697581,-1.33863954311382,-1.36324688183074,-1.38614421806398,-1.40559257318923,-1.4176473319848,-1.41789115900032,-1.4081544146456,-1.39335942491742,-1.3762680766607,-1.35802283845383,-1.3391311671389,-1.31984108246226,-1.30028675057199,-1.28054736868067,-1.26067332323644,-1.24069888940766,-1.22064888160826,-1.20054236599236,-1.18039484750078,-1.16021961774005,-1.1400286169377,-1.11983300094517,-1.09964352090208,-1.07947077834401,-1.05932539345306,-1.03921810965406,-1.01915984917629,-0.999161729061927,-0.979235044046184,-0.959391220990583,-0.939641748656181,-0.919987484877543,-0.900239867787147
-0.851742091303918,-0.830351687162587,-0.809049787087413,-0.787855786063857,-0.76678823519807,-0.745884223141675,-0.725208677831438,-0.704803707018646,-0.684869853631885,-0.66546935540694,-0.646606361241924,-0.628226899421217,-0.610302739743151,-0.592833783110263,-0.575817243274588,-0.559247792350133,-0.543117757431606,-0.527417364754344,-0.512135026784483,-0.497257666437427,-0.4827710712647,-0.468660268962157,-0.454909914039032,-0.441504674111034,-0.42842960325809,-0.41567048944405,-0.403214163339703,-0.391048757150502,-0.379163904253058,-0.36755379570805,-0.356238719040412,-0.345176882381868,-0.333967289786918,-0.322835178558982,-0.311823363196874,-0.300839924230431,-0.289808858677941,-0.278172520132613,-0.26573459695477,-0.252515585648466,-0.238540619143433,-0.223839198634873,-0.208444936520188,-0.192425843297381,-0.176061737352486,-0.159687030403105,-0.143442835821381,-0.127359785258626,-0.11146889691663,-0.0958515925914206,-0.0807451027792129,-0.0665704729692898,-0.0532524490774761,-0.0406980064214871,-0.0289158041202496,-0.0178936932933143,-0.00746830411784907,0.00238437493206306,0.0116452123556949,0.0203066019912082,0.0283958993123088,0.0358954923704035,0.0427886527986506,0.049059545367447,0.0546932349075051,0.0596756916934551,0.063993796574887,0.0676353472736352,0.0705890673161734,0.0728446190222395,0.0743926218131297,0.0752246768329281,0.0753333984959621,0.0747124530967889,0.0733566040678101,0.071261762873211,0.0684250439242031,0.0648448213341072,0.0605207848448679,0.0554539918952824,0.0496469126006222,0.0431070685921698,0.0360817841794847,0.028809088130372,0.0210498112267906,0.0129720462529839,0.00486135990970252,-0.00325205930487515,-0.0115806871325329,-0.0205486213421378,-0.0301677094624163,-0.0404312373720938,-0.0513315321981496,-0.062860091281731,-0.0749898907175845,-0.0876899730665083,-0.100949001496289,-0.114755545968294,-0.129098187471795,-0.143965636194636,-0.159342341467753,-0.175199032853671,-0.191527025091349,-0.208320588846607,-0.22557439190305,-0.243283539449697,-0.261443605520222,-0.28005065591293,-0.299033700387921,-0.318312269650737,-0.337874128091134,-0.357708145745562,-0.377804314048891,-0.398153756121459,-0.418748720860644,-0.43958255929221,-0.460649681393719,-0.481948097812942,-0.503596481077025,-0.525668386162092,-0.548174414197413,-0.571125156815266,-0.59453093280279,-0.618468096918214,-0.643116397685259,-0.668502734013879,-0.694644034649516,-0.721554293501075,-0.748990622532013,-0.77637691429675,-0.803607117357577,-0.830451678535439,-0.857118645519069,-0.885429116197539,-0.91425769046746,-0.94342358598649,-0.972889646276457,-1.00264063564005,-1.03281685621385,-1.06336433431887,-1.09419548843045,-1.12511808010676,-1.15592145275667,-1.18651558067625,-1.21680775503555,-1.24669228116298,-1.27602691230032,-1.3045825001996,-1.33193213318726,-1.35718979272095,-1.37838635082326,-1.39180948931889,-1.39388025458726,-1.38603722852719,-1.37252827069093,-1.35615993066298,-1.33826340875627,-1.31946589979662,-1.30008700807205,-1.28030439612623,-1.26022490000862,-1.23991736425911,-1.21942899595987,-1.1987940923459,-1.17803899081106,-1.15718503020382,-1.1362504068409,-1.11525138532978,-1.09420311500226,-1.07312019397699,-1.05201706371917,-1.03090828348325,-1.00980871440814,-0.988733631252484,-0.967698772627372,-0.946720336383175,-0.925814924569603,-0.90493626705529,-0.883811997902623,-0.862434372206396
-0.802340981885254,-0.780035804475324,-0.757803067394809,-0.735673536754762,-0.713676440004998,-0.691847464969022,-0.67041789989927,-0.649508872706552,-0.629140186849183,-0.609353581319032,-0.590103995881255,-0.571397880600793,-0.55323786373922,-0.535622118814577,-0.518544520741786,-0.501994884178084,-0.485959280825829,-0.470420432499883,-0.455358176396373,-0.440749997817071,-0.426571623332885,-0.412797663907418,-0.399402292996265,-0.386359939527023,-0.373645970683015,-0.361237335514421,-0.349113138600815,-0.33725511414486,-0.325648340284564,-0.314309885772977,-0.303078952580961,-0.291700004797497,-0.28038305645761,-0.26913496577412,-0.257965629814969,-0.246883922552011,-0.235447997650107,-0.222931984028972,-0.209337863163201,-0.194695109192556,-0.179038447470735,-0.162407483252753,-0.144888855747436,-0.126870811478211,-0.108800871211369,-0.0907826519779214,-0.0728525103774834,-0.0550471685101274,-0.0374052050174731,-0.0203364094845871,-0.00421501235640906,0.0107436277309468,0.024564784388207,0.0375970056462903,0.0500723762211456,0.0619789675098424,0.0734456181955926,0.0844489727158675,0.0948750345621742,0.10470173389861,0.11390806682026,0.122474102531621,0.130380981866894,0.13761090780926,0.144147129368997,0.149973920865559,0.155076559283307,0.159441302873343,0.163055374506192,0.165906953396953,0.167985178687682,0.169280167959798,0.169783053052689,0.169486034598666,0.168382455480367,0.166466892036072,0.163735260364646,0.160184933617473,0.155814864831193,0.150625708776493,0.144619935590743,0.137801928720228,0.130178059979756,0.121865436876225,0.113221767237758,0.104101663847818,0.0944686847995611,0.0848264569316488,0.0753521484058537,0.0659542553116277,0.0559602362474073,0.0452704986116942,0.0338968274304907,0.0218520834105145,0.00915631819825924,-0.00410295939376629,-0.0178918818849288,-0.0322002602704359,-0.0470179965129953,-0.0623352204958934,-0.0781424080000477,-0.0944304800603888,-0.111190884755153,-0.12841566296144,-0.146097499878307,-0.164229764185959,-0.182806536601216,-0.201822629331378,-0.22127359754957,-0.241154075013387,-0.261342369286672,-0.281755053649719,-0.302379653072454,-0.32320525628356,-0.344222514038319,-0.36542361648871,-0.386802246116379,-0.408353502098633,-0.4300737914933,-0.45196068229939,-0.474013661920733,-0.496386672574425,-0.519202409568191,-0.542475340002484,-0.566218858913873,-0.590468300531567,-0.615470878738582,-0.641305639431276,-0.667988326294226,-0.695499792058252,-0.723113319338134,-0.750545244629467,-0.777568334935986,-0.805616536953224,-0.834887164886254,-0.864470088106087,-0.894293935484592,-0.924500078876161,-0.955112291975838,-0.986016712295248,-1.01696167044621,-1.04766149962339,-1.07799656138375,-1.10778336314953,-1.13679527543653,-1.16474953840653,-1.19127200463335,-1.21582572757028,-1.23782407971448,-1.25657779550158,-1.27134890733842,-1.28150414260706,-1.28671863798716,-1.28710722484293,-1.28317691939552,-1.27564055860099,-1.26522632621164,-1.25256693762493,-1.23816631533123,-1.22240866067527,-1.20558178242194,-1.18790084213729,-1.16952787467239,-1.15058652335886,-1.13117276613573,-1.11136262355298,-1.09121769522467,-1.07078916145505,-1.05012070371962,-1.02925065939773,-1.00821362748739,-0.987041673199848,-0.965765231585478,-0.944413777200051,-0.923016303875903,-0.901601643072985,-0.880082833559681,-0.858138301101653,-0.835833613802343,-0.813479692014866
-0.744311885785638,-0.721302882269811,-0.698339564973651,-0.675469211853139,-0.652854785640007,-0.630801166309104,-0.609350861027023,-0.588512511771359,-0.568194940510477,-0.548377336846009,-0.529067250476603,-0.510370787473359,-0.492332025559501,-0.474946778881126,-0.458204361641134,-0.442087946476027,-0.426575019901538,-0.411637936238452,-0.397244575701709,-0.383359114313568,-0.369942911776618,-0.356955517423698,-0.344355783380036,-0.332103058556944,-0.320158418731171,-0.308485869852945,-0.297053448056229,-0.285834135045069,-0.274817931195059,-0.263889150103353,-0.252783018570361,-0.24163419610163,-0.230450992345429,-0.21924698471847,-0.208040094733818,-0.196739119465553,-0.184460124498322,-0.170980538639767,-0.156147077885929,-0.139974775111547,-0.122510112937886,-0.103839186035207,-0.0844535806075655,-0.0649229547419091,-0.0453482627180787,-0.0257717252271044,-0.00623576370993642,0.0131190452964614,0.0316393722691124,0.0491974894070762,0.0657778101939361,0.0813621889096399,0.0959809957159641,0.109876687114806,0.123501124662176,0.136826987923267,0.149637393240004,0.161855001337688,0.17345393418732,0.184409636759207,0.194698895147579,0.204299836527195,0.213191909741396,0.221355846793678,0.228773607111721,0.235428308071109,0.241304146801684,0.24638631963719,0.250660946607472,0.254115008999684,0.256736308152495,0.258513453207639,0.259435884485808,0.259493937448349,0.258678949885091,0.256983412102203,0.254401156622026,0.250927580461712,0.246559889710529,0.241297353203842,0.235141549937735,0.228096593784709,0.220169319284909,0.2113642951073,0.201738751556811,0.191653928095059,0.181010862712802,0.169794745644454,0.158642663944167,0.147866032664894,0.137359077578708,0.126320965244338,0.114653035426246,0.102367836537794,0.0894773595698228,0.0760095565058283,0.0620172480077072,0.0475124412325469,0.0325033900680202,0.0169964674974262,0.000996101299959501,-0.015495246410898,-0.0324770614612529,-0.0499275057589061,-0.0678167539055923,-0.0861360322642475,-0.104877533367739,-0.124034413894149,-0.143600792384599,-0.163571745262018,-0.183943301951163,-0.204633444322512,-0.225467142425899,-0.246425675789869,-0.267497547434376,-0.288673308555431,-0.309945537109914,-0.331308785417742,-0.3527594884443,-0.374295823267002,-0.395917509371131,-0.41762553904135,-0.439421827428841,-0.461371689154727,-0.483742305175569,-0.50657911585704,-0.529897909054563,-0.553747615868231,-0.578441109940427,-0.604121085513387,-0.630928695059491,-0.65832743186683,-0.685486031930255,-0.71247636851675,-0.741538414125487,-0.770958603999398,-0.80069626428761,-0.830942374106002,-0.861584232737167,-0.892361657186595,-0.922894166574379,-0.952996836025274,-0.982466943696822,-1.01107536400301,-1.0385196827559,-1.0644263495057,-1.08855013518078,-1.1105687980641,-1.1301350400337,-1.1469084145623,-1.16058878314977,-1.17095555667475,-1.17790230204335,-1.18145440120447,-1.1817624610712,-1.17907405234199,-1.17369447929147,-1.16594874036674,-1.156152568313,-1.1445947648778,-1.13152919885456,-1.11717343914464,-1.10171118556238,-1.08529644546272,-1.06805819697927,-1.0501048685849,-1.03152833701013,-1.01240735515818,-0.992810427025518,-0.972798191480284,-0.952425388878856,-0.931742479967338,-0.910796974067368,-0.889634507910278,-0.868299700516609,-0.846699029608447,-0.824443907092046,-0.801679631230551,-0.778771861037564,-0.755786235254549
-0.679408923859678,-0.655758132006996,-0.632131934455212,-0.608886500546598,-0.586271605224636,-0.564336575134552,-0.543083043824598,-0.522416558258711,-0.502350129046383,-0.482898111496622,-0.464065260325861,-0.445846831735954,-0.428267574127404,-0.411463832143422,-0.39543390448132,-0.380152172526596,-0.36558493625225,-0.351691057531031,-0.338422711031901,-0.325726288285566,-0.313543508610661,-0.301812788193157,-0.290470901288973,-0.279454931843852,-0.268704459726042,-0.258163859317996,-0.247784523260734,-0.237526780754512,-0.227364943868634,-0.216990809768882,-0.20642672140753,-0.195681862773041,-0.18477503695824,-0.173732773463715,-0.162587291089198,-0.150675963920788,-0.137276835983898,-0.122478270262937,-0.106256339007033,-0.0884246689196481,-0.0690232819591368,-0.0485935174473588,-0.0278834784338852,-0.00701939316434719,0.0139507896220685,0.0349793242426469,0.0557473026927288,0.0755289602761119,0.0942694762042505,0.111993129177214,0.129042970174864,0.145569406222311,0.161643552922525,0.177075375658908,0.19218231093702,0.206785857350887,0.220789331269373,0.234162557104691,0.246876981744185,0.258905747180908,0.270223732671917,0.280807560020953,0.290635557996382,0.299687684778722,0.307945410518376,0.315391565388596,0.322010161738698,0.327786201891223,0.332705485591131,0.336754432926667,0.339919939527196,0.342189280837663,0.343550081109555,0.343990360298336,0.343498668215641,0.342064310051083,0.339677660879786,0.336330559340792,0.332013207749166,0.326652143938748,0.32023390477193,0.31277956100017,0.304313245176384,0.294862303413932,0.284457324436135,0.273195111055583,0.261478445340007,0.249110342438339,0.236367047122856,0.224104083263,0.212599801962622,0.201372002314701,0.189585463445195,0.177188775207927,0.164200367503075,0.150643567932741,0.136588541068814,0.122061952775022,0.107075440165969,0.0916378400880994,0.0757551667057488,0.059430657400827,0.0426648737213023,0.0254558437421328,0.00779923275739031,-0.0103114695368711,-0.0288847555383843,-0.0479279868909781,-0.0673727628138486,-0.0871815044083964,-0.107348885282502,-0.127870671072642,-0.14864212941604,-0.169447580483345,-0.190266986921557,-0.211088770441769,-0.231904000958833,-0.252706422844811,-0.273492445836379,-0.294261085071681,-0.31501383174828,-0.335754433321627,-0.356488560514941,-0.377223338321663,-0.397966720344705,-0.418784065448907,-0.440016720092544,-0.461738582653226,-0.484041863280311,-0.507242752576341,-0.531796839614428,-0.55772662090428,-0.584439816732959,-0.610782702975058,-0.63862479448708,-0.667653181472321,-0.697278086286,-0.727499454382894,-0.758088717663076,-0.788586098303475,-0.818788121770616,-0.848501580113799,-0.87749998794921,-0.905412778807408,-0.931978580845932,-0.956961157867042,-0.980117284090944,-1.00120360947599,-1.01999253689405,-1.03636196045274,-1.05017094025211,-1.06129905840471,-1.06968398879046,-1.07532602003755,-1.07828597711148,-1.07867697970629,-1.07665192720601,-1.07238929768431,-1.06607965981522,-1.05791451637928,-1.04807817199284,-1.03674257743656,-1.02406467239327,-1.01018559423286,-0.995231145508159,-0.979313023115529,-0.96253044383054,-0.944971920881409,-0.926717042004999,-0.907838169614371,-0.888402030942609,-0.868471193455109,-0.848105430956549,-0.827362980970196,-0.806182206264595,-0.784083065691404,-0.761249988179341,-0.738105239674985,-0.714726806225965,-0.691185370109102
-0.609042699966507,-0.584722306780517,-0.5608326258426,-0.537604636810441,-0.515117365389332,-0.493372947673565,-0.47229711185942,-0.451933847638009,-0.432317006221417,-0.413466299444632,-0.395387584810375,-0.378073488323063,-0.361504210830461,-0.345666062153649,-0.330712748225266,-0.316658600378852,-0.303456623884209,-0.291049847204196,-0.279371847840209,-0.268347397284483,-0.257893381631496,-0.247920187488711,-0.238333751144662,-0.229038429348813,-0.219940737784906,-0.210953806912048,-0.202002147848189,-0.193026941128636,-0.183940116479851,-0.174474406330337,-0.164619502427736,-0.154400524224801,-0.143857655097055,-0.133041618335903,-0.121826493628994,-0.108853417080843,-0.0941201070086295,-0.0777011930933513,-0.0596734829748512,-0.04001280544405,-0.0189124736425389,0.00265106739609837,0.0244884877102534,0.0465467495253821,0.0687737859530577,0.0906760963840933,0.111492456584475,0.131190466207079,0.149987153106659,0.168260201431598,0.186364373761366,0.204318508719758,0.222055938507606,0.239195010507746,0.255551244305963,0.271304422709654,0.28642421144209,0.300877109202039,0.314631687697425,0.327658756512105,0.339931472189464,0.351425377615504,0.362118362033339,0.371990537254342,0.381024031511852,0.38920270854837,0.396511825560039,0.40293764921089,0.408467053803898,0.413087129636346,0.416784832372389,0.41954670570384,0.421358709327494,0.422206181939431,0.422073964046498,0.420941348337136,0.418677070385549,0.415238141767198,0.410636636430614,0.40488702634178,0.39800694872824,0.390017938190717,0.380946048015874,0.370822289365022,0.35969714099014,0.347724169332003,0.335044768539797,0.322068285199296,0.308402890693706,0.294693791626204,0.281924805402097,0.270100416576273,0.25810447669657,0.245626726855755,0.232585257390153,0.21900634875761,0.204969911476976,0.190521558204131,0.175676481153087,0.16044575786915,0.144836448134912,0.128851789606489,0.112491464799283,0.0957519133057498,0.078626666055197,0.0611066823258549,0.0431806744283387,0.0248354089667253,0.0060559770075917,-0.0131739717878853,-0.0328667270823772,-0.0529098029390619,-0.0732473823974242,-0.0936617346059909,-0.11397283486936,-0.134166248566684,-0.154230814157967,-0.174158814158679,-0.193946134803144,-0.213592394063209,-0.233101010524558,-0.252479177792859,-0.271737701464553,-0.290890649609706,-0.309954765027232,-0.328948590466311,-0.347891268807421,-0.367004703349295,-0.386901298401165,-0.407755079721143,-0.42960344197661,-0.45285665304754,-0.477664101978831,-0.503344038600257,-0.529376184277029,-0.558107408069489,-0.58772831850088,-0.618055080282911,-0.648574215521463,-0.679024766609414,-0.709218854591237,-0.738902454803588,-0.767687314485948,-0.795356876069038,-0.821706955985095,-0.846533225510912,-0.869636497176723,-0.890830469878017,-0.909933336070348,-0.926785876014217,-0.941260044393743,-0.953298131025942,-0.962967859192352,-0.970268841677546,-0.975222279591684,-0.97788652711058,-0.978347288052708,-0.976711023365773,-0.973098101693213,-0.967636417534185,-0.960455975719678,-0.951684690935609,-0.941445436943426,-0.929854230597379,-0.917019353053528,-0.903041182385792,-0.888012521805171,-0.872019241584836,-0.85514110037178,-0.837452665445187,-0.819024304823872,-0.799923268453317,-0.780214900249453,-0.759893362621017,-0.738392415863223,-0.715844545702107,-0.692752653500864,-0.669213067870422,-0.64531553248336,-0.621155786262836
-0.534391982005036,-0.509758318902133,-0.485764504125445,-0.46253786363762,-0.440104870325536,-0.418424135651011,-0.397579274784146,-0.377634497546682,-0.358632306125061,-0.340594351772041,-0.323523058951071,-0.307403596988793,-0.292205865323808,-0.27788625737972,-0.26441591662536,-0.251969771539002,-0.240541134090874,-0.230057249058029,-0.220433193467603,-0.211571466364222,-0.203361692807218,-0.19568084968048,-0.188394583859486,-0.181360321382033,-0.174432837930205,-0.167472602251268,-0.160356386562495,-0.153004635594793,-0.145312689866796,-0.136929875137084,-0.127883592452375,-0.11823455356453,-0.108066152641674,-0.0974734353232383,-0.0855230841159144,-0.0712672310388265,-0.054952553800671,-0.0366781036805307,-0.0165396860905742,0.00512478449944265,0.0271918419871775,0.04963788170813,0.0724243741331755,0.095496940387002,0.118244024312268,0.139825309509645,0.16023209858459,0.179913069513122,0.199392003346929,0.218875060037481,0.238304211486039,0.25762035732489,0.276763490771047,0.295507123949304,0.313098760969725,0.329910061508228,0.346055707222933,0.361497993897003,0.376201920740148,0.390135536616128,0.40327019106397,0.415580662323019,0.427045141890637,0.437645064480821,0.447364782803932,0.456191097465678,0.464112662697209,0.471119298020241,0.477201244036102,0.48234840727849,0.486549644573397,0.489792141633844,0.49206094343867,0.493319076383529,0.493369604265976,0.492171609001461,0.489731205243387,0.486054324507889,0.481147863769294,0.475021081376219,0.467687132659203,0.459164601074728,0.449527970966893,0.438939373985701,0.427437798623347,0.415062511339473,0.401860236298957,0.388010355691776,0.373859234460824,0.359011048681117,0.344932153089784,0.332186926518869,0.319814140477046,0.307116820534474,0.294042166830581,0.280484558530891,0.266532287224037,0.252248980235981,0.237652901566098,0.222756375812649,0.207566142264936,0.192083838297937,0.176306559576507,0.160227450764682,0.143836289617883,0.127120037506507,0.110063338880239,0.0926489598226352,0.0748581612296089,0.0566710053409059,0.038066595767863,0.0190232513204218,-0.000480318777889482,-0.0202531861360231,-0.0398447544626166,-0.0591832283849574,-0.078253999754796,-0.0970465786759192,-0.115555005843524,-0.133778291065087,-0.151720847798248,-0.169392876780085,-0.186810631704621,-0.203996478180735,-0.22097863728961,-0.237790492264013,-0.254526985153963,-0.271479228607803,-0.288846745320813,-0.307035880431057,-0.326337839721486,-0.346773770248647,-0.368637994750855,-0.392270099907516,-0.416879144064227,-0.44479562690178,-0.474610450911682,-0.505052514306701,-0.535730427604173,-0.566499137771122,-0.597167315620759,-0.627265960788332,-0.656539077495905,-0.68475906730508,-0.71170581584458,-0.737170198364633,-0.760957486618747,-0.782890731992235,-0.802814113549912,-0.820596132352711,-0.836132434286348,-0.849347981914279,-0.860198293801456,-0.868682500096953,-0.874961317064934,-0.87912537832005,-0.881250292116821,-0.881431086744622,-0.879777955001689,-0.876412073255604,-0.871429615147543,-0.864828056261416,-0.856689723840709,-0.847104582904875,-0.836159614817954,-0.823938449590802,-0.81052135077303,-0.795985389590029,-0.780404667858847,-0.763850507777431,-0.746391621058725,-0.728094388070321,-0.709005508096624,-0.688542293793206,-0.666644387283121,-0.643913200603331,-0.620464083450909,-0.596394175331165,-0.571815221779437,-0.546854423233482
-0.456883341740097,-0.431900748683814,-0.4076384101615,-0.384189129288589,-0.361562142790308,-0.33990338851578,-0.31932608896816,-0.299907280338741,-0.281690082199375,-0.264687823790768,-0.248888859249454,-0.23426124136396,-0.220756752637125,-0.208314045355896,-0.19686080514823,-0.186399137895029,-0.17712023209936,-0.168960331635132,-0.161821506686912,-0.155590140707441,-0.150133908650175,-0.14529849691098,-0.140904937735151,-0.136749216826429,-0.132606796008055,-0.128245262027868,-0.123447116463904,-0.118153278342534,-0.112073603984777,-0.104864757043866,-0.0966094675044941,-0.0874505526936168,-0.077559367392493,-0.0668996578651791,-0.0535304988061793,-0.0377074829141335,-0.0195637211855459,0.000781967655061805,0.0231312903451032,0.0461258853810007,0.0690844555812201,0.0921866858658868,0.115688346329113,0.138948885226651,0.160973242822067,0.181815244898406,0.202153007126603,0.222596942763374,0.243164351779788,0.263794839242286,0.284425651619623,0.304991799510611,0.325425316651346,0.345370118042603,0.364334000359568,0.382118080399145,0.399190269188557,0.415521786014914,0.431072598685962,0.445806927641325,0.459693763693035,0.472707179474987,0.484826394240875,0.49603556893389,0.506323327822567,0.51568202219104,0.524106768710495,0.531594309127542,0.538141748677015,0.543745238929427,0.548398677933157,0.552092334995936,0.554640069798893,0.55589324646979,0.555860345794789,0.554545235414146,0.551947743893158,0.548064882990913,0.542892733200378,0.53642892512888,0.528737327632167,0.519980660326246,0.510176104739812,0.499344835846907,0.487521415354184,0.474753973329258,0.461103224747756,0.446640474274486,0.431666326469419,0.416311853005128,0.401003901061325,0.387191721616562,0.374338023880342,0.361259536930567,0.347997374530734,0.334489348838145,0.320680598285001,0.306646402950614,0.292406568031425,0.277972523565359,0.263348167690939,0.24853085638057,0.233512441422973,0.218280278523977,0.202818152628581,0.187107091818816,0.171126060311661,0.154852533572573,0.13826296474492,0.12133315289217,0.104038521635333,0.0863543130788032,0.0682556974915251,0.0497202804618169,0.0310685205551994,0.0127673966814931,-0.00511414710937452,-0.022560831674025,-0.0395625270476904,-0.0561150905698179,-0.0722213296209474,-0.0878920509701987,-0.103147120793851,-0.118016408984802,-0.132540431359916,-0.146803963280029,-0.161145840106669,-0.175849828641176,-0.191005703048903,-0.206676110169371,-0.22306205416219,-0.240746828022468,-0.259815250726215,-0.280461165473526,-0.303406747630576,-0.329511256700201,-0.359814573033229,-0.390986852261945,-0.422759151466399,-0.454834403565574,-0.48666492054534,-0.517909390759997,-0.548314433819476,-0.577639679620075,-0.605661300256814,-0.632174484266387,-0.65699522495127,-0.679961719717941,-0.700935552453107,-0.719802702204142,-0.736474319109001,-0.750887147939063,-0.763003464647709,-0.772810417549972,-0.780318721756266,-0.785574721460278,-0.788801422946887,-0.790125022563824,-0.789635845587637,-0.787434000055145,-0.783626640327832,-0.778325643764568,-0.771645819293356,-0.763701831383395,-0.754420993164877,-0.743756723759645,-0.731773755384946,-0.718537787922279,-0.704115642925117,-0.688574813040679,-0.671982289751536,-0.654402863695065,-0.635400400843815,-0.614547887102638,-0.592537291079895,-0.569509491439192,-0.545541092591394,-0.520731777728524,-0.49521549776887,-0.469546503001218
-0.377333951989249,-0.351660598105666,-0.326725569548726,-0.302636265132009,-0.279651054865478,-0.257970713260241,-0.237728910503843,-0.218998152543752,-0.201800376479512,-0.186118662616273,-0.171907931208054,-0.159103649839356,-0.147628321308614,-0.137395904576067,-0.128314457338152,-0.120288843580111,-0.113474422129502,-0.107963223499217,-0.103655567937394,-0.100436708565751,-0.0981705802634468,-0.0966910800666315,-0.0957906138339751,-0.095206800932313,-0.094611516989359,-0.0936132023532741,-0.0917915353664446,-0.0890426118592819,-0.0847545903614727,-0.0786365079668222,-0.0709318492720149,-0.0619855392083673,-0.052144835166566,-0.0403474287611578,-0.0253783130470564,-0.00773911308798742,0.0124229603074711,0.0349746349726904,0.0587845877537044,0.0826234958718522,0.106410726676145,0.130098150536739,0.153468603831012,0.175551097248901,0.19645807668718,0.217158973676813,0.238172659915802,0.259448518172961,0.280926837571414,0.302543817819123,0.324231546152183,0.345918188210013,0.367489374923125,0.388437714896844,0.408574227370917,0.427432265335636,0.44532920677339,0.462445881664797,0.478734666689852,0.494153928533728,0.508669013670722,0.522252901310667,0.534886442505029,0.546558142673412,0.55726348259933,0.567003808206577,0.575784847416875,0.583614930797943,0.590503002050652,0.596456507611062,0.601458051047028,0.605219137375539,0.607667800140632,0.608822430548772,0.608692320416887,0.60727706670141,0.604566870422461,0.600543965689261,0.595226272542455,0.58878499991207,0.581216113836907,0.572498016195409,0.562624385296567,0.551608975163112,0.539488489517415,0.526322989697265,0.512193806106133,0.49719943007646,0.481450187610405,0.465407404263792,0.449400188841175,0.434626477051336,0.421176162698069,0.407633390261239,0.394035107329556,0.380444008833013,0.366843032080621,0.353151249969773,0.339386760574646,0.325556309806207,0.311656873566413,0.297677500822502,0.283601086707729,0.269405950304178,0.255067159025785,0.240557595052277,0.225848791920081,0.210911582652837,0.195716600408597,0.180234664664651,0.164437075104717,0.148295824311546,0.131783730207564,0.114874480032252,0.0977348220204723,0.0807537873171549,0.0642101674247923,0.0482684868308618,0.0329462520666013,0.018254616201096,0.0041969392061306,-0.00923314155833828,-0.0220539492217604,-0.0342982300218267,-0.0460257683718472,-0.0575748743028711,-0.0693267065493749,-0.0814312540116028,-0.0940011693219335,-0.107156944055609,-0.121017035377467,-0.135719964116119,-0.151932021142418,-0.1701247093731,-0.191352501572415,-0.215910387841217,-0.246460942474051,-0.279101060594052,-0.312553207226998,-0.346286093291903,-0.379725555296642,-0.41256060117657,-0.444503846443228,-0.475295230290591,-0.504703644605426,-0.532526709042384,-0.558589717628709,-0.582744426984628,-0.604868009544939,-0.62486223819668,-0.642652816152758,-0.658188699672529,-0.671441255244294,-0.682403124098411,-0.691086718349949,-0.697522332612899,-0.701755914055423,-0.70388463903885,-0.704185074334651,-0.702774192576567,-0.699744529562505,-0.695191880794078,-0.689214078614031,-0.681910534890486,-0.673382620212074,-0.663734831354868,-0.652971487747545,-0.640845004378904,-0.627391725403421,-0.612679827346209,-0.596783113435476,-0.579499331211386,-0.560049069914687,-0.539121865106537,-0.516928882812149,-0.493492726309522,-0.468843312028139,-0.443049967372396,-0.416671577800416,-0.390346060371152
-0.296060720853415,-0.269032141800338,-0.24272860186359,-0.217642355413078,-0.194153768558304,-0.17250199491603,-0.152802251511487,-0.135075314290878,-0.11927735322256,-0.105324555078147,-0.0931111414892593,-0.0825214268317065,-0.0734372338814548,-0.0657419778174474,-0.0593224631894631,-0.0540691206117904,-0.0499764771344945,-0.0473182750756539,-0.046039018655462,-0.0460412077597549,-0.047212277021281,-0.049413752454314,-0.052463145764824,-0.0561031501760839,-0.0599505859611636,-0.0634267242774948,-0.0657645936704755,-0.0664507004658398,-0.0641884782554178,-0.0588464788027029,-0.0512216248458604,-0.0421478443447768,-0.0320238807026727,-0.0182970699888543,-0.00157609049961927,0.0179795590482269,0.0402528405138185,0.0645758757461597,0.0891293337972664,0.113699054090585,0.138223238936499,0.162211647099815,0.184218066832384,0.204844036071867,0.225499930352065,0.246597055212642,0.268114017237522,0.289995601291803,0.312180617272246,0.334601611809995,0.357184779940034,0.379850129319362,0.402402726940097,0.424259282029898,0.445285400309302,0.465314843147353,0.48397029895232,0.501771680627271,0.518689814549851,0.534673785660595,0.549682912066399,0.56368800093424,0.576671908108714,0.58862932765763,0.599565816656248,0.609496129481569,0.618441982726254,0.626429391830556,0.633485716479605,0.639605529605935,0.644458379909617,0.647988380199324,0.650236859031853,0.65123256930512,0.650989029070609,0.649502535628026,0.646758600982662,0.642921515453194,0.63802218954446,0.631987756918656,0.6247455194894,0.616234307063038,0.606416590523138,0.595288977586033,0.58288861660727,0.569293896694903,0.55461942025536,0.539006812165715,0.522613776709069,0.505610543059795,0.488964182935012,0.473761932303841,0.45975986248934,0.445702489436989,0.431717600813455,0.417922039196765,0.404466630577187,0.391233670622972,0.378089018914542,0.365028585588056,0.352036255954169,0.339087164407832,0.326150536163762,0.31319192892955,0.300174878385605,0.287062050431361,0.273816034450937,0.260402084970379,0.246791629404864,0.23294730888165,0.218832502340648,0.204412699955848,0.189655722674016,0.174531879324514,0.159132820641857,0.143946810494063,0.129029748132117,0.11469347974381,0.101151434126215,0.0884274252346312,0.0765386149766581,0.0654928355462665,0.0552850134940527,0.045892624667481,0.0370627986327381,0.0283278900341433,0.0194795006185076,0.0103751247074872,0.000839725442470199,-0.00933122473218766,-0.0203578855660633,-0.0325689644155362,-0.0465449753490527,-0.0633320517233183,-0.0838532089149281,-0.107573746640202,-0.135966935425213,-0.170505623712105,-0.206169378563192,-0.2420324838102,-0.277578916433542,-0.312430295021407,-0.346258920466501,-0.378787745091986,-0.409785462839469,-0.439060097729272,-0.466453121140686,-0.491834914965401,-0.515101625653128,-0.536173094258445,-0.554991452922032,-0.571520014558558,-0.585742166250909,-0.59766006745013,-0.60729303653753,-0.614675580490161,-0.619855083603194,-0.622889225026443,-0.623843244068445,-0.622903583776611,-0.620339981122775,-0.616237211003405,-0.610675592393651,-0.603733696003911,-0.595489732695503,-0.586024659717973,-0.575427025798215,-0.563799132183758,-0.551049140801746,-0.536881123468676,-0.521294787987269,-0.503388595630501,-0.483678978954368,-0.462601904740638,-0.440169151445827,-0.416313972566352,-0.390923441678781,-0.364341520893121,-0.33716359123567,-0.309710308767388
-0.212724347354302,-0.183118640717085,-0.15470855080161,-0.12830828185967,-0.104383385619957,-0.083112418928136,-0.0644809001544305,-0.0483636801061784,-0.0345830571797714,-0.0229446128199235,-0.0132569433151579,-0.00534113739736726,0.000965730952189944,0.00581034475830169,0.00932448634172842,0.0116270724549291,0.0128031116016827,0.0125457553574701,0.0107857641306556,0.00759602509324065,0.00305167888610697,-0.0027647340426067,-0.00978065907031654,-0.0180058952602405,-0.0272061019232348,-0.0369018928725636,-0.0459825107788714,-0.0523395395417684,-0.0516939613403553,-0.0453175390176906,-0.0366016195021505,-0.027061578557519,-0.0155228581354261,-0.000294409476992406,0.0179765560642191,0.0392293412420951,0.0632249860121278,0.0879483803602272,0.112795950175885,0.137725039890771,0.162416522155507,0.185181864824879,0.206048193892926,0.226641168640913,0.247748929260551,0.26935707016981,0.291377066317442,0.3137109702558,0.336376500181188,0.35940177234476,0.382706494229109,0.406201273320459,0.429602553352558,0.452281524441519,0.474115945411599,0.495015744947861,0.514608117575396,0.533006698049574,0.550454397143266,0.566885518029179,0.582249345992596,0.596512449247099,0.609659775285857,0.621694420275097,0.632636124611354,0.642518689982849,0.651386592931364,0.65929107996009,0.666275311746395,0.672016924654577,0.676406080945731,0.679520918451653,0.681426691063383,0.68217107309772,0.681779403624138,0.680350694542613,0.67808121812105,0.674904701232837,0.670713274690179,0.665373921073861,0.658742290276516,0.650683734198291,0.641098953212414,0.629948319166774,0.617267289042216,0.603167413672479,0.587822899685749,0.57144822872709,0.554274550363996,0.536530812335403,0.518839182071389,0.503421027882015,0.48937794631054,0.474879703368183,0.460501748701022,0.446519736093985,0.433135662870738,0.420401853949473,0.408061941090609,0.395976052178501,0.384105971160797,0.372405649921328,0.360825406640828,0.349314608799047,0.337834178441358,0.326345511281521,0.314796325895796,0.303136422088535,0.291317934584312,0.279295573560229,0.26702690413013,0.254472656710399,0.24159705071808,0.22836810946974,0.214837846938596,0.201558621564612,0.188640065207373,0.176108724640675,0.164396945719639,0.153688487461032,0.144019315694172,0.13541908434823,0.127906832053393,0.121364154335104,0.115304158653177,0.109482560558094,0.103796214405767,0.0980797365155601,0.0920955495667718,0.0855185592678257,0.0775345989567141,0.0674915671959922,0.0549685231045777,0.0389419535130885,0.0191282318267812,-0.0043510769387068,-0.0312132897858788,-0.0661921704063872,-0.104696552382894,-0.143338385953746,-0.181508812134408,-0.218751814069299,-0.254714082304432,-0.289126341052844,-0.321781844109541,-0.352518787712091,-0.381208429612348,-0.407748094835083,-0.432057501780891,-0.454076995639788,-0.473766676137862,-0.491105771727954,-0.506091873531753,-0.518739812004163,-0.529080066945335,-0.537156672252995,-0.543024627996192,-0.546746875615045,-0.548390936026958,-0.548025363077749,-0.54573390681632,-0.541829178182108,-0.536452808212616,-0.529656709550575,-0.521484197575968,-0.511974361797121,-0.501170534217065,-0.489133492266692,-0.475959041105555,-0.461743689679559,-0.445267545129718,-0.426407009301682,-0.406073489097201,-0.384503388230799,-0.361786054162154,-0.337741634595867,-0.312260308170586,-0.285426231174439,-0.257065803869992,-0.227594078324232
-0.125399067558015,-0.0915586422796609,-0.0603649322530274,-0.0328406264161976,-0.00923277484517313,0.010634473138946,0.0271135801787884,0.0405973395333319,0.051456007571617,0.0600146259079878,0.0665495434999179,0.0712928740774766,0.0744394397951838,0.0761538078055062,0.0765765099995301,0.0758118182109528,0.0739255566551513,0.0707086865187915,0.0659604239054653,0.0597638900210239,0.0520903203371022,0.042815781018368,0.0320375893808033,0.0198510359103245,0.00634329570879174,-0.00840227799719446,-0.0242799725319709,-0.041344314814685,-0.0388909644107657,-0.0304039120867159,-0.0219738208900229,-0.0134617951486604,-0.000983285579316689,0.0147872899293253,0.0338626212278727,0.0562355923240705,0.080292813194869,0.104643317996782,0.129261169561135,0.153991149927039,0.177072549072426,0.198315622720923,0.219395424412065,0.24046147358099,0.26173839119464,0.283685467546612,0.306227296891895,0.329259739772713,0.352670826351236,0.376374306838456,0.400324723399497,0.424626609528403,0.448921228121984,0.472522300247753,0.495287775867992,0.517093052704234,0.537792322940914,0.556924999780056,0.574944350119011,0.591812254724529,0.607458277788496,0.621839155287225,0.63494075047001,0.646777622568028,0.657390417962805,0.666841594054725,0.675210112965407,0.6825856976091,0.688808380532943,0.6935913922663,0.697061758222857,0.699343144544332,0.700544953770567,0.700765301242216,0.700320810292238,0.699345164079398,0.697793792432504,0.695526943357403,0.692381543879162,0.688138832891916,0.68253608163771,0.67530199753718,0.666211552883229,0.655146938753041,0.642139655149188,0.627371966734665,0.611137210957943,0.593780609916759,0.575646790897999,0.557048486102244,0.538601989384756,0.522703944279447,0.50887545994391,0.494463425954735,0.4798309812858,0.465738813050636,0.452545508116065,0.440294900323059,0.428924178568396,0.41806777674915,0.407574792382029,0.397371368197966,0.38741059736388,0.377628259134205,0.367954277994953,0.358322736020873,0.348671307051943,0.338940905721964,0.329075598079496,0.319022735429776,0.308733251185726,0.298162066455337,0.287268564435874,0.276017107403651,0.264441424274129,0.253144838465587,0.242284574440858,0.231866856188623,0.22203056622492,0.213314566344613,0.205828027448796,0.19962969009147,0.194726002918883,0.190701320261161,0.18726677675991,0.184406975657146,0.182059903534089,0.180070245836822,0.178122888553135,0.17516542344839,0.170449545666434,0.163364752760164,0.152617239150543,0.137160847089754,0.117459358853266,0.093574905281066,0.0653844485280385,0.0315171776007486,-0.00957964998764557,-0.0517450595278788,-0.0930035046195788,-0.132863285980262,-0.17101586850959,-0.207264807956115,-0.241473894818682,-0.273538314303091,-0.303371991551037,-0.330903685693186,-0.356076928469491,-0.37885120340936,-0.399203148463115,-0.41712726381451,-0.43263592463693,-0.445758634231863,-0.456540508640427,-0.465040006736493,-0.471325931035463,-0.475473734468705,-0.477561184970375,-0.477663472090715,-0.475847901131626,-0.472168429703357,-0.466805464077833,-0.460015894383987,-0.451799442098149,-0.442128728314618,-0.430961440999352,-0.418258950675894,-0.404018384957006,-0.387881628267635,-0.369161133847314,-0.3485033626845,-0.326230498183221,-0.303058128490642,-0.27960580372728,-0.256207223262456,-0.232526663177152,-0.206438697884913,-0.176237124592341,-0.142650131532813
-0.0280846891027812,0.0113949898852471,0.0445265764617223,0.0712028815947871,0.0922333208917272,0.108592804863149,0.121141821293228,0.130566453100628,0.13739453782744,0.142029257050662,0.144780811339996,0.145760812831617,0.145065935653456,0.142929405661306,0.139552863451169,0.135112723426434,0.129764915619098,0.123399159202631,0.115611256882569,0.106185440177317,0.0952293714607966,0.0828974988651569,0.069358513625968,0.0548202720414142,0.0395883816408405,0.0242170400441106,0.00989464428241081,-0.00189776179851249,-0.00762332062204363,-0.00781315089620199,-0.00533825914914527,0.000424995596688616,0.0113236529810186,0.0262636112478342,0.0451241509421059,0.0670354129732529,0.0896939613762999,0.112937885805565,0.136716466490323,0.159422354992723,0.180462650608852,0.201841908980339,0.224032170577479,0.246810522249248,0.269870699335199,0.293448217736245,0.317620452089409,0.342247790026068,0.36716572730031,0.392263089223568,0.417389208236199,0.442362895520005,0.467007179260862,0.490957133100394,0.514198997603758,0.536757429299795,0.558472853016745,0.578699648266583,0.597340408423003,0.614631286312332,0.630474810024914,0.644814635756612,0.657638799278125,0.668978457650766,0.678902800430015,0.687511443633665,0.694925761890811,0.701208523697431,0.705947119225216,0.709201236226685,0.71115056726691,0.711965657002366,0.711878066535272,0.711330098209595,0.710451672895118,0.709297029898263,0.707863239001499,0.706070204984157,0.703737477651349,0.700511885913461,0.695867070325164,0.689385079971722,0.680667168626386,0.66948572133365,0.655902407704084,0.640179732608893,0.622842755248804,0.604446704796987,0.585443792490158,0.566148694716773,0.547185726960129,0.531018532615397,0.517351692694655,0.503396369550071,0.489066358964738,0.475114938727261,0.462308879736983,0.450780247012592,0.440437767076848,0.431084823912492,0.422292007457242,0.413924180285573,0.405879122290543,0.398067232179266,0.390407750431813,0.382825833543745,0.375250789559526,0.367615271947141,0.359855125828905,0.351909630427639,0.343721963715629,0.335239786772172,0.326415897300845,0.317208936838681,0.307649022828444,0.298393439095758,0.289622242145435,0.28134338872022,0.273573948434481,0.266768359714009,0.261343545144481,0.257380609219791,0.254594371356617,0.252618745062941,0.251516644696265,0.251393637467334,0.252307889037548,0.254176745710602,0.256033175101509,0.257133419913409,0.256754131202409,0.253694420013648,0.245741013248864,0.232011854874367,0.212015928824854,0.185844384011292,0.154563457263442,0.119214919091542,0.076319825318327,0.0306994466914711,-0.0138244996539084,-0.0561575660533804,-0.0962184815821962,-0.133992028994529,-0.169458729289833,-0.202581606124379,-0.233312659174889,-0.261602720869409,-0.287409743873774,-0.310704695560955,-0.33147533359354,-0.349728272279502,-0.365489658001451,-0.378804664901106,-0.38973594147792,-0.39836108214467,-0.404769155197201,-0.409056283291468,-0.411320242959253,-0.411654030625508,-0.410138346031194,-0.40683299230309,-0.401767324254056,-0.39497975842631,-0.386729485513444,-0.376961334507981,-0.365504442682353,-0.352139701777256,-0.336498849140221,-0.317164045215072,-0.294827787809625,-0.270062161797014,-0.243042004511556,-0.214977520201138,-0.188202805819707,-0.165611959220495,-0.147355598348746,-0.126713132168928,-0.0925660375432732,-0.0495228614268175
0.095139684296565,0.135512861845425,0.164441025720144,0.184789049387489,0.199041239814036,0.208870803870263,0.215355038381852,0.219233649081957,0.220902357305833,0.220386849569986,0.218004078345954,0.214038468004046,0.208733986841638,0.202312011169764,0.194987858360792,0.186913576450422,0.178229553111943,0.168606696605783,0.157383406332011,0.144704927053675,0.130759408137162,0.115758289332351,0.0999556094715865,0.0836810705935932,0.0673481928032352,0.0515681787777153,0.0372887771765097,0.0246056959564435,0.0148795270536321,0.00884693735477064,0.00574699122370533,0.00944300474327685,0.0181049083293072,0.0312757231937677,0.0488098125751592,0.0683683369566285,0.089240331255566,0.111350711425703,0.134048898239006,0.156515685464602,0.17993807161581,0.204024886231263,0.228519419468994,0.253325564727702,0.278315344500917,0.303414602867283,0.329180154171876,0.355656607264246,0.382637389346338,0.409853900056435,0.437065576204762,0.46417060286087,0.490665796070696,0.515659338180957,0.539231822115634,0.561347918717569,0.5819677394405,0.601081691385049,0.61901726423075,0.636321490662756,0.652213332492212,0.6662793834311,0.678513113901606,0.688973500698385,0.697774222007318,0.705069312276545,0.711038508550778,0.715539105966082,0.718289820263756,0.719524494299487,0.719476096145183,0.718562358360352,0.717248099778928,0.715706948778221,0.714092761050241,0.712270882139661,0.709973666775477,0.707368148678061,0.704504887001862,0.701251724840867,0.697104378700249,0.691216047522232,0.682553023831267,0.670348193515191,0.654646794018521,0.636332326745682,0.616605280099023,0.596502164459413,0.576686518784928,0.557513694005255,0.53969172089359,0.52535792369137,0.512995801282834,0.500514605825958,0.487356675510187,0.474139963614345,0.462137936939563,0.451705184869866,0.44273885656803,0.435053040800451,0.428317770651091,0.422062362336265,0.416163778326055,0.410529262559395,0.40507489131035,0.39972083532906,0.394389516017352,0.389005312480847,0.383495000962028,0.377788487457272,0.371819623158397,0.365527019210089,0.358854844889813,0.35175362993304,0.344264438408737,0.337105491160673,0.330447934033029,0.32429569748574,0.318662604940399,0.313727760283456,0.310192858073343,0.308008187883029,0.306669442368485,0.306206207847227,0.306828057014057,0.308790945552138,0.312376415647718,0.317137583789641,0.3225998884558,0.328387328426365,0.333518925357715,0.335787210113825,0.333064260543738,0.323390045967594,0.303558882524027,0.272793433947634,0.234344239649387,0.192690306194389,0.148441070301164,0.100904440628525,0.054219513908381,0.0102582780656083,-0.0309829551575157,-0.0697223290706123,-0.1060241154191,-0.139873548693281,-0.171223431770078,-0.200020089042667,-0.226217819136133,-0.249787111683697,-0.270719271675644,-0.289028744485576,-0.304753783820141,-0.317955794298071,-0.328717526181952,-0.33714021096198,-0.343339657987487,-0.347435640707905,-0.34954352826105,-0.349797165914665,-0.34831656554148,-0.345194403840243,-0.340481721168391,-0.334170547544018,-0.326179062706225,-0.316608676927343,-0.305307701965583,-0.291812237457199,-0.27443979589745,-0.252499242366291,-0.225859762290671,-0.194194108252577,-0.157912068837848,-0.118162379791419,-0.0795544788806112,-0.0482132136154496,-0.0304373070442678,-0.028691170614027,0.0164349764898964,0.070514678169447
0.264035897687062,0.284480112990372,0.295567733350676,0.30170895352183,0.304781730748475,0.305647267630552,0.304611295978957,0.30148590340831,0.29651653031543,0.289937829510634,0.281987276435663,0.27299034688347,0.26317440495613,0.252704777876668,0.241838179826137,0.23065365029556,0.218791232492057,0.205967276207155,0.191712110662069,0.176114735809497,0.159384412001975,0.141768344614719,0.123545311623331,0.104984344599262,0.0865740765750561,0.0688994041499569,0.0525487620138982,0.037087518202401,0.022945825662469,0.0116990544369979,0.00588114099671304,0.00766155665877868,0.0155116097842287,0.028968212125462,0.0456750676272428,0.0637872332230027,0.0849498288138695,0.107712469112014,0.129432207797317,0.152106117172532,0.175879144247969,0.200648630249657,0.226222990779814,0.252404827357406,0.278984058788542,0.305775861987548,0.332861214123114,0.360793745409046,0.389440701080214,0.418630810692091,0.448325694723699,0.478359646648299,0.507864104907367,0.53594910646028,0.56237103346712,0.587183958103872,0.609762951765965,0.629898375683088,0.647176884504105,0.661931111480371,0.674894852611284,0.687253023423199,0.698567978395202,0.707742701106202,0.714946320585309,0.720410532936141,0.724358649279854,0.726409841987273,0.726604564745138,0.725245237447574,0.722936183746538,0.720049863645073,0.7166903579239,0.712203849233739,0.706820299889728,0.701295699535487,0.696099021900456,0.691587510494933,0.687998658906286,0.68526456463676,0.682880707842728,0.679527654245739,0.672774013596584,0.659962388535474,0.641016975826724,0.618706328330524,0.595686027756712,0.573394399035896,0.552466236385649,0.533003106179196,0.515714159517491,0.502679616670079,0.491495424864224,0.480577524190818,0.47029261911544,0.460777865858902,0.451660728812701,0.443216278957316,0.436162845282236,0.430410639005391,0.425751580043372,0.421811729126213,0.418237511190342,0.41494873480101,0.411864083489321,0.408899386720523,0.405968615814431,0.402985601811069,0.399865729920121,0.396527384136506,0.392893119975374,0.388890615253566,0.384453468722633,0.379521918942367,0.374169211866907,0.369173717748548,0.364666902053344,0.360642550228444,0.357103729666129,0.354089125004563,0.352183940128098,0.351107562047236,0.350678460818634,0.35106909410215,0.352526955737206,0.355415886341755,0.359892964335558,0.365783518513077,0.373960301552053,0.384583509472315,0.395533940739155,0.403530286830397,0.408897516839784,0.409289402920625,0.392463431160164,0.351994735618169,0.300915191758575,0.24858813353942,0.201479276897069,0.155026471422087,0.110243302100908,0.0663802471941695,0.0248575177418271,-0.0143110623426351,-0.0510932935111273,-0.085402842204777,-0.117144256139107,-0.146232248357043,-0.172601504935365,-0.196212240374881,-0.217053350825083,-0.235143877399863,-0.250533089835111,-0.263292438433527,-0.273478187539058,-0.281225765737629,-0.286701980782183,-0.290086170655507,-0.291563527330766,-0.291316866092961,-0.289516296262478,-0.286306000201939,-0.28178700434313,-0.276102855932516,-0.269306943982212,-0.261091669542576,-0.251149434607987,-0.238551690705557,-0.221359252271594,-0.199000216589554,-0.169577854428675,-0.13099942030733,-0.0817381249527127,-0.0226528306096044,0.0423818262646687,0.104622151689517,0.154743088451669,0.189528932858057,0.205937142582629,0.247463269795475
0.451994895585315,0.432124960065438,0.418545520934097,0.408015156775528,0.398907279896901,0.389795768713944,0.380049784230745,0.369513411473962,0.358242197202722,0.346278421780216,0.333706646350391,0.32082230030319,0.307595900240358,0.293897660012393,0.279930295849183,0.265355706829129,0.250065570904434,0.234075494871815,0.216885104168075,0.198570251105257,0.179305147322165,0.159165052605123,0.138428823524487,0.117460456031199,0.0966537681097794,0.0763724270192368,0.057134643656838,0.0386722849894746,0.0203541117790586,0.0053111752031135,-0.000823970980498114,0.00026288300948131,0.00822737227291517,0.0216046878037257,0.039155303355399,0.0597156705170681,0.0813609513833833,0.102020704084122,0.1238405413784,0.146920110980298,0.171172118603539,0.19640741040752,0.222505940097832,0.249670787718927,0.277716315421894,0.306400256348422,0.335459464115899,0.365129291534353,0.395687193036356,0.426817998198012,0.458159271308964,0.489358794025986,0.520001983091013,0.549664820776759,0.578443297811152,0.605964514961865,0.631664765192125,0.655120780231554,0.675596842676647,0.691784892524206,0.703913474835786,0.712681038264771,0.719116597498863,0.725280247351203,0.730364605570633,0.733455877068106,0.734749049929333,0.733836497608996,0.730972354748064,0.726838319140999,0.721622278672449,0.714127468682939,0.70488831223439,0.694864866403658,0.684820477300109,0.675349997577454,0.666902121500072,0.65991284372374,0.654783844653369,0.651830229671144,0.65113894081439,0.652080909738056,0.651262647226027,0.638055109261943,0.611078665887859,0.582606732225128,0.55642955155033,0.533245763780736,0.512921218957961,0.495044001246744,0.480391895783683,0.470278769693367,0.460579988714077,0.449642105735837,0.439384882845908,0.432354757222659,0.428134754599579,0.424671516200025,0.421214564294569,0.417649466749086,0.41493934624177,0.413215285636991,0.412066902481432,0.41125063865433,0.410679355854024,0.410255875119997,0.409878654873342,0.409445728269852,0.408857342739492,0.408017707069382,0.406836149153726,0.405227896745834,0.403114626853488,0.400424884516031,0.39729869097483,0.394554456397622,0.392262243612262,0.390401412747162,0.388957925652634,0.387904461536645,0.387135846197327,0.386771291264141,0.386867286997804,0.38753590512634,0.388944443713571,0.391290355883242,0.393956255810427,0.397650953283225,0.404688405303937,0.419263714259315,0.437310883608501,0.445644020525277,0.454019861175841,0.46362122872834,0.454237713296261,0.405450896931259,0.345332790545042,0.285509216955053,0.230484904124217,0.196236178495059,0.155678823708595,0.113952352015069,0.0723102360910485,0.0327995896315565,-0.00437376566176359,-0.0390383543048228,-0.0710460135114092,-0.100276544134981,-0.126641762524051,-0.150088694419572,-0.1706016867701,-0.188154182701108,-0.202751870099441,-0.214515631687191,-0.223599336870604,-0.230185384113295,-0.234480011725576,-0.236707841632576,-0.237105525148054,-0.235910456553784,-0.233625240373985,-0.230654681588881,-0.226917133595464,-0.222441675592804,-0.217201392853855,-0.211037868259157,-0.203439718701885,-0.192474225158407,-0.178217041653875,-0.159142539755235,-0.132168342583299,-0.0925192680042271,-0.0346082174192424,0.0463061654421601,0.149853808664667,0.261459210791264,0.354279481127923,0.425468725463076,0.49482426127793,0.466451412875925
0.55375741004556,0.528295560399326,0.506543006415794,0.488147910562177,0.47071897173403,0.453835429522707,0.437303991373592,0.420921651719391,0.404703416931817,0.38886961549476,0.373013486388221,0.356921094741223,0.34057753532929,0.32398084932049,0.306703531698895,0.288417610474139,0.269605362950077,0.250333318531087,0.230122511511495,0.209069335667865,0.187194789238149,0.164807102125323,0.142370033153181,0.12002235706349,0.0976857721440542,0.0755497280443324,0.0540961510911336,0.0334794748870235,0.0121785313425916,-0.0031521220203351,-0.0100662993237983,-0.00983454779278489,-0.00110005716308013,0.0145688030747195,0.0334348807177672,0.0542303240647115,0.0742820773835821,0.0944468110689017,0.114673355834544,0.136389890805854,0.160135870476817,0.185722743777106,0.212940679658244,0.24156410512197,0.27135456184358,0.302058786592433,0.333402337387242,0.365160892675232,0.397861047456587,0.431428592031242,0.465522352138527,0.499795454556304,0.53371958015679,0.565965025029579,0.596108813356638,0.623824461199113,0.649750368935478,0.675021562456853,0.698047450419234,0.717407327770704,0.732082726426876,0.74104143461711,0.744796839155635,0.745035248993644,0.744134451119052,0.743974839478063,0.741974592342115,0.737554750448148,0.731411634015222,0.722440359618897,0.710326525485386,0.696537812893823,0.681963016129661,0.667140980484571,0.652614345283665,0.638851447921985,0.626333207385682,0.615559696100356,0.607051610573667,0.601330578554129,0.598881563644885,0.600034973409021,0.604177371371447,0.587422773135134,0.553911692196681,0.52307810077831,0.496676798037621,0.474720475402691,0.45685851323527,0.442647309927164,0.433568218326376,0.429592846415241,0.424844253109401,0.415079284272868,0.399682233722687,0.396607063510301,0.39902408447689,0.399681586373327,0.399183028714493,0.398634609335346,0.397651873601657,0.396908301250379,0.397636817289935,0.399305324081136,0.40139611078677,0.403673926711417,0.406011009803865,0.408283282532853,0.410372216058258,0.412165807205107,0.41355905418576,0.414454151505323,0.414760528828241,0.414394801050683,0.413617928612846,0.413237288400674,0.413256263576148,0.413638859531863,0.414352356613662,0.415011099125228,0.415114836127852,0.415373707586809,0.415857775892308,0.416583154340842,0.417562067997338,0.418258989487042,0.417552988873209,0.41548295580147,0.412125311142123,0.407747762520776,0.427397993598926,0.447135868532654,0.457442636209819,0.459013011269997,0.44474341661758,0.411289390030145,0.365241528263032,0.315486412562834,0.270043277836099,0.233118928997587,0.194306034678994,0.153387194816027,0.112170152762205,0.072021936679032,0.0343421409299454,-0.000696557892805788,-0.0329278974020574,-0.062210481988053,-0.0884379252359288,-0.111492226287574,-0.131256293202221,-0.147781738960866,-0.16116963753833,-0.171564238269167,-0.179149273536779,-0.18414335498631,-0.18679485232999,-0.187371798997291,-0.186718950715443,-0.185098998269127,-0.182589851342793,-0.179412196831221,-0.175773103966722,-0.171847252585254,-0.167750653528762,-0.163501739378625,-0.157804568768286,-0.150719089475375,-0.141973992449073,-0.130456164267371,-0.11336782372057,-0.0854097240747372,-0.0357944609297847,0.0547537025772471,0.198432489090496,0.378490222294027,0.504535876546216,0.550478985601872,0.575496473334678,0.566060755753815
0.583150217568632,0.56943529500033,0.552152672898448,0.533353714299827,0.513966767435976,0.49414730966899,0.473676935866819,0.453976979191019,0.434646800111732,0.41542655993367,0.396275164845053,0.377203169954579,0.358246446646413,0.339163897342967,0.319273728945052,0.298609558736946,0.277266943547705,0.255399583669189,0.232990778010388,0.209974763501413,0.186542733958989,0.163105816041006,0.139659189570469,0.115920490117832,0.0919665824630792,0.0680410637615159,0.04446725599595,0.0215137301090723,-0.00171896563460301,-0.0162501014531921,-0.022523136452298,-0.0177544973253796,-0.00628237694381049,0.00762726614123478,0.0237747333350369,0.0404073594547436,0.0575515598831886,0.076728268459536,0.0976449050440191,0.119939077445297,0.144202375325972,0.170649827445045,0.199040763878731,0.229107119609488,0.26056833928057,0.29317416414529,0.326651594033888,0.360714292451655,0.395260864016988,0.430914959130528,0.467451331038125,0.504455652152972,0.541566407217516,0.577513892208929,0.611489505599676,0.643053244449182,0.671835498324666,0.697478395951191,0.720419491896086,0.740240998699251,0.755365007528662,0.765441246892351,0.7694919751937,0.76722934951219,0.76065296433518,0.752454675781258,0.745609327925829,0.737065331793685,0.724333690076209,0.708473312134912,0.690859968250363,0.67217694804629,0.652851378163429,0.633285280684992,0.613894433110086,0.595115484492757,0.57740838563637,0.561249699694684,0.54710421068652,0.535342425237783,0.526014100538792,0.518210992713787,0.508513133565343,0.491182512287215,0.466894319715517,0.441680512588976,0.419172624873233,0.400739835464839,0.386815415455276,0.377520987607061,0.375480977366269,0.380004906152004,0.386896541583911,0.393945387462334,0.384892241732831,0.373349975961213,0.372073985808484,0.372135835059527,0.372769558812818,0.373867394934299,0.375788261233641,0.377642097356427,0.379066672093178,0.381755295178177,0.385319386559949,0.389558246617671,0.394320230218054,0.399404807212724,0.404323421285513,0.408888790398941,0.412982104168236,0.416493301431305,0.419320470958079,0.421369299126058,0.423100944806838,0.42521791396103,0.427674301828095,0.430421192960075,0.433248496052623,0.435258704930036,0.436317324286489,0.437295011159269,0.438306388150476,0.439306683035691,0.440184844641458,0.439573331611942,0.436710660733959,0.431373849014431,0.423348077160405,0.414115414597421,0.419868820094585,0.437860332893577,0.448078257025875,0.446912902465904,0.433202133609107,0.407215562366862,0.37200999484644,0.33232774349806,0.293266015457783,0.257559471274144,0.223293050481383,0.183785955722473,0.143504660435965,0.103300090442494,0.065029863963528,0.0295835790055808,-0.00285927352841953,-0.0321262416055737,-0.0579413720598214,-0.0802026487245767,-0.0989167771049108,-0.114146340728002,-0.12600910062753,-0.134674682913702,-0.140359446008923,-0.143309066148739,-0.144248441719964,-0.143832549562917,-0.14209109046598,-0.139290854624861,-0.135715850327619,-0.13166290115823,-0.127434397264488,-0.123325894817319,-0.11960656355566,-0.116096037172883,-0.112363350063172,-0.109107220225182,-0.106094619452285,-0.102885956063935,-0.0993395208345217,-0.094829907758518,-0.0828085569395588,-0.0268214103713074,0.158634357589957,0.360576738281691,0.497847075052324,0.558303154781594,0.583161778424884,0.58692783676059
0.576400365769932,0.573569801250527,0.562596366732765,0.54681709405738,0.52847765489277,0.509143199124632,0.489281963135103,0.468007543018788,0.446164572558084,0.424470677410066,0.403029535319007,0.381881567894453,0.360993674662059,0.339605783431795,0.317859594015412,0.296012591180351,0.274149360973547,0.251960256895648,0.228678935841688,0.204885224184399,0.180924286977752,0.156501983028396,0.131165764866226,0.105287055479646,0.0793182880731939,0.0534799720884443,0.0278335044217076,0.00253070141110197,-0.0189224660315663,-0.0316736285579946,-0.0324583395576868,-0.0261063056788493,-0.0171472297494109,-0.00666425518375975,0.00387413680200273,0.016099796327109,0.0319846026266507,0.0515207847097291,0.0736398338111838,0.0976154380181881,0.122998127566672,0.150518389856928,0.18030237669214,0.212017840205549,0.245312698986687,0.279900593059888,0.31548176221987,0.351745340757797,0.38844125341572,0.425750043268254,0.464176793926826,0.503453060679608,0.543205442440048,0.582415830202322,0.620258441492899,0.656360399120968,0.69011852942522,0.720703647407467,0.747061878473789,0.767321646250088,0.780723763744262,0.787188330673152,0.788607009570792,0.785316542802031,0.775812310796594,0.761974461592875,0.745806358229672,0.728935753168304,0.710255316492399,0.689629288601941,0.667457213007544,0.644098126435887,0.61990462295831,0.59523344737106,0.570452568157768,0.545944912948459,0.52210712368239,0.499338070323545,0.478004217778723,0.458354276531284,0.440337633230539,0.423312163038564,0.405907641098094,0.386838331470179,0.366452203102567,0.34662570715713,0.329226537120366,0.315445753422964,0.305929965158127,0.301573716419403,0.305848703717333,0.316673802025037,0.331591107260113,0.349307405599587,0.354753583022474,0.344096821872365,0.339037517119915,0.338901014171819,0.340886548050007,0.344014134228703,0.348262494260972,0.353377572988562,0.358399762013437,0.362379617784192,0.367228958831066,0.372771211562463,0.378820328989682,0.38521423164416,0.391804902372491,0.398455695909197,0.405039344574032,0.411271439974146,0.416722095427058,0.421289164779193,0.42571578936297,0.430478669430082,0.435518661828278,0.44072731421855,0.445285569142892,0.448640809277681,0.450819402406354,0.452724954741513,0.454563420702789,0.45629178957069,0.457575743541407,0.456848729233113,0.4539958686668,0.449409341279586,0.443508402333193,0.438599982205397,0.438847003858019,0.442623571293555,0.443943264869616,0.43842391172123,0.424299894584206,0.401692420593837,0.372243250171549,0.338535017939522,0.303895107961309,0.270504977456655,0.239312355549185,0.20393502465724,0.16506490469475,0.126093284706418,0.0875600099841578,0.0516977887201862,0.0190916193055523,-0.00987219573477804,-0.0350461240214215,-0.0563648615009067,-0.0738289520127986,-0.0875080399254203,-0.0975393101226277,-0.104122015716505,-0.107526131942086,-0.108944441866769,-0.108481485918988,-0.106365114441951,-0.102878464818555,-0.098328011398444,-0.093044150614952,-0.0873823265535618,-0.0817219933708209,-0.0764782722671026,-0.0722773724759019,-0.0682108434583544,-0.0653073703541764,-0.063701219596697,-0.0633417975658892,-0.0642424385897193,-0.0673811813830436,-0.0732336730102028,-0.0807312432727795,-0.0686701140666054,0.1997993425163,0.337580106833173,0.446395009216183,0.517300484158008,0.556584396866922,0.573723310959638
0.549282113586404,0.552929106168806,0.54724128776422,0.535374298129254,0.520211999757828,0.502703166635522,0.483412405567085,0.462760459230674,0.440540324217422,0.417260228390066,0.394349216769811,0.372257321500409,0.350648877662683,0.328865052205176,0.307019791432886,0.285226646039154,0.263568481913569,0.241369849577248,0.218014048036225,0.193865897046309,0.169161599014964,0.143262576521851,0.116362957967289,0.0885998891099383,0.0602332555943604,0.0317000450316939,0.00342516228584153,-0.0221623308692595,-0.0374862461709626,-0.0449484930664278,-0.0450036998085997,-0.0420104101813919,-0.0383615947202579,-0.0332792329736297,-0.0253590416319109,-0.0138040914426196,0.0012098954060616,0.0198796451466507,0.0426265674141793,0.0682443739497019,0.0957285074037507,0.124661610284816,0.155970598004354,0.189552340273026,0.225005433114456,0.261911527473861,0.299843615371125,0.338414697002518,0.377382641395553,0.416473515901204,0.456282495463261,0.497082865130681,0.53866050356531,0.580326074767648,0.621113084130676,0.661248238943685,0.700787072521693,0.738924945674404,0.77312539708604,0.798532447032954,0.810934482135408,0.811973924110915,0.805790715089328,0.795876772558145,0.783980791708029,0.767192892098505,0.743268688613255,0.716931199186579,0.692834920349688,0.667876297517202,0.641236184671188,0.613210107083473,0.584091314299001,0.554177146699654,0.523772187568986,0.49318910478706,0.462747550422033,0.432771096794104,0.403581776211685,0.375491313331395,0.348788255358966,0.323724084122948,0.300514211084303,0.279378591845666,0.260606240257315,0.244574828241901,0.231708661697451,0.222424195903241,0.21707549073781,0.217250341829116,0.225976429102716,0.239273564042489,0.254781458601466,0.269791944336353,0.280146262902799,0.285224129729515,0.289654861424185,0.295541925109071,0.302516770581808,0.309746143940003,0.317074342286646,0.325244393677776,0.333733829796146,0.341570566016068,0.347858918427907,0.354761899853438,0.362178079748906,0.369914154834946,0.37777389114826,0.385612795296442,0.393297724079399,0.400703823108578,0.407713135301957,0.414300377417358,0.421415971863475,0.428978185760037,0.436753104332943,0.444117832766321,0.450259354710608,0.455064922369333,0.458533828683973,0.461599592762409,0.464573412893533,0.467448723675965,0.469539277102769,0.469498237994053,0.467595811076266,0.46417142528115,0.458975711394481,0.454169013473297,0.450621257589808,0.447372139260733,0.442020977428111,0.432198080451278,0.416547904833095,0.394897880978989,0.368065983094698,0.337499606371413,0.305485017286526,0.27387368922312,0.243573593692277,0.21382362644183,0.17706228755501,0.139141008324253,0.101797649369319,0.0656335345772015,0.0330963362858801,0.00450656771203922,-0.0199654878480287,-0.0402241634271236,-0.0562587117291874,-0.0681466717138262,-0.0760492608786147,-0.0803371558486911,-0.0822398910799263,-0.0818170167661731,-0.0793353797743971,-0.0750853379386221,-0.0693762957122997,-0.0625370401892648,-0.054920579109972,-0.0469121924886096,-0.0389828497884082,-0.0321225066582341,-0.0256031850668104,-0.0201228426734854,-0.0161629768730787,-0.0136782657602661,-0.0122797055997341,-0.0120531859154449,-0.0115793421169048,-0.00625147209305589,0.0158983962341824,0.0829790446941567,0.203655732775173,0.318954465819158,0.409387924114851,0.475240662615438,0.518315643581014,0.542736878106911
0.509983989261357,0.516525062215553,0.514164537576088,0.506170760918793,0.493596945138511,0.477596243797911,0.459237616443815,0.439589908403042,0.419084018682927,0.39742756157295,0.375088173628969,0.353519759632584,0.331954107149766,0.310251798991373,0.288580339448216,0.267078995484143,0.245662528877251,0.223599635966168,0.200674789039564,0.176663807284353,0.150643087294751,0.123192041337906,0.0945352857137143,0.0647469119490889,0.0341043035199787,0.00285468006594219,-0.027890705326373,-0.0471365053399258,-0.0562148513254009,-0.0619550567494868,-0.0652413353882852,-0.0687910520134214,-0.0699282989546035,-0.0674887979492082,-0.0608584506956312,-0.0500605316829061,-0.0352541904015934,-0.0167190234043188,0.0055815134060735,0.0322337860029133,0.0618507362826265,0.0931942991638241,0.126169075594565,0.161692162944526,0.19937198891163,0.238731117846075,0.279281773528756,0.320535666569519,0.362014621879269,0.403334997803646,0.44442478543767,0.486113693854698,0.528521257948968,0.571315820893627,0.613461489758995,0.655471945667913,0.699065684142141,0.74640868058142,0.795830759676217,0.833967341015541,0.844869507441425,0.835582606035294,0.820894468411046,0.803090004349251,0.783797516039032,0.762882381297785,0.736820510294234,0.705358913826909,0.673075650889009,0.643598095525752,0.612775551212124,0.580313088106003,0.546446346007349,0.511415918640901,0.475466100455735,0.438842853755985,0.40179325771193,0.36457183846249,0.327466322940146,0.290868911990452,0.255433665802387,0.222322966200367,0.193287276127453,0.16992887348704,0.152438735745077,0.139761344803038,0.130899836728235,0.125504077968181,0.12379499458605,0.128436556639267,0.140484931240666,0.155400998071428,0.172007564723016,0.188898728832051,0.204493365012984,0.218624604128342,0.232282087947362,0.246156108473304,0.259823806975071,0.272847200359205,0.28473522268111,0.295932864580099,0.307544196855998,0.318810146724511,0.328651712655171,0.336814360302028,0.345450255095731,0.354331886669826,0.363302621447659,0.372223656102429,0.380957830336248,0.389371830777504,0.397318253612071,0.404921013569824,0.413206849822545,0.422220984412204,0.431583520431877,0.440263865459068,0.447991012996365,0.454338896795565,0.459238682016537,0.463661352983843,0.468002557948164,0.472291684784557,0.475375156277073,0.476304638025083,0.475414144970543,0.472021646269797,0.466980587437454,0.461291143258035,0.45507267460428,0.447742930454316,0.438146463811479,0.425058266240662,0.407665184954903,0.385784612991024,0.359841207177583,0.330694854442368,0.299935622160405,0.269259101345634,0.239483258264125,0.211239228733217,0.179746659139509,0.14312729234727,0.10661570637871,0.0716121460833756,0.0390938371521865,0.0108372221765972,-0.0129187173191084,-0.0320337248763563,-0.0464804335398235,-0.0563459072380471,-0.0619867400114172,-0.0646867276714785,-0.0645748459132379,-0.0619363765242064,-0.0570803057644862,-0.0503262949421119,-0.0419986721703104,-0.0324277501406335,-0.0219585871270792,-0.0110051107043181,-0.000596387855216818,0.00940326755252907,0.0189996843249816,0.0271856480226506,0.0336644463657156,0.0386237960804699,0.0421023658443772,0.0452419043839327,0.0513086560586845,0.0658011187605718,0.0972373640921748,0.153478003411634,0.230239518987541,0.310202886021832,0.380687370378117,0.436499074765314,0.47672254447835,0.50238550714612
0.462464328320421,0.46910029526689,0.468588495814744,0.462524314873562,0.452223442408099,0.438725490935616,0.422987857306073,0.405702457213717,0.387372092547999,0.368281311688949,0.347955522634641,0.326940535139899,0.305652503301151,0.284264459278346,0.262980513559966,0.241893296364728,0.220817239716038,0.199226326665742,0.17684004889911,0.152382390441677,0.12536781911574,0.0961400480783261,0.0653772238726033,0.0333696910042615,0.00037949929118597,-0.0327420114699404,-0.0584871927185098,-0.0725492585618163,-0.0795043697355923,-0.086393745070836,-0.096322949092689,-0.104033163390702,-0.107936542233788,-0.1073665779786,-0.102132257670922,-0.0922470202839016,-0.0778057120102041,-0.0590055244755294,-0.036225469168747,-0.00949232242332997,0.0217542060213415,0.0557531141795679,0.0911915410728357,0.128766995088949,0.168778816021231,0.210681985037554,0.253918955014838,0.297929709832831,0.342161767981475,0.386080581895287,0.4291852519954,0.471544374976395,0.514051622964855,0.556652351190556,0.598201008160378,0.638638811055777,0.679973254573509,0.729562809686206,0.804360513786005,0.88046330341122,0.879388440570227,0.853000574500176,0.828556315113054,0.804416634005581,0.778633506090403,0.751508568916974,0.723935425677451,0.691248753544683,0.65383351091219,0.617285831805073,0.582740265732921,0.54626241023189,0.508028364313061,0.468240420400694,0.42710212938634,0.384813481175938,0.341567757024935,0.297555797701768,0.252992251682271,0.20820042799731,0.163850278383169,0.121579881055102,0.0851659767604359,0.0596289547103646,0.0447679600359479,0.0364395470770094,0.0319776741192073,0.0305543238189055,0.0326692634988197,0.0422749103123098,0.0575940115186883,0.0750925793509792,0.0943048060093858,0.11480003201317,0.135776738822033,0.15669527037174,0.177745209834174,0.199045475665825,0.219825649152292,0.239103094606102,0.256342279798096,0.271171122714348,0.284685807374879,0.297985557301664,0.310573615152094,0.320878558800032,0.330069604008803,0.339818776389543,0.349877243498507,0.359802180338153,0.369428061515366,0.378622400149252,0.38726174015488,0.395869094525545,0.405296536469988,0.415328780361002,0.42488703288039,0.433561135082909,0.441232907100289,0.447828125923815,0.453342234681372,0.458806664809841,0.464552719288367,0.470280439407101,0.47441108464034,0.476344101155028,0.475814146214322,0.472379514635925,0.467235870141382,0.460625242742925,0.45253095867244,0.442604100931776,0.430241541684718,0.414802552504231,0.395843246639824,0.373261453613125,0.347321911205782,0.318587629230721,0.288159934212452,0.257678513912908,0.227910248176478,0.199418964920633,0.17248345409971,0.138579551393543,0.102735323976349,0.0687623984474404,0.037006801029674,0.00896535391895512,-0.0141202870832957,-0.0320472222490752,-0.044766164941755,-0.0524486751574144,-0.0564788892482369,-0.0571123720847553,-0.0546691942291873,-0.0495042239189176,-0.041978808427329,-0.0324425999451996,-0.0212255177434623,-0.00863912501334116,0.00500565802852074,0.0188040446294323,0.032413973592532,0.0465531269577439,0.0599875145983375,0.0719764036084951,0.0818327077290495,0.0888582569160626,0.0933370303305029,0.0977980992676471,0.105872396293505,0.122029684500346,0.150810227366767,0.193894443717707,0.247336882682431,0.303067167257873,0.355106089180296,0.399217905239848,0.433240103740555,0.455583741855179
0.408571898205731,0.415062430917981,0.4156952453508,0.411337113803346,0.403252901369559,0.392217812917601,0.378850891343556,0.363805076131234,0.34758860389725,0.330586956803584,0.312962965721508,0.293231038319883,0.272379640370367,0.251466828892035,0.230721633946745,0.210089709470831,0.189656609693068,0.168745495038035,0.146295339067454,0.121078587547289,0.0929781004275265,0.0620295507705709,0.0290871751754965,-0.00513124454711558,-0.0401891697584967,-0.0712802675889488,-0.0895236588881565,-0.100961168667766,-0.109115860169902,-0.121055979645999,-0.135154529933524,-0.145058254461775,-0.151075193888808,-0.152506193844463,-0.148812942918467,-0.139942600550133,-0.125959606574425,-0.107033236564282,-0.0834496025434547,-0.0557111743778479,-0.0237733072211082,0.0126081647011,0.0511810680756591,0.0911506800238685,0.133638503689466,0.178219001094388,0.224258203491609,0.271118325999744,0.318167088875056,0.364785951082049,0.410376911354179,0.45436746804078,0.496916949310664,0.538766957978407,0.578897290983236,0.615961184799376,0.649310207717957,0.679054130728102,0.740287634197218,0.873130389420291,0.872732640314065,0.847734595804193,0.821537561630745,0.795498816513092,0.767636080890913,0.737222262802152,0.705423285409481,0.672651334466584,0.633625034075848,0.591303560916414,0.551871017359672,0.5119310257193,0.469856291510449,0.425839667119723,0.380075609951133,0.33275497244762,0.284059421191556,0.234157725744259,0.183209229794226,0.131387355877297,0.0789630726368047,0.0266490318266474,-0.0218881389919304,-0.0481306383668321,-0.0551649466639611,-0.0580343278979061,-0.0583720538297101,-0.0559411440743655,-0.049412540075732,-0.035261415338009,-0.0175521081778506,0.00238185030704459,0.0246165648992627,0.0490671955805642,0.075230725228147,0.102410016634934,0.129980707219214,0.157679961724497,0.185085015346289,0.210733560543251,0.233627181402612,0.253235043508104,0.269427349568589,0.283967720445641,0.297486006884873,0.309492621578004,0.318810252694648,0.32861425163867,0.338707159208284,0.349027639983769,0.359539455223012,0.369641674839716,0.379142224782556,0.388967760301464,0.399504691080267,0.409788797682386,0.419173166580553,0.427565880550855,0.434890342934519,0.441083404130751,0.446165504481475,0.45124784614504,0.456757764281446,0.462610126177158,0.466974561820976,0.469281884776346,0.468422893267486,0.465152867716733,0.459804650928366,0.452484457019576,0.443106585306894,0.431470640384064,0.417257200727794,0.400135495615136,0.379885176719033,0.356483854560321,0.330137346561843,0.301256879403348,0.270596307384585,0.239751607234574,0.209500375301603,0.180366772101652,0.152940164140901,0.124885311506811,0.0911327362983071,0.0570464873197548,0.0263079317440766,-0.00124165066435322,-0.0237772235426661,-0.0405144616838213,-0.0513154386087697,-0.057453389870207,-0.059463910367197,-0.0577066645806393,-0.0526177267834199,-0.0446494698974057,-0.0342312983519397,-0.0217474507279644,-0.00752852906647558,0.00814688345710968,0.0246591470209268,0.041219517701451,0.0589942151682784,0.0772019851550493,0.0952874327763165,0.11218834145977,0.125613308791955,0.133216416642419,0.136586619935224,0.139637503539355,0.146273969388027,0.160023628904543,0.1828872203088,0.213897563461889,0.250671215188317,0.289226460915347,0.326325637570883,0.359275049473015,0.38546999750516,0.402918126183051
0.353266889062548,0.358694634911866,0.3591733850413,0.355598701241653,0.348824689567053,0.339583480442393,0.328188467133699,0.315138595759261,0.300907761425359,0.285875996093924,0.270266901834676,0.252863413134766,0.232792632685958,0.212454519441819,0.192292304979551,0.172365880126947,0.152710280976333,0.132300439522137,0.109178541548071,0.0828838175967301,0.0534919411749355,0.0212010348320728,-0.0136937701614921,-0.0500890478648819,-0.0846985908554434,-0.108267311047248,-0.123389984198352,-0.134056780008213,-0.147684296898236,-0.163214685090451,-0.178749089032311,-0.191024587556745,-0.199027990575837,-0.202465512964199,-0.200501932243731,-0.192780607756349,-0.17932920799388,-0.160307131525174,-0.136003759036676,-0.106845884326813,-0.0734944809045009,-0.0355922596160768,0.00613288597758822,0.0492543648384628,0.0943977220579682,0.141826980290027,0.190827359211037,0.240680951488354,0.29067649308152,0.340117688279118,0.388329196652272,0.434659129508236,0.478492947821004,0.520154357443559,0.559805417544265,0.595937040396408,0.628552369708537,0.660698900833311,0.713545569505801,0.784846666092006,0.816537233541858,0.814367973088035,0.798859031083987,0.776327325015525,0.749582644308143,0.719990283058336,0.68569198085268,0.649641683044137,0.611513069055231,0.566707527963778,0.52112019200347,0.478177713086874,0.432866160587058,0.385265617404611,0.335615905319783,0.284123554291895,0.231002899639601,0.176476195482846,0.120869771746038,0.0644271154191988,0.00737081004768421,-0.0492508670842381,-0.102695330872154,-0.129758098851842,-0.134964436948696,-0.135999469949176,-0.134095003445929,-0.129441630826624,-0.119216563438411,-0.102391801555409,-0.0831713330114058,-0.0613366995613635,-0.0362014481794617,-0.00767828231331562,0.0236831122144824,0.0569696564959103,0.090939856380617,0.124675123423578,0.157657329927386,0.189229208590434,0.217605881075106,0.242034510809306,0.262135695920185,0.278320313511923,0.292563142736999,0.304960531852029,0.314752205792097,0.322630985537919,0.332164882590628,0.342379298307693,0.352723945515585,0.363186460508256,0.373624413676866,0.384631582027505,0.395647531702,0.405792291080034,0.414940603189954,0.42298897052712,0.429866189494347,0.435517562344258,0.44001072236375,0.444550687210461,0.449520024145558,0.454746286696994,0.458259633814407,0.458694858639784,0.456456969197563,0.452075711332794,0.445642159273266,0.43720906288372,0.426769941407911,0.414024397010498,0.398582158164747,0.380277904463491,0.359023963337323,0.334856159504666,0.307958955614746,0.278661491466827,0.247476978139837,0.215881521163755,0.18475700042908,0.154617008170566,0.126115811182428,0.100261881868573,0.0706760267486296,0.0378807489741575,0.00649723928001245,-0.0200876135428242,-0.0420871158533811,-0.0576349739029298,-0.0670022542344486,-0.0713348833487872,-0.0709687242245818,-0.0664517706669173,-0.0583923184793025,-0.0473762178672515,-0.0339177727508613,-0.0184297125614741,-0.00123690811959637,0.0172875617469637,0.0361132523328298,0.0560974702873219,0.0772729111518406,0.0995033961071347,0.122692059405053,0.14562882636227,0.163372799872467,0.169613459901498,0.168444828688787,0.16743178089721,0.170690789293471,0.180265037277949,0.195649888726855,0.21607635433384,0.240309569946922,0.265954307675036,0.291741088333132,0.316165772816812,0.33551525873821,0.348641696698141
0.296483249780319,0.299891989016958,0.299589338236686,0.296108871051063,0.290011294429106,0.281885627419877,0.272071210390005,0.260738243281534,0.248304301559439,0.235123706701505,0.221250355285147,0.205619914077314,0.187548846281596,0.167835896430261,0.148343404263519,0.1293353061836,0.11051179369637,0.089805736673423,0.0656723808305672,0.0381927489743248,0.00759193615830175,-0.0259487770200099,-0.0622878118643037,-0.0996137999223299,-0.128951423991695,-0.147110326617066,-0.160011288456769,-0.174995247543262,-0.193468203360445,-0.209550211278952,-0.226167993259891,-0.241221685285575,-0.251423106063501,-0.256841105037314,-0.256768332630618,-0.250366156894713,-0.237537886028553,-0.218434326060807,-0.193370326285662,-0.16280736834401,-0.127366190512338,-0.0877664881199943,-0.043409088092527,0.00341868768846929,0.05152991639627,0.102008515109654,0.154160217017925,0.207186198886469,0.260299063934775,0.312734359996824,0.363761157577909,0.412691558287369,0.458892043773268,0.50187725491963,0.542315500580445,0.580221538773361,0.61669630037622,0.654830465428919,0.698674038909726,0.741900261732756,0.76879511963668,0.775941004045331,0.768829104601054,0.751374316241049,0.727326689122252,0.699215642074187,0.665723621447765,0.626960796308927,0.586860328949584,0.542391895757603,0.492827971578231,0.445986482467126,0.398255702930658,0.347914887981479,0.295685959992414,0.241942065982725,0.186746124887317,0.130249078524499,0.0727262604383482,0.0148022235034555,-0.0417740880260027,-0.0950512337813967,-0.140307657768374,-0.169874068332539,-0.184046174310693,-0.189550157583641,-0.189994685676662,-0.186149649380347,-0.174425218652033,-0.157700577191088,-0.138078248466389,-0.115178169525252,-0.0877000407764715,-0.055047760377751,-0.0180513656685872,0.0215545593338267,0.0619962792078331,0.101673796472159,0.139785943850961,0.175941807205162,0.209395681338053,0.238445280383358,0.262501242529003,0.281388179748616,0.296460996397532,0.309005352929274,0.319073695410192,0.325653506537262,0.33276549458853,0.341464272562882,0.351213897789364,0.361011132801746,0.371411991096781,0.382977042722194,0.393853238661406,0.403694722711934,0.412414458971292,0.41994670108263,0.4262477033386,0.431283685455001,0.435151227908152,0.439131192798005,0.443530416297179,0.44810196884071,0.450206437822168,0.449037286851742,0.445357366908658,0.439320847003998,0.431050484018351,0.420587832205132,0.407881238530149,0.392883515665474,0.375536925591791,0.355714440563865,0.333276105336714,0.30826227711287,0.28077026363501,0.2509341970648,0.21911988790597,0.186518930441894,0.154244871271884,0.122811407278993,0.0930485429769611,0.0657533280970554,0.0409213700291159,0.0103577038070808,-0.0206876534215125,-0.0481441887816337,-0.0690815512931857,-0.0836093538273562,-0.0917091224932576,-0.0937997464682759,-0.09052310500671,-0.0827201322871627,-0.0712442717744854,-0.0568488993110461,-0.040143230753806,-0.0215889976220374,-0.0015144031858354,0.0191880801662387,0.0405095204255853,0.0630214607479461,0.0866155950883688,0.111589012380009,0.138083326707253,0.165209062431259,0.192270461781131,0.191668257344231,0.183081195812774,0.178286163308771,0.178610308347598,0.183790608405604,0.192939239271985,0.205732165373111,0.221110234332233,0.237436758407003,0.254284459452296,0.270907736904314,0.284006629116006,0.293250813801645
0.237363989225934,0.23860762841167,0.237175149493699,0.233338272906112,0.227476054004187,0.220020689377535,0.211363323326296,0.20148093178688,0.1906386752692,0.17915620259462,0.166851185450996,0.152720037696174,0.136772000796952,0.11823576687712,0.0995583573232613,0.0815404400266729,0.0631241678590863,0.0415087493520745,0.0162740882683511,-0.0123045783741162,-0.0440075520937739,-0.078674231054304,-0.11613865272473,-0.151083899847021,-0.172390297854277,-0.187399725403739,-0.202373367558322,-0.222529796738313,-0.242111968453819,-0.259976299922428,-0.276951426937981,-0.294797427211092,-0.307709245934926,-0.315280569390479,-0.31714976502471,-0.31227745916305,-0.300180828144905,-0.281006222991393,-0.255110383248682,-0.223028386923544,-0.1854356851779,-0.143195964789001,-0.0966891730991557,-0.0461368512759636,0.0055321728257401,0.05927757632887,0.114787211079824,0.171179704516587,0.227591449173392,0.283193860410714,0.337211889382866,0.388943279956655,0.437782327135405,0.483260549382543,0.525383282979528,0.56533238066273,0.603911617677791,0.642354265276047,0.679634130953024,0.711837747061405,0.733491627854907,0.742536277113712,0.738965508707767,0.725087314588497,0.703813070171951,0.676830194301897,0.645010466747171,0.605835623553377,0.562978529996147,0.518635229416945,0.467963102283672,0.41694546502707,0.368919004745439,0.318879726593673,0.26680044224734,0.212742977297479,0.15687747955061,0.0994639334231069,0.0412929136140723,-0.015759247330875,-0.0703304507786337,-0.120043922781248,-0.161047632483109,-0.190538489300488,-0.208768690313984,-0.218372143844514,-0.221949482005465,-0.219200301211144,-0.208440575453165,-0.194824238919999,-0.178533110557664,-0.157794615840793,-0.129621368192864,-0.0926329860509736,-0.0489202472663163,-0.00221709541417264,0.0446806350521378,0.0900619727897621,0.132889967373754,0.172973321179041,0.210198597247057,0.243509820665293,0.271231875088475,0.293005289993854,0.309432447214672,0.322368337548348,0.332076754453604,0.338194930411036,0.3422916552198,0.348051986917731,0.355382855648327,0.364073248945334,0.373931559383614,0.384070709848907,0.394349749509007,0.403829804918932,0.412041363118655,0.418921658519319,0.424435505409362,0.428572656366734,0.431636587282432,0.434991333935609,0.438786588428791,0.442502983128798,0.442965857584319,0.440585534613449,0.435530973571591,0.427940848174986,0.417928524743465,0.405574490149967,0.390906193243482,0.373846818049831,0.354372862680134,0.332481618157395,0.308203151336273,0.281461506549333,0.25236667473064,0.221130774773876,0.188041619162742,0.153856565410927,0.119932237755325,0.0868979550743985,0.0555082081189062,0.0263689899045065,0.000236792083048235,-0.0253754810521967,-0.054757063304052,-0.0827395213475933,-0.104245803545764,-0.117750242717132,-0.124318663136099,-0.123559149915019,-0.116691726497386,-0.105027195039636,-0.0897516161729717,-0.0718056589690277,-0.0518816286714432,-0.0304634975742073,-0.00806127349004415,0.0144744224691911,0.0377936989706142,0.0617398956454857,0.0865283600339436,0.112237542206375,0.137726256452162,0.162016780660769,0.181189791756126,0.18470209248904,0.179571175793326,0.175376225743675,0.174529484652897,0.176103055534717,0.180294507091478,0.186891781894847,0.19517578127033,0.204038622139707,0.213637944839284,0.222987667520253,0.230156292243791,0.235666438294759
0.175697607980956,0.174792985163014,0.172076896307734,0.167642255340062,0.161739199953517,0.154678234861819,0.146800825144362,0.138137634976434,0.128689664399921,0.11874129473193,0.107853713189447,0.0951312266120173,0.0807887068808807,0.0643321628287601,0.0465705002345032,0.0293989957391251,0.0106135174729327,-0.0120545287577529,-0.038323012913598,-0.0679027152648984,-0.100574925210697,-0.136202332932171,-0.173234299898285,-0.198832258294661,-0.216027061589932,-0.230302610213883,-0.249934861364415,-0.272128101797596,-0.293226764750511,-0.313114570510804,-0.331330549609919,-0.350672724253385,-0.367073077248819,-0.377259847138934,-0.381228884394742,-0.378063377759139,-0.366819295414947,-0.34756996490471,-0.320743569248382,-0.286981324496902,-0.247077940601876,-0.201936190285032,-0.152631898170465,-0.0988097001097321,-0.0430748998193356,0.0141570794547409,0.0732333007896572,0.133185907068023,0.193068491081971,0.251981599230935,0.309101510952403,0.363707582018501,0.415207648925618,0.463173579885285,0.507760326579509,0.549558371843098,0.589156478722588,0.626314945942086,0.659573237881991,0.686715831413105,0.705517132714483,0.714587817779128,0.712192800102184,0.700177670894734,0.680809960703953,0.655315608415649,0.624477832900714,0.586740204254508,0.542357672530607,0.496541549428057,0.448412466009078,0.39755403923323,0.350667877264271,0.301864152974769,0.249924879957266,0.195139718586413,0.137982718587929,0.0795291115117999,0.021691888204673,-0.0344114519458024,-0.0870372122474314,-0.133401341612107,-0.17145339669588,-0.200020835710786,-0.219173480255918,-0.230175725346575,-0.234587064559291,-0.230287590445033,-0.220466125810592,-0.209359733561329,-0.197021552034599,-0.181755287589158,-0.158505192252052,-0.118739917682979,-0.0666200756882925,-0.0120426461349248,0.0409542653426878,0.0913282673185818,0.1383962726635,0.181848114156886,0.221644746055786,0.257621625162986,0.288649903076282,0.312988072828125,0.331082223203029,0.344649882297322,0.354018077060806,0.359269537668004,0.360571998132989,0.362877213356763,0.366958975782654,0.372900771164726,0.380775535871207,0.389188327116624,0.397658493832083,0.406213217461911,0.413843581801743,0.419986232704097,0.424616893111685,0.427742005962639,0.429871023497279,0.432343524938491,0.435300851649079,0.437469974419975,0.43691284154455,0.433395451435942,0.427065716524197,0.418056568328384,0.406480975151082,0.392428707744141,0.375966785140059,0.357131830027602,0.335861916970589,0.312174346655846,0.286132027049787,0.257835028842059,0.227278271609068,0.194587553960037,0.16000456795104,0.123967724751991,0.0878876517817771,0.0527411095895823,0.0190070108345367,-0.0128170330683312,-0.042002126339178,-0.0675350866420896,-0.0943662850117082,-0.121631805615773,-0.144357291198382,-0.158391177192208,-0.162691119426694,-0.158363619191597,-0.146992200857247,-0.130767913362156,-0.111254212740882,-0.0895279509711554,-0.0662958431815596,-0.0420094290391877,-0.0174553816535101,0.00736883568929692,0.0322445665835945,0.0572716108675039,0.0824277826973281,0.106459203744904,0.128453399986032,0.14718146301746,0.160020417596083,0.164945648663126,0.164175729325613,0.16216845393141,0.160246590475373,0.159020463765724,0.159131213602943,0.160624049251886,0.163095192453676,0.165821343045291,0.169331878798675,0.172343301021246,0.174473779870252,0.175620365281449
0.112295979935727,0.108692969297138,0.104481987801802,0.0993605325205696,0.0932722916313444,0.086432843527806,0.0790988645354544,0.0714203031195935,0.0631872839455803,0.0546102035702654,0.0450105519787401,0.0336312455844363,0.0207219811874227,0.00645562887932682,-0.010025548472558,-0.0267387871417211,-0.0464888601401343,-0.0701712569845338,-0.0974098173312295,-0.127885366836109,-0.161367945169056,-0.197735990357678,-0.227915077303453,-0.245951928728068,-0.259860335733864,-0.276900261492095,-0.299225171594304,-0.322759323362506,-0.345757164006799,-0.367861474792611,-0.388533652920046,-0.408413915100464,-0.428530162086153,-0.442125286322195,-0.44856236432696,-0.447235973988073,-0.436965824235046,-0.417605559155115,-0.389708577810528,-0.35407024456391,-0.311638573747368,-0.263454232878411,-0.210655759561624,-0.153856477533872,-0.0938049906044684,-0.0328238629372125,0.0300167904646301,0.0937143820590308,0.157223937736714,0.219555080840315,0.279816867835608,0.337253733412125,0.391264662200812,0.441599327631771,0.488913903947859,0.533149676628454,0.573222554067764,0.608946595109825,0.639693539871972,0.664719191080927,0.682054603865447,0.69081018814824,0.688855184287122,0.67778189575898,0.659593755439548,0.635443335888238,0.605866021965562,0.56968394247387,0.527425998366326,0.483101087511794,0.438680209204101,0.389465243592884,0.341653042522368,0.292628794522066,0.240059687548044,0.184354679658018,0.126467124699141,0.0684113714513153,0.0111980735346017,-0.0436961271779383,-0.0938166150852168,-0.13739559042902,-0.173222489965547,-0.200498258645461,-0.219161709844592,-0.22991639161672,-0.232661086675928,-0.225720640360446,-0.215367934739195,-0.20372857223844,-0.191701910918754,-0.180129263577093,-0.16843911227335,-0.122421191631504,-0.0632069135682254,-0.00448136036618948,0.0529734386863095,0.107103674804069,0.15728929716299,0.20309343694738,0.244475745177181,0.280982812154157,0.312627385105683,0.338140818090881,0.35635580837148,0.368845203766678,0.377465071091394,0.381370611680504,0.380527324413393,0.379600039791236,0.380702267542704,0.384000443678845,0.38959253347146,0.396995859734945,0.404501546914102,0.411324745930763,0.417821016509046,0.42312963700136,0.426767276963366,0.428765413933263,0.429943166419193,0.43148391624256,0.432796005934168,0.433675402821882,0.432064334422091,0.427504854290419,0.420021238569826,0.40974547884867,0.396794593568104,0.381268938498485,0.363253710721711,0.342823659074832,0.320034370863555,0.29484611454599,0.26732070931938,0.237569445602213,0.205732628417397,0.17182337294219,0.135975841738157,0.0984436143182429,0.0604551814697915,0.0233588889775052,-0.0126136441247166,-0.0471071600848366,-0.0795267009559935,-0.108967837928587,-0.134152902059709,-0.161335723205229,-0.18431508854554,-0.19911051799464,-0.20076256409094,-0.191434426247617,-0.174600320327901,-0.153198390573042,-0.129272864722403,-0.103873862262858,-0.0776132532859128,-0.0508911864558052,-0.0241579687546334,0.00206631774084157,0.027812701566448,0.0530119676062391,0.0764282975221685,0.0972993909985493,0.115095206887,0.128956034719943,0.13815102519248,0.142414066487494,0.142891155555209,0.141361285047751,0.138079478284127,0.134325469974553,0.130896621982686,0.128046096595767,0.125616526113241,0.123165596751229,0.121347352281993,0.119025661106286,0.116690875965692,0.113878385721282
0.0475904133835147,0.0413849652741644,0.0351559522808998,0.0289021432715346,0.0225566212045029,0.0158516485446521,0.00894149584086201,0.00202056296915731,-0.0051581572485154,-0.0125246263391742,-0.0209415122120998,-0.0310445839621161,-0.0425186330996936,-0.054977362709143,-0.069707970083664,-0.0866738170496415,-0.107425000218586,-0.13209566435378,-0.160256349090713,-0.19152715753471,-0.225639492833959,-0.25944090779388,-0.279012709264718,-0.292267132019147,-0.304856884776359,-0.323866324225097,-0.34837727242828,-0.373407535021895,-0.398392288182341,-0.422970985014513,-0.446552284309407,-0.468413274001958,-0.490930749656655,-0.508965539580587,-0.518564380518763,-0.519280051540402,-0.510051657530105,-0.490480492154095,-0.461317076749815,-0.423574258653087,-0.37838639433319,-0.32695534642196,-0.270511012891345,-0.210292879454078,-0.146197656210365,-0.0811389621015882,-0.0143591589449516,0.0532601900195422,0.120545997619071,0.186378442821339,0.249768225016005,0.309908447773921,0.366428612787118,0.41960107730026,0.469461406999065,0.515686861685815,0.556891076488329,0.591510845498139,0.621091208879526,0.645135191932344,0.661823572349063,0.67041375977875,0.668732692563509,0.658234944245085,0.641027923580744,0.618220901923224,0.590546676772435,0.559137907725538,0.521917306944227,0.479618124778833,0.435851738341228,0.387486400334071,0.338167890043274,0.289334723985729,0.236570777998731,0.1805412225869,0.123333113647522,0.0659369225887755,0.00964412185549837,-0.0433620065083334,-0.0911651406298892,-0.1325988419951,-0.166566556225304,-0.192293690236434,-0.209547057435312,-0.218633271091348,-0.216947886779344,-0.207321167889541,-0.194550313047623,-0.179795907885708,-0.164013727863764,-0.147317875965852,-0.125254996134106,-0.0830182873415073,-0.0287992126190276,0.0271216711580678,0.0829770585817798,0.138010843351882,0.188837292418539,0.233585372013027,0.272594005543611,0.306563389925477,0.336147945422291,0.360931788511805,0.378740185087415,0.389819884986297,0.396971551640562,0.400066008549011,0.397834173809752,0.393443315182761,0.390700880388196,0.390785490162627,0.393989611215028,0.39991990518462,0.4077266186581,0.415465457122379,0.42239964621639,0.428064422024913,0.430846690463637,0.431600754668387,0.431822019932092,0.431948363490175,0.431761065071981,0.43141651913151,0.42865302790393,0.422947528116336,0.41442897403371,0.403050764270746,0.388918333878325,0.3721428560014,0.352825144484934,0.33105942800732,0.306939049747333,0.280533096665769,0.25182218759359,0.22091031262188,0.187940014367097,0.153066228219085,0.116277242623505,0.0777215461189069,0.038273872774371,-0.000428606291365707,-0.038270970986914,-0.0750678652018608,-0.110441180717988,-0.143790188334942,-0.174012553676182,-0.200093581647834,-0.225695190094977,-0.239294856978672,-0.235793289407231,-0.219077317060105,-0.196202981155322,-0.169824429088655,-0.141843473758729,-0.113322578388648,-0.0846413340353373,-0.0556374794955578,-0.0275651724931978,-0.000522391940760869,0.0253817063743738,0.0489245733948002,0.0694388494541089,0.0866373481348566,0.100194735882633,0.110083917303542,0.116219942427472,0.118712706014962,0.118457008465843,0.115495330737117,0.110182707946798,0.103756867497612,0.0970093209053311,0.0902892585064714,0.0835884377498751,0.0766642665727176,0.0701342645855653,0.0634271299142615,0.0569874721781678,0.0506911086161439
-0.0180758372096612,-0.0266611537371676,-0.0347651434264809,-0.0424289034813124,-0.0496698757548412,-0.0564660803702613,-0.0630196957087603,-0.0693587632833121,-0.0756316310247912,-0.0819489892798618,-0.0892708438052962,-0.0981606564600757,-0.108149283523912,-0.118979181941339,-0.132124454301581,-0.149649327591917,-0.171370933755658,-0.197024954171811,-0.226097441002119,-0.258091496622305,-0.291952621928815,-0.315496630856922,-0.328191914279397,-0.337525685170206,-0.349069429865913,-0.370606239880993,-0.396289094426816,-0.422672647613338,-0.44965926182793,-0.476915876550964,-0.503830039326262,-0.52943398903694,-0.553714384146575,-0.576726866709559,-0.590523078161855,-0.593626487950387,-0.585353613831154,-0.565360577097829,-0.534679192428953,-0.494595603950698,-0.446439698748149,-0.391585013555631,-0.331407584567102,-0.267306003421557,-0.199568890380841,-0.130253813552362,-0.0594161660617055,0.0122805112198903,0.0834921596370679,0.152889398440994,0.219398153253314,0.282548545984076,0.341931702110779,0.397714906281268,0.449712300639079,0.497488679673836,0.539723858842249,0.574605384073359,0.603982069874039,0.627648332505327,0.644324883290227,0.652846650270077,0.65155270464661,0.641824485848942,0.625604251962461,0.604862376361015,0.58243017927671,0.556857664675924,0.523114722491791,0.481885761640926,0.437737513901341,0.390545443831223,0.340602003829622,0.292262915696673,0.239752517776424,0.184821986348353,0.128643735901393,0.0723242651892033,0.0175257983322275,-0.0334454767243401,-0.0796465437241515,-0.119865352235967,-0.152730894532065,-0.177153668863548,-0.192556258529617,-0.197775658141071,-0.190613243280635,-0.177160054649282,-0.159567195634989,-0.139037150206307,-0.116446617793013,-0.0910142217431373,-0.059328201591527,-0.0177083108126884,0.0316021690336799,0.0831431256237428,0.132795713894136,0.180303957904908,0.225691307103243,0.266816493822585,0.302297774839422,0.332901641978285,0.359173162864572,0.381299391354739,0.39796055133004,0.407765334084198,0.412911436192279,0.414703132959213,0.411815657909621,0.403706021856284,0.396967283284201,0.39363591937661,0.393941972457848,0.397867223542835,0.404876656996702,0.413370482089844,0.421439835508268,0.428517549849047,0.433876952496842,0.435807635622111,0.435208545518129,0.433756674326293,0.432231034832433,0.430641986687087,0.426823211275803,0.419990360396756,0.410331946362791,0.39798610248805,0.382869420482608,0.365066622688043,0.344692595540886,0.321858007275204,0.296673460567944,0.269254425718662,0.239663496326643,0.207910877616116,0.174135514127539,0.13849908730008,0.101141717786367,0.0620208264154441,0.0218308061614117,-0.0179512775892386,-0.0570303585082968,-0.0953611314047152,-0.132773364171792,-0.169034097219507,-0.203724524626378,-0.235753986818306,-0.266215404740132,-0.281201115663347,-0.262795642057645,-0.235883488824091,-0.206912900082892,-0.177612758107904,-0.147305812314733,-0.116688998599581,-0.085908122382977,-0.0556395812863303,-0.0268499256400873,0.0002987730056285,0.0245813649575667,0.0453959404496262,0.0625237717283582,0.0758048816274271,0.0854900505784291,0.091719578550565,0.0945750572063785,0.0944858792540143,0.0919137903464869,0.0862554263088701,0.0781889626332412,0.0687814668816019,0.0587500304243761,0.0484455829926891,0.0379114748821903,0.0270522203048704,0.0163783361619745,0.00583519917872366,-0.00419162188212564,-0.0135993518047101
-0.0842257667849481,-0.0949556141772149,-0.104735288876614,-0.113653373213439,-0.121808496693241,-0.129262218570426,-0.136001518668284,-0.141959375487294,-0.147492601932188,-0.15292448219351,-0.159244425488016,-0.166971915405335,-0.175424940653502,-0.184745052230878,-0.196865616000398,-0.214752276773287,-0.237391259251291,-0.264053590814838,-0.294101359411843,-0.326744395562615,-0.35238704109305,-0.367829004887793,-0.37514320758962,-0.379713960882087,-0.392102776867374,-0.415460312328371,-0.441542019283007,-0.469045470810658,-0.497939757294688,-0.527950542788649,-0.558517629152162,-0.588678420318237,-0.616908468787753,-0.644015596851666,-0.663473222668494,-0.669500766000841,-0.661815961905071,-0.640962373676545,-0.608348883418241,-0.565383817501328,-0.513533113296511,-0.454512571170186,-0.390040569045583,-0.321680011980608,-0.250373086944497,-0.176914133108079,-0.102233269219267,-0.0267295490697302,0.0480264171611193,0.120765040913693,0.190442133769148,0.256352256355755,0.318286770961436,0.376272632802978,0.43001939470858,0.478949769731394,0.52177418682492,0.557989123747835,0.588350761211468,0.612000434031993,0.628950752821474,0.637691757637457,0.637275724378833,0.628556216632788,0.614409848799916,0.599030715161723,0.58127705298826,0.55878788070023,0.528888753018137,0.489266985277127,0.444836912829605,0.398478010694707,0.348795754967121,0.300828159725186,0.249714123336264,0.196448208694364,0.141668092398337,0.085871516740639,0.0316992201161695,-0.0193738261303943,-0.0659359604830536,-0.106390573718149,-0.139091114804153,-0.162577690277212,-0.175767678379036,-0.174796805032013,-0.162670903271987,-0.143469085527064,-0.118700969064103,-0.0898945169338747,-0.0580337723795246,-0.0230657247118032,0.0161384548252995,0.0602351425606781,0.106824350813112,0.152091958211213,0.194166213374429,0.232222006109617,0.268154746199819,0.302626199870091,0.334005250268437,0.360701760899878,0.383101537680881,0.40188794095903,0.416045868896937,0.424430845717751,0.427577979018936,0.427418104697058,0.422350238597417,0.411503221358113,0.401530711049786,0.394489222325482,0.391390991257679,0.392374529513872,0.397332604968479,0.405565297105783,0.414608702460484,0.4228892850142,0.430074359856884,0.435074212717659,0.437388008915772,0.43690995729593,0.434135743057814,0.431266558260612,0.426504638309853,0.41866974695202,0.40795805312133,0.394562840952629,0.378620302887539,0.360018745307941,0.338838683433475,0.315198488462885,0.289229475134896,0.261063410492445,0.230836844088454,0.198575700889956,0.164352007396608,0.128327520264277,0.0906792003208818,0.0515475555507201,0.0114215322919647,-0.0287795266462393,-0.0682703985766971,-0.107052491726057,-0.145020762988089,-0.182065889703425,-0.218000194230723,-0.252940071697819,-0.288451351779416,-0.307477316185325,-0.269114476120444,-0.234399411092725,-0.20332805315596,-0.172977152465703,-0.143314324028681,-0.112709949274029,-0.080890765679287,-0.0502429022625415,-0.0216035888203166,0.00380927881181835,0.0254493278217827,0.0430822727352459,0.0565502355909816,0.0661609511487678,0.0720777189873537,0.0744344482138871,0.0735804883160536,0.0700873917289821,0.0639635963449763,0.0547232375760421,0.0432713921040245,0.0305650122627326,0.0172302424656286,0.00354735324356639,-0.0104817948365048,-0.0248369997384264,-0.0391306462429272,-0.0531074000369384,-0.0662891109248176,-0.0785053731431552
-0.150242897838684,-0.162904696590331,-0.174121319214583,-0.184064101242231,-0.192960727321901,-0.200987177690335,-0.208207350057573,-0.214544769512912,-0.21992050308085,-0.224692445145225,-0.230125981097551,-0.23671149543547,-0.243600291250838,-0.251712868480831,-0.263090643188444,-0.280928908764138,-0.304367396534113,-0.332089031087725,-0.363302940755352,-0.389234119740313,-0.408187278523824,-0.416448651934229,-0.418095985911291,-0.419706827423738,-0.433072585639945,-0.456585704920419,-0.482648992561328,-0.510964098137626,-0.541536912436731,-0.574161398248323,-0.60840496923436,-0.643498725242844,-0.678015608836138,-0.710029429736956,-0.73624899871321,-0.745216968845446,-0.736372002037916,-0.712971062869935,-0.677030392166197,-0.630072822197425,-0.573731993984867,-0.510026219205984,-0.441091674440408,-0.368737730742452,-0.294121439039748,-0.21707855018592,-0.138664315994798,-0.0589745931252204,0.0201240584541475,0.096446668990337,0.168451512551304,0.23552084529603,0.297990646079481,0.35638121471429,0.410780186552478,0.460451384581383,0.503708625948983,0.541349725594144,0.573358159593664,0.597992971216778,0.615517149705126,0.624919510195661,0.62562758330686,0.619086277048635,0.610308769747287,0.598910490283063,0.583525728789438,0.56373423129919,0.537567092644662,0.500745502526718,0.456317013992364,0.41081348232802,0.361932221874337,0.314950162576735,0.26568173852137,0.212568034416327,0.156799071466819,0.100644817036201,0.0460446458796563,-0.00580081933331682,-0.0533630972955966,-0.0947821515300229,-0.127940897479424,-0.150712518498231,-0.15982588886114,-0.1527651906357,-0.134950649941582,-0.10840947496605,-0.0751601229063391,-0.0372412438510399,0.00392980098975606,0.0478093850379778,0.0944439412901342,0.140804614708146,0.185016489617703,0.225637615025192,0.261229249731844,0.292171034621963,0.319098319989497,0.344619132974339,0.369616365934185,0.391727978069823,0.409530356644472,0.423911845666837,0.434590538761768,0.439882312184464,0.440638665445067,0.437433642387402,0.429166733909004,0.416068268165662,0.403789939212736,0.394068177376181,0.387693242493343,0.385724042948808,0.388177172196883,0.394617679286171,0.403447167598038,0.412014954593814,0.419957925752588,0.427441112899559,0.433174573046051,0.436256470737323,0.436235689823979,0.432833281168287,0.427118323392333,0.41832465311804,0.406660348042404,0.392328452116768,0.375521560792355,0.35634982378211,0.334678673215683,0.310608173499267,0.284264956957178,0.255775455775676,0.225269130223714,0.192901113111461,0.158724098208288,0.122890629803898,0.0855252040189467,0.0468986728204451,0.00748227678121095,-0.0324408957488393,-0.0717000696165247,-0.109970733269669,-0.14700209661646,-0.182439667435294,-0.215422553236651,-0.245318870089767,-0.268671833459687,-0.270100488809159,-0.245976810762706,-0.214678500870907,-0.184392426428749,-0.156226975918665,-0.127787757569298,-0.0989781164992543,-0.0693011502047755,-0.0394969723255121,-0.0129580528457727,0.00974890352667672,0.0283343754409025,0.0425734472930923,0.0526827423865195,0.0586635127934102,0.0605788638097755,0.0587173922311079,0.0536292543969099,0.0458213070428806,0.0352075169055039,0.0216548208298846,0.00628529829113073,-0.0099694210764939,-0.0265801658673054,-0.0434105085254381,-0.0605901985434907,-0.0780226370977088,-0.0954361125563982,-0.112492535374299,-0.12855810493073,-0.143377471003119
-0.215191622507785,-0.229569283408093,-0.241950527485992,-0.252651111843945,-0.262095003554544,-0.270631954069743,-0.278370773963949,-0.285236041150825,-0.291080486866279,-0.296096434537084,-0.301143198546846,-0.306655416758368,-0.311975209627246,-0.319145839285593,-0.329615950304733,-0.346934665016275,-0.370895156394049,-0.399700014702611,-0.425359017892632,-0.445074398797113,-0.459116632490596,-0.460710475859655,-0.457998186452803,-0.456831146002919,-0.470138279651688,-0.492446191086213,-0.518116964082145,-0.546916257737254,-0.57881310111181,-0.613633031003685,-0.651080677709373,-0.690701321251077,-0.731606205575116,-0.771565142999801,-0.805440313900616,-0.814221046333878,-0.80096966789432,-0.77484765043747,-0.736254665602719,-0.685703430167009,-0.62481832073705,-0.55628800390348,-0.483031930733756,-0.407314222787616,-0.330232489485887,-0.250597742307416,-0.168215631188445,-0.083245763319814,0.00119593628982508,0.0814832224397792,0.155524796182464,0.223125231931546,0.285313413124418,0.342798250007967,0.395840984894043,0.443764004902417,0.486010945598074,0.524776987611087,0.558438987742298,0.584597538044196,0.603934352911715,0.614455379560656,0.617022604207846,0.615850096970911,0.610480676238433,0.601064906856226,0.587792175136906,0.570592232494217,0.54803892153713,0.514878605339432,0.472842665508726,0.427590109413858,0.379163439009138,0.331843199660942,0.282126005067748,0.22861738255486,0.172537625042774,0.116427681335304,0.0612994696215354,0.0083347141998785,-0.0408736009157913,-0.0842142370545166,-0.118983086322191,-0.141651867745949,-0.14584234340375,-0.133993940250206,-0.108640606261918,-0.0726341351687206,-0.0294138607433036,0.0182349849046985,0.0686863150120467,0.120606718052382,0.17014318661919,0.216486181911715,0.259034436770623,0.297148962377074,0.330232641245562,0.357436906483215,0.378471016661801,0.395247405186026,0.410501401337062,0.425677138731872,0.438041757542418,0.447042340837055,0.453301892537301,0.454675634275936,0.450473362573829,0.443217246238409,0.432262345186093,0.416922084020363,0.402235494780532,0.39060655040517,0.382343728591266,0.377872756354933,0.378163980537413,0.383006939225822,0.390592106706468,0.398512728393651,0.405997995217917,0.414166343294361,0.422524332145775,0.4289676219506,0.432553273416017,0.432782481182285,0.428121657610034,0.418504193798322,0.406046235439652,0.39095369662334,0.373431856978225,0.353676403286995,0.33173851881189,0.30749199339086,0.281120296201956,0.252895155391357,0.222935004833993,0.191315493091062,0.157839828925923,0.122497317143145,0.0856305908223785,0.047723572304803,0.00951447703700158,-0.029112535965742,-0.0673591913648647,-0.104273144822933,-0.13938995925435,-0.171948226632709,-0.200235211074935,-0.223256046072886,-0.237099404356446,-0.234739865948919,-0.213882116580637,-0.18550179346079,-0.156380495311455,-0.12860194849962,-0.102370104934667,-0.0752650743006539,-0.0485729059614495,-0.0244421332834125,-0.00147894740767867,0.0181473548396659,0.033581859267604,0.0448520225894254,0.0516764620831719,0.0538785082708239,0.051537193362298,0.0450547587978901,0.0351154067858939,0.0221375781630041,0.00617742922523089,-0.0123540855336989,-0.0320007797349129,-0.051787676786446,-0.0713391281749109,-0.0908645263543958,-0.110794199139059,-0.130878394895867,-0.151109376948396,-0.171044937856428,-0.18991716897367,-0.207252587997622
-0.279355714852604,-0.295176814091502,-0.308217549939859,-0.319094452747716,-0.328576284966317,-0.337246638941561,-0.345369456831945,-0.352888885643177,-0.359506123270746,-0.365206957807631,-0.37053007676134,-0.375692413638708,-0.380033602613334,-0.38618795294774,-0.395265520591018,-0.411304602067126,-0.435020210732977,-0.457208291331386,-0.476870900777184,-0.494520509598849,-0.505242993942557,-0.50221146111827,-0.493590152915951,-0.488919295759549,-0.500974492051228,-0.521457325227644,-0.546553483045053,-0.575584672830551,-0.608389775192103,-0.64474749230541,-0.684345046230401,-0.726504850401094,-0.769977343276688,-0.814050394637732,-0.857486195621171,-0.861440245373711,-0.847566921280577,-0.822972975243991,-0.784210002310966,-0.731069137143226,-0.665440068327585,-0.591459167485466,-0.513733830248589,-0.435316530473993,-0.357047620587914,-0.276605330294301,-0.19110322759522,-0.0998355340539066,-0.00822240529732693,0.0765893290695167,0.151939994076966,0.219159538182712,0.280313677566032,0.336309417595335,0.3874704909781,0.433018711415007,0.472867432354794,0.51012705350384,0.543444100543095,0.571321399922273,0.593064008636005,0.606020491573287,0.613705194442548,0.615675867316587,0.611979706341823,0.604523475478856,0.593549585328896,0.579020230571744,0.560078464082082,0.531400492911534,0.492711433005638,0.446730755425009,0.395695259963258,0.34783600919567,0.298532187076542,0.245247235644528,0.189980697424492,0.134208521220297,0.0786878066761005,0.0245025863529071,-0.0268270054339434,-0.0731002906445451,-0.111097763437028,-0.133590926300468,-0.136138168269995,-0.118910864818108,-0.0839015947320002,-0.0364876655683687,0.0181681228096803,0.0764915489506199,0.135604109918325,0.190774561749013,0.24161239668,0.287966042810842,0.329908020429492,0.366732553245289,0.397673756925421,0.422231257623463,0.440458379868915,0.452273051838225,0.458088031852227,0.462794255635005,0.468138684431495,0.47094955665097,0.471537037774412,0.467193605221015,0.457242757762862,0.444476813149116,0.430641721477874,0.414064145759436,0.397473585206657,0.384554672619063,0.37552454507921,0.370456466733529,0.36940704017737,0.373129067244845,0.378873589295029,0.384673264004339,0.391917434712348,0.400631927055517,0.410464951889598,0.419104804351322,0.425652767030491,0.429179382323373,0.428391167017799,0.420359077373611,0.4069137996363,0.39098692513818,0.372711637445247,0.352339380787547,0.330150094275938,0.306299457113713,0.280783052161258,0.253625797715604,0.224652903669474,0.194198692733292,0.162346402622035,0.128975623037353,0.0941074753951399,0.0581504126404941,0.02178341635359,-0.0147924337969156,-0.0513772466021435,-0.0864830090986057,-0.119282265187403,-0.148723653496168,-0.172767511318074,-0.191004757696105,-0.200688421441455,-0.198337521614913,-0.182842033019731,-0.15642621161493,-0.127158765977555,-0.0980778985149133,-0.0703115229378936,-0.0453093764341226,-0.0220861707992063,-0.00207590292328565,0.0144460542140832,0.0291894971621724,0.0419037253779758,0.0503551822599281,0.0539391983009545,0.052301106827409,0.0455216121895051,0.0341449486716268,0.0188538501604648,0.000226697027461489,-0.0214927405445495,-0.0453327601691846,-0.0696324590336534,-0.0931553073992735,-0.115638666551611,-0.137662358754555,-0.160134559741773,-0.182575928957399,-0.205584969333887,-0.228509492361942,-0.250412524968799,-0.270379627222326
-0.341514065949637,-0.35884559115986,-0.372068838221441,-0.382459357141761,-0.391518451244085,-0.400127180564597,-0.408607988228481,-0.416845569927414,-0.424398529732406,-0.431066787198605,-0.437010007487635,-0.442112956714099,-0.44625085534633,-0.4513525720745,-0.458484950771656,-0.471409825797978,-0.485483286605028,-0.499718989865421,-0.51692782053871,-0.537249198553701,-0.548860075678481,-0.539201645578849,-0.521992051227024,-0.513011249224747,-0.523315350428439,-0.54227908815233,-0.566910178892459,-0.596030339215258,-0.629349178236809,-0.666263194626387,-0.705579570812409,-0.745967385415131,-0.786908787963563,-0.826799353183905,-0.859114709190091,-0.871947277820963,-0.87082124723036,-0.85407326779263,-0.817991191822179,-0.762829988902539,-0.690949737095965,-0.609763545724442,-0.526815101775682,-0.446886990886723,-0.370995190171225,-0.29460845957712,-0.20908781715955,-0.109245740817292,-0.00551065773737689,0.0844953177494054,0.159138257481552,0.224254561280507,0.283168117879602,0.336824851682678,0.385519431429829,0.428428650185305,0.465852224074026,0.501016851451229,0.531995675237301,0.558942209416974,0.58231425123482,0.600109948654922,0.612137406666114,0.616260260386606,0.614392720374407,0.609055262626799,0.60056720605898,0.588823325601739,0.573352852716799,0.548163511127495,0.509479312135252,0.461873766004357,0.410541867629755,0.362178966895524,0.313705355475327,0.261937430998103,0.208480867267736,0.153893064802811,0.0988318703193511,0.0441546652531516,-0.00897730181255563,-0.058659913931398,-0.10051985741985,-0.126719616489719,-0.131349424936503,-0.107114803748146,-0.0591332020053578,0.00191300922155177,0.068733640008155,0.136748437846088,0.20018990942567,0.257870129802383,0.310139909491652,0.357452552559688,0.399209189166156,0.434713302388279,0.463379726909192,0.48515009732239,0.50015581457401,0.508307464633451,0.509677829097257,0.504655780861351,0.499367791265407,0.494621544848926,0.487525962512954,0.476567820138842,0.46071015042139,0.443402156132956,0.42650660934273,0.408233133081042,0.391349281417443,0.377639724952944,0.368010482192477,0.362528828727705,0.360836309570343,0.362410355212206,0.36589136501365,0.371507429100934,0.379371088751251,0.389292484015374,0.400580480249915,0.411533578233942,0.420191667730955,0.426245108833366,0.4289887336733,0.424869682171701,0.412736909298425,0.395089960781242,0.375570242660248,0.354767284671207,0.332717713432341,0.30986336108315,0.28547388334382,0.259735558855491,0.232742601675093,0.204475298242837,0.174693656794636,0.143373458622366,0.110519516736725,0.0767389523371077,0.0426465329695083,0.00844229729719229,-0.0259898540249605,-0.0593121884243136,-0.0898376855689652,-0.116416286150655,-0.13710539100672,-0.152286041826731,-0.160119160063738,-0.158644232297978,-0.147365708138252,-0.126724830422069,-0.0983309300868903,-0.0686309911605807,-0.0407589789851972,-0.0152816311466505,0.00591356197639822,0.0232356551716846,0.0370142900054662,0.047209421561488,0.0543497796791259,0.0592475336943844,0.0600434372754129,0.0549817877304421,0.0439049998505894,0.0276199672400721,0.00683497301750159,-0.0179614469413019,-0.0466123393042342,-0.0772415244584862,-0.107086348200939,-0.134284850412975,-0.158894820910132,-0.182439618367113,-0.206632602126688,-0.23071719268906,-0.256290417496519,-0.282415456108516,-0.307922480317358,-0.33123312640238
-0.400029331270752,-0.418675092553271,-0.431328377793248,-0.440774308321423,-0.44921306090283,-0.457689782153613,-0.466659677255581,-0.475901594763881,-0.484814821224254,-0.492988696561081,-0.50010749231086,-0.505809366732249,-0.509659060134011,-0.51192022411849,-0.514205460146717,-0.514381424517503,-0.518245589224595,-0.527476714297999,-0.544189290511973,-0.569749877791564,-0.59193139358168,-0.567677807630978,-0.540279031781532,-0.52889320835059,-0.538875881045315,-0.557398258805627,-0.581875863327374,-0.610764701941612,-0.643211677517143,-0.677490065627742,-0.712715602061863,-0.748242111286592,-0.78323739986882,-0.816027180471316,-0.842446229269053,-0.858182940537492,-0.866099931896867,-0.859607455685248,-0.829309856648371,-0.77415178225578,-0.692901583626846,-0.602612961137099,-0.514351940661036,-0.434900583023923,-0.367178907422403,-0.304801971629804,-0.229565291688326,-0.119492530130385,0.0110048977112605,0.104470849767773,0.175739570259802,0.238730560538288,0.295218233666985,0.346064004650697,0.391462951578486,0.430602711927137,0.464903446807204,0.497480636292248,0.526042762529933,0.550882831452935,0.57386732889953,0.594600949849181,0.609344548372241,0.616500598808914,0.617231205089162,0.613792765703993,0.607197775042477,0.597624090398322,0.582880467608297,0.557758575334445,0.518920993666383,0.471029810568577,0.420899331200672,0.374568257532607,0.327578072220293,0.278013330952411,0.227192343618631,0.174624131223092,0.121082134810963,0.0672661333011135,0.0136668754419046,-0.0377528263918478,-0.0818616066116881,-0.118744456748061,-0.131530731747649,-0.0961885723419177,-0.0295551176882809,0.0464838542514395,0.123901767785295,0.196314871606432,0.262459288719031,0.322820790939365,0.377511457365195,0.425776082597238,0.467142679774124,0.501158471813591,0.527381253863169,0.5460460077059,0.557209475399655,0.56100943995104,0.557893498107407,0.548014492543904,0.532037924365628,0.516079121384042,0.500873452327889,0.483615847210917,0.462611305741676,0.441441743599615,0.421579809099672,0.401148670310252,0.382657671197089,0.369195835380515,0.359466985082424,0.353324903138626,0.351378668949403,0.352606890999372,0.35608448665477,0.361698431790024,0.370639050513971,0.381672233186418,0.393991034622348,0.406963641969496,0.417811000755028,0.4258096923956,0.43071471283824,0.430411087365252,0.422109926033077,0.405747094821749,0.385073402997896,0.364081672515745,0.342631371898359,0.320805286247745,0.29812985414731,0.274141029737215,0.248706816645096,0.221828755888034,0.193664021309437,0.164392437514913,0.133731579380303,0.102093185497452,0.0701592735359564,0.0383162205146162,0.00668296866485232,-0.024352522298843,-0.0527964305388951,-0.0770052901755389,-0.0952998515733083,-0.108550779723356,-0.115479962899444,-0.115158499012322,-0.106432807063877,-0.0898301393600327,-0.0671647067071674,-0.0401086654098533,-0.012884228888519,0.0115043463370768,0.0329508784579181,0.049518045754123,0.0616540101539427,0.0702469211103944,0.0748828892047485,0.075351002133085,0.0717718061070041,0.0629439671483657,0.0477224588180299,0.0263679139165757,-0.000661084321022208,-0.032626778878511,-0.0693189804555904,-0.108127092256476,-0.144449620336054,-0.174784479336743,-0.199998917555402,-0.223633938745899,-0.248380939270545,-0.273507768550011,-0.301361345313427,-0.330846125569191,-0.360616840162994,-0.388165126758137
-0.454221688161591,-0.473357373212849,-0.48333687835382,-0.490857162546381,-0.498792159343016,-0.507854256887605,-0.517917097620755,-0.528537156041767,-0.539209546643276,-0.549421555015812,-0.558315511744218,-0.565311741736535,-0.567679359413565,-0.563423246013723,-0.550384139601612,-0.540774741972403,-0.539566364412412,-0.544609918064115,-0.555908230918252,-0.574046677598579,-0.589140245374059,-0.564861374061105,-0.542355989478281,-0.53560419918551,-0.548339374316676,-0.568036932800133,-0.592977625654674,-0.621022839896082,-0.649986677765511,-0.678795146194753,-0.707302046564963,-0.73517740157754,-0.760981409808779,-0.783143601559508,-0.801694523596394,-0.816475921091539,-0.826292842038584,-0.828018451101061,-0.814433667083398,-0.76408660762613,-0.66856496692558,-0.569862036193512,-0.476249002760176,-0.397017243475571,-0.342584327420631,-0.307384213160109,-0.265183672477734,-0.168018436669406,0.0463243191189189,0.118993987607192,0.192452524975606,0.258227960113054,0.315516715684019,0.365200145329763,0.407308351479084,0.441500453466284,0.471693343925352,0.500396597122217,0.525493124191551,0.547216303989704,0.570430984826705,0.590271882216225,0.604875007591263,0.614002454583862,0.617082054888199,0.616296791696859,0.612224118366064,0.602684247488056,0.586866030580302,0.562606867213134,0.524603128329974,0.478271561555577,0.43072036617108,0.388139212669627,0.345615912559166,0.300001665767338,0.251693330032868,0.201819717460833,0.151168155737197,0.100422193196073,0.0478616501512826,-0.00169029386889793,-0.045739362395173,-0.093476207768892,-0.137443091170343,-0.0729678553613831,0.0160370878912735,0.10237134739214,0.182533934348314,0.256110026968367,0.324212772983024,0.386796124470324,0.443266573042647,0.492624739660374,0.533777707611731,0.566092629340105,0.5896760490048,0.604732130400477,0.611351830655133,0.610029459169769,0.601179297724745,0.584829807231801,0.562280594929333,0.536307329721249,0.512671947143221,0.488953537700685,0.463490261305726,0.438669602903766,0.415928466888483,0.393399252053269,0.373371682702575,0.358648991026584,0.349256822820743,0.344753091989588,0.34308626021394,0.344458896590548,0.348453575483363,0.355411967824739,0.366258383662797,0.378728457337895,0.392161162950044,0.406349623324351,0.419112392413556,0.429002394819707,0.435601283063463,0.437909364083067,0.433923117491176,0.423000006893356,0.405269749005288,0.38438132621155,0.363056139940623,0.34138785030172,0.31942824114867,0.296552803222776,0.272290974580045,0.246792834520684,0.220015943645459,0.191947609148822,0.162734886231272,0.133094421599358,0.10341172580098,0.0739814249978048,0.0450702046011786,0.0169227365143024,-0.00892351163543897,-0.0304778112087416,-0.0461642356889037,-0.0577639502900553,-0.0640895963108518,-0.063951114068902,-0.0575615491807678,-0.0455106911871754,-0.0286673154551049,-0.00802093438862085,0.0155067842220168,0.0398914012053641,0.0603452119976893,0.0769192264895755,0.0896319641057035,0.097377846146576,0.101112011453622,0.100309299050139,0.0942932483827876,0.0803009049707784,0.0578687082434239,0.0296880151304853,-0.00367319694341995,-0.0424033927506163,-0.0875166617469777,-0.136637977676734,-0.1816463971949,-0.213739118233767,-0.236706184847381,-0.258669534504682,-0.282881114297181,-0.308685176302714,-0.338552735390317,-0.371509331358819,-0.406383350949929,-0.44001785096895
-0.502889519178226,-0.519715945574403,-0.523944123834152,-0.529617175144014,-0.53773258850551,-0.548071116413924,-0.560043223282853,-0.572654319163942,-0.584754985940579,-0.59588220577672,-0.606441545034559,-0.616073873304462,-0.615818864495959,-0.596935565858384,-0.57517575117073,-0.559794172222091,-0.553662776840894,-0.553141169232148,-0.555477510251014,-0.554792871505748,-0.536714017344857,-0.533232281965739,-0.531122683601688,-0.53433443481146,-0.551808598017428,-0.573618259394216,-0.598158388039369,-0.621848177100642,-0.644584198689679,-0.666490053095383,-0.686564938749695,-0.703953889001643,-0.72019562465796,-0.733862834595867,-0.744234952738937,-0.753231288552013,-0.760271616657802,-0.762878530694222,-0.760706877864586,-0.701539761364881,-0.609700659295419,-0.511063132168523,-0.413554309678832,-0.328514160292204,-0.289143205076327,-0.293134368041843,-0.291746473533415,-0.290183265505032,-0.0743440334389807,0.111933308335272,0.213593331203323,0.28472861623695,0.341007679676063,0.388230831986924,0.428395835057882,0.461071410359169,0.488391655872396,0.511687545551242,0.531220173752055,0.549803255945127,0.570218066960954,0.587545144845124,0.60061457941559,0.609372305733156,0.615357087056672,0.618591897438159,0.615857135191432,0.606049690961106,0.58999819598779,0.566847769243315,0.530717441743757,0.487537119952744,0.443827572270329,0.406529608693775,0.370473105025155,0.331180130423494,0.287304468117584,0.239832480222319,0.192214603623821,0.150031391070008,0.103763153971567,0.0520415198729284,0.0240131948901479,-0.000515925185848122,-0.0319519087808979,0.0108144101168954,0.0901409720104585,0.170072717685489,0.245618279961835,0.317404647727924,0.385618773134391,0.44929880644589,0.506961928301819,0.557159821042981,0.598369444540476,0.629355451454023,0.650104400700483,0.661006854063746,0.662189973259862,0.654059144956287,0.637769277231852,0.61474914896361,0.586670578528029,0.554643041340683,0.523333192024501,0.494097358910165,0.464292537632606,0.435783179877781,0.410210266431006,0.385628166907061,0.36445283382347,0.349690387790858,0.340664874887103,0.336479544898804,0.336490193647863,0.339345326195495,0.344289592367359,0.352982966161663,0.365887822073526,0.380787327914366,0.395993268345888,0.411042793828905,0.425364732660992,0.436846346822716,0.445209898687542,0.450714670904233,0.45176150081696,0.44729973690195,0.43546067886605,0.416323151919833,0.395002369564898,0.372930762057582,0.350429348507671,0.327695764093499,0.304431990813707,0.279741090153586,0.253711416935464,0.226589222932577,0.198439375861341,0.170011858589732,0.142095144712058,0.115230586741365,0.0896818137595895,0.0656421592129829,0.0435633923218483,0.0248450134002283,0.0108920170509111,0.000746217798186996,-0.00524278676110373,-0.00670869989229594,-0.00354678211262384,0.00404102672180412,0.0156150019830782,0.0306921750774833,0.0485635695834434,0.0685168041767846,0.0891266183818382,0.105315016470476,0.117946043218396,0.126986450021268,0.131520873258579,0.131170223410642,0.126107325753034,0.109694934008173,0.0777279957825835,0.0412631905407809,0.00104527899680355,-0.0440285925788504,-0.0964604331859988,-0.158097019658258,-0.218942780144783,-0.247975006790619,-0.264288382690136,-0.283848058412802,-0.307333178502083,-0.333869705866501,-0.365412632854071,-0.40127238889397,-0.440993349253256,-0.483227148071585
-0.523373262702434,-0.541302565411957,-0.546628319413929,-0.553645364637329,-0.563161186030762,-0.574970691745251,-0.588531338491087,-0.602784350527889,-0.616088528083395,-0.627190277059867,-0.637833849015402,-0.648187287928108,-0.650431909316566,-0.619154084666726,-0.591203192962839,-0.571416099380437,-0.561105364543388,-0.556371016418128,-0.554139634657479,-0.54788583483339,-0.514937477616021,-0.514804919798209,-0.522217196286194,-0.530854209636653,-0.551265249151667,-0.572439201123669,-0.592230735298854,-0.609920109350675,-0.625112621469751,-0.637320149792978,-0.64929322799091,-0.660513646721911,-0.669580025052245,-0.675094235750098,-0.675378875917668,-0.675470129727895,-0.678007982991313,-0.670890899073446,-0.65143784403331,-0.598236226017057,-0.52141116151485,-0.433316982403575,-0.340216236860387,-0.242509211265537,-0.211063969673773,-0.274435095482209,-0.244623465523763,-0.189650431786062,-0.00010108582462522,0.160084503126633,0.25804131579055,0.324912136868792,0.37642388915248,0.418615758359594,0.453888723195032,0.482600932546436,0.507487847725924,0.529604959567603,0.546188363728957,0.559704321224187,0.574815301022182,0.588042643559865,0.599467087489041,0.608274601317099,0.615171835475956,0.619112382705458,0.616562676710021,0.607700458340656,0.593047830081191,0.571513467159682,0.537707107163244,0.49799848972247,0.458646401537144,0.427638341482309,0.400346855187616,0.369608184121965,0.331849034383073,0.291895048168237,0.24967992435299,0.228571515686032,0.194593556403843,0.136022961763666,0.127612525943926,0.136743262924497,0.124247932987962,0.134386986481521,0.182163077574079,0.243937988486463,0.311009455055415,0.379346789528729,0.446054382848326,0.509457900744001,0.567923646133381,0.619167831901969,0.660616662812746,0.690660634145743,0.708611961675537,0.714177422620717,0.708325638324319,0.692497691897966,0.669331897123026,0.640046771955678,0.606133997933189,0.569212554570764,0.532021565781268,0.498813804103058,0.464191243400462,0.431738388071971,0.403074696844704,0.37675913288532,0.355516632790361,0.340975029474836,0.332361939847199,0.328916345495167,0.329867880401677,0.334549466066717,0.342922324917992,0.354765262976036,0.369703164663415,0.387112999991671,0.404809317252392,0.422013796120759,0.438262070414007,0.45137461556012,0.462045443998791,0.471893380966119,0.4781321271573,0.47850508737243,0.472474570642218,0.458191540547386,0.437100772009214,0.41480586054463,0.391915844543432,0.36865992097223,0.344745773506996,0.320338544288447,0.294907882293854,0.268421313712795,0.241255059800793,0.214234990588895,0.188613755712517,0.164664248032217,0.142739493131986,0.122493057401335,0.103352263469336,0.0868982921123559,0.074813463983236,0.0649349110914541,0.057937799821653,0.0543656328664072,0.0544848711957183,0.0582889370946227,0.0654871512135101,0.0755764780189839,0.088135844436934,0.103026690315133,0.118718423950151,0.133760424393413,0.146409289425859,0.155123914375914,0.160736021296913,0.16195951035745,0.156071139293253,0.137062744881155,0.1033058480904,0.0638447143105052,0.0193841504270541,-0.0301313122190048,-0.0859179282771142,-0.151223956300548,-0.255102970499424,-0.260077786584015,-0.273805927182782,-0.294564843288789,-0.319211076131606,-0.347180682755127,-0.380016796057511,-0.417279943222639,-0.458528679367143,-0.50255442867853
-0.51021403613895,-0.533395137839513,-0.547186537482043,-0.558648813767723,-0.570701959281209,-0.584094402988997,-0.598737971130803,-0.614016258215101,-0.63015588314144,-0.64349933808536,-0.646944197319827,-0.654471775718601,-0.648558364410084,-0.62293549714974,-0.595603505083788,-0.574624581704759,-0.562459375711607,-0.55581520442451,-0.553655837304825,-0.556579785973836,-0.559835509693771,-0.527320956170623,-0.521941999407774,-0.527580273599168,-0.545027982968683,-0.561169062310785,-0.574438685901135,-0.583395422521832,-0.590221391236271,-0.597207477153704,-0.603109984476184,-0.607710413761838,-0.610437404780218,-0.610244709185939,-0.605615712076882,-0.599269415097416,-0.590274356264518,-0.570666795710577,-0.53619208692178,-0.482250832832128,-0.41574558590882,-0.344276412628909,-0.273468954030761,-0.218234007655228,-0.252376730065163,-0.284918559036623,-0.222145483827109,-0.0232727620697206,0.188851264538237,0.263825745633381,0.32577230199774,0.378149624403906,0.42146762331164,0.457276565235835,0.486658687065575,0.509597371208319,0.529707050489133,0.548462653682656,0.563382877838464,0.576377211118615,0.588256187127086,0.596138154585292,0.604304658344501,0.611758265613339,0.616651715714821,0.61799715743068,0.615872281249118,0.608043438598583,0.594686303327137,0.574774126849088,0.543566380790599,0.507715931892954,0.472796976583431,0.447912998578377,0.429306254136013,0.409832043893231,0.37817431032734,0.35233433599398,0.337176430937719,0.335885785470442,0.323196492904749,0.266480967021405,0.238961089902578,0.233947781834233,0.227023786686248,0.237451929675254,0.268937459027329,0.317046219546958,0.375729569342378,0.439812226776731,0.505850788107825,0.570561378836741,0.630218952535245,0.682634569706463,0.724723047749841,0.753967038741181,0.768688845476929,0.768322651077185,0.754644986014416,0.730831306704496,0.699206363562907,0.66168573342175,0.620561267454059,0.578117150994413,0.536924129909047,0.499785747519698,0.46229696409056,0.42645903070735,0.39624137948505,0.369095065414568,0.347620303745581,0.333091114389509,0.324769267064618,0.322196303104371,0.324773647103777,0.331302816774865,0.34203815160865,0.356922447481113,0.375680236713965,0.397155506697887,0.4181419197169,0.437833723684481,0.456391738238582,0.473219394220698,0.489008005258963,0.502712206718609,0.513276596098083,0.517855817790582,0.515686635393638,0.506464807055655,0.488600402868133,0.466233570282814,0.442912319265836,0.4187627225307,0.394036193138695,0.368772008835791,0.343406309864388,0.317724974433613,0.29239697262952,0.26817401722099,0.245318473956454,0.223457147653338,0.202992076590136,0.184737092079564,0.168474242030568,0.154116053066577,0.14261020446455,0.132679054152619,0.124784612323136,0.119441709978263,0.116990243827045,0.117404324545707,0.120432735838075,0.12602836398985,0.134154690122903,0.144353892535898,0.155222129810877,0.165293373286044,0.174503433214556,0.182737216887192,0.187138557801303,0.186826887066282,0.180187195896437,0.16266328451309,0.132506419416657,0.0933465772688946,0.048457170441615,-0.000969520203133706,-0.0550532129165836,-0.11155559925144,-0.176465607341459,-0.226664144837641,-0.257360710461043,-0.285799959360551,-0.314657986024507,-0.345283019446495,-0.37927838773554,-0.416466705277539,-0.455697308391298,-0.493808284135906
-0.48320054656675,-0.508307119336263,-0.527180542568346,-0.542891011678282,-0.557922437591032,-0.573860271089913,-0.591563947092961,-0.610424569904727,-0.629739943783164,-0.649657465837055,-0.662379701264553,-0.651036655965976,-0.63591428972367,-0.613746588769945,-0.589722055647031,-0.569986751786045,-0.557764329588989,-0.550525921624374,-0.547744226663634,-0.54871041286337,-0.54224481981534,-0.527920855223848,-0.519530171641835,-0.519774614620196,-0.530512183972832,-0.538683413220167,-0.54277739577715,-0.546016100542764,-0.547934419457415,-0.548380902015521,-0.547631303987135,-0.545817630326445,-0.54298598874279,-0.538983966415018,-0.533223798796913,-0.522276590183959,-0.498059876111088,-0.463894979878905,-0.419556763705921,-0.364524853602974,-0.302401431352383,-0.242561749469929,-0.194242077581299,-0.1716437575313,-0.188778075951834,-0.187129175354788,-0.112874055040688,0.0846662137457445,0.267587942479565,0.345606437508792,0.395656333806861,0.438158018034008,0.473920506977129,0.503204389234333,0.526885618861385,0.544414045643099,0.558483997080757,0.570869564705296,0.582230953976004,0.593334873683609,0.605863068690162,0.614538032223919,0.617936774308454,0.620195753461658,0.620196494989234,0.618266955041235,0.613997164430395,0.606768218681306,0.594414254079621,0.575550190901533,0.546138193895169,0.513549996084928,0.48279451562086,0.463371792581891,0.448606177491385,0.433012360694131,0.416127908385672,0.406459729572742,0.408962744808171,0.425426751089386,0.412901583495913,0.362386556896993,0.327505831221589,0.311728511982533,0.309554917499177,0.319974878072697,0.345659921096979,0.387176515173914,0.440470170951586,0.501561195078418,0.567020376448022,0.633426749329736,0.696744595522568,0.751760133142421,0.794265577751611,0.821649254146237,0.832144805658705,0.825632842279502,0.803966356935286,0.770323341209855,0.728480076745645,0.681395552623225,0.632088126993112,0.583345451440466,0.537429861384777,0.495495323120576,0.457657066843401,0.42045243084893,0.388070748054239,0.359960622803723,0.33900458829376,0.325802854285807,0.319577222121345,0.319014727002433,0.322769702783815,0.33107726469822,0.344491140103572,0.362337259858128,0.383816008947693,0.408184512987377,0.432732056212545,0.456319335777924,0.479790368857216,0.503074838829836,0.523574116423247,0.541079607432549,0.555163127121671,0.563675171478662,0.565487905676156,0.560461129062049,0.54771686745983,0.526257377518905,0.502224868879135,0.477261782038104,0.451743696993255,0.42565488088615,0.400100740178743,0.376052240096001,0.352776636554939,0.330006515602897,0.308490133294644,0.288155482676625,0.269243580952028,0.252182786561147,0.237129660259696,0.224420717904949,0.214413506223479,0.204545206757981,0.195747987307703,0.188684690031577,0.183683048202623,0.180756837103071,0.180191122845203,0.182067886050626,0.186060555967431,0.191800056670851,0.198090101463836,0.203710254382617,0.208512514420394,0.211425447393212,0.2118674880793,0.209192834581193,0.201117872422488,0.185850916953582,0.161216277701214,0.126675278127186,0.0841365344899672,0.0364437417012943,-0.01578897937448,-0.0711082124842022,-0.128223148890268,-0.179218541138231,-0.22094292083762,-0.257000983540596,-0.290893433352228,-0.32468577962822,-0.359906705515644,-0.396602549348297,-0.433489327892735,-0.467982813046829
-0.445492571828636,-0.472347337545024,-0.49517200585408,-0.515593560404201,-0.535192815680825,-0.552795215723537,-0.571483968805287,-0.592208489074944,-0.614821997716928,-0.637672019306768,-0.648377204699408,-0.635574754102273,-0.617770959371546,-0.597531197173584,-0.576694319527192,-0.559195678550585,-0.547901181737556,-0.540578538177313,-0.53659948170681,-0.534414912956533,-0.526500762840757,-0.516910321786749,-0.509019529491655,-0.503804938883212,-0.504642552187447,-0.504852758520979,-0.504848188154156,-0.502326484957112,-0.497615949954604,-0.491182123032812,-0.483450104159595,-0.474862303870381,-0.465935659231391,-0.457238358829774,-0.44926352854976,-0.43572737917262,-0.396170342030716,-0.349058309229576,-0.297138346967377,-0.240604191478449,-0.181998083916483,-0.126627635638202,-0.0835896699490691,-0.0592029387917263,-0.0463608358937674,-0.0156642334906157,0.0647153107761878,0.194671469232286,0.32242743561314,0.408134060197169,0.462644436906543,0.502026670482461,0.532545696417743,0.556896643721569,0.575240781733836,0.585994114361662,0.593210264823834,0.600261282362308,0.606706578842072,0.614292354257308,0.624878992462463,0.634009834233747,0.640087948743609,0.636111724791332,0.62759241834127,0.620449927970423,0.612754773835078,0.603738144993013,0.591953501430375,0.573421806684515,0.545062187680623,0.514119800789423,0.486246171345085,0.470886616108701,0.459191691433953,0.448991333671385,0.443127126820151,0.443021139250397,0.450400562925279,0.461123751924518,0.451852615090565,0.42210034625881,0.396874754816691,0.383984144334408,0.383528926019113,0.392166489338212,0.414377441707053,0.451004338059901,0.500456474957517,0.560125491408549,0.626452451206304,0.695744037951341,0.763376205188927,0.823416022275031,0.868507857708616,0.894188013279935,0.90006737596513,0.887172045855996,0.856481262858094,0.811121838233957,0.757176636527384,0.699495050443644,0.641868374286746,0.586651044243854,0.535957912150845,0.490713863979898,0.449896260619166,0.412578247111758,0.378084553978568,0.349430261598204,0.32983860430176,0.318968823956951,0.315268541223652,0.317327609099172,0.324398480901553,0.336458617065877,0.352776788461769,0.373046351799333,0.396645366579776,0.423296112017194,0.450460498136324,0.478036624774121,0.507400758898155,0.536652221489925,0.562540440671966,0.584305331019875,0.601612155468288,0.61401882858844,0.619508239755226,0.617943402846628,0.609019474425877,0.591314152526341,0.566832795118017,0.541064535412924,0.514590732000774,0.488815132027337,0.464025733970549,0.440431965842102,0.418374394516561,0.397632865462043,0.377776760387516,0.358989924152305,0.341415109444394,0.325340119410903,0.311035766330538,0.298641388761548,0.289397795019366,0.280092222616285,0.270655926073236,0.261799034765683,0.254016094158211,0.24830035974052,0.244735637751985,0.243128723989201,0.243235849623252,0.244793743886124,0.247096047470956,0.248764783435164,0.248704164404587,0.246433497631415,0.241562126791541,0.23355918540271,0.221870446668328,0.206036603875716,0.185195732608433,0.156392961960429,0.11866791745193,0.0747380484922681,0.0259554643094071,-0.0264009441539924,-0.0801077008589755,-0.131687559858606,-0.177754904579525,-0.217792761145758,-0.254875675581976,-0.290600252083189,-0.326305864888204,-0.362208952612317,-0.397461946790267,-0.430435175105709
-0.407429599870916,-0.43598385660115,-0.460061059558877,-0.481043814924029,-0.500555574462916,-0.520470072411801,-0.541508889138962,-0.563608908826803,-0.585801893130089,-0.605070720164892,-0.610980885188962,-0.605130672372934,-0.592136415961196,-0.576121056814929,-0.558962123452717,-0.544221977883193,-0.5344072050931,-0.527661877517631,-0.523568504631348,-0.52068482821256,-0.513148611107435,-0.502243583625377,-0.490433489277349,-0.476666638472012,-0.470323930172608,-0.467150893929175,-0.46107513760468,-0.451957174070177,-0.440286525983072,-0.426560751359308,-0.411289819743091,-0.395068112542297,-0.378430244547765,-0.361845795055142,-0.345195918109876,-0.3231616507717,-0.276492493324466,-0.222760910750536,-0.166111351632603,-0.107782749715311,-0.0500265077010209,0.00377794823668273,0.0500973805330858,0.0865449642790674,0.117847058011024,0.160733995366583,0.230052707473182,0.32137279741243,0.412861261933825,0.485350497801583,0.53648468403054,0.5726419302619,0.599433024986358,0.618704463569997,0.629885236982844,0.633832078322771,0.635219834962189,0.636816360990595,0.638148584352506,0.641005411142507,0.648415030429306,0.657066467888564,0.659944022712167,0.654965012705688,0.642821654025647,0.626613767211813,0.61302581390536,0.600379105016144,0.58721966581668,0.568283680077884,0.540094116511583,0.509566105014102,0.483100761294851,0.469789874899808,0.461478754857172,0.457052195157704,0.456446781779519,0.460707442779537,0.469082719311313,0.47697482051342,0.475442028574909,0.463784138583108,0.451249039805826,0.445288564695005,0.445162989209228,0.453459476742862,0.473582472684317,0.507043198056933,0.55372555184986,0.612080490104386,0.679884613949042,0.753104922039137,0.826779551525793,0.893784706043633,0.943846642741102,0.969442475670051,0.971677262527917,0.95226180290876,0.910452265916918,0.852020186125195,0.785752647449464,0.717799142926946,0.651383185371241,0.588584295847766,0.532564069192588,0.483985383122394,0.439757148049883,0.402538667157063,0.368625374665478,0.339278941488744,0.321044585649838,0.312735091175052,0.312413115860155,0.31834582547705,0.329949736985834,0.346408945521493,0.366942595150887,0.390534560027903,0.416353714970291,0.444333442223773,0.474348664911743,0.507286652534966,0.541687120365303,0.57543461405797,0.605451522057754,0.631023175933314,0.651859754622023,0.667691634779029,0.676738789884487,0.67804000897298,0.671541582396859,0.657326753762363,0.634422094000612,0.608721550104482,0.583723133530817,0.559570077251046,0.536000646742989,0.513279178334953,0.491753295866178,0.472005200743188,0.453595335518654,0.435882261434981,0.419271278926038,0.40386623432555,0.389872465272508,0.377342551663224,0.367621029174942,0.358355343677193,0.348458372004721,0.338165051415359,0.328434008675192,0.319991773023965,0.313524056248916,0.308672826811933,0.305196820819393,0.30305968845498,0.301884161026755,0.299213458908774,0.294473669000942,0.287368490235393,0.277621875341396,0.264938728848269,0.249068384741125,0.229952331632673,0.207742951885604,0.181567560643827,0.148555719645437,0.108707247926173,0.0633975407674173,0.0143337965030135,-0.0366241811312575,-0.0873686031411777,-0.134611383632093,-0.177222489004413,-0.215797714765625,-0.252522261122743,-0.288607422788498,-0.3241343568457,-0.358886542504682,-0.391896247184199
-0.365416319695576,-0.392323113855137,-0.416173065743048,-0.438293211528922,-0.460151991817331,-0.482373864428639,-0.504916667984006,-0.527101442583091,-0.547441681179076,-0.563246458618593,-0.570615782502822,-0.569416419825646,-0.561802348475982,-0.550879757544845,-0.538332873957142,-0.526913107564181,-0.518902468701471,-0.513369930819862,-0.509239281450791,-0.504780114866572,-0.49685186871591,-0.482262544308384,-0.461991551197488,-0.444438804747607,-0.433257651764087,-0.424435094528784,-0.411995200082299,-0.396062118884548,-0.377126864306509,-0.355690788198296,-0.332319294322544,-0.307518782678861,-0.281618543349185,-0.254557952104944,-0.225064270391951,-0.188778856943433,-0.140986085301555,-0.0854655664503752,-0.0261393716569619,0.0341651938708909,0.0930924717057465,0.148334054636799,0.19824876510179,0.243227079889732,0.286627624944851,0.335161066293826,0.393129887670054,0.459629900247311,0.525581706823309,0.581194857938142,0.623582468104493,0.654224909579545,0.675416449050086,0.687059013283491,0.691158151115054,0.689205280390263,0.684379553755319,0.679849588561551,0.676339837933986,0.67527956229729,0.678491834574913,0.682537918008067,0.680532452608436,0.671668557046177,0.658601530265414,0.640254901041941,0.617492370520037,0.598129681884355,0.581064924998718,0.560173515411414,0.531347659032183,0.500399379948252,0.474619129165328,0.462926612644132,0.456889544905497,0.455138725209506,0.458302852515653,0.467005310928927,0.479457084942957,0.49139964449143,0.497899562593731,0.497976226152648,0.495099190959535,0.493295032652208,0.493243045441985,0.500526713745325,0.519529384745882,0.551804297688391,0.597330930294928,0.655137496382625,0.723546412281717,0.799792539310465,0.880523211013346,0.959584656006028,1.01958504087553,1.04192776465448,1.04080663954795,1.01900638031924,0.963989836930717,0.888348063826614,0.809324250900901,0.731452772459858,0.656914206760982,0.588007096091903,0.527373976783137,0.475084978633656,0.427999420992177,0.390190252864352,0.358426259621947,0.331166376675877,0.314179654041561,0.308136648174193,0.311526728039929,0.32312348670827,0.340113089845441,0.36113659888827,0.386069164831288,0.414087324738914,0.443520943129118,0.474215767110848,0.508437632930039,0.545074254435312,0.582744917353574,0.620265510784379,0.653979591348699,0.683103448510169,0.707306877985181,0.72623702268839,0.738950774118138,0.743123954690283,0.738989856391554,0.727017674187644,0.707684470383849,0.684029171888554,0.660842566295984,0.638245428435188,0.616021102553913,0.594297768650447,0.573377692918016,0.553707374905774,0.535836596646117,0.518918615237132,0.502588421209623,0.487299757841755,0.47315857530185,0.460069215145718,0.449396015824662,0.43905477455976,0.428365181307324,0.417249219227189,0.406302452131297,0.395824573035362,0.38623288873346,0.378236651654769,0.371538054638163,0.366264312078812,0.36120122551142,0.354281410175153,0.34512383133759,0.333571315736101,0.31946305748565,0.302661401134167,0.283108884768841,0.26091384582079,0.236383110485443,0.209495363732819,0.178724926402991,0.142195612754522,0.0989127835395791,0.0513883797589891,0.00157447741285068,-0.0481346192859195,-0.0952539788403538,-0.139352780360425,-0.179966035587848,-0.216965452875301,-0.252650927172324,-0.286844121963245,-0.319854346885735,-0.350896712637421
-0.318212748872807,-0.344002587275232,-0.368341947891113,-0.392389308538714,-0.416489764253142,-0.440502761750894,-0.464000135790414,-0.486117087304618,-0.505577244737265,-0.520793508996539,-0.529811952196019,-0.532608456744035,-0.529948184674945,-0.523891209098651,-0.516059047379097,-0.508694356320638,-0.502781249154322,-0.497893819560213,-0.492523305651242,-0.486628509128072,-0.476132579071109,-0.454564159869432,-0.431337485948416,-0.410838569481736,-0.392519892808306,-0.37772307174709,-0.35883021475781,-0.335923415927408,-0.309489383069358,-0.280043926897036,-0.248140414581242,-0.214161274036181,-0.178283953813751,-0.140258246276657,-0.0990633892347014,-0.0527603464318887,0.000167382710751618,0.0587300698508295,0.120825302672783,0.183660341157398,0.244945627507493,0.302857900983284,0.356364084675489,0.405750514061332,0.453160103961926,0.503237558468575,0.555642634537781,0.606653213916318,0.653186436064404,0.693529722759891,0.725041293228403,0.747069199450833,0.759112015742662,0.762851522001525,0.760079934265123,0.751722753537767,0.739861663994607,0.729333933057716,0.721853996642089,0.716709809687607,0.714459009020984,0.711254850161926,0.702649846227531,0.689389206832121,0.672854206287424,0.653215999896398,0.628926055659869,0.600297347194947,0.575737748888443,0.549460808780774,0.519183097844296,0.48722890690547,0.46203065735083,0.450069292888472,0.444896923221765,0.445698399343217,0.453329140328529,0.467219011541783,0.485460231847387,0.504369295674844,0.519550995428,0.528195958094887,0.531311973015358,0.528916275620654,0.527167523397194,0.533229317066997,0.551123584895264,0.582428956374866,0.627119140767143,0.683953295028726,0.751118493200987,0.827519661863783,0.91153959808429,1.00098374280885,1.08542438001345,1.09091723755872,1.08525122727597,1.07415134598448,1.00091912667142,0.90979097580153,0.821737361841082,0.736948212302014,0.657146604014359,0.583935624521807,0.519264833853829,0.463577037796956,0.414746945107494,0.376467307312612,0.346772842186202,0.324166427054598,0.309928799435537,0.307122258994989,0.31519056029666,0.332630474321291,0.35453330165231,0.380214207341139,0.410164763632278,0.443363163705382,0.478504387016703,0.514658139344727,0.552726957760068,0.592107354378072,0.632068756056997,0.671445287986901,0.708103425032415,0.740389989196833,0.767558303754051,0.789051030653942,0.804210625796554,0.811948928035391,0.810796673121633,0.801889593827237,0.787131749401942,0.766211666462679,0.744696168894591,0.723783764066636,0.703067659886975,0.68248782795991,0.662288436060921,0.642708130823341,0.624390667450963,0.607628960946883,0.591404557839673,0.575652672960408,0.560845056759216,0.546664534227482,0.534223564923118,0.522332070665168,0.510241593970136,0.498567617836588,0.486693722359452,0.474727010117712,0.462813844876234,0.451530797396425,0.441967130748035,0.433190713972597,0.424108870275478,0.413224847788896,0.400031013911378,0.384450860665042,0.366425579759648,0.345940295952034,0.323064929673183,0.298004316820866,0.27109305107855,0.242465404096515,0.211601382220551,0.177648390505277,0.137573308865683,0.0913304898012365,0.042526298781979,-0.00566459402882497,-0.0521279252172648,-0.0963062219732687,-0.137843780434536,-0.175992519503882,-0.211166763171048,-0.243670279922147,-0.274933781198465,-0.304379809046666
-0.267473301925573,-0.293218382399665,-0.319173163492976,-0.345245096952704,-0.371158081188807,-0.396551841638748,-0.420867190804717,-0.44326274649142,-0.462931248857026,-0.478895150158468,-0.489995717120515,-0.496399941675802,-0.498461995704114,-0.496980647866064,-0.493683465005149,-0.49035980243902,-0.486263402686178,-0.480637131722534,-0.474150650439895,-0.465174300711233,-0.449050069201983,-0.426502563105911,-0.40064916600982,-0.375275814297932,-0.350118696620597,-0.328299786137026,-0.302912382834451,-0.27294516842951,-0.238881482151535,-0.201286149272907,-0.160643485412555,-0.117306784127709,-0.0714580745842123,-0.0230044502009753,0.0284523388680253,0.0835614831275413,0.142830456787634,0.206143955131291,0.272063971980814,0.338263710557402,0.402663126851949,0.463602552205629,0.520042652528763,0.571737500917066,0.620199906661641,0.667699416419128,0.713208857164968,0.754979032977385,0.790862982979768,0.818980248716393,0.838735881307008,0.849040498238416,0.851192616609415,0.846535237240861,0.836026678609623,0.820618664285392,0.801599716868842,0.785789552943578,0.773993956944472,0.76449845543655,0.754374638239899,0.743327390660793,0.72777281297716,0.708791531895047,0.688292622558505,0.665110305713711,0.639287441509622,0.609130110339859,0.574847012107167,0.538955895799133,0.504164258655896,0.470190704340227,0.4454002473195,0.432844700474599,0.428164532944223,0.431490438605504,0.442417328267531,0.460868718916619,0.485749590546404,0.513637029614473,0.538964814098642,0.555336711484573,0.558921944340678,0.55226875031356,0.546421163412562,0.549869084896591,0.566473649820006,0.597175915394378,0.640731131542951,0.695713327371676,0.761046484727091,0.834511001653218,0.913207046866395,0.992857345401719,1.05673047896126,1.08540850192514,1.08012970511049,1.05275737006432,0.991439687157885,0.908187101981625,0.820868780485142,0.734373298789215,0.652014810928238,0.575844238843807,0.507767858774349,0.44876683999898,0.39885130753383,0.36078118830588,0.334031907109657,0.317494509072721,0.309150690474952,0.310676511249638,0.32370350387225,0.345881975318616,0.372731692026653,0.403342977808315,0.438875670716338,0.478101362245701,0.522786259241309,0.563378580101946,0.603826105863837,0.646635604795938,0.689138088680745,0.730953771207733,0.769024018699987,0.803000279365319,0.832311736932574,0.855591695224661,0.872583599726202,0.882967952086351,0.886115835058839,0.882466879824989,0.871905459304318,0.854943508489124,0.834536850875835,0.815130719371702,0.796104109738909,0.776843142050496,0.757478959331241,0.738091498739493,0.719277886601972,0.701540994126031,0.684977018708433,0.668527627514801,0.652472332888922,0.636822638109626,0.622066801004081,0.608342870964761,0.594656532064973,0.581479707197166,0.56873754860584,0.555604821163993,0.542105995124737,0.528589576909598,0.515619934168726,0.502853740225636,0.489946873247812,0.475440497822348,0.458570162282729,0.439334908301828,0.417763572564493,0.3939354415782,0.368007329934076,0.340242806888991,0.310994631412493,0.280414839055159,0.248096557854509,0.214708637192567,0.177390929750437,0.133695740550305,0.0867792169287908,0.0401470767375168,-0.00537258186141249,-0.049153219674023,-0.0907119447265968,-0.129545937737553,-0.16556765797238,-0.19709433011389,-0.226603686930105,-0.25440209309326
-0.215163257002804,-0.242255625837775,-0.269741075031658,-0.297252541206737,-0.324423772580201,-0.350824019807408,-0.37589115352112,-0.398911800347444,-0.419499419694185,-0.43693035113606,-0.450412799835445,-0.460210094387813,-0.466662505012966,-0.46988424375907,-0.471120280256125,-0.471062638366273,-0.467524089968115,-0.461703821689338,-0.452985715497943,-0.438784107288003,-0.422337262877569,-0.398829364908152,-0.369095435639827,-0.339142148906575,-0.307597800256503,-0.277520755716851,-0.245656039173553,-0.208621530297748,-0.166931692460856,-0.121166244833946,-0.0717920805576358,-0.0192094731612759,0.0362836851234728,0.0945115633648591,0.155358512131547,0.218823908880059,0.285047709124122,0.354239776323844,0.425032993456705,0.495440407028252,0.56353620934,0.627644577291894,0.686484649160581,0.73929461593088,0.787656935245242,0.831661184183759,0.870428978015089,0.903888099259398,0.93053632971169,0.94866514739552,0.957687140622714,0.958126091415604,0.951028875569243,0.937334404117109,0.918312561757626,0.89553539656069,0.869872503961688,0.848560648428469,0.831949657933934,0.816621624435603,0.797861985446686,0.778379763220756,0.756206176852914,0.731452198863284,0.705597396920082,0.678590447729718,0.648823479894878,0.616618498791901,0.579194677717942,0.531293722638012,0.48844993744713,0.452014475425182,0.427132911717677,0.414358853649027,0.409331647278941,0.412401151102613,0.424286044563661,0.445211596993685,0.475695868965965,0.514162344708795,0.552247291166609,0.578366822204733,0.577468684690555,0.559929004092426,0.54685772267107,0.547483504255522,0.563705953427538,0.594169072393292,0.637313679491908,0.691823784409146,0.754983345633852,0.823414938777552,0.893642230817267,0.95994627156665,1.01202937173624,1.03989673680466,1.03968145475758,1.01309757267979,0.961428823717963,0.890727278007057,0.810210993356737,0.726693925755311,0.643652809513298,0.564808381457664,0.493563101433508,0.431048160434307,0.379396617973046,0.341666898955854,0.319772687621451,0.311946583682958,0.312924292703089,0.320458280646228,0.338473763700387,0.365364791873279,0.397655162296312,0.43382288425416,0.473337171629432,0.517496769837054,0.566400337950967,0.613090643269452,0.659387705206125,0.707577150821789,0.753915028256033,0.797699812623925,0.837692308652499,0.872396557507676,0.901720956707184,0.925950831403937,0.944077767808865,0.956833326515062,0.964922793675858,0.966445399897211,0.960938137020545,0.948307047332773,0.929965568915916,0.911633542692609,0.894066287665749,0.876341400119453,0.857945823959931,0.838925482455354,0.819660479384899,0.800753113409512,0.782662058350364,0.765186035387248,0.747484592931323,0.729733084166909,0.712414393307781,0.69706177511869,0.681603835690688,0.666440441356904,0.651854772576428,0.637434891154768,0.622709152722796,0.607820265241413,0.591725242180442,0.574968140057698,0.558123625644889,0.540288391286481,0.520065648732959,0.497497337608789,0.472686537174702,0.44578613048829,0.417015037581756,0.386674223940687,0.355130786082686,0.322555414462185,0.288477473882735,0.253804418234965,0.217860515379418,0.177880016004921,0.134017468991764,0.0889607087227746,0.0445549761215445,0.0014447212069848,-0.0398035302811717,-0.0786621118934946,-0.115058455406656,-0.147520417539309,-0.17566632921856,-0.201928105736296
-0.162603414080539,-0.190774612419204,-0.219334844357135,-0.247879893642785,-0.275973501494552,-0.303062667793704,-0.328649058513808,-0.35226559463477,-0.373797509757393,-0.39269655339269,-0.408465325334109,-0.421345195233247,-0.431854932291614,-0.439782355590653,-0.445135934105995,-0.44660233358603,-0.443678865235762,-0.43686620271802,-0.424170507395104,-0.409945970374772,-0.393276653236131,-0.368148427349729,-0.335546068313552,-0.301122410219177,-0.264642437271753,-0.225934262185755,-0.187867814641412,-0.144178715034305,-0.0951958431981044,-0.0414441862234208,0.0165082056774721,0.0780789410538555,0.142811234087667,0.210270636339628,0.279977434255876,0.351590079307731,0.425213154137628,0.501003320844236,0.577490195250868,0.652844141115185,0.725177159244797,0.792680347394269,0.853738693068857,0.90755536628867,0.955149107704889,0.995502898987626,1.02894448898309,1.05487241293519,1.07256858802192,1.0802271195684,1.07792923187271,1.06771247800254,1.05119890430305,1.0292023296838,1.00331096300583,0.973998706051431,0.942928615556527,0.916162061304062,0.894429310244831,0.871374382148373,0.844160939623474,0.815658054302004,0.786997825805366,0.756398778878774,0.724473922476387,0.691821672201175,0.657996279694325,0.621721728909073,0.581446416186234,0.529829105835501,0.476737687421021,0.43652329557087,0.41207415758018,0.397278849797114,0.389539899085256,0.389464389249844,0.397906581732792,0.41641508064114,0.447088698393441,0.493376017002332,0.544064055205045,0.596080575007187,0.577362891210466,0.540315519070447,0.52162597441753,0.522710090598742,0.540788679026451,0.573734126418214,0.619444475983992,0.674933936615523,0.736757837896116,0.801432719086371,0.865551088129159,0.923073876072227,0.967387915618245,0.992616087087721,0.99514181532916,0.973846441564353,0.930651610275204,0.869771624098952,0.797291267116049,0.718325482832702,0.635957106145099,0.554459079253756,0.479107153919023,0.411386403823036,0.355732485583329,0.317855464493456,0.302689488024583,0.308336591286006,0.321236957529309,0.33833201722148,0.363247874917296,0.395985722252977,0.433806308879357,0.474594440564963,0.518190238362944,0.566836615529732,0.619432589565146,0.672206375183271,0.724721334616594,0.776484453340676,0.825715741533057,0.871915139904646,0.912887735108196,0.948014134573941,0.977121927923138,1.00049345526352,1.0196583093343,1.03509951383408,1.0463205718124,1.05262217596219,1.05213494777656,1.04451142826195,1.02970576135161,1.0127420420258,0.996300044831081,0.979890598359371,0.962690578031842,0.944240956937116,0.924658241874004,0.904560277553431,0.88443814297983,0.864826569020058,0.845076447920939,0.824781253857739,0.805023938572994,0.7876071649891,0.77030383973501,0.753040225027507,0.736198093786149,0.71988877962325,0.703820045525652,0.686894241510395,0.668665322827666,0.6490792051487,0.62839309829468,0.60709798629423,0.583806089970083,0.558177774269546,0.530378786634593,0.500622435106025,0.469175231704689,0.436363782144635,0.402566315355204,0.367961006575361,0.332128504551598,0.295644596201656,0.25978636085586,0.223384738165166,0.183467548706974,0.140399156706253,0.0972058468977168,0.0549235038633201,0.0141812733656331,-0.0243242852541522,-0.0602375240581752,-0.0934303382836508,-0.121743249489823,-0.148837035428302
-0.109220146274599,-0.137868734084699,-0.166710231910576,-0.195365848526477,-0.223471218170889,-0.250645691286497,-0.276468325617767,-0.300759728231316,-0.323434053132892,-0.344057642178455,-0.362275848508286,-0.378232939010567,-0.392688935334925,-0.40497501343474,-0.413414003577991,-0.416216743696397,-0.413640611233927,-0.403945222397327,-0.392296983489075,-0.378907530627882,-0.359918248291399,-0.333641623470669,-0.299010271726602,-0.260417056481637,-0.220130509842971,-0.174248557823081,-0.128726820031383,-0.0789097262799883,-0.0232213322195842,0.0377096558136691,0.103326121466634,0.173059288922076,0.246330366528289,0.322515998318334,0.400713809115982,0.48033656531493,0.561708206988222,0.644564748358458,0.727353259012678,0.808286389596528,0.885423907965395,0.956745086672092,1.02024148189495,1.07566099461434,1.12238074328704,1.16008441539842,1.18821409825564,1.20659644985068,1.21448604893455,1.21219759639404,1.20027252584239,1.17923509664757,1.15213352364488,1.12104434237503,1.08782783656974,1.05137026129532,1.01502189390174,0.982755313071914,0.954559531045473,0.923750922541697,0.888791356158011,0.852135674129308,0.817264813271472,0.781724294252838,0.744623089955959,0.706462214966218,0.667787263955903,0.628317233701739,0.582812704525443,0.529783423677209,0.474327210600752,0.428128458604933,0.401630911125681,0.383681866978112,0.371546731750388,0.365569993602998,0.366527369820919,0.375381079490844,0.392982986949461,0.421944446870296,0.466881775163688,0.535303465538572,0.507152748212155,0.474797762698082,0.465091012438967,0.474069402752656,0.499596495079658,0.539733138985645,0.591152239765823,0.650193636862544,0.713038300085726,0.776922295330341,0.837690079091795,0.890308235800686,0.930504795219315,0.953984588697291,0.958274805338239,0.942358742722876,0.906544019953415,0.854382001345918,0.78933197051325,0.714685453202808,0.633690885525769,0.550349841286263,0.468923526981386,0.392364423100285,0.328991995615889,0.28886415196681,0.281066807225787,0.30059557476739,0.331165453759378,0.364925400418793,0.400837186046644,0.440957382310716,0.4839661003917,0.528903312676257,0.577685994667588,0.630971950313822,0.686969798747683,0.743236444716136,0.799888177193091,0.85413267608854,0.905100987334506,0.952486318044135,0.994223969279817,1.02887542398497,1.05740841137021,1.08065650724076,1.10039938760732,1.11749223618151,1.13098709996389,1.14016191453015,1.14432667308138,1.14167499284286,1.13174563764295,1.11711226356681,1.10214316948499,1.0867885698863,1.07068897566574,1.05308619836944,1.03341317871083,1.01212577716552,0.989803528449999,0.967011176287881,0.944392716246103,0.921504979790029,0.899071642600654,0.878921523175497,0.85968270040675,0.840315392577477,0.821087327151617,0.802655938033334,0.784758074893176,0.765576525130241,0.744943398270153,0.723016315105751,0.699733463935833,0.675218086827373,0.649035549704421,0.620591663754237,0.590006648744859,0.557566246592076,0.523577347636155,0.488386761026613,0.45237825794793,0.4157350815097,0.37820718625384,0.340534638351943,0.304770596151134,0.270301255151161,0.233915084346219,0.194074106087544,0.152397181887606,0.111433216444714,0.0718296974249982,0.0341664150030705,-0.00108767732377328,-0.0346599345350653,-0.0654135438514024,-0.0949326236374128
-0.0526408672840099,-0.0816208935620046,-0.110158788054082,-0.138580948154655,-0.166557003715489,-0.193760570739213,-0.21988220124004,-0.245023652518958,-0.268992423773866,-0.291474707722469,-0.312211380994291,-0.331231129237765,-0.349360700744408,-0.364524669206429,-0.375350123127199,-0.379810817442173,-0.375236287916827,-0.366660527462729,-0.358147605464525,-0.343529267691793,-0.322621704317855,-0.295493748787793,-0.259694603479774,-0.217860151799995,-0.173818434717556,-0.122964869136797,-0.0684116930445844,-0.0131663101049864,0.0484999349645343,0.116089936735864,0.188955362075865,0.26621120342581,0.347082461990612,0.43078544822631,0.516446158370879,0.603603350224114,0.692829728746829,0.783020442689176,0.872529270669507,0.959570916700639,1.04212330907285,1.11791839707757,1.18494116455226,1.24277334494395,1.28984292941365,1.32484765261956,1.34720884837291,1.35696920469603,1.35475230837733,1.34247836582225,1.32060274959455,1.29010736661644,1.25286417058419,1.21326514755078,1.17264252850486,1.12946325291335,1.08780372814327,1.05007045011632,1.01385919650207,0.975554837915649,0.933506018037289,0.88977446135593,0.84818915945742,0.808249945503914,0.766543366081418,0.723657673854326,0.680654414380219,0.637616105608023,0.587199739747912,0.532396233550101,0.47875418655858,0.431412498053065,0.397675426602835,0.375368015257066,0.357572569880065,0.34433313501701,0.335598823559512,0.330319505126337,0.328208343170885,0.326619214770869,0.32158964172987,0.324551058071778,0.355092840881013,0.370322453895039,0.384298614945464,0.40850600395584,0.44680439643277,0.497867198227757,0.558051827695212,0.62319910580154,0.690100517458496,0.7556997293174,0.815830167199635,0.866802548807555,0.905520528560883,0.92881847584662,0.93483240292998,0.923150908585746,0.894433813545915,0.850109906731611,0.791942499266235,0.721787526279449,0.643075210381428,0.558789090990968,0.470269003014395,0.381548577868409,0.303708705206536,0.256366367640978,0.258104362510614,0.297738679913177,0.351386593481845,0.405419776803437,0.455339474114658,0.503165349129996,0.551223937379527,0.600599399756409,0.654007976304847,0.711204371956782,0.768992010449167,0.826870970550099,0.884493367433995,0.940029938930835,0.991929711999026,1.0394001460455,1.08041732982112,1.11450395511886,1.14206213201108,1.16585862012679,1.1864385657907,1.20373507596299,1.21848084098579,1.22980957662026,1.23673197614918,1.23856779471043,1.23366526371591,1.22260529829326,1.21013868341215,1.19631988987343,1.18123121723176,1.16451191033192,1.14508968021423,1.12265380899623,1.09784151949802,1.07142243886433,1.04475737058954,1.01900306609059,0.99354842963002,0.969840654630738,0.948495803058766,0.926964661178655,0.905657885597278,0.885160523550444,0.864642062467687,0.843426250467449,0.820530267545631,0.795966239177022,0.770164000299941,0.74298426045276,0.714151749101519,0.683334247894475,0.650433175148829,0.615618503076824,0.579278193579057,0.541814227007707,0.503643112353742,0.465001108813008,0.426556359886093,0.388807518635001,0.352933051794785,0.31916567040433,0.285918426709257,0.25010138053979,0.211242000858705,0.171908713443373,0.133483385785145,0.0965395367094831,0.0616971914171172,0.0273803643017509,-0.00636318684930176,-0.0375747427759997
0.00828900699239142,-0.0219741774775603,-0.0503989000482429,-0.07840565172908,-0.106100539177258,-0.133234702795317,-0.159733104301686,-0.185749843524039,-0.211062256054628,-0.235445468406898,-0.258708416556027,-0.28078413990023,-0.301328587639345,-0.318656961546332,-0.331375352262359,-0.335527242475224,-0.331853394414299,-0.328725636789661,-0.320041569482579,-0.304612648989428,-0.282479364732683,-0.254135083226951,-0.217854348098954,-0.17365291673935,-0.125382076733905,-0.071545609361662,-0.00975433973482287,0.0525121084455417,0.119619793180138,0.193190774016422,0.272358225152599,0.356322876334786,0.444250215201398,0.53507415889336,0.627610396780015,0.721787835774346,0.817903016296099,0.914735605431096,1.0107919565954,1.10427598181077,1.19283589066123,1.27401045626473,1.34653748273744,1.40870748862582,1.45682295556314,1.48886718113434,1.5043391459678,1.50404456989611,1.49143844084988,1.46824012717248,1.43597000751279,1.39630803918698,1.35131749410668,1.30333910487931,1.25584157533864,1.20644049438943,1.1596661106531,1.11604331124439,1.0717834247433,1.02608687421896,0.977667584516809,0.928211708781454,0.880465782107234,0.83563369291469,0.790270259536827,0.744115150161025,0.697790551196742,0.649979786747588,0.596565800012995,0.540624790212907,0.487349040758643,0.443431494455119,0.403896039624184,0.37330828269135,0.349846412598633,0.329297740252074,0.310724337225931,0.293887184452383,0.276072142374838,0.25240347675054,0.217143314855081,0.190180297293711,0.23462754664119,0.268785753143448,0.298129989893366,0.336707264429358,0.389515289308675,0.454386943441874,0.526175346069799,0.600226772941927,0.673712002895613,0.742993693642856,0.804728694396286,0.856284883992346,0.895353910550944,0.919682108285244,0.927947025898506,0.920060788844593,0.897725285716234,0.860693788958039,0.809266166706782,0.745024102296348,0.670410024620709,0.587055657049287,0.494799159477917,0.395456378972605,0.295481902551188,0.223419364389815,0.244558603774694,0.320071652321916,0.398746720177196,0.469789758188988,0.531688932223015,0.585742500313279,0.637880406904344,0.691844803635293,0.74893183634908,0.807383785472489,0.865652004144831,0.923387461580207,0.980289725024133,1.03448801741208,1.08562269755117,1.13200374746018,1.17133822700161,1.20366472639122,1.23131570885403,1.25498673896676,1.27565718189735,1.2935502966037,1.30843981562414,1.32087272354431,1.32998829666528,1.33458553986116,1.33400726873251,1.32706135459456,1.31802577667961,1.30702556769657,1.29362208368841,1.27781109706976,1.25881404253818,1.23536501650322,1.2077636137295,1.17716238846839,1.14591613752394,1.11594945479318,1.08701407374836,1.05956904209942,1.03525124901681,1.01173413681664,0.988847341390803,0.966151573335629,0.943111182390098,0.919659791394477,0.894781447622644,0.867894136513597,0.839255747378781,0.809361360981297,0.777982684020074,0.744592076563554,0.709463924534734,0.672563821420354,0.634184361406018,0.59474625861557,0.554685290836584,0.515165111432325,0.476894808673422,0.439612686960204,0.404372293667668,0.37154624482753,0.340436929491882,0.308402824313821,0.273187372505719,0.235609394193768,0.198335400759666,0.162480096944656,0.127895781667299,0.0929257897520351,0.0572415908593735,0.0239993543495417
0.0724553567563184,0.0411227510789284,0.0118420742718837,-0.01564072890876,-0.0428492672530526,-0.0697794339413833,-0.0966675060904504,-0.12350314761151,-0.150126396319072,-0.17637933937474,-0.202121460089096,-0.22662705546188,-0.248473329544414,-0.267624941074694,-0.280263925870061,-0.284356903283479,-0.288163696662092,-0.287469615138317,-0.278854536901855,-0.263188713956647,-0.240711146837916,-0.211340535561692,-0.174923847727322,-0.129289391802892,-0.0768275506723474,-0.0200849401210768,0.0460132287886711,0.117331488683889,0.189585732259576,0.268353362926269,0.353124802549154,0.443007958544017,0.53698743084714,0.633907452875424,0.732696503947285,0.83383464059659,0.936556508658558,1.03953434318692,1.14132043170979,1.24030776205476,1.33462031946891,1.42268533534061,1.50342293780152,1.57180075363516,1.62225332202838,1.65091689261449,1.65718938379777,1.64563128143009,1.62094469957539,1.58596857961752,1.54316699980325,1.49523319566248,1.44335695286961,1.38914509001221,1.33522325455877,1.28032742684352,1.22881620063439,1.17855136112197,1.12638084439699,1.07292249071179,1.01839547236304,0.963764723062878,0.910291995609928,0.859581192119616,0.811573557690975,0.763094218899794,0.71463104569386,0.662746375623852,0.606884863265783,0.550165889915343,0.498413734437112,0.456075743769033,0.415718213258241,0.376768076705472,0.34620863253494,0.318947779488988,0.294334077285164,0.271345990793237,0.247319871683901,0.219843958269786,0.192033383696821,0.174622033487644,0.179230296916778,0.194582965222155,0.220841052785831,0.267440300166622,0.335723098908576,0.41738785068145,0.503270179832915,0.588501520175116,0.669711744074246,0.743752220993138,0.808443211854027,0.861768924705033,0.902235086283241,0.928316130959751,0.939216262377358,0.935798166025395,0.918760135775827,0.888408064685616,0.844333906692392,0.787940231050912,0.720669591719508,0.643289890094836,0.556379948147962,0.459086186295109,0.3525612041391,0.236841955016606,0.296518051082806,0.399844864032824,0.489125459126211,0.566503040240584,0.633422755188259,0.690879096478468,0.745730934679583,0.802887342259302,0.861874423046129,0.919946198270676,0.97675830927815,1.03271334631374,1.08714328378528,1.13841497226267,1.18607029687394,1.22949419219732,1.26621212197473,1.29693160079649,1.32348990569129,1.34669569711211,1.36678888879405,1.38465785879611,1.40017459680459,1.41288325843403,1.42314541447061,1.4300872384403,1.43234965486294,1.42910819816551,1.42354775495794,1.41653768788494,1.40636493785226,1.39241455889783,1.37394829487832,1.34967612670069,1.31891369303566,1.28349481214832,1.24660572407697,1.21090736455649,1.17762907629769,1.1464778475893,1.11847662062148,1.09343882747811,1.06914386085986,1.04456876286968,1.01948180023915,0.993717326377963,0.966960502378786,0.937995718274219,0.906732382357853,0.873867605294921,0.839655783608594,0.803689124665227,0.766027936204123,0.727005353240531,0.686630054583504,0.645496090849987,0.605000687931467,0.566037497795257,0.528925753844114,0.493251536169758,0.459225845998241,0.427499960876833,0.397763293656574,0.368606209395693,0.337067692712707,0.302580883745749,0.267423677506523,0.232861852313586,0.197382261021638,0.161450772624029,0.124615527853415,0.0889839439057149
0.1392851378634,0.106649746947852,0.0767073682815869,0.0490168119300815,0.0225745134386505,-0.00407643984989214,-0.0312040560485092,-0.0587359218896565,-0.0865712635495708,-0.11460175988082,-0.142499935817272,-0.168262584977323,-0.19132924612822,-0.210690379340935,-0.221971572559589,-0.231593986844178,-0.241339676493698,-0.242835835927645,-0.235313309004703,-0.22026252583619,-0.198197867795634,-0.168870520571972,-0.132087625819274,-0.0857666357794036,-0.030121655678517,0.0306656316223805,0.0988760119413752,0.176954045799692,0.257355114246117,0.341017873915232,0.430836111006418,0.525787888923836,0.62482747088275,0.72681699254005,0.831133281669977,0.938151520166372,1.04664697579639,1.15519932784506,1.26212091678019,1.36595655093099,1.46554917047913,1.56148711902495,1.65151432101895,1.72904181592341,1.78469303884002,1.80874950299668,1.80290187211276,1.77689293171872,1.73823759076296,1.69112330930841,1.63896186322799,1.58343485524484,1.52556366748956,1.46626593890481,1.40615400821363,1.34544133473659,1.28834713277085,1.2304159268178,1.17035838517342,1.10919932780857,1.04916649366237,0.990133884394606,0.932398663162587,0.87724867860589,0.826245467395762,0.777003172920439,0.727539436621941,0.672704081772552,0.615715951364072,0.559275330699664,0.510497258990815,0.467931133454207,0.427278903069585,0.386093643717924,0.346525354811326,0.314534829925924,0.28737858183067,0.264311020627218,0.241961580586457,0.218685544714242,0.195971289858558,0.173565675668642,0.155700390527903,0.144597311707419,0.152017017242544,0.201669357105443,0.291196650783803,0.394552982687462,0.497158815816894,0.594437058824234,0.683540263579728,0.762607222757985,0.83036050359404,0.885678885004389,0.927820571743983,0.955860974177658,0.969922997334524,0.970991684288925,0.959158515771263,0.934894145001238,0.899268285446643,0.852668410290309,0.796060018956296,0.731218095349638,0.659496299579495,0.585155334595247,0.51541713898915,0.47118240246664,0.492037765270076,0.555863975684581,0.627587149938151,0.696896806900335,0.760632338305272,0.81812053539016,0.873870877570634,0.932519061247328,0.991249679181787,1.04781611671697,1.10197682064429,1.15418583382923,1.20422751805502,1.25092438591354,1.2934864159524,1.33174837764612,1.36474900962401,1.39333282886191,1.41761896076457,1.43891344236017,1.45828309863133,1.47566356186723,1.49138833751173,1.5048621382511,1.51553358102922,1.52370630980504,1.52843324597809,1.52834650554636,1.5251527455561,1.52228631063915,1.51693536552852,1.50685954197254,1.49022572028522,1.46530037173652,1.43101399209867,1.38929837205956,1.34476045742781,1.30188632190389,1.26316149968219,1.22856272660603,1.19731867071832,1.17064030807644,1.14515664678781,1.11934809964981,1.09284392711279,1.06527522401054,1.03639620568027,1.00555226297162,0.971903147301615,0.935942706351345,0.89858780146989,0.8598915051638,0.819395372431728,0.777942238525241,0.736549935306973,0.695900611409402,0.656516216382014,0.61887158139857,0.583160129170347,0.549325393731202,0.516813908157635,0.486343381054108,0.45814095581555,0.431591039319212,0.404216021968648,0.373676363380195,0.340712662099354,0.305885999266092,0.269357286228079,0.232033517463838,0.194503182657493,0.157002650835266
0.208193731091716,0.173849891063959,0.143554431057148,0.115672530144978,0.0896356826351087,0.0634150418264509,0.0362609210865226,0.00820366455916568,-0.0206946428821451,-0.050333963679948,-0.0792592551877213,-0.105848440709445,-0.12963280474488,-0.146868902573892,-0.160678461620037,-0.177261543092515,-0.189813799326772,-0.194042422445225,-0.189504105665086,-0.176549010202904,-0.155876019896602,-0.127700323533776,-0.0906493524007499,-0.044231802665506,0.0128685738219264,0.0779360826868326,0.148736896790483,0.230419739994115,0.319613557617946,0.409707301222361,0.504205660033907,0.603751348741784,0.707212754519572,0.81331792898771,0.922483199460166,1.03416302675403,1.14703164570279,1.2595474760796,1.3700648118444,1.47732880266824,1.58196736884674,1.6846275114129,1.78328031124718,1.87412593751695,1.9418529634509,1.95881053724863,1.93331344256033,1.88892879928191,1.83538531038099,1.77679156774129,1.71552301046582,1.65279479076716,1.58905996772275,1.52446719581181,1.45976430714874,1.39394305723808,1.3310636601391,1.2661434661415,1.19926191603874,1.1321621151056,1.06742772025111,1.00562706355368,0.94553060202157,0.888134154990616,0.83437660364667,0.786153806632453,0.735173153763798,0.679821388038005,0.623026716553738,0.569637178381955,0.523842847211125,0.481430178387782,0.439788366448243,0.398404491013294,0.356416364136995,0.317632769997057,0.289731506482557,0.272961338969576,0.257455860100416,0.240875199655474,0.220486324364549,0.193872539315122,0.162526669057676,0.126771280311232,0.0937483439440858,0.147720048801283,0.275331482185399,0.400137869608843,0.515905991019166,0.621657580857216,0.71647238611667,0.799846722851725,0.87097862137701,0.928951611639688,0.973352384213255,1.00386582216344,1.02143470315242,1.02675412688216,1.02002155384463,1.00209276839073,0.974393574683411,0.938072299978773,0.894377775981584,0.845435335711154,0.794410424641427,0.750221384790545,0.721822021007757,0.717713127332586,0.724110269943765,0.751378097305549,0.797667501470339,0.852038631078188,0.907881974013195,0.963293656912069,1.01901681802815,1.0775030276384,1.13489830180992,1.1890463138026,1.23930881372173,1.28637595503048,1.33005933127683,1.37015282183291,1.40653761475158,1.43882051598024,1.46713596973067,1.49161382587277,1.51222811259128,1.53020270002172,1.54780967652101,1.56516595499781,1.5807855364774,1.59452003989774,1.60582659681914,1.61428695563197,1.62034362704426,1.62307957270825,1.62246608169797,1.62304936553386,1.62245701442331,1.61832678840472,1.60655452297095,1.58297624184806,1.54454813694234,1.49308961813386,1.43709577593259,1.38551181687995,1.34136911117028,1.30385227406208,1.27070513680577,1.24172279413833,1.21564626522357,1.18944431309077,1.16234314593811,1.13364482759656,1.10288294241754,1.06991020486968,1.03388438186485,0.994882561033252,0.954009237011187,0.912110818859766,0.869913327884663,0.827799711618935,0.786876605097352,0.747253233735451,0.709040762876752,0.672707588409194,0.638505390684604,0.606575603725109,0.576561107128428,0.548678064577032,0.522966772690564,0.498777505048411,0.474633573353026,0.447624553327703,0.416075943211393,0.380662714501544,0.34302986315334,0.304109639930006,0.26523559993543,0.226703757590436
0.27759175877725,0.242854343663683,0.211977122445859,0.184377483918429,0.158117522673956,0.132403910326845,0.105449939150382,0.0770610889438112,0.0472826781816703,0.0168153623557461,-0.0123157869383921,-0.0396578740352214,-0.0617410625139915,-0.0783191326936565,-0.0983650888495312,-0.118980946768941,-0.133786256979277,-0.141083965520538,-0.140469908768428,-0.131512075569222,-0.114315964925516,-0.0881557553133736,-0.0522992061683117,-0.00605116223286958,0.0510358548728926,0.119482135769697,0.19517210718956,0.278418004573236,0.372840802230386,0.472223947192393,0.571930180608634,0.675460214015188,0.782548515229493,0.892533562358767,1.00580134930816,1.12111291072842,1.23698437431567,1.35168784353959,1.46349314440444,1.57223420455008,1.67846260532581,1.78180202857284,1.88247532416777,1.98192274357172,2.07322938968757,2.08150125156331,2.02398907034254,1.96150115228115,1.89600607782507,1.82926901927528,1.76217570862147,1.6949866622863,1.62789678538504,1.56122186525325,1.49341838813039,1.42408104642163,1.35540801426146,1.28476755382818,1.21269455131946,1.14185931176994,1.07433786220896,1.01045887372092,0.950001190807534,0.892251708268956,0.839310473988143,0.789029791472484,0.737517546359789,0.683920968735599,0.630855387090234,0.582538653532161,0.539187751199794,0.49787938802842,0.456526269699715,0.416841280158089,0.37891702744587,0.339185549961171,0.309841949306744,0.304047772405437,0.296320874348365,0.286213767777645,0.269656931393759,0.245279128134641,0.214875550776128,0.180065603827928,0.152393952588432,0.204568931952461,0.326016265544033,0.449676796112551,0.56631517707906,0.673483737492967,0.770156024786157,0.855568236666334,0.928737443470251,0.988838100079654,1.03564106480028,1.069601910109,1.09157933997661,1.10155002497208,1.10020813199067,1.08842509271665,1.06790956628849,1.04114778530983,1.01024190116016,0.976203187013693,0.945332641549699,0.922567236730587,0.91656151069441,0.929272143431128,0.932294699165971,0.94482692555029,0.975390087982432,1.01763582677633,1.06598394814773,1.11920145062813,1.17528967171387,1.23312079906887,1.28955570945196,1.3407760656643,1.38562451235629,1.42573131146391,1.46148962548196,1.49355979677533,1.52272846098796,1.54978638658463,1.57306694942704,1.59190421958012,1.60633729309232,1.61842091348273,1.63412133548138,1.65161593698367,1.66732573478734,1.68041771158683,1.69139938060268,1.70011723866632,1.70635090663249,1.71062764408474,1.71255464055946,1.71653516541657,1.72112340406062,1.72377075864525,1.72042707597168,1.70346454687056,1.66183587912859,1.59263278353451,1.51766873610314,1.45730411639389,1.41037397479919,1.3710389956777,1.33700990269828,1.30634979646052,1.27934490465616,1.25385392253755,1.22727631695942,1.19829279045834,1.16608985984928,1.13057081652781,1.09191712369739,1.05006900025136,1.00661171982395,0.963189336061732,0.920502441426088,0.878403408852237,0.837377106145016,0.798321458770423,0.76123762827548,0.72626702350576,0.694184941795725,0.665173714018819,0.638874620699938,0.614412282437337,0.591670080989607,0.569772156696277,0.54771809587523,0.522976114171322,0.492043279751285,0.4562226804586,0.417663002874415,0.376917392130928,0.335384686070938,0.296177786120485
0.34556032374245,0.313367205708394,0.283168992192611,0.255100370800014,0.228673305493298,0.202727292393275,0.176183862849105,0.14765194306641,0.117384789427414,0.0871566363961815,0.0579873406229553,0.0318295997705688,0.0120393325096347,-0.00879187048742514,-0.0331754675299747,-0.05603463463235,-0.073187957059143,-0.0838020590992954,-0.0875863801308685,-0.0839432755366041,-0.0718785813708137,-0.050197186908359,-0.0176786669246244,0.0268110439480062,0.0838093512781761,0.153596887545765,0.234656714270706,0.322670137627594,0.4190137594928,0.524210497742399,0.632258069063008,0.739746405745724,0.849524987778212,0.962912538675882,1.07919211663932,1.19711633371655,1.31504567551017,1.43096049000145,1.54334149163178,1.6508940981196,1.7516827722245,1.84444721220771,1.93125246046949,2.01176847354454,2.07477017852568,2.08475936799897,2.04095083720789,1.97916886105535,1.91211277180238,1.84373543093165,1.77536915889705,1.70717587368235,1.63940537838126,1.57233230936912,1.50386645815665,1.43323166741624,1.36029603270546,1.28564350207456,1.21105611474073,1.1388325767582,1.06996913242093,1.00547190874664,0.945552249852471,0.890670340292381,0.839140946473195,0.786887632746039,0.734753020372637,0.685834982612376,0.640077725361999,0.598513838004786,0.557473534134089,0.517423420663043,0.479332674736172,0.443748503735031,0.413930082543592,0.388164909073844,0.368680648161857,0.362060432644905,0.358324960931062,0.354112667320818,0.343946339341596,0.32843954619978,0.310994845681041,0.298350355143167,0.305760057193575,0.353483741426703,0.439177561104895,0.542123489281231,0.647792785308009,0.749119603245616,0.843022231546494,0.927402770377515,1.00071643133759,1.06190595534319,1.11079414133165,1.14819124065493,1.17408140304995,1.1887448128677,1.19301095516497,1.18798511869933,1.1754279338482,1.15795555164725,1.13734257638411,1.11694091281774,1.09925640471426,1.08773596277676,1.08575983585524,1.09307271721782,1.10450688618237,1.12047512192468,1.14587921207195,1.18156903653034,1.22545196444108,1.27718129976895,1.33407978807585,1.39267462617713,1.4506093209787,1.49890870771228,1.53553526346005,1.56638069452617,1.59285454186342,1.61622064011808,1.63900592696608,1.66149950265197,1.68120303830713,1.6952233904545,1.7028388292478,1.70596783395181,1.71991680038552,1.73581371703979,1.74939547004053,1.76092250763743,1.77036833750411,1.77819637719868,1.78423747823409,1.78837357724518,1.7914435178515,1.79759465000672,1.80673161403419,1.81671247588166,1.82471165321101,1.8228241556892,1.78538348087063,1.68618026784553,1.5762054314417,1.5175578506311,1.47145152452766,1.43054449214804,1.39511890513805,1.36330456836127,1.33548835463774,1.31178124242711,1.28752034993365,1.25950722090621,1.22651416400752,1.18879906854512,1.14780782636789,1.10438645753442,1.05936522777363,1.01438773602467,0.970484084044156,0.928103910803732,0.887058464435848,0.848138376010621,0.812328701180655,0.779683001009628,0.750289275707766,0.724304097181565,0.701818207846813,0.68181755053737,0.66316755682707,0.64410827123077,0.622942289058099,0.597685198214002,0.566676608186052,0.530744244535097,0.492296378040464,0.450204059050006,0.402854892750666,0.362643330707794
0.413370098411569,0.386397120996047,0.357980043758324,0.329459746483824,0.301780860087581,0.27497377113769,0.248296091521892,0.219821545908308,0.190009968675317,0.160484076242905,0.132368028793101,0.109290855941661,0.0881621491426084,0.0626142777550317,0.0360488753511833,0.0117367025232283,-0.00764784795841825,-0.0217127737068534,-0.0300991258677031,-0.032155058898088,-0.0264249906494564,-0.011580047775174,0.0141562085865906,0.0535423567403927,0.108890286377492,0.180446137554537,0.266279211119999,0.361372871408988,0.461384116158527,0.568283864720065,0.680725975750216,0.794614931428737,0.907626905795155,1.0228618060288,1.14062455161499,1.25982120336512,1.37899736772178,1.49631120447352,1.60831751033564,1.71024453534827,1.79659992679312,1.86728724845351,1.92612048171806,1.97680738843723,2.01559765234971,2.02548950661212,1.99793537584023,1.94694103664787,1.8857684769242,1.8206518648702,1.75432061205745,1.68799709374942,1.62218887598042,1.55695352620486,1.4898334242651,1.41920526799312,1.34515195732511,1.2692769848158,1.19482485079463,1.12271078286019,1.05446874993973,0.990822443608655,0.933445173473334,0.881732958883975,0.830641786059871,0.778533910381401,0.730173306783253,0.686954185875015,0.650966491874661,0.615894724741797,0.578458922834817,0.54143468715233,0.507142184947231,0.476746401906826,0.455041099337671,0.444394157109174,0.437972993686237,0.435735875103666,0.437791268452323,0.44001202220763,0.437903422243545,0.433112918317275,0.430020512479172,0.435189239023582,0.457404559676355,0.503485038967456,0.572863073918191,0.658458611088561,0.750975338763162,0.843609923095458,0.932112413967152,1.01337018348361,1.08517609725797,1.14614125526073,1.1961755303652,1.23558169751717,1.26411549373981,1.28263624535218,1.29206130735567,1.29329446976588,1.28845024079901,1.2795594468624,1.26958204862781,1.25978699181419,1.25112395360974,1.2456510668393,1.24496795905239,1.2511986739448,1.26442178043085,1.28163453489358,1.30496793555038,1.33668286747792,1.37790379985909,1.42781172527545,1.48375780006053,1.54375403070145,1.60937275345765,1.65582105179987,1.67646956800319,1.69765454539943,1.71564586695447,1.72998895521632,1.74831431875857,1.76894290957411,1.78847743681571,1.80044049136561,1.80271358393486,1.80301534080883,1.80787498009899,1.81619166243164,1.82499064950544,1.833310994522,1.84052019528851,1.84624399082563,1.85065628525996,1.85369766479852,1.85544835288088,1.86083641689607,1.87121353296395,1.88449804558777,1.89975952424261,1.91346423298619,1.89137426945201,1.78286577962089,1.66575271451908,1.58601221644635,1.52957894973927,1.48501280252622,1.44694093604278,1.41335674070012,1.38578763154958,1.36569656366305,1.34630867823144,1.32063703046727,1.28727569933169,1.24755638389366,1.2037405648281,1.15789422166749,1.11079861171171,1.06396745227361,1.0185875264279,0.975382014496704,0.934904705739641,0.89718722138678,0.862876156782055,0.832159864357093,0.805075058600608,0.781793715385926,0.762645625003097,0.74770896835821,0.735371908925411,0.721305813092146,0.698109966000148,0.669435182596703,0.637558151086736,0.601427594359364,0.562168604875193,0.517589673065133,0.459781551316079,0.42675103273981
0.490442787999944,0.463811066755821,0.436633310528048,0.407829931762913,0.378833397493539,0.350164461768438,0.321853149875223,0.293740056653649,0.265122325884969,0.237148258183936,0.212121527075696,0.190990499874025,0.165698200082016,0.137624768735854,0.109670427708494,0.0845100155185803,0.0632882864051323,0.0461148327141326,0.0335137361006991,0.0263053256511514,0.0250548720044855,0.0309599774229887,0.0463524373520033,0.0756593200458344,0.125919816676053,0.199999915940824,0.292129650939622,0.394664325162907,0.501278212370167,0.609116785708864,0.720720768990486,0.836169044307675,0.953751754363873,1.07035193342999,1.18658469547977,1.30402906363348,1.42183371126619,1.53833958606342,1.64999149404242,1.74660747246878,1.81591509075487,1.85592259510294,1.87570165330949,1.88990674577898,1.91710520611591,1.94145734080786,1.91747622369116,1.87414518220601,1.82103796074013,1.76265079255545,1.70159293696338,1.63947152272592,1.57719929476115,1.51521431630284,1.45107540518619,1.38229103184177,1.31008873413572,1.23632272203231,1.1635623285041,1.09371074037858,1.02746627725046,0.967159637126032,0.913004491544829,0.861469048361556,0.810496223116883,0.764625474489524,0.723815152776441,0.690393807814634,0.661622247210386,0.633375422135345,0.602990345720155,0.57068254270316,0.539149556650325,0.511374511853551,0.496663592875471,0.502185767964652,0.513032246076975,0.519456245909339,0.527931059334889,0.537072298042856,0.542234477471975,0.546153851770068,0.553513307931412,0.569381959077002,0.598626173211868,0.644155656312289,0.70630551825433,0.781512398104895,0.864126520185386,0.949097821322311,1.03209625968282,1.10971446812984,1.17937621205655,1.23943896602842,1.2896128122623,1.32941947720922,1.35930458934436,1.38042757498978,1.3931217807804,1.39915702232454,1.40102490518936,1.40082579092002,1.3987848609321,1.39618048789152,1.39433150906742,1.3937213317532,1.39561683343507,1.40151607945983,1.41434195822569,1.43033868074666,1.45132865017802,1.47989695178586,1.51764402556163,1.56312909271247,1.61292328864945,1.66553348739393,1.7211717098365,1.76236368325546,1.78049121445434,1.79726838232838,1.81114335418244,1.82332149998766,1.84038440787202,1.86183642300273,1.88699694329192,1.90110937381478,1.89202610216964,1.88563774502354,1.88367521813107,1.88561639895421,1.88972689998913,1.89464321429348,1.89913787030931,1.90208831776313,1.90340458487721,1.90339666018895,1.90212627738394,1.90282735388946,1.90905932842526,1.9175167782241,1.92560153648352,1.92589109552663,1.89186087265319,1.81257605008286,1.71280498831427,1.6322298810883,1.57807979876967,1.53317014580469,1.49469978301888,1.46090458196851,1.43149121862226,1.42148733463311,1.40752093209659,1.38484028895067,1.3501816764858,1.3062535384183,1.25769213491749,1.20795826649579,1.15837794566314,1.10973017850587,1.06357847950784,1.02056160745817,0.980951322521189,0.944618644998734,0.911727565839959,0.882580893383149,0.857118292892895,0.83548473612331,0.818194048426177,0.806651023816474,0.800072004992033,0.794578333999146,0.7653934805973,0.734143651125553,0.702499398052424,0.667416506181428,0.627635352178415,0.583130047924795,0.5378817687859,0.504240433665885
0.57351440569804,0.545032520734252,0.517254405592338,0.488937032146276,0.459283025769693,0.429141412275837,0.398905782150296,0.369891325061751,0.343182952593138,0.317987737681998,0.296848656019041,0.273837281170859,0.246067959477203,0.216919121104306,0.188156129354056,0.162520583477546,0.140068827160283,0.121014509935055,0.105667612780505,0.0942085634327693,0.0868842318165062,0.0839988633157869,0.0865534473399537,0.0982682923620291,0.135206291645473,0.217219572514922,0.320530067389145,0.429389512557522,0.539672547258769,0.649170031718938,0.757314860847644,0.867398361178272,0.98052487987418,1.0949655322872,1.20906006746415,1.32129808744489,1.43353971636645,1.54664745163069,1.6582376795745,1.76001774722595,1.81218399424788,1.81525672278958,1.78959090006387,1.73306998126645,1.7432302513057,1.79517560437232,1.79523024348456,1.76472418773275,1.72246191627554,1.67348173379745,1.62031239905024,1.5646061797158,1.50742928695195,1.44958235956436,1.38956232301956,1.32423814669667,1.25614832680657,1.18675532695019,1.11754936618537,1.05117942989064,0.98958333810858,0.933074210146071,0.87837017425314,0.826504513561035,0.781536298873784,0.743755420222774,0.714657234694016,0.691946770670706,0.671763757273721,0.651988129999198,0.630483328252494,0.60557075009034,0.579229810566698,0.553328616221939,0.537910308521487,0.569095605946001,0.592861162590571,0.609130851121268,0.622794895503857,0.637351723201908,0.646719487611871,0.655506753651116,0.669063973182794,0.691222211773925,0.724620110263929,0.770890757669546,0.830387800930866,0.900496143081332,0.977510011100656,1.05758438647776,1.13675953407801,1.21167489425412,1.27954981647227,1.33873987788672,1.38802033255487,1.42720674539056,1.45739390653759,1.47888172839368,1.49323633418443,1.50395554823093,1.51196812885962,1.51714132671597,1.52026720309236,1.52228483165159,1.52423509257979,1.52662071752635,1.53001775713494,1.53598619533476,1.54759453807878,1.56276193911317,1.5825581680386,1.60917404697662,1.64224380119938,1.67979305776755,1.71851137178144,1.75651511163684,1.79273430427517,1.82323074462264,1.84540436894939,1.86170042936467,1.87578357053966,1.89069211906304,1.90757486704861,1.92687097166291,1.94637557810933,1.956164718767,1.95232223727546,1.94654474366857,1.94176090855484,1.93845325256627,1.93871369056858,1.94202924605892,1.94446863160196,1.94398613777678,1.94085953915589,1.93603501504889,1.9296223359096,1.92385382303825,1.92144492574041,1.91976487489455,1.91406423512932,1.89708814719744,1.86010593105938,1.80143293991726,1.73101848223491,1.6658609593833,1.6139639271608,1.57156634361705,1.53639053974381,1.5090308922877,1.49079837654138,1.48182937101333,1.47431048354956,1.45390640660393,1.41261124684956,1.35982932611366,1.30462870332439,1.25060443758087,1.19928737415123,1.15053046820944,1.10488825193575,1.06269367965393,1.02414936482237,0.98918948048787,0.957680192593246,0.930022935655019,0.906014704125724,0.885319157939474,0.867867934844533,0.856911384489977,0.849115195095143,0.836993263983907,0.815925147123095,0.789554593296423,0.761308404822159,0.730250232070619,0.695126426737816,0.657841669998692,0.621253075391099,0.588472758111154
0.654847127291671,0.626490641695299,0.598445423813547,0.570151832291885,0.541108015592542,0.51079162755659,0.480028690244039,0.451678214964405,0.425977553360251,0.403918502384796,0.383567084772766,0.358126077110176,0.329828513631968,0.300499599069392,0.271693684326093,0.246034444005409,0.223643105743942,0.204243744687216,0.187775091243359,0.174299344533351,0.163883479906727,0.156667581992788,0.152754923534235,0.152816392090184,0.170626439339993,0.262956304080306,0.367463827824452,0.473604743629851,0.580157515088512,0.685011832613386,0.788281488618772,0.889591536991739,0.991309859217405,1.09586509165183,1.20169161075976,1.30682096748726,1.41007998506421,1.50992250800928,1.60610826178161,1.68850558177423,1.72343066512818,1.72180967247749,1.69602882336471,1.53388789883733,1.49762401519753,1.63986750478438,1.64537573905557,1.62809621262853,1.59782531402293,1.55914729532399,1.5149232524973,1.46665754716686,1.41584081412251,1.36373602341351,1.30917539624781,1.24857668466036,1.18471494917558,1.12067078982777,1.05693625431302,0.995830316442064,0.937591793208575,0.880344368687295,0.827453564488386,0.781445459342046,0.743646034225747,0.715640066062634,0.696265790295488,0.683247387859765,0.675592178056981,0.671027690657561,0.660911449497626,0.641642874440135,0.625203352612826,0.622216426467253,0.638282826912012,0.65522257324287,0.669595027307786,0.690051099923823,0.71377117490349,0.731343583939223,0.738800066530597,0.74876424608489,0.766273584893909,0.793156841585787,0.830338612240496,0.879052097733764,0.938992213493589,1.00798005689628,1.08335225811498,1.16181822424484,1.23980245031687,1.31399815925525,1.38142617358302,1.44004253584798,1.48839528039474,1.52646288832766,1.5547906930794,1.57562517109124,1.59198632561221,1.60510985263175,1.61580195669954,1.62448991287433,1.63132292525984,1.63641772873525,1.63991907890807,1.64247218046891,1.64448053620118,1.64802252901372,1.65602120418317,1.66885767259225,1.68974547652897,1.71845247672738,1.74927459437524,1.77746177631725,1.80402595508195,1.82866804087377,1.85157416248603,1.87354148354054,1.89191716456291,1.9068615076062,1.92116409605011,1.93580595941616,1.95079812482871,1.96608401281142,1.97955127247622,1.98645181818743,1.98725425806612,1.986083521177,1.98304282622327,1.97298484444242,1.96719659457138,1.97477982563655,1.97647412235283,1.97044194024013,1.96163594301136,1.95107715855025,1.93853044162808,1.92568505529313,1.91462480321322,1.90278756475492,1.88730046272007,1.86352296714886,1.82843083898155,1.78249098623816,1.73024794294797,1.67846601723111,1.63277992642211,1.59476658453777,1.56421701346334,1.54209813126718,1.52931462747769,1.52536272827208,1.52938975915405,1.52633985978854,1.45977366944939,1.39567461965943,1.33677999325216,1.28209575604879,1.2315054721077,1.18433189276655,1.14043430118324,1.10002532489411,1.06320418081211,1.03004808973547,1.000273071194,0.973942746615559,0.951518367561466,0.932585335414544,0.916965661199383,0.904824296863775,0.894015534684181,0.88028702244953,0.862052986822651,0.840032898739851,0.816083986301656,0.790238732085512,0.76129946873723,0.730485345354931,0.69939078338558,0.66932979885395
0.732300663222969,0.705626795916606,0.678593886602008,0.650853057539972,0.622172889326949,0.5934125667255,0.565396614229851,0.538697550555965,0.51487987577921,0.495766552329696,0.472964053819482,0.446102696461701,0.417564180685341,0.388344299239736,0.360486857992299,0.335855612915532,0.314347776019193,0.29571536017794,0.279869793231301,0.266957356337805,0.257426344898771,0.252022443402039,0.252548673674738,0.263932895634293,0.29670015514601,0.358123575826258,0.438625707706338,0.527614859980231,0.62017397135205,0.71462818210963,0.80912064142258,0.902031661412589,0.992615636314162,1.08204793460998,1.17158711807642,1.26048361627967,1.34751246803744,1.42942437608732,1.50085117302469,1.55242306661603,1.57552029841336,1.56691677683777,1.52267846056242,1.45398770016326,1.43076692452253,1.46403676164293,1.48415354114254,1.47968979206203,1.45951021416525,1.42926429580238,1.39227732509125,1.35092639864823,1.3067723633944,1.26079669493288,1.21264191446335,1.15782946805642,1.09913002954528,1.03987698262632,0.980440530303501,0.920900043891261,0.86404353684583,0.811671073019605,0.765120474840156,0.726430155006366,0.696562559403757,0.674881959593211,0.660963252992223,0.655224429340599,0.658942344195547,0.672602613370832,0.683833342125916,0.658154288258574,0.646862098784895,0.654073212508117,0.678627811314915,0.694761648751512,0.707100168270405,0.731785581966985,0.766250241244371,0.788439389931215,0.796510146054364,0.811649043193835,0.835368662076848,0.868256330215645,0.910660216721115,0.963705723322485,1.02664309108815,1.09772596754543,1.1748097388032,1.25491521641279,1.3347485935807,1.41071712746617,1.47987001202745,1.53969898648603,1.5880572580917,1.62507391337672,1.65182927345219,1.67010316053725,1.68281379525682,1.69438278173343,1.70696931878509,1.71830372064414,1.72826672265878,1.7362783363774,1.74052139176892,1.74039483631754,1.73721015977882,1.73430571346195,1.73473914995908,1.74165512828775,1.76333028311182,1.7996042268577,1.83197818680128,1.84720710078692,1.86448702589278,1.88165024126625,1.89731245836997,1.91274562712664,1.92589180096868,1.93823579315909,1.95074314765172,1.96286319770119,1.97470729123918,1.98611180689897,1.9960432024442,2.00106265753549,2.0025583941018,2.00329313254358,2.00238719896309,1.99221914802878,1.98615628244312,1.9906783655725,1.98872182984999,1.97707533391216,1.9635764308919,1.94831619454873,1.93040786601333,1.911312015168,1.89330356075716,1.87470744099452,1.85302849810051,1.82687555635507,1.79444979920854,1.75611977121065,1.71421428400943,1.6723136007446,1.63349663145167,1.60002293142388,1.5731940431977,1.55297492568562,1.53942939107979,1.530618840106,1.52218268363665,1.50108018026103,1.45638568124754,1.4025755954825,1.34920494597097,1.29915433659048,1.25255136395966,1.20916603870389,1.16861982180943,1.13121584995928,1.0970624026604,1.06626693755894,1.03882222047974,1.01441675911243,0.993370557937994,0.975929410580488,0.961696337421258,0.94980654482801,0.937661256632965,0.923491238748741,0.906887481423384,0.888215187710841,0.86827614483837,0.847253066505397,0.823994797418707,0.798482762068007,0.772204138978,0.745565994571787
0.805338735741419,0.781238804225454,0.756291466389307,0.730737531523842,0.704276286583146,0.677564983704984,0.652224091832667,0.628682258644774,0.609030259960552,0.589967750358041,0.566123556309754,0.539513622723751,0.511761154495944,0.483436597558511,0.456853047438184,0.433209007146104,0.412571007274584,0.394975528489733,0.380313634572999,0.368875849742059,0.361359981535473,0.359117218157258,0.364079780939736,0.379544060085502,0.409469476048132,0.45576317566635,0.515935856385075,0.585480520553121,0.661056170319759,0.740180613140393,0.821078234963571,0.90223687607322,0.981047259591689,1.05606522156853,1.12767737991233,1.19715644569322,1.26330438266634,1.32369557500787,1.37372464965232,1.40871017972557,1.42461348993146,1.41937906370751,1.39614183026533,1.36692463124318,1.34915436619309,1.34607775651531,1.34514033749063,1.33671096677233,1.31891733285719,1.29304720832024,1.26095008786276,1.22431529628579,1.18476700366067,1.143957577265,1.1010774678326,1.05141268008658,0.996317768287906,0.939962570822307,0.883890972600927,0.828930549743815,0.77699092753537,0.730842311195232,0.692520384560449,0.660609704891541,0.635216873167372,0.61652044418309,0.604962749375971,0.601682454887328,0.606238047762875,0.61584589393267,0.62199979234681,0.620384334990512,0.621041255681439,0.629761868170638,0.646436665618927,0.666780334755525,0.689629083432964,0.718676544909855,0.752040264346108,0.782221359633518,0.80753944169564,0.836232092450033,0.870323595400399,0.911526609972878,0.961086384145436,1.02006760466284,1.08793016516196,1.16349366385283,1.24491941891912,1.32944580296799,1.41389619426952,1.49508186899393,1.57040025164503,1.63648319294118,1.68867549881165,1.7234960340888,1.74330801712782,1.75356555743237,1.75682041193825,1.75734054070768,1.78001864684775,1.78953423092358,1.80410487151376,1.81809045446502,1.8228351802708,1.81856020996438,1.80506411645384,1.79340260345837,1.78194887213863,1.77534532319995,1.79468030887497,1.82881203071927,1.85841111506678,1.87803732566178,1.89411484041018,1.90885188141167,1.92155229820301,1.93346233382529,1.94460049011552,1.95574187118366,1.96602442288402,1.97505085467304,1.98300907616301,1.99006891094177,1.99552233358936,1.99860818543107,1.99936223299354,1.99814734360319,1.99463018430951,1.98900656540351,1.98372073007219,1.97910909089523,1.97225708793672,1.96143093109456,1.94668962430785,1.92860441299829,1.90683097615969,1.88342120549124,1.86063785830196,1.83794136835171,1.81315336504893,1.78568442612475,1.75549778121672,1.72220029944576,1.6870019187496,1.65211148438246,1.61913310548014,1.58920073043409,1.56382215866283,1.5429536020444,1.52535848688244,1.50849248963936,1.48802347587476,1.4603384722833,1.42902003096346,1.38977102275418,1.34701903035355,1.30409022928034,1.26288858572939,1.22460877951005,1.18885782725055,1.15560439736175,1.12504370069761,1.09735303737878,1.0726595587881,1.05083269526401,1.0317030908791,1.01566843290313,1.00264579978544,0.991239449179864,0.979538416989167,0.965571401338104,0.949762652067777,0.933469400655916,0.917154539197639,0.900623171463824,0.882627208482087,0.862042867784921,0.840145455890277,0.817094940539107
0.874900793584348,0.854374150957677,0.832907419973616,0.810352756070421,0.786742837413818,0.763167856073805,0.740654163450481,0.720806752147554,0.704276642664786,0.684649927098321,0.662621537446527,0.638291581667224,0.612459513799437,0.585697121077266,0.560526786919187,0.537752458260883,0.517548909250487,0.500186685404292,0.485932429790815,0.47494765801882,0.467909701228088,0.466027263108033,0.470977679030042,0.484646165441913,0.508474312178739,0.543076128901553,0.587906369679085,0.640757954460253,0.699350381355729,0.761679920963964,0.825849358851003,0.890314086233487,0.953596094861459,1.01471181072558,1.07312178181957,1.12689316255305,1.17488643649081,1.21603113022298,1.2483510490172,1.27026696105359,1.27997974795031,1.2772524372999,1.2648873615142,1.24873688506866,1.23417787488764,1.22251679370111,1.21090993904982,1.19605080641402,1.17602225889923,1.15046332707175,1.11991296906092,1.08558970675687,1.04914002441735,1.01178294604085,0.972833067056483,0.927512453508931,0.877047270029496,0.825401186770424,0.774854317182492,0.726283578384313,0.681470330563513,0.641872393551013,0.607600678048454,0.57927036883363,0.55672885937766,0.539813240576703,0.529471374148102,0.525726507765162,0.527712897042184,0.533492385355576,0.540650806323259,0.548405400952861,0.558097539588429,0.571490687533716,0.589611944687911,0.613408075312667,0.642279416754062,0.675700399386238,0.713168216308362,0.752155802424753,0.788631612060745,0.8280059833162,0.872380651368218,0.92231025947823,0.979642524839346,1.04519895464712,1.11897548141839,1.20048912459221,1.28838597688065,1.38048981767814,1.47334818900773,1.56338648602037,1.64795394318165,1.72388000718971,1.78313786814799,1.80715215514478,1.81127321916478,1.81322783088712,1.81303778011963,1.80475251866068,1.81389143604001,1.8259770659822,1.84038146290399,1.87374642485115,1.87184465115415,1.85672058447124,1.84200264684024,1.82813321699599,1.81287953153335,1.8018382064352,1.81320671502714,1.83774035466489,1.86200821572815,1.88202643822904,1.89848414028253,1.91238676058412,1.92320574542347,1.9328189333671,1.94276404252812,1.95251356652673,1.96135139926246,1.96911275232508,1.97559737082774,1.98051834095332,1.98352038368374,1.98431722263829,1.98311535028783,1.98015449272568,1.97548089239149,1.96932389531235,1.96209466164208,1.9538045216253,1.94345434996251,1.93045275521705,1.91445800342488,1.89440340078373,1.86990459348038,1.84379366176256,1.81842502580773,1.79328806449915,1.76728308122333,1.73989569093306,1.71115811178463,1.68156103710288,1.65125812189941,1.62141794813017,1.59254165757067,1.56532756571269,1.54032256534866,1.51820778701501,1.49824212668189,1.4785717411058,1.45671602805976,1.43169597409928,1.40343898383802,1.37165151409012,1.33730889282294,1.30201579752012,1.26718913696134,1.2338792703788,1.2025724664682,1.1734871456875,1.14698977465105,1.12303968195688,1.1015791998513,1.0827015519333,1.06614589805317,1.05196678861542,1.04023056870246,1.02897674192768,1.01714445381174,1.0038467618747,0.989352338460593,0.974743547548373,0.96137290073969,0.949457878754183,0.936903966384727,0.921562469737959,0.903981853654911,0.884844178800499
0.943839557783667,0.927101106729086,0.909079730653217,0.889771300616655,0.869792007541825,0.850148977063332,0.831598401163997,0.816551586792986,0.800510788715853,0.780945562460598,0.759925946829566,0.737893104133019,0.71415989544463,0.689323819152468,0.665662130574123,0.643505801210069,0.623109299806762,0.604855100131997,0.589238836389814,0.576911261338691,0.568642825348382,0.565156743812069,0.567423815706109,0.576412709327869,0.592941403126474,0.617235336471972,0.648958148665942,0.686880884744475,0.729301145022356,0.774923744782703,0.822435814528084,0.870509988156634,0.917604858526085,0.962849202196274,1.00620920501331,1.04642948899369,1.08208621715336,1.11120213803476,1.1324398332553,1.14523167172448,1.14914082598442,1.1449844087547,1.13465752370688,1.12098490143131,1.1059345334293,1.0901767095958,1.07295019841307,1.05331156300894,1.03042977082138,1.00383871123102,0.973844357645599,0.94123623252763,0.906713380709569,0.87122024634451,0.834437386186002,0.793378718860719,0.748740985737406,0.702877084740456,0.65882922973493,0.616880362912858,0.577583526193254,0.541246510419702,0.509694902687335,0.483206692117321,0.461816231736523,0.446455883228431,0.437235652091175,0.433616154003577,0.434917496272889,0.440370368824962,0.44915063907276,0.460642608175117,0.47490596832811,0.492715999547312,0.514642386046545,0.54184745633053,0.575377387783786,0.614150817497762,0.656904332290844,0.703810474514381,0.750361676982269,0.797266598850461,0.849634313412775,0.907099923090097,0.971196841385918,1.04252191149386,1.12144132640029,1.20811335850586,1.30199122663105,1.40192580197386,1.50386034771531,1.59773671350562,1.6836384788593,1.75446262859047,1.80868852757029,1.82312495260816,1.82045422033973,1.81813194650781,1.81644362160215,1.81451871796985,1.81636596233495,1.82077996513865,1.82857186956971,1.84793025320892,1.85726916087151,1.85439334962016,1.84780431060497,1.83927891820987,1.82964858969258,1.82403596485442,1.82729749906846,1.83901773505619,1.85468765215401,1.87019011894762,1.88417507675854,1.89560230317431,1.90417390940338,1.9123495486648,1.92073954942019,1.92868216956698,1.93596026360313,1.94236399012576,1.94767746447078,1.9516720337565,1.9541205507402,1.95482960201109,1.95366372287722,1.95054005650731,1.94540534069259,1.93823346513566,1.92917756580472,1.91808009040449,1.9048137662594,1.88894469553439,1.87024186628748,1.84811281257404,1.82167102962258,1.79426156287319,1.767752129926,1.74205515535904,1.7159608126798,1.68941635999525,1.66239553623737,1.63537829959213,1.60873864723718,1.58238228828582,1.55642615828874,1.53143544837722,1.50789567850702,1.4859552947871,1.46577309895526,1.44620475624301,1.42562748834208,1.403126123287,1.37864246225082,1.35215971069647,1.32412328402758,1.29535082145962,1.26671602413668,1.23899960533618,1.21278343238818,1.18816789661621,1.16544333112408,1.14478255000417,1.12633630350482,1.11022283741478,1.09640192658736,1.08452831697368,1.0738033908918,1.06317690056476,1.05213705432202,1.04031818211314,1.02776819561631,1.01478400682083,1.00369034653164,0.996366974404878,0.988423932186249,0.978377539462585,0.965925066382984,0.951668258950033
1.01206357378543,0.999618295448105,0.985682789291637,0.970347637068199,0.954561756497812,0.938892418581686,0.924947038305593,0.912420216626189,0.896083641867515,0.877434161776871,0.857200020938033,0.836098916231597,0.81323974771215,0.788780891814928,0.765008865300765,0.742390814893971,0.721183233568066,0.701730751619407,0.684468769515975,0.669925658961174,0.658725713493216,0.651638641798933,0.649374599217296,0.652411115821943,0.66107552948142,0.675415943230314,0.695201596663056,0.719820580146556,0.748020618756618,0.778756615012236,0.810983872484887,0.843620760050964,0.875550564346823,0.906219804729547,0.934997910576332,0.961061410769196,0.983286768964338,1.00086170812947,1.01369554956786,1.02045516389787,1.02073034690652,1.01491711416401,1.00437936165198,0.990250082546084,0.973532426807928,0.954689919567638,0.93348862061947,0.909772488474798,0.883311154586279,0.854394955227346,0.823563742260664,0.791175499634218,0.758064817312829,0.724950559817558,0.691833989770213,0.656501329523582,0.617975433351946,0.577141875982175,0.536564614125998,0.498326192567302,0.462593066460522,0.429280612770695,0.399582333334144,0.374245790605128,0.354227192403281,0.339924559595423,0.331310564085924,0.32825194258187,0.330380137815522,0.337147506415507,0.347790156043181,0.361743923615852,0.379250919499052,0.400669383361627,0.426667277622167,0.458033016242879,0.495246771321626,0.538692717119217,0.586675210371909,0.639054176594673,0.693465972697957,0.747478718261083,0.804646870423253,0.867500661978985,0.936047640183598,1.01059218681224,1.09141460651856,1.17867538087962,1.27218006185915,1.37095759760875,1.47200813320738,1.55745602114183,1.62624401824086,1.68303624385202,1.7231494858974,1.7476682893897,1.76039509506284,1.76724413272,1.7718087910874,1.77598062043131,1.78114437665104,1.78811320487831,1.79743413039144,1.80828051492192,1.81736163315279,1.82297709348203,1.82549429131549,1.82415750631935,1.81969125136324,1.8162701419229,1.81661463083883,1.82189722988679,1.83106187875244,1.84185343931332,1.8518473178364,1.86011716509008,1.86611705754739,1.87244414316157,1.87893466673924,1.88519360440965,1.8909905109078,1.89611104608405,1.90035383138315,1.90353109814469,1.90547476163898,1.90604485899537,1.90513237791629,1.90264681375011,1.89847710536315,1.89240695124512,1.88397359069127,1.87240693351947,1.857125441103,1.83833171832768,1.81633850381637,1.7915015791872,1.76411363442724,1.73673746234112,1.71034543462233,1.68511480566589,1.6599955746932,1.63478834087431,1.60964684298589,1.58467715933622,1.56043672625011,1.53702754397575,1.51411589915035,1.49193627582385,1.47062215362328,1.45017822675684,1.4307451585471,1.41236990429035,1.39390159153035,1.37436784120295,1.35364788235271,1.33182170243202,1.30905034322287,1.285832698139,1.26272876094661,1.24028902214549,1.21900802229968,1.19912936219313,1.18071694757397,1.16399128241507,1.14906456040813,1.1360668355836,1.12507596690472,1.11564741224134,1.10627350024654,1.09706506159172,1.08795797669268,1.07870681640154,1.06945455826241,1.0607078951108,1.05327797899643,1.0474656755092,1.04222339032462,1.03596947315391,1.02754384912316,1.01765744903593
1.07798443348075,1.06915007221176,1.0588328613526,1.04763431362405,1.0362718939362,1.02522265021174,1.01586298989975,1.0037511707972,0.987894885377095,0.969728658199109,0.949805417498827,0.928635105448512,0.906070499562567,0.881727908652381,0.857485647648938,0.833834811180135,0.811087640556018,0.7896026852321,0.769811965880953,0.75220106880121,0.737294661597549,0.725636288614768,0.717713268079951,0.713902589371264,0.71438251649881,0.719123072464702,0.727884131737359,0.740331199183477,0.755554881577379,0.772643003246489,0.790778165195902,0.809146006937969,0.827502700039491,0.8448635300756,0.860488728050457,0.873935064335697,0.884406029351808,0.89184357933992,0.8957162382343,0.894963786789793,0.889432538732664,0.879770478440857,0.866626658557935,0.85045150970744,0.831689130219916,0.810457082918564,0.786654091295547,0.760477435456971,0.732444271288687,0.70288204265192,0.672060632204479,0.640570317532159,0.608792062812858,0.577792571498793,0.547520741436678,0.516016810725302,0.482008972911191,0.445853360100149,0.408736345333329,0.373014161718053,0.339225621761925,0.307794838367845,0.278963539800472,0.254902659581988,0.236216825357377,0.222972030882111,0.215154905436856,0.212688149190355,0.215433404495825,0.223099749213177,0.235077451406958,0.251302884000419,0.271661470519351,0.296396447636428,0.326258867982018,0.361615721873111,0.402790936523556,0.450102056690915,0.501982890072851,0.55832976019669,0.61814763714716,0.677810370723541,0.737795566515864,0.803001668232428,0.872981597451852,0.947375068091305,1.02621419202191,1.10909891195289,1.19491514538692,1.28131442591104,1.3646990994936,1.44050858445495,1.50581234708038,1.55973559075741,1.60240901512853,1.63472072416714,1.65838380023235,1.67596027360616,1.68978978050902,1.70163318227471,1.7127504808957,1.72401916618788,1.7357306115183,1.74748570975118,1.75869044616037,1.76888021085493,1.77643708379308,1.78168747699039,1.78440370599613,1.77925061154566,1.77832656846699,1.78105544440452,1.78645661648425,1.79337423207626,1.80023142885168,1.80552611359556,1.80899810416182,1.81306901492115,1.81793967347776,1.82275071052278,1.82724767942274,1.83122175760065,1.83448769757785,1.83688368311422,1.83827357181292,1.83854987772719,1.83763486216875,1.8354763129247,1.83203237757722,1.82722759735415,1.82078348906988,1.8112446484881,1.7946171152107,1.77292612631537,1.74895297336596,1.72297083072512,1.69593290247907,1.67056354023951,1.64619540854453,1.62264945578134,1.59932912701342,1.57594934158776,1.55290103478147,1.53054732667941,1.50904792545075,1.48846097409438,1.46861314968926,1.4492300760673,1.43041588224925,1.41221856187099,1.39463884072108,1.37796208570223,1.36190333310296,1.34543589449763,1.32842729879975,1.31086712775867,1.29277831606842,1.2744741694301,1.25634018813378,1.23877087553823,1.22214262083619,1.20681192115848,1.19271878754621,1.18002804965218,1.16886740533552,1.15934750744565,1.15157195546919,1.14459380261864,1.13753164870128,1.13055590014245,1.12397583861081,1.11776205000907,1.11191100132797,1.10667905972115,1.10231657767832,1.09895033294062,1.0961006853721,1.09291074840533,1.08799771209912,1.08173225547728
1.13788830241089,1.13247426134964,1.12559311868194,1.11811847347918,1.1104194628491,1.10383762344304,1.09664369151647,1.08499766151868,1.07046753434367,1.05331524125648,1.03419468808032,1.01327271693787,0.990711586092422,0.966532641678796,0.941879029901323,0.917136466297502,0.89266702062354,0.868807109347659,0.845946242556765,0.824527703821962,0.805021168161507,0.787882914194938,0.773511589167979,0.762206651947203,0.754107136204696,0.749200556470667,0.747343640768329,0.748302133181938,0.751508220407397,0.756101228496464,0.761424730845573,0.767284426476509,0.773409084870995,0.778795378617664,0.782718370565051,0.784944464526177,0.785256768252903,0.783721258521011,0.779193057579715,0.771197035004828,0.759864319379602,0.745718776920243,0.728886733599212,0.709584638527942,0.68804812437233,0.664300729944855,0.638281769609744,0.610578545114193,0.581462562579509,0.55123084552805,0.520361097826128,0.489128477320708,0.458474635804771,0.429200007840288,0.400849433729331,0.371693980500889,0.34139227407059,0.309394752243098,0.276188154339545,0.242247849734916,0.209814760173849,0.179326780791905,0.151813353350655,0.128473743931709,0.110359111698807,0.0976797405017865,0.0904024353548418,0.0884931752132165,0.0918521404044601,0.0999081864862993,0.112563976746923,0.129863199155424,0.15193213787821,0.179334860813951,0.212349208130299,0.25098392692995,0.295387251788694,0.345967511526316,0.401182775436066,0.459969488349785,0.522592888920303,0.586251969485006,0.64907688305743,0.713714312783664,0.782750149635709,0.854835211003136,0.929651250690317,1.00634406233402,1.08356916095913,1.15961047542703,1.23286243638044,1.3011789955804,1.36256249657438,1.41607566838107,1.46175029633936,1.49997149061494,1.53151480386356,1.557674037408,1.57981651413025,1.59918158988185,1.61672817697184,1.63310121819432,1.64864882612555,1.66349931038599,1.67758882908184,1.68930195492291,1.69787196822098,1.70308483162888,1.70600895092972,1.70793749865639,1.71060681968542,1.7141212216657,1.71836904139085,1.72323263589855,1.72764693122283,1.73057702934085,1.73230420801024,1.7347410436539,1.73819233900027,1.74191092001516,1.74537020792231,1.74837680538293,1.75076040725232,1.7523728380628,1.75308788913191,1.75280104858894,1.75142780433044,1.74889847422022,1.74518033499798,1.74025963175556,1.73387170848816,1.72448210730128,1.70795962963911,1.68628302950693,1.6624942025806,1.63724219204452,1.61279292208712,1.59033099565027,1.56952390991554,1.54948143105205,1.52961521313777,1.51007470951641,1.4907515201674,1.47197659954716,1.45390572808216,1.43631230882456,1.41947031522259,1.40325448375209,1.3874153556662,1.37203594845844,1.3571821004111,1.3429154264696,1.32950208123978,1.31620504518266,1.30268510979622,1.28909636443857,1.27532485596736,1.26149466918277,1.24789008105582,1.23480552251208,1.22253050809648,1.21142119108128,1.20149689408679,1.19273946292066,1.18532428352868,1.17933221629275,1.17454858329144,1.1699597021255,1.16549521841584,1.16104665306085,1.156982082758,1.15350669390777,1.1505638400946,1.14818751278025,1.14651946798798,1.1456465581875,1.14526370382263,1.14478614970891,1.14292648805314,1.13991936590374
1.185364066529,1.18310933978366,1.17991414801072,1.17648093848845,1.17343915802868,1.17133767142275,1.16576851832483,1.15634408919433,1.14391606595651,1.12846254004255,1.1104308062691,1.08989364725917,1.06712599761559,1.04270492441215,1.01742414212586,0.991375117819947,0.964786997729598,0.937988014915762,0.91133548168691,0.885283835195994,0.86033533261569,0.836974626030123,0.815612063309563,0.796546034735234,0.779927759816869,0.765756512220572,0.753930957160938,0.744256384648664,0.73640554938792,0.729639881535664,0.723653364055457,0.718519070976606,0.713700105619917,0.708398135392152,0.701980258038729,0.694384202595711,0.685941317632533,0.676119229467722,0.663946772037182,0.649237389408175,0.632428628836245,0.613593302552739,0.592742699519235,0.569946019751625,0.545309649786271,0.518925461787946,0.491010081926992,0.461743221122066,0.431463219601055,0.400540853985268,0.369212679617536,0.33835874273119,0.308582920463217,0.280158886849817,0.252882870574281,0.22515532281484,0.197304138519533,0.168538861074512,0.138329291502135,0.107160795353175,0.0756940764922491,0.0464646652916646,0.0203088157995604,-0.0024268264064246,-0.0204232036911203,-0.0331824105626369,-0.0405701560136422,-0.0425469246152618,-0.0394777001484957,-0.0315050407142852,-0.0186033313606636,-0.00070353498327138,0.0225751708445925,0.0514743904224208,0.0860835851200264,0.126511970186235,0.172806442517805,0.225123242520191,0.282417724763029,0.343191302790582,0.407124275834676,0.472968938218142,0.538153140508673,0.602725058098111,0.669770717602468,0.738864626201206,0.809362888698217,0.880428260776095,0.950957362453913,1.01999919726547,1.08685700260651,1.15013732511472,1.20860524409934,1.26179523693262,1.30949215475952,1.35173704997721,1.388796868999,1.42133150288325,1.45009798671933,1.47584276790422,1.49920718721572,1.52061317804613,1.54039535713229,1.55868359129765,1.5742708283313,1.5866271386332,1.59557908609006,1.60203517261508,1.60725407465911,1.61225230850945,1.61758617789459,1.62297980848877,1.62717959195364,1.63065569870928,1.63337059278048,1.63539411912015,1.63632435726341,1.6379304110491,1.64034304369057,1.6432879149602,1.64603062301042,1.64829326381773,1.64992154430857,1.65077399706361,1.65073461872812,1.64975206746763,1.64771600672284,1.6444880318283,1.63987120396208,1.63355794731317,1.62501704374497,1.61358662809553,1.59862826280067,1.58029241129394,1.55925658347951,1.53673002959541,1.51551137289972,1.49640228097643,1.47921244493656,1.46363876849561,1.44828828975492,1.43303953037906,1.41817098842245,1.40352990999378,1.38941960606264,1.37573120034003,1.36248931117546,1.34987153912582,1.33773070877276,1.32587440243305,1.31441051875765,1.30344739848666,1.29306753327015,1.28314411441306,1.27317060680522,1.2632535775865,1.25344388896018,1.24377631091599,1.23435704329584,1.22541078024298,1.21716884453547,1.20993013457586,1.20389429892052,1.19885454746113,1.1949692679347,1.19233001765373,1.19007964208962,1.18789628156117,1.18589441851382,1.18402928946372,1.18235941372743,1.18124656276294,1.18076346591269,1.18080114027729,1.18139833756827,1.18261568097867,1.18422415866053,1.18578712847439,1.18638428140108,1.1859663271115
1.21756110103221,1.21863910812141,1.21937096877172,1.2204175958483,1.22288533031912,1.22420340130523,1.22173815872222,1.2161174481591,1.20685348996943,1.19373604961357,1.17673170540075,1.15619749478612,1.13288718399322,1.1076191185025,1.08161999935632,1.05430028209947,1.02549357769093,0.995285084551885,0.96408024615735,0.932508331190623,0.90129868124839,0.871109639072056,0.842442293892267,0.815623100879105,0.790812108993757,0.768005038441308,0.747108912868894,0.727943009300665,0.710287287255055,0.693648137366071,0.678110576571061,0.663370267184073,0.648989720171371,0.634339248317692,0.618900932816248,0.603029168721041,0.586858610538711,0.569483967640394,0.550393676974682,0.529792951580011,0.507760666131071,0.484227226943644,0.459195125538025,0.432667585470879,0.404917901795549,0.3761447157455,0.346175264426304,0.315322543261349,0.283828905959553,0.251925934081556,0.220440842474346,0.189783742471613,0.160173597891271,0.131842873579742,0.104930862201183,0.0780861214416641,0.0511568977733071,0.0240744611074689,-0.00397348607795536,-0.0327676331110183,-0.0613041516671427,-0.0889452053134911,-0.114334551285379,-0.136472860373088,-0.154618280361988,-0.167735109041972,-0.175656324178485,-0.178597599453717,-0.176503250844237,-0.169259108564639,-0.156771845235211,-0.138790561773894,-0.115023410197481,-0.0854779998088671,-0.0501206974192118,-0.00893695845067762,0.0379723415553149,0.0904381382212415,0.147772475394392,0.208930116662087,0.273002557444651,0.339678309176704,0.406990773759204,0.473024713657986,0.538249355246302,0.605116999216317,0.672328974988455,0.739193980254995,0.804989465680647,0.869530994959986,0.932213833935795,0.99208616619105,1.04864488574094,1.10150379969755,1.15041867762153,1.19528134213721,1.23609466183746,1.2731680143117,1.30690029516558,1.33764671698959,1.36575374458367,1.3915764176735,1.4150742281109,1.43529623121023,1.45206003938052,1.46519127216174,1.47543912659358,1.48364111177277,1.49075302165874,1.49737596849476,1.50373781367917,1.50964689396923,1.51408465311337,1.51708105971556,1.51932623052851,1.52100528480917,1.52195734781717,1.52343947377569,1.52541885366022,1.52775544368098,1.53015575563818,1.53205785330022,1.53331643980656,1.53380712437661,1.53340562025144,1.53197928541029,1.52937190083351,1.52544128858521,1.52009824502129,1.51308580269689,1.50405128472397,1.49268667684893,1.47882568087494,1.46256917001424,1.44417329291934,1.42573272149565,1.40853354565628,1.39300721766554,1.37941750464142,1.36744430175396,1.35636340619234,1.34551568783673,1.33476983947069,1.32440600461431,1.3141435321732,1.30421119022336,1.29469277921669,1.28559680177541,1.2770549252041,1.26898088081093,1.26121688431203,1.25388205613516,1.24709484067097,1.24066249704647,1.23434616577749,1.22812001942496,1.22206886159337,1.21620041353031,1.21068599880578,1.20563149211734,1.20115757175176,1.19751654555624,1.19500051530658,1.1933645769155,1.19268325541965,1.19273632759804,1.19274269866986,1.19275994878812,1.19290750830661,1.19328432719237,1.19381071890019,1.1947096149189,1.1962265881855,1.19833920329619,1.20096729703382,1.2041569309553,1.20773281187475,1.21135887994771,1.21443412830942,1.21669660335389
1.23185619920428,1.23620315371218,1.24069875632014,1.24636865544137,1.25320008836468,1.25778043128388,1.26011539260367,1.26003579374546,1.25627672242408,1.24651989059299,1.22886784533201,1.20614969041184,1.18124440333054,1.15526322175542,1.12925088198497,1.10206675305458,1.07200260963915,1.03816121780661,1.00120529370257,0.962793158314015,0.924414924095036,0.887033170290749,0.851179169993276,0.817107445287387,0.784897139554781,0.754487061402883,0.72574012988174,0.698467783223715,0.672480665945173,0.647840176687562,0.624257681702702,0.601402569109676,0.578930691472084,0.556341665675366,0.533444074239421,0.510587138900939,0.487575359142202,0.463578542513684,0.438554907780773,0.4126787007104,0.385812595621616,0.357854217780208,0.328794125348205,0.298943236336066,0.268367843496407,0.237130519752369,0.205232141413731,0.172736705907775,0.13991346720662,0.10747304593198,0.0756543822553489,0.0446280683208483,0.0145831656757477,-0.0141925794950351,-0.0413831449111958,-0.0680679987782257,-0.0951176544860713,-0.12229612225969,-0.149111929560454,-0.175647320284847,-0.201739109127134,-0.226942089591822,-0.250765503364473,-0.272593314745804,-0.291098665281406,-0.305059717982574,-0.314263359874995,-0.318549945352124,-0.317721059228444,-0.311610473882145,-0.299998996834638,-0.28248763706282,-0.259002363029252,-0.229540408532616,-0.19414324960024,-0.152893874863813,-0.106113468910962,-0.0542910484066821,0.00198079818058454,0.0622237156247146,0.125319562506631,0.190757748122802,0.258377042449638,0.325570984149711,0.390794571300712,0.456082053137771,0.521581585763536,0.586192654741001,0.649617016230518,0.711796552378339,0.772140371581566,0.830160094245439,0.885598613230938,0.938220871011778,0.987860018003477,1.03438571354831,1.07768330213002,1.11782303079048,1.15493127070529,1.18920819157693,1.22079729972301,1.24901919404502,1.27364536830277,1.29466291604495,1.31200273714509,1.32629881466312,1.33816769441428,1.34773205227415,1.35611752539015,1.36375419033234,1.37081145299339,1.37703025523022,1.38182433588889,1.38502233198871,1.38754419613569,1.38921311544015,1.39085449283321,1.39291138230459,1.39518590729752,1.39758980817878,1.40002301430483,1.4020539956362,1.40331439014896,1.40371157356267,1.40320360742001,1.40168598404161,1.3990388993387,1.39514165002316,1.38987323084235,1.38305993088904,1.37453845720141,1.36416472281288,1.35183588441138,1.33755647152205,1.32260044369578,1.30822097695751,1.29492405485855,1.28298952712338,1.2726224417835,1.26362378715466,1.25572301784782,1.24868350575344,1.24206516165016,1.23555202790765,1.22926092219647,1.22297497207493,1.21699846383081,1.21143685156085,1.2062870513632,1.20165349067089,1.19750300148357,1.19371374367779,1.19039909318551,1.18747895525128,1.1845956151831,1.18179768048571,1.17918523629605,1.17674337964156,1.17459985656339,1.17290486639041,1.17180553475535,1.17143958634453,1.1720652670119,1.1735180802997,1.17569792326653,1.17793258755612,1.18007440456768,1.18218643192781,1.18437271541653,1.1867446505197,1.18935899763038,1.19217189040571,1.19546719393077,1.19937776004168,1.20384492996008,1.20882919147083,1.21418138745511,1.21966846633553,1.22491718454381,1.2296308143237
1.2250886240808,1.23187651363556,1.2393510691259,1.24855124505456,1.25722576044576,1.26422835627809,1.2700091512187,1.27376737552853,1.27443677062544,1.26804482411664,1.24698059815777,1.22176169746186,1.19627957352258,1.17135327284415,1.14790814384616,1.12589498007023,1.100768341064,1.06136351500554,1.01437055620975,0.96749407875705,0.9221726073857,0.878703589667684,0.837138085539756,0.797434326057737,0.759497514861461,0.723187528267602,0.688314254614366,0.654681237039531,0.622404023339499,0.591483710051081,0.561468735682641,0.532085602204702,0.503062886809541,0.474093973813207,0.44529674834035,0.416651443162029,0.387774796757451,0.358283719050971,0.328354498266487,0.297871325529382,0.266708164088972,0.234960504933438,0.202704280288505,0.169911608378756,0.13673894924884,0.103318258556493,0.0695125776160297,0.035576639301448,0.00197649435678635,-0.031163158877276,-0.0637190607318871,-0.0955379297170901,-0.126374983582547,-0.155984482588403,-0.184260966857361,-0.211741308374498,-0.239506664678111,-0.267105445463945,-0.293928467929475,-0.319620673511539,-0.344246271062836,-0.367956054113172,-0.390256686106572,-0.410690942929627,-0.428854434280356,-0.444312167377136,-0.455425049330896,-0.461571850536698,-0.46247687472289,-0.45786336701581,-0.447272675091039,-0.430540429971892,-0.407629714493261,-0.37858335159146,-0.343519959742597,-0.302633227116029,-0.256388271940678,-0.205475793094448,-0.150437120468681,-0.0915222018426451,-0.0296827204869236,0.0341522103886954,0.0999977380358928,0.167161517751863,0.232759828731426,0.296500181612863,0.360294030221068,0.423305312908693,0.485263564293471,0.546022231659391,0.605118656768963,0.662362169213981,0.717485443945181,0.770239918023605,0.82045754692554,0.867998560261622,0.912708998891894,0.954594040469521,0.993612448894369,1.02919371242222,1.06122070396367,1.08967604218777,1.11453610820147,1.13585096827542,1.15435644924953,1.17026676657142,1.18368499762898,1.19481528385242,1.20470416778335,1.21357600488741,1.22149114871355,1.22833962268993,1.23363036604143,1.23783150433593,1.24108732328733,1.24338367672864,1.24601280306451,1.24905358983658,1.25204321947637,1.25493580908284,1.25767409633407,1.26017901054426,1.26204390344485,1.26307959492022,1.26321089527554,1.26235578205438,1.26037596609642,1.2571536654872,1.25259374962911,1.24660664219287,1.23911242200514,1.23001177401956,1.21926894489261,1.20785266455174,1.19674995380229,1.18619352334259,1.17657188765254,1.16807122581101,1.16080170678008,1.15445677692986,1.14905259687244,1.14469595446233,1.14127388042176,1.13847367697439,1.1357052955248,1.13311173295329,1.13054322184628,1.1282625007238,1.12640296956054,1.12495786865014,1.12401756534377,1.12356147364986,1.12352449390245,1.12385918313011,1.12425524138116,1.12466594495649,1.1251528062753,1.12578221459012,1.12664529218238,1.12786725167974,1.12957353995556,1.13197507850081,1.13530451859456,1.13944461321577,1.14383594445328,1.14798756302716,1.15200162394016,1.1559675885057,1.15994531294738,1.16403485795585,1.1683352571605,1.172851629177,1.1776242152465,1.18290701061443,1.18876321306815,1.19511263541018,1.20176106478844,1.20856881941572,1.21531231993404,1.22178173519415
1.19400553336352,1.20167065106737,1.2105213529571,1.21982840236298,1.22784059783803,1.23506173305608,1.24135616624426,1.24555463186167,1.24251626667715,1.227569365253,1.20759353078395,1.18495094846185,1.16093699700759,1.13632715551798,1.11147960080746,1.08623580282871,1.05707484238696,1.0192691398582,0.975132824979092,0.929202653628489,0.883524653311386,0.838822156582789,0.795332756288109,0.753114750185437,0.712139228409046,0.672325695774193,0.633546810925815,0.595851188013719,0.559393494159112,0.52399445152679,0.489291018433782,0.455061372790145,0.421127500823741,0.387536022694944,0.354207093606465,0.320962291988509,0.287445747512478,0.253767624288252,0.219863561032782,0.185692635900236,0.151324697836388,0.116683287396063,0.0817762300653864,0.0466877082812854,0.0114165155270663,-0.0239693341198988,-0.0590539756970792,-0.0938490728763065,-0.128304667164695,-0.162341397078089,-0.195830946089508,-0.228578422407794,-0.2604209152956,-0.291264336808668,-0.321325573058583,-0.350364826342943,-0.37889795558171,-0.407032549180634,-0.434495743606059,-0.461000031986437,-0.486198872114517,-0.509725321516694,-0.531674762067796,-0.551947098899859,-0.570287098690395,-0.586186752430621,-0.598592411644572,-0.606656012090854,-0.60983672490846,-0.60714679193739,-0.598061795416415,-0.58239789163393,-0.56011953160761,-0.531334339994028,-0.496276701640514,-0.455298678253183,-0.409014832660314,-0.358477792237396,-0.304323439536192,-0.246706280772689,-0.18626600932947,-0.124050019950792,-0.0602167385287274,0.00495864239185165,0.0703239452439977,0.133895140805221,0.19599869999782,0.257719196225365,0.318395819176007,0.37777854252129,0.435697670020883,0.491926488403091,0.546253597791055,0.598507491752694,0.648555426490628,0.696228014890963,0.740943417077287,0.782498319864332,0.820808950121183,0.855824150122859,0.887484326305584,0.915744159696589,0.941046299576948,0.963688333881633,0.983698031242556,1.00111902159962,1.01604247111659,1.02873334699406,1.04002639689095,1.0500389063506,1.0588437354913,1.06647599571985,1.07276465575732,1.07805322612826,1.08234234245037,1.08615658990488,1.09028822313736,1.09473587580427,1.0991765227045,1.10332603082142,1.10714804745063,1.11060537699626,1.11357947436339,1.11566444382808,1.11674964338499,1.11675880053391,1.11563816158474,1.11332832791515,1.10977329099714,1.1049232693808,1.09872569454956,1.09116932926988,1.08327951467676,1.07553773957381,1.068066308737,1.06108822631453,1.05489822872551,1.04963062180767,1.0451909051334,1.04139877335806,1.03835168791328,1.03614256396917,1.03485791153686,1.03453009570749,1.03488098808261,1.03548342405295,1.03626373265829,1.03710657032952,1.03820346523219,1.03971758682415,1.04165753020728,1.04408367741744,1.04699701284289,1.05027212398287,1.05359961983298,1.05691291769247,1.06028580131492,1.06360071002109,1.06707266715443,1.07080911480068,1.07491654986003,1.07960734460187,1.08504374070382,1.09116748464848,1.09715697539664,1.10290209422572,1.10845131384428,1.11389685093968,1.11930159346058,1.12472527309131,1.13025371732177,1.13596660194495,1.14182767219561,1.14796195902804,1.15454079157028,1.16155648300845,1.16874397000071,1.17599832421901,1.18318336062554,1.1903161283791
1.13675840336356,1.14357963793556,1.15093726732299,1.15684432535803,1.1612089091046,1.16422401285085,1.1651745411268,1.16270097181312,1.1549831147278,1.14127377572306,1.12306293428674,1.10184863624258,1.07837526045969,1.05288020591617,1.02520164607895,0.995454621059476,0.963447031585778,0.92847627610496,0.890625403029216,0.850646113938912,0.809381612615035,0.767547774794938,0.725647581767507,0.683968785326529,0.642668384062743,0.601812394735557,0.561542734487258,0.522102613376078,0.483421978496016,0.445399128391432,0.407785252547798,0.370421912135026,0.3334210353183,0.296761796262384,0.260275293585006,0.223692375795851,0.187045795834036,0.150435687092088,0.11389748615292,0.077341603990586,0.0407165510599145,0.00405700642107248,-0.03265960584256,-0.069461521953425,-0.106112264439029,-0.142385943840558,-0.178261119405535,-0.213805594514924,-0.24904691774664,-0.283884566705833,-0.318149553524844,-0.351733147409538,-0.384731230128496,-0.417336379419088,-0.449147018731274,-0.47984769600011,-0.509352070706426,-0.538425548263164,-0.567050589724785,-0.594936714210817,-0.621779936993304,-0.647268474447455,-0.67120295330351,-0.693327430110283,-0.713372277381119,-0.731114330783882,-0.745814396020829,-0.756220829864831,-0.76133114849446,-0.760350151096851,-0.752639968075553,-0.737758246425582,-0.715514878439039,-0.6860556482974,-0.649739925103967,-0.60737092217631,-0.559932239225269,-0.508666595554722,-0.454276556383693,-0.397166069635728,-0.33771886421301,-0.276719637705179,-0.214582744457706,-0.151607397056584,-0.0883881523075396,-0.0258868738048778,0.0351993205003033,0.095354738010572,0.154531006110983,0.212438971820332,0.268918368611548,0.323647836123553,0.376385322824246,0.426936444133348,0.475126455246666,0.520800834432103,0.563754010177296,0.603804359502365,0.640857435584015,0.674891544910177,0.706260218272754,0.735044501096023,0.761259505131075,0.784923343088416,0.806055913114718,0.824704021411959,0.840962369713463,0.855110635475733,0.867686537694739,0.8788803802797,0.888722591421423,0.897430665372639,0.905103948981408,0.911656869757667,0.917280392479603,0.923115030510544,0.928990064741463,0.934880595177741,0.940758479009828,0.946285352506683,0.951296333847629,0.955767733260898,0.959668947494015,0.962839923777067,0.964989141937004,0.966072773281157,0.966055967948427,0.964905337112448,0.962590504047848,0.959085643173092,0.954803792278645,0.950428843305476,0.946059564814532,0.941794518543245,0.937736574554674,0.934098507104035,0.931100162051072,0.928764906907006,0.926876448437662,0.925488124323106,0.924680889154682,0.924532553218384,0.925117135082859,0.926470339680414,0.92856482384165,0.931458628491845,0.934957981329313,0.938720662667872,0.94261191296493,0.946688556987769,0.951155002877117,0.956061733188474,0.961419608448921,0.967189514147593,0.973031227516551,0.978821381985625,0.984629285342642,0.990423406137394,0.99609586728966,1.00190521266196,1.00798348439501,1.01452183383987,1.02162019675398,1.02894385117163,1.03599696762302,1.04278529977571,1.04938050055753,1.0558491171886,1.06221289108452,1.06849575685672,1.07474976777899,1.0810388286799,1.08741137177835,1.09381910208833,1.10040494287001,1.10719446339634,1.1139992431605,1.12065607099676,1.12707793323987,1.13351314728068
1.05437228744955,1.05905994194193,1.06244712148279,1.06376557339639,1.0633668361388,1.0609894901843,1.05616436522249,1.04844937067546,1.03771744980068,1.02388740881053,1.00701913366544,0.98730036800697,0.964950799009239,0.940156778283728,0.913000744016734,0.883578072711772,0.852437321949502,0.819731078996978,0.785208866607972,0.749049630728777,0.711560935175476,0.673055504460376,0.633827947522182,0.594142890738225,0.5541703966833,0.514135775492779,0.474356215857415,0.434872135098337,0.39567578013573,0.35672004418295,0.317849199710724,0.279125650062355,0.240698138875097,0.202401047226721,0.164115805565399,0.125838902540282,0.0877363277251801,0.0497406273911108,0.0118340507876082,-0.0259766081534067,-0.0637260204232127,-0.101468352454309,-0.139075227735568,-0.176356494897015,-0.213307721438314,-0.249932224220373,-0.286220585829354,-0.32210361157165,-0.357597776293382,-0.392687962037854,-0.427407037427179,-0.46190802019945,-0.496184172037132,-0.529845806265544,-0.562750687237619,-0.594819042690396,-0.625964896700687,-0.656186988831162,-0.686054120871616,-0.715518305522917,-0.74438876405012,-0.772591742910291,-0.79986963124773,-0.825878189329292,-0.850202278149502,-0.87233489373331,-0.891634678046665,-0.906911376643793,-0.916932143539371,-0.920343234251052,-0.915575065383054,-0.901244406120797,-0.876849272541412,-0.843143438056446,-0.801816915050096,-0.754660582403901,-0.70349795112995,-0.64946260951157,-0.59332000785534,-0.535670456552474,-0.476775012723835,-0.416909946307103,-0.356517018552398,-0.295927612491007,-0.235493986948198,-0.175710938413833,-0.117261693422,-0.0603063046500011,-0.00367986861867195,0.0516437460464663,0.105327722980932,0.157211520753455,0.207142986522137,0.25497951103324,0.300588913432389,0.343849952462849,0.384735454921338,0.423299350896787,0.45950354856591,0.49332849534354,0.524763163589023,0.553803484569541,0.580450837700935,0.604710675107365,0.626591334549543,0.646132699734133,0.663486372584466,0.678746682498501,0.692337006628822,0.704468632428882,0.715212449504003,0.72502739513659,0.733856112627504,0.741718161501031,0.74921856912965,0.756648787993221,0.764128810311183,0.771404199274276,0.778458979039892,0.785247890411073,0.791470044002007,0.797016515202663,0.801871159444928,0.806029757495748,0.809359383079409,0.811645271084566,0.812867997342754,0.813016000302318,0.812541093536584,0.811820620792302,0.810905457281576,0.809869982564898,0.808797553667101,0.807773685118049,0.806886064912965,0.806325166982592,0.806208631208628,0.806361969166112,0.806819761427645,0.807649629415216,0.80891786608385,0.810688859027969,0.813024606918255,0.815961301927902,0.819453586366263,0.823587313543832,0.828411301823811,0.833977342068424,0.840188164031199,0.84664866150622,0.853253583161949,0.860166308213669,0.867491685013291,0.875164555526347,0.882963110046691,0.890756890650629,0.898505015629884,0.90619029780823,0.913830451232096,0.9213300022136,0.928925389348787,0.936830343833192,0.944983148516637,0.95299412349017,0.960708674315967,0.968088806942066,0.975187814998218,0.982057087972427,0.98874546662514,0.995296149313513,1.00172135914051,1.00802107359971,1.01421343355148,1.02030974374672,1.02625024042242,1.03201265320684,1.03755420717621,1.04271529001037,1.0475077374479,1.05210971029824
0.950487453542892,0.951897837812212,0.951334240688463,0.948943853830764,0.944811564929897,0.938765408850427,0.930591340599973,0.92017491024274,0.907582146259581,0.892793588460899,0.875779411821116,0.856534204104201,0.835089663967358,0.811515353714205,0.785895218156243,0.758307382583288,0.728901738664364,0.698175486206247,0.666284930683421,0.633051480129533,0.598602046137197,0.563084609983242,0.526630195493668,0.48937612420539,0.451584931417291,0.413546831039936,0.375338094626616,0.337008705058334,0.298586782506432,0.260070416006214,0.221456647239876,0.182922649253075,0.144480295714631,0.106098753385586,0.0677917846111588,0.0295209341814491,-0.00863155703801693,-0.0466693468185089,-0.0846248920308378,-0.122521866115406,-0.160219543464706,-0.197613616837253,-0.234714455817755,-0.271522679777123,-0.308030534424463,-0.344218175510421,-0.380050709667505,-0.415492298175106,-0.450610122003613,-0.485593819308041,-0.520526573632454,-0.555213239557587,-0.589451550316567,-0.623228494082651,-0.656510403033083,-0.68925773736357,-0.721409725445978,-0.752889809926046,-0.783648482667245,-0.81419430649258,-0.844756598881968,-0.875178930354232,-0.905268840839065,-0.93478279026911,-0.96339364922787,-0.99068253571475,-1.01601927890078,-1.03876774399715,-1.05790587973934,-1.07246615362583,-1.08048394384612,-1.0733626214471,-1.0389909315328,-0.990909327033298,-0.938176570369917,-0.883331344603276,-0.827265692176214,-0.770423592333262,-0.713119311783698,-0.655598747238534,-0.598035331646036,-0.54050012134737,-0.482997222290325,-0.425873544972702,-0.369274399740651,-0.313531139831902,-0.259020712359138,-0.206257973555776,-0.154794102109678,-0.103976073079823,-0.0542366445311935,-0.00569948623894073,0.0411977670113091,0.0862818746143657,0.129492678779158,0.170777211887387,0.21008972213515,0.247365632800008,0.282512613284514,0.315506278580587,0.346330974823202,0.374976289962962,0.401436330956638,0.425709016026032,0.447803717617492,0.467808922059712,0.485789282520032,0.501764976645866,0.516003894168082,0.528751281842685,0.540361060014025,0.550978247769513,0.561033383763333,0.570737654174705,0.5799667319575,0.588794615526692,0.597484933760287,0.606023522379305,0.614193487668549,0.621954727735964,0.629257419571291,0.635867973264218,0.641739272305331,0.646867712714989,0.651257509322169,0.655128064193761,0.658530975119743,0.661532021324291,0.664199420925008,0.666593823531087,0.668763823545903,0.670779533430678,0.672713134549557,0.674637676652875,0.676627060087858,0.67875161680068,0.680970766768634,0.683335804574182,0.685902477375211,0.68872588465722,0.691860102602732,0.695357827527174,0.69927004992496,0.703640454379657,0.70840827223056,0.713647015453152,0.719409332048169,0.725736263430459,0.732664685727981,0.740265004419314,0.74852717582277,0.757109768827047,0.76588688230871,0.77489227719684,0.784001559399709,0.793123417192839,0.80224514815569,0.811297249427848,0.820218386814372,0.829096534608714,0.837921122211964,0.846699009524903,0.855268349817192,0.863571494931978,0.871528292202288,0.879075062141518,0.886246913279713,0.893076698957053,0.899594208348934,0.905825434543354,0.911788935531658,0.917476546872861,0.922892607629927,0.928039380932873,0.932824086486647,0.937081611012883,0.940821954836344,0.944017795252197,0.94682111443236,0.949294604695121
0.82873727927911,0.826983155076189,0.823541853409849,0.818515618480496,0.811877395507618,0.803546700208367,0.79342000935796,0.781489745307693,0.767849089279583,0.752508116108857,0.735441998112327,0.716631681439668,0.696078993055891,0.673805185870196,0.649864400833576,0.624317409480171,0.597230197993371,0.568684085844505,0.538976831556751,0.508264938950532,0.476440667939716,0.443582068853457,0.409772395131177,0.375233449140894,0.340132345049926,0.304543159030947,0.268545446219108,0.232184145365466,0.195508305230796,0.15867477550595,0.121795624634215,0.0848815799094879,0.0478934775717725,0.0109661684287005,-0.0259499273777115,-0.062863472707227,-0.0997588990834211,-0.136554842201516,-0.173122396286587,-0.209444026927946,-0.245521051036242,-0.28135497657739,-0.31693231306596,-0.352246563697012,-0.387267824286623,-0.422010113048067,-0.456549342729696,-0.49094283688604,-0.525158694644884,-0.559135795760296,-0.592728388048988,-0.626025047932863,-0.659022160659418,-0.691706687925304,-0.724048704257746,-0.755991026794875,-0.787508913555729,-0.818660172577545,-0.849473726177554,-0.879922082808192,-0.909994335008996,-0.940016755753612,-0.970008104569941,-0.999810819444174,-1.02915002662896,-1.05755792659475,-1.0843743104154,-1.10831862235061,-1.12676916646813,-1.13551928059248,-1.13165068395552,-1.11427682081486,-1.08382086265232,-1.04347473281751,-0.99734812376172,-0.948059947118955,-0.897044380303988,-0.845091715261459,-0.792687563440467,-0.740129132421605,-0.687626870348206,-0.635356623321316,-0.583404746363186,-0.531853652099058,-0.480856790329751,-0.430708532925181,-0.381566496734347,-0.333682280329757,-0.287288237907895,-0.241955496634879,-0.197396725606134,-0.15386564316334,-0.111471744024545,-0.0703197094045791,-0.0305088383614218,0.00786745847705539,0.0447144807455784,0.0798339560702779,0.113127144366587,0.144520949245825,0.173994303212454,0.201533025815563,0.227126559495453,0.250799895184165,0.272584317445722,0.292491819445595,0.310561843624087,0.326801833175012,0.341272229707426,0.354403611408592,0.366714802495715,0.378595315483038,0.39010307162103,0.401224605204962,0.411814677744381,0.421828621083308,0.431467232882594,0.440805307063599,0.449842891896475,0.458433522220838,0.466675419349671,0.474632874763027,0.4821650729968,0.489284742258653,0.496046431456091,0.502504456772211,0.508648061460709,0.514399323056532,0.519812684556547,0.524933868721298,0.529811225763722,0.534504940989453,0.539075578356671,0.543555115540856,0.547857247902547,0.552062932004654,0.556285483117236,0.560570786606892,0.56496398599523,0.569509515287592,0.574250872321862,0.579230393701277,0.584489036933264,0.590066174071819,0.595943873576683,0.60210863732296,0.608641202398347,0.61557471467414,0.622940117249972,0.630766112035822,0.639093303692157,0.647956393457374,0.657359858908196,0.667106200039902,0.676882828693011,0.686653396010849,0.696422133106808,0.706122583497456,0.715746176818693,0.725355569763976,0.734900210618952,0.744147050914644,0.752864454232648,0.761097946325755,0.768894315506625,0.776208621178123,0.783059622309076,0.789464174482146,0.795435976511638,0.800984951185124,0.806116576479669,0.810829356812929,0.815098829905288,0.818855861974768,0.822017897699175,0.824537891463011,0.826331680712712,0.82757069320639,0.828427106908778,0.828949639527322
0.692901699250452,0.68884895171743,0.683453746937657,0.67665668803071,0.668462242334263,0.658827033507961,0.647697435330235,0.635092976143092,0.621115397480974,0.605786781606054,0.589089093536379,0.571010696880411,0.551550697377078,0.530718429517538,0.508535191154924,0.485041878956817,0.460286722547596,0.434316548388439,0.407184735043766,0.378953136766616,0.349728660305559,0.319545280787877,0.288625604575891,0.257043997920098,0.224887474991634,0.192208829889101,0.159054233044737,0.125474800827599,0.0916423298559442,0.057675801214229,0.0235532876925385,-0.0107251648454936,-0.0450303683765714,-0.079323058834574,-0.113599626894695,-0.147775957086707,-0.181834434721935,-0.215759844137919,-0.249536929301947,-0.283142632153512,-0.316564852530666,-0.349776923287502,-0.382793915773587,-0.41562326842029,-0.448298465129134,-0.480775661627736,-0.513044506821109,-0.545044060169192,-0.576703619283935,-0.608023344528392,-0.638989437961738,-0.669587877646605,-0.699792311322438,-0.729600010175641,-0.759021016905543,-0.788099459715644,-0.81680849666991,-0.845105119257251,-0.872932533193063,-0.900220184779469,-0.92688628743036,-0.95282474317838,-0.97788837925219,-1.00187948908375,-1.02473716797894,-1.04604221111897,-1.0651098229526,-1.08073201045888,-1.09054599716973,-1.09084751931723,-1.08027540745337,-1.06146030224694,-1.03678209998865,-1.00744806215236,-0.974302770880988,-0.938095350874873,-0.89951085151286,-0.859149777818794,-0.817491459689054,-0.774932224301752,-0.731799756441241,-0.688352818703088,-0.644760124728804,-0.601160082081471,-0.5579044595708,-0.515261986071089,-0.473265981344129,-0.431986363289748,-0.391661706617963,-0.352527503764374,-0.31422864555156,-0.276643641751174,-0.239937019618584,-0.204199562597665,-0.169516572640924,-0.135967849571782,-0.103627634025144,-0.0725645364720122,-0.0428414677431578,-0.0145168202806624,0.0123280285511936,0.0376689119850179,0.0614777416219859,0.0837282264393506,0.104399827658268,0.123479091897818,0.14098149469081,0.156947319106232,0.171716353232337,0.185702071887489,0.199125320648435,0.212105262518303,0.224645882273584,0.236792774841734,0.248501805241914,0.259714189470721,0.27053201910299,0.281099911670851,0.291458769225455,0.301647355623422,0.311641759418993,0.321367381091221,0.330849209738517,0.33998843913415,0.348774794519087,0.357252698895699,0.365466569259977,0.37343842570502,0.381096504760408,0.388458227782519,0.395567123483524,0.402400255520175,0.408943001962213,0.415233202444596,0.42130901076289,0.427228885987499,0.43309630302315,0.438952633497321,0.444833469903616,0.450773665047197,0.456807182725299,0.462966946060677,0.469284685836117,0.475790790820698,0.482510018657048,0.489392446753027,0.496469158641621,0.503797166640096,0.511399733213651,0.519298183688112,0.527511782172388,0.53605760865572,0.544926504198592,0.554030767835609,0.56329994024512,0.572714499145772,0.582228330580308,0.591742784821287,0.601278833170075,0.610839378305098,0.620256170903215,0.629289350199018,0.63791218305037,0.645999672091204,0.653446573160782,0.660241671950675,0.666452294309552,0.67213520673242,0.677292848713797,0.681924564776553,0.686026188279747,0.689583090001393,0.692521242709877,0.694792573190703,0.696364622044742,0.697226273460836,0.697404600789629,0.697057978153581,0.696285985086854,0.694395530387059
0.546688565146894,0.54123469170704,0.534645235223556,0.526874469889521,0.517925756122341,0.507772010793873,0.496386243550581,0.483780931130956,0.47007384945314,0.455278302291743,0.439385079522943,0.422390405959024,0.404296150822386,0.385109882835878,0.364844776328382,0.343525416385651,0.321188652112588,0.29787531054716,0.273623742723569,0.248482936545074,0.222593063990376,0.195976045299956,0.168554507235928,0.140471818515902,0.111825772135358,0.0826864574018715,0.0531120349349579,0.0232394157983982,-0.00685744277981898,-0.0371712211239975,-0.0676181762738925,-0.0980798677165298,-0.128520760104547,-0.158917888342795,-0.189302292489035,-0.219648684416338,-0.249932287185835,-0.280138702255258,-0.310261227883362,-0.340265787844654,-0.370137481457019,-0.399858824081643,-0.429401648687194,-0.458718209879062,-0.487808891152095,-0.516608463391177,-0.545075890725712,-0.573205613209086,-0.600966339283302,-0.628332002729117,-0.655260295819459,-0.681733689567114,-0.707760042252546,-0.733298459185323,-0.758299535113528,-0.78270531591978,-0.806453908785039,-0.829488616093984,-0.851709790763751,-0.872994173111506,-0.893189865568458,-0.912059873496015,-0.92935984265375,-0.94481829435698,-0.958106090146377,-0.968853573510455,-0.976660621313792,-0.981103380632202,-0.981937295963514,-0.978979409100699,-0.971985527465456,-0.960920105153109,-0.946021439189388,-0.927634441923987,-0.906155682153831,-0.881999645531884,-0.855557052554183,-0.827186169445298,-0.797225518176461,-0.76598317837535,-0.733711609268827,-0.700635756059041,-0.666977368478512,-0.632935066280923,-0.598727477614119,-0.564695099079613,-0.530972986102782,-0.497643771976727,-0.464747386002528,-0.432529302907652,-0.401138726644314,-0.370393249642124,-0.340162520766945,-0.310576316994933,-0.281714484246966,-0.2536509501219,-0.226453961387514,-0.200172748656332,-0.17484129341591,-0.150520606836373,-0.127255684102203,-0.105085221932359,-0.0840592044597519,-0.0641839398999156,-0.0453292960342867,-0.0274736419802836,-0.0105983177127643,0.00542577163181301,0.0207047065658617,0.0352228483995555,0.049141779671081,0.0626100869911652,0.0757146919777076,0.0884787773620333,0.100907099325483,0.112997388516962,0.12471835701573,0.136220709285625,0.14751282532278,0.158617415786568,0.169562571852234,0.180375765339466,0.191017538326596,0.201455460444738,0.211657987753107,0.221571515106691,0.231226068362447,0.240621084706007,0.249747522895669,0.258563435911842,0.26703833269282,0.275200878735076,0.283080002798566,0.290704822500968,0.298104563122515,0.305309322788449,0.312390299950438,0.31939851940183,0.32636064432904,0.333302638089301,0.340249655974936,0.347225934992299,0.354254682509753,0.361357964559258,0.36855659447072,0.375865756972467,0.383246443236795,0.390706937039683,0.398297518149985,0.406036669351303,0.413937004953832,0.421986214202681,0.430128893578228,0.438310562237402,0.44653585887555,0.45482447405755,0.463137382867906,0.471475254773753,0.479823836349961,0.488138698336092,0.496234389587681,0.504081169108,0.511623239032066,0.5188170535695,0.52556037928709,0.531741360115908,0.537322418632676,0.542264954429582,0.54653290900108,0.550138273201363,0.553101082136422,0.555403229100404,0.557028509274497,0.557986852221394,0.558250366547958,0.557869625194301,0.5569244120915,0.555419694911983,0.552836958781008,0.54900748962904
0.393210564841233,0.387031452401206,0.379915114702437,0.371879788623407,0.362908413807372,0.352968287295082,0.342042799724849,0.330145021754574,0.317364300068342,0.303721566958214,0.289217165523838,0.27385450548789,0.257641074575161,0.240587289232091,0.222706400592755,0.204014721611792,0.184531483143269,0.164305388040212,0.143421056012498,0.121911509675942,0.0998223322529642,0.0771980608764777,0.0540757850934881,0.0303979821003037,0.00618333173906466,-0.0184599540518478,-0.0434506998950311,-0.0687583558422455,-0.0942996556884106,-0.119994016109241,-0.145819306551,-0.171726321730658,-0.197628002586675,-0.223530893093903,-0.249433827758658,-0.2753156269607,-0.301162530667385,-0.326929602572221,-0.352581879075141,-0.378092012058958,-0.403456209756651,-0.428626060396698,-0.453557570207994,-0.47821789242077,-0.502588335355962,-0.526633678139761,-0.550320370160228,-0.573637728317748,-0.596558383706032,-0.619044556423072,-0.64105507960324,-0.662544813250737,-0.683463995341915,-0.703757545345129,-0.723366118550244,-0.742222650271806,-0.760250940502152,-0.777366149422433,-0.793456548339024,-0.808392733811768,-0.822064795033376,-0.834349425047368,-0.845115198195131,-0.854249700011066,-0.861667892936025,-0.867241016655146,-0.870846168304026,-0.872377096646778,-0.87175228736457,-0.868922239070001,-0.863874615801011,-0.85655337831632,-0.846958247945727,-0.835194740679061,-0.821393589226666,-0.805702323471129,-0.788306390427199,-0.769395798640853,-0.749127860086642,-0.7276540146436,-0.705139474315553,-0.681736460359149,-0.657608467872044,-0.63291957097688,-0.607860470931414,-0.582661193177562,-0.557439108960286,-0.532297529969654,-0.507255554067612,-0.482386395831303,-0.457875537962795,-0.433889157131325,-0.410431402756279,-0.38730513139513,-0.364590688367713,-0.342326931510145,-0.320547286899939,-0.299280041715746,-0.278553638258653,-0.25839926292042,-0.238843098653531,-0.219906555666576,-0.201606493218784,-0.183955434212508,-0.166961773936113,-0.150621116500224,-0.134845737639512,-0.119602235876784,-0.104869027897137,-0.0906583595959335,-0.0769738750966313,-0.0637692380328791,-0.0509282600093554,-0.0383738909881698,-0.0260652731155787,-0.0139976122923832,-0.00218447067738642,0.00947586355746038,0.0209907482664484,0.0323216687649301,0.043498066101254,0.0545165462853407,0.0653854553180917,0.0761172194996661,0.0867063969964697,0.097102239830961,0.107256472307063,0.117142006920822,0.126773650978426,0.13616190348116,0.145323839333456,0.154237168106189,0.162884998521553,0.171287661560169,0.179465529050123,0.187438934907722,0.195229868800405,0.202889957366358,0.21044943927294,0.217925996317071,0.225336641031773,0.232697633090764,0.240024395366211,0.24733142992446,0.254632234238229,0.261939217877621,0.269263619919594,0.276598269964867,0.283918337909189,0.291232655525121,0.298536849394493,0.305818831245477,0.31305650687877,0.320247314195551,0.327374635622908,0.334425056138589,0.341394724120958,0.348284730661422,0.355068876481216,0.361615023806564,0.367885260506016,0.373874580508635,0.379566921551752,0.384923941802023,0.389886200523287,0.394431010285092,0.398527264640594,0.402120241957719,0.405161581628313,0.407626256433867,0.409500096522001,0.410750945678033,0.41136606599558,0.411364429200603,0.410775656229194,0.40954100946817,0.40763193455841,0.404703609645517,0.400762951287438,0.395944652708211
0.237798223494099,0.231542990919487,0.22458002369262,0.216917627248592,0.208541753227112,0.199447627825419,0.189648964373603,0.179140585334443,0.167925627124332,0.156053802195391,0.143535670641166,0.130378091887224,0.11658984355444,0.102182854596461,0.0872044865016818,0.0716869520455731,0.0556489108959732,0.0391105496285679,0.0220934750905564,0.00462093035622413,-0.0132817870270034,-0.0315873523655525,-0.0502499207764144,-0.0692089763920373,-0.0884438484719121,-0.107972985983915,-0.127751370749339,-0.147765419614564,-0.167982230644705,-0.188350352884797,-0.208821544477386,-0.229356801889705,-0.249921240901183,-0.270526381276493,-0.291173914429641,-0.311821973575338,-0.332434106160764,-0.352968261147079,-0.373390817662837,-0.393681234872991,-0.413808419134044,-0.433737968047847,-0.453439520921427,-0.472882702238854,-0.492036798630519,-0.510870119345748,-0.529349828679248,-0.547441771908155,-0.565110297701007,-0.582318184655046,-0.599028888609675,-0.615204170162949,-0.63080344812771,-0.645784299555399,-0.660097928871945,-0.673674668452707,-0.686461546969555,-0.69840708585058,-0.709458459022106,-0.719561925323968,-0.728663450081461,-0.736710277952867,-0.743650575023803,-0.74943463647172,-0.75401667462417,-0.757356243615022,-0.759419729966382,-0.760184068042378,-0.759635181094494,-0.75776810228363,-0.754589103591764,-0.750115955650953,-0.744345487016445,-0.73724749656691,-0.728871186701928,-0.719274987410418,-0.708513275819621,-0.696659425933091,-0.683787712869667,-0.669977204040403,-0.655327214880726,-0.639924643677706,-0.623855865604494,-0.607227069968522,-0.590182027080361,-0.572820652886216,-0.555273220871437,-0.537605557675758,-0.519855667137857,-0.502024995367486,-0.484159380915297,-0.466354392784596,-0.448738271256525,-0.431397777521678,-0.41428760652748,-0.397320698735988,-0.38054056682184,-0.363982812754158,-0.347679386396935,-0.331658709857883,-0.315945806909069,-0.300562435830812,-0.28552698072893,-0.270850708362924,-0.25648540654768,-0.242416673553401,-0.228650256808842,-0.215189856191109,-0.202037267548549,-0.18918699610383,-0.176642865391422,-0.164419965095573,-0.152515135917619,-0.140924945248083,-0.129607277811544,-0.11851043045498,-0.107600789714809,-0.0968278609039782,-0.0861689776299629,-0.0756205105308629,-0.0651851766117861,-0.054856490906694,-0.0446306842826252,-0.0345361964471457,-0.0245735604733457,-0.0147324433957957,-0.00500359931464961,0.00461474940199441,0.0140836194792304,0.0233450526117118,0.0324013104521612,0.0412627119541664,0.0499395480185272,0.0584406489968005,0.0667446508494448,0.0748499403014949,0.0827684046377243,0.0905117839124432,0.0980989175188755,0.105560064237049,0.112906014516741,0.120145938029907,0.127288404051554,0.134341320887584,0.141314566368966,0.148219438672234,0.155062679397803,0.161843738024636,0.168545224462015,0.175153450588863,0.181631619515081,0.187969038807607,0.194154764826693,0.200184235701858,0.206065965025797,0.211798245601873,0.217376084374792,0.222758583243673,0.227873163055216,0.232708872171722,0.237247350673949,0.241475319535632,0.245373886482558,0.248899504512955,0.252038567967156,0.25477992871017,0.257103860924509,0.259002789860182,0.260492562182069,0.261554875773637,0.262191066737956,0.262371654040749,0.262013679323444,0.261051274482554,0.259512904705355,0.257223725311971,0.254133301075038,0.250303077422209,0.24581747368039,0.240646585561667
0.0877972602825462,0.0821158054753966,0.0759310502393564,0.0692489741942629,0.0620708692372436,0.054397281728349,0.0462320911014427,0.0375851034265465,0.0284673481394554,0.0188955727714677,0.00889573635314739,-0.00150635272322508,-0.0123088260363231,-0.02350154398697,-0.0350738789595849,-0.0470170793774194,-0.0593186465371952,-0.0719644906974672,-0.084929613050587,-0.0981779501221556,-0.111692345446836,-0.1254375910069,-0.139385629995377,-0.153519523156564,-0.167821420954725,-0.182264849449238,-0.196826192675356,-0.211490829737892,-0.226269413428183,-0.241141990076343,-0.256085127128486,-0.271071827987712,-0.286078196648757,-0.301106239827143,-0.316143746692381,-0.331165924216455,-0.346147561772012,-0.361063191871039,-0.375887563794398,-0.390595324091117,-0.405160974987298,-0.419558868842542,-0.433763200076118,-0.447747995668354,-0.461487105533724,-0.47495419426273,-0.488122735940015,-0.500966013961872,-0.513450785408755,-0.52554262332311,-0.537212888426499,-0.548432613645081,-0.559173620519532,-0.569407835688281,-0.579107392291589,-0.588245095034474,-0.596794116820641,-0.604728201512438,-0.61202198475755,-0.618651234663375,-0.624593116920889,-0.629826480498352,-0.63433215838261,-0.638093276204801,-0.641095560075543,-0.64332763372052,-0.64478129419733,-0.645451597646405,-0.645335130796262,-0.644433639436436,-0.642753426803229,-0.640300729338453,-0.63708238164272,-0.633118076839789,-0.628394525444036,-0.622904214213997,-0.616683831599,-0.609767782709471,-0.602191000835843,-0.593990881386974,-0.585206067907925,-0.575877815749656,-0.566072071074075,-0.555842359325326,-0.545239787839998,-0.534308505424328,-0.523099631811419,-0.511680711689357,-0.500104596517813,-0.488407146503683,-0.476597160974989,-0.464684645657567,-0.452705598157192,-0.44069288980288,-0.428701678187603,-0.416796871070456,-0.405020335891711,-0.393299044874431,-0.381620881848723,-0.37000882411919,-0.358483432759597,-0.347034500473353,-0.335661656584048,-0.324379254962681,-0.313200118935324,-0.30213559675796,-0.291195621153207,-0.280388772125219,-0.269722342357432,-0.259202404578249,-0.24883388035127,-0.238620609810786,-0.228565804093825,-0.218679027849456,-0.208962699595717,-0.199416621661858,-0.190039130364734,-0.180802619016697,-0.171690822557123,-0.162692619187081,-0.153795774975696,-0.144990492979426,-0.136271167920701,-0.127636009830071,-0.119082307700639,-0.110610217393208,-0.102215981721142,-0.0939057551450181,-0.0856816099685872,-0.0775467321858515,-0.0695021232195143,-0.0615475907470013,-0.053688963634311,-0.0459562102392167,-0.0383706895092746,-0.0309327481551115,-0.0236383022210545,-0.0164834074865822,-0.00947031531166204,-0.00261063752818252,0.00409972441700154,0.0106691540220888,0.0171102322418691,0.0234170882685505,0.0295861590222272,0.035613661069633,0.0414920092817946,0.0472188717606974,0.0527874411319409,0.0581937778076712,0.0634353769522432,0.0685091227549833,0.0734111959178301,0.0781374882921316,0.0826831112352389,0.0870214912627883,0.0911027486101999,0.094920708475297,0.0984766424402157,0.101766165327409,0.104777843468202,0.10749002141186,0.109894842088398,0.111995060021293,0.11378231459646,0.115244370526948,0.116365711731264,0.11711955493391,0.11747781594435,0.117426564086611,0.116955862715774,0.116058809579606,0.114674070088817,0.112721796470623,0.110223953930815,0.107219900451642,0.103744725916953,0.0998013976562498,0.0953706245377406,0.090441837500429
-0.0537654964937782,-0.0582211737221377,-0.0629752154709859,-0.0680256438022642,-0.0733699673058348,-0.0790051680944739,-0.0849276903630396,-0.0911334306384149,-0.0976173600028297,-0.104372817104,-0.111387349509308,-0.118646452509605,-0.126139086081481,-0.133854592244651,-0.141770429743707,-0.14987351328077,-0.158155129383888,-0.166609884235701,-0.175227740602644,-0.183997585011061,-0.192907926904804,-0.201946977606298,-0.211104123915488,-0.220368341154815,-0.229725403819494,-0.239161810273349,-0.248664106237129,-0.258218732536318,-0.26781167811308,-0.277428410445765,-0.287053435456616,-0.296672176621995,-0.30627006905014,-0.315848065588934,-0.325409417344982,-0.334938209659655,-0.344418182802674,-0.353832954145053,-0.363166045240146,-0.372400909335112,-0.381520959492087,-0.390509597524898,-0.399350243979376,-0.408026369404415,-0.416521527172948,-0.424819388117571,-0.432903777243753,-0.44075871277116,-0.448368447731884,-0.455717514320689,-0.462790771145986,-0.469573453471301,-0.47605122646374,-0.482210241380805,-0.488037194527046,-0.493519388703695,-0.498644796754199,-0.503402126685007,-0.507780851809353,-0.51177045555958,-0.515361748644829,-0.518547022501648,-0.521319729608527,-0.523671229879959,-0.525594268104284,-0.527085034404972,-0.528140986127881,-0.52876109453889,-0.528945725295676,-0.528699068530194,-0.528025296440908,-0.526928783393971,-0.525415197897693,-0.523491469816544,-0.521165746585674,-0.518447338965582,-0.515346657088147,-0.511870576699899,-0.508020781969402,-0.503818132711346,-0.499278204391781,-0.494417237670755,-0.48925205903103,-0.483800323770434,-0.478083377266018,-0.47212012354587,-0.465928629111714,-0.459530362849751,-0.452946297892733,-0.446203472686582,-0.439325460788438,-0.432323502559489,-0.425206368467414,-0.417989546618667,-0.41068913722007,-0.403318871598333,-0.395882093782773,-0.388389357275413,-0.380859947365437,-0.373330331103466,-0.365813013031674,-0.358324935211951,-0.350826316701348,-0.343310721113463,-0.335786217805367,-0.328260872113972,-0.320742456325985,-0.313238987398454,-0.305758275230877,-0.298307553393454,-0.29089349518864,-0.283522231939594,-0.27619937324228,-0.26893002893262,-0.261718832533256,-0.254569965959051,-0.247484421519927,-0.240452442101585,-0.233478122469486,-0.226566389134619,-0.21971875110707,-0.212936135211685,-0.206220306529508,-0.199572896283602,-0.192995406053317,-0.186489235157822,-0.180056903260845,-0.173701889991891,-0.167425163121619,-0.16122825004464,-0.15511413175456,-0.149084671335881,-0.143141777386688,-0.137287618330974,-0.131523931246932,-0.12585248256694,-0.120277304152485,-0.114802211763615,-0.109431199224446,-0.104167435019003,-0.0990143061678153,-0.0939807463711989,-0.0890744091512204,-0.0842983892279899,-0.0796558257895556,-0.0751499258548727,-0.070783976749858,-0.0665616192293956,-0.0624874720018211,-0.0585665220502482,-0.0548038339528082,-0.0512030908740299,-0.0477798738143099,-0.0445518462375314,-0.0415240719208277,-0.0387028163534151,-0.036095845080633,-0.033713598456835,-0.031562891074785,-0.0296495931177562,-0.0279796876021807,-0.0265590359213517,-0.025393395495986,-0.0244884034051432,-0.0238505545556243,-0.0234860829129633,-0.0234004247726735,-0.0236264047822464,-0.0241969693567809,-0.0251181346163882,-0.0263915769296501,-0.0279923461567124,-0.0299047366326426,-0.0321188639474296,-0.0346314936743611,-0.0374395274887505,-0.0405418126850735,-0.0439451177838137,-0.047649885997729,-0.0516558142208599
-0.181618277203682,-0.18411105248713,-0.186736762907407,-0.189492945661191,-0.192376919477557,-0.195385785081403,-0.198516426189961,-0.201765511049931,-0.205129494521497,-0.208604620712,-0.21218692616095,-0.215872243574903,-0.219656206108855,-0.223534252188236,-0.227501630863714,-0.231553407688501,-0.235684471106194,-0.239889539334935,-0.244163167732383,-0.248499756624011,-0.252893559576223,-0.257338692094495,-0.261829140725854,-0.266358772544279,-0.270921344997414,-0.275510373117048,-0.28011919788429,-0.284741297401214,-0.289369726047314,-0.293996959633723,-0.298616467750278,-0.30322174368248,-0.307806255488541,-0.312363456911566,-0.31688679849067,-0.321371347540544,-0.325813150858069,-0.33020565134758,-0.33454227801361,-0.338816495746407,-0.343021818151161,-0.347151820586859,-0.351200153395482,-0.355160555298593,-0.359026866936691,-0.362793044522029,-0.3664531735729,-0.370001482692622,-0.373432357352325,-0.376740353632471,-0.379920211872971,-0.382966870177302,-0.385875477711371,-0.388641407733684,-0.391260270288988,-0.393727924494122,-0.396040490341641,-0.398194460786415,-0.40018662314077,-0.402013836517207,-0.403673276463039,-0.405162448116832,-0.406479193912605,-0.407621919556518,-0.408590367108628,-0.409383792954849,-0.410001660566895,-0.410443790586539,-0.410710359462082,-0.410801896671996,-0.410719280533203,-0.410463578494244,-0.410036044286631,-0.409438400873018,-0.408672674566172,-0.407741184040363,-0.406646529415707,-0.405391580336389,-0.403979463127642,-0.402413547124526,-0.400697430272937,-0.398834924108612,-0.396830038225061,-0.394687492336656,-0.392412364310063,-0.390009165402827,-0.387482529790787,-0.384835490872638,-0.382070582646308,-0.379193237053065,-0.376209932720968,-0.373126207758457,-0.369947443289563,-0.366679036452095,-0.363327080712589,-0.359896918226849,-0.356393535735423,-0.352822187909317,-0.34918808004978,-0.34549628972559,-0.341751839837812,-0.337959738514388,-0.334124910973786,-0.330252970948785,-0.326349408089469,-0.322419206848319,-0.318467356554089,-0.314498096411803,-0.310515551041264,-0.306524720594004,-0.302530783865867,-0.298537342287449,-0.29454853515783,-0.29056930128064,-0.286602910605887,-0.282650557875294,-0.278714311870008,-0.274796589111096,-0.270899758667682,-0.267026073825802,-0.263174673599817,-0.259346888846381,-0.255545942307035,-0.251775004496116,-0.248037195787722,-0.244335590008031,-0.240673217962335,-0.237053070862983,-0.233478103626143,-0.229951238007977,-0.226475365597559,-0.223053372501165,-0.219688130556788,-0.216382479538739,-0.213139405453545,-0.209961899707625,-0.206852738213862,-0.203814680782844,-0.20085051138232,-0.197963289870339,-0.195155877120373,-0.192431063669061,-0.189792664014729,-0.187246738927674,-0.184796547689601,-0.182445102183053,-0.180195373724378,-0.17805028810198,-0.176012743442791,-0.174088890461421,-0.172284580543628,-0.170603562055589,-0.169049534952681,-0.167625425897734,-0.166332578103217,-0.165174003196287,-0.164152739240177,-0.163270620080271,-0.162528580509924,-0.161928972325465,-0.161473748970476,-0.161164122290211,-0.161000137614368,-0.160981289769103,-0.161108441939553,-0.161382309135835,-0.161801050920102,-0.162364777050049,-0.163073917901098,-0.163928721679245,-0.16492925647798,-0.166075341815357,-0.167365568682707,-0.168799940002117,-0.170379983055236,-0.172104943532038,-0.173973758674358,-0.175985022307422,-0.178136310387389,-0.180425733940426
-0.289777848208599,-0.289777848208599,-0.289777848208599,-0.289777848208599,-0.289777848208599,-0.289777848208599,-0.289777848208599,-0.289777848208599,-0.289777848208599,-0.289777848208599,-0.289777848208599,-0.289777848208599,-0.289777848208599,-0.289777848208599,-0.289777848208599,-0.289777848208599,-0.289777848208599,-0.289777848208599,-0.289777848208599,-0.289777848208599,-0.289777848208599,-0.289777848208599,-0.289777848208599,-0.289777848208599,-0.289777848208599,-0.289777848208599,-0.289777848208599,-0.289777848208599,-0.289777848208599,-0.289777848208599,-0.289777848208599,-0.289777848208599,-0.289777848208599,-0.289777848208599,-0.289777848208599,-0.289777848208599,-0.289777848208599,-0.289777848208599,-0.289777848208599,-0.289777848208599,-0.289777848208599,-0.289777848208599,-0.289777848208599,-0.289777848208599,-0.289777848208599,-0.289777848208599,-0.289777848208599,-0.289777848208599,-0.289777848208599,-0.289777848208599,-0.289777848208599,-0.289777848208599,-0.289777848208599,-0.289777848208599,-0.289777848208599,-0.289777848208599,-0.289777848208599,-0.289777848208599,-0.289777848208599,-0.289777848208599,-0.289777848208599,-0.289777848208599,-0.289777848208599,-0.289777848208599,-0.289777848208599,-0.289777848208599,-0.289777848208599,-0.289777848208599,-0.289777848208599,-0.289777848208599,-0.289777848208599,-0.289777848208599,-0.289777848208599,-0.289777848208599,-0.289777848208599,-0.289777848208599,-0.289777848208599,-0.289777848208599,-0.289777848208599,-0.289777848208599,-0.289777848208599,-0.289777848208599,-0.289777848208599,-0.289777848208599,-0.289777848208599,-0.289777848208599,-0.289777848208599,-0.289777848208599,-0.289777848208599,-0.289777848208599,-0.289777848208599,-0.289777848208599,-0.289777848208599,-0.289777848208599,-0.289777848208599,-0.289777848208599,-0.289777848208599,-0.289777848208599,-0.289777848208599,-0.289777848208599,-0.289777848208599,-0.289777848208599,-0.289777848208599,-0.289777848208599,-0.289777848208599,-0.289777848208599,-0.289777848208599,-0.289777848208599,-0.289777848208599,-0.289777848208599,-0.289777848208599,-0.289777848208599,-0.289777848208599,-0.289777848208599,-0.289777848208599,-0.289777848208599,-0.289777848208599,-0.289777848208599,-0.289777848208599,-0.289777848208599,-0.289777848208599,-0.289777848208599,-0.289777848208599,-0.289777848208599,-0.289777848208599,-0.289777848208599,-0.289777848208599,-0.289777848208599,-0.289777848208599,-0.289777848208599,-0.289777848208599,-0.289777848208599,-0.289777848208599,-0.289777848208599,-0.289777848208599,-0.289777848208599,-0.289777848208599,-0.289777848208599,-0.289777848208599,-0.289777848208599,-0.289777848208599,-0.289777848208599,-0.289777848208599,-0.289777848208599,-0.289777848208599,-0.289777848208599,-0.289777848208599,-0.289777848208599,-0.289777848208599,-0.289777848208599,-0.289777848208599,-0.289777848208599,-0.289777848208599,-0.289777848208599,-0.289777848208599,-0.289777848208599,-0.289777848208599,-0.289777848208599,-0.289777848208599,-0.289777848208599,-0.289777848208599,-0.289777848208599,-0.289777848208599,-0.289777848208599,-0.289777848208599,-0.289777848208599,-0.289777848208599,-0.289777848208599,-0.289777848208599,-0.289777848208599,-0.289777848208599,-0.289777848208599,-0.289777848208599,-0.289777848208599,-0.289777848208599,-0.289777848208599,-0.289777848208599,-0.289777848208599,-0.289777848208599,-0.289777848208599
